cell,UMAP_1,UMAP_2,celltype,group
l1,1.8302,1.7788,T cells,Control
l2,-0.0616,-0.7811,T cells,Control
l3,-0.4203,-0.0844,T cells,Treat
l4,1.9635,0.0091,T cells,Control
l5,-0.4993,0.4207,T cells,Control
l6,-1.5634,0.3599,T cells,Treat
l7,3.527,0.6878,T cells,Control
l8,0.1601,0.3022,T cells,Control
l9,-1.9481,0.959,T cells,Treat
l10,-0.0073,1.3029,T cells,Control
l11,2.4233,2.29,T cells,Control
l12,-1.1673,1.1355,T cells,Treat
l13,0.1144,2.8734,T cells,Control
l14,0.8249,1.6283,T cells,Control
l15,0.1555,1.508,T cells,Treat
l16,0.8431,1.4928,T cells,Control
l17,1.3704,1.7109,T cells,Control
l18,-0.5997,2.3993,T cells,Treat
l19,0.1873,0.9489,T cells,Control
l20,1.7542,2.8262,T cells,Control
l21,0.2281,0.7338,T cells,Treat
l22,0.989,1.5391,T cells,Control
l23,-0.4118,-0.7307,T cells,Control
l24,-1.6074,2.3055,T cells,Treat
l25,-1.4318,2.2003,T cells,Control
l26,-0.2579,2.7216,T cells,Control
l27,2.1891,1.4029,T cells,Treat
l28,-3.3112,1.8632,T cells,Control
l29,1.0179,1.0198,T cells,Control
l30,0.4787,0.6973,T cells,Treat
l31,2.9261,1.8505,T cells,Control
l32,-1.9095,0.1601,T cells,Control
l33,1.3024,1.2618,T cells,Treat
l34,0.3216,0.6732,T cells,Control
l35,-1.4598,0.0268,T cells,Control
l36,-0.5072,3.1647,T cells,Treat
l37,-2.0991,-0.9634,T cells,Control
l38,3.2046,1.1081,T cells,Control
l39,0.838,0.1413,T cells,Treat
l40,2.8603,1.7953,T cells,Control
l41,-1.0173,2.7588,T cells,Control
l42,0.1842,2.1946,T cells,Treat
l43,-1.7061,0.5828,T cells,Control
l44,-1.4361,0.8636,T cells,Control
l45,-0.4114,0.5499,T cells,Treat
l46,-0.8334,1.4285,T cells,Control
l47,1.5701,0.5916,T cells,Control
l48,0.8561,0.2,T cells,Treat
l49,-2.4047,0.3293,T cells,Control
l50,0.4277,1.6682,T cells,Control
l51,1.9438,1.2366,T cells,Treat
l52,-0.3165,0.7551,T cells,Control
l53,0.9589,2.1878,T cells,Control
l54,-1.2044,0.7338,T cells,Treat
l55,2.5824,1.4525,T cells,Control
l56,1.1172,1.8659,T cells,Control
l57,0.6026,2.2852,T cells,Treat
l58,0.1968,0.8504,T cells,Control
l59,-1.5883,1.0144,T cells,Control
l60,-1.9211,0.1664,T cells,Treat
l61,-1.7132,1.0838,T cells,Control
l62,-1.121,0.5114,T cells,Control
l63,-2.2728,-0.1231,T cells,Treat
l64,0.2162,2.1163,T cells,Control
l65,0.9793,-0.7685,T cells,Control
l66,0.4312,1.3459,T cells,Treat
l67,2.4821,1.1114,T cells,Control
l68,1.9762,-0.4299,T cells,Control
l69,1.2131,2.3177,T cells,Treat
l70,-2.4065,0.3631,T cells,Control
l71,-3.7124,0.6171,T cells,Control
l72,-1.5849,1.423,T cells,Treat
l73,1.3486,0.4433,T cells,Control
l74,0.6198,2.4749,T cells,Control
l75,1.2023,0.5698,T cells,Treat
l76,0.2134,-0.0347,T cells,Control
l77,-0.0973,1.9215,T cells,Control
l78,-0.2723,1.4293,T cells,Treat
l79,-0.4632,2.9262,T cells,Control
l80,-0.5506,0.2835,T cells,Control
l81,1.1345,1.6487,T cells,Treat
l82,-1.8076,1.9337,T cells,Control
l83,-0.9078,-0.0288,T cells,Control
l84,0.2072,3.5416,T cells,Treat
l85,0.8456,0.9194,T cells,Control
l86,2.7633,0.6722,T cells,Control
l87,-0.393,2.5262,T cells,Treat
l88,0.1192,1.132,T cells,Control
l89,-2.1575,0.1765,T cells,Control
l90,0.1816,1.5392,T cells,Treat
l91,-0.7959,-0.9393,T cells,Control
l92,1.5494,2.1663,T cells,Control
l93,0.0248,1.4833,T cells,Treat
l94,2.4267,0.0025,T cells,Control
l95,-1.8333,1.1364,T cells,Control
l96,3.2825,0.7077,T cells,Treat
l97,1.081,0.2958,T cells,Control
l98,1.0815,-1.2245,T cells,Control
l99,1.77,0.3807,T cells,Treat
l100,-0.3203,1.8422,T cells,Control
l101,-1.103,-0.8629,T cells,Control
l102,-0.0646,2.2376,T cells,Treat
l103,1.9339,2.5111,T cells,Control
l104,-1.104,1.7089,T cells,Control
l105,-0.6371,2.0561,T cells,Treat
l106,-0.7105,1.1211,T cells,Control
l107,2.3696,1.5616,T cells,Control
l108,1.0337,2.6792,T cells,Treat
l109,1.3622,2.5272,T cells,Control
l110,-1.4469,2.1308,T cells,Control
l111,-3.1546,1.1071,T cells,Treat
l112,-2.3992,0.9567,T cells,Control
l113,0.3894,2.4795,T cells,Control
l114,-1.3346,2.2957,T cells,Treat
l115,-0.2968,0.9694,T cells,Control
l116,-0.7649,1.5977,T cells,Control
l117,-2.2174,5.3131,T cells,Treat
l118,-1.6671,1.2995,T cells,Control
l119,-0.9754,-0.262,T cells,Control
l120,1.8466,0.786,T cells,Treat
l121,0.8497,-0.1386,T cells,Control
l122,0.1453,0.6138,T cells,Control
l123,-1.2733,0.4458,T cells,Treat
l124,3.1184,1.3926,T cells,Control
l125,1.5837,1.3589,T cells,Control
l126,1.3386,2.7348,T cells,Treat
l127,-1.2496,0.5436,T cells,Control
l128,2.3162,-0.1497,T cells,Control
l129,-0.4541,1.4454,T cells,Treat
l130,-1.0784,0.8663,T cells,Control
l131,-0.3044,1.1585,T cells,Control
l132,-1.0757,1.9832,T cells,Treat
l133,2.1939,2.5832,T cells,Control
l134,-0.7946,-0.0538,T cells,Control
l135,-1.2101,1.5463,T cells,Treat
l136,2.4064,1.9489,T cells,Control
l137,0.2061,1.8207,T cells,Control
l138,2.0249,1.1575,T cells,Treat
l139,1.2424,1.7483,T cells,Control
l140,-2.1428,2.3715,T cells,Control
l141,0.6067,0.8573,T cells,Treat
l142,-0.1452,0.5318,T cells,Control
l143,2.7542,2.2186,T cells,Control
l144,-0.005,1.5689,T cells,Treat
l145,0.4359,2.3166,T cells,Control
l146,0.8304,1.7399,T cells,Control
l147,0.7305,2.08,T cells,Treat
l148,1.3486,1.0701,T cells,Control
l149,0.0656,-0.0899,T cells,Control
l150,-0.0696,2.821,T cells,Treat
l151,-0.0803,0.5266,T cells,Control
l152,-0.3745,1.4728,T cells,Control
l153,0.4024,-0.3732,T cells,Treat
l154,-1.4605,1.3445,T cells,Control
l155,0.5334,1.1632,T cells,Control
l156,-0.8316,1.0843,T cells,Treat
l157,-0.1831,0.7769,T cells,Control
l158,0.9148,1.2511,T cells,Control
l159,0.4787,0.6324,T cells,Treat
l160,-1.8209,2.6337,T cells,Control
l161,1.7458,2.737,T cells,Control
l162,1.6339,2.279,T cells,Treat
l163,-0.4072,0.1075,T cells,Control
l164,2.7864,0.2704,T cells,Control
l165,0.2464,-0.667,T cells,Treat
l166,2.8,0.272,T cells,Control
l167,-0.292,0.2241,T cells,Control
l168,0.0267,1.7326,T cells,Treat
l169,3.9255,2.2711,T cells,Control
l170,-0.6289,-0.822,T cells,Control
l171,-0.4721,0.4558,T cells,Treat
l172,0.226,2.0859,T cells,Control
l173,-2.0908,0.873,T cells,Control
l174,1.8063,-0.2318,T cells,Treat
l175,0.1323,1.3116,T cells,Control
l176,-0.5603,-0.1265,T cells,Control
l177,-0.3869,0.5353,T cells,Treat
l178,0.133,2.0319,T cells,Control
l179,0.0942,1.2165,T cells,Control
l180,0.863,0.9964,T cells,Treat
l181,1.1753,0.7831,T cells,Control
l182,-1.5462,-1.1096,T cells,Control
l183,0.3225,0.8432,T cells,Treat
l184,1.1303,1.7818,T cells,Control
l185,-0.0712,-1.2698,T cells,Control
l186,0.984,0.8596,T cells,Treat
l187,-0.7465,1.6946,T cells,Control
l188,0.0089,0.5092,T cells,Control
l189,2.0122,-0.0622,T cells,Treat
l190,-0.0637,2.6452,T cells,Control
l191,1.1631,0.8987,T cells,Control
l192,0.8561,1.3607,T cells,Treat
l193,0.1474,1.4235,T cells,Control
l194,0.3603,-0.0479,T cells,Control
l195,1.7633,-0.2804,T cells,Treat
l196,-1.903,0.4899,T cells,Control
l197,1.2689,1.1027,T cells,Control
l198,0.1699,1.2503,T cells,Treat
l199,1.5018,0.9538,T cells,Control
l200,3.6822,1.5044,T cells,Control
l201,-0.3591,1.6812,T cells,Treat
l202,1.147,0.9224,T cells,Control
l203,0.2369,2.0007,T cells,Control
l204,-0.5559,0.3855,T cells,Treat
l205,-0.475,1.4452,T cells,Control
l206,-1.6202,1.91,T cells,Control
l207,-0.1081,1.3595,T cells,Treat
l208,2.473,1.8962,T cells,Control
l209,0.6069,1.2508,T cells,Control
l210,0.1823,1.6138,T cells,Treat
l211,1.5823,2.1142,T cells,Control
l212,-1.4783,1.7933,T cells,Control
l213,-0.4412,2.3344,T cells,Treat
l214,-1.0584,-0.9028,T cells,Control
l215,-0.1651,1.8931,T cells,Control
l216,2.055,1.0192,T cells,Treat
l217,2.4839,-1.0397,T cells,Control
l218,-0.8252,2.9622,T cells,Control
l219,1.3262,1.7114,T cells,Treat
l220,2.2902,0.6722,T cells,Control
l221,-2.4135,0.9411,T cells,Control
l222,-2.8732,1.6369,T cells,Treat
l223,-0.542,2.7717,T cells,Control
l224,-0.9573,1.739,T cells,Control
l225,1.7321,0.5351,T cells,Treat
l226,1.6631,1.136,T cells,Control
l227,-1.338,-0.4752,T cells,Control
l228,0.976,3.5054,T cells,Treat
l229,-0.632,-1.3505,T cells,Control
l230,-0.9285,0.7149,T cells,Control
l231,-0.8721,1.7641,T cells,Treat
l232,-2.2063,0.0999,T cells,Control
l233,1.0098,0.3452,T cells,Control
l234,-1.7186,2.2879,T cells,Treat
l235,-0.5401,4.1374,T cells,Control
l236,1.4351,2.4391,T cells,Control
l237,-2.4458,0.0935,T cells,Treat
l238,-0.0529,-0.2278,T cells,Control
l239,-1.1212,1.8536,T cells,Control
l240,-3.4001,0.043,T cells,Treat
l241,0.7631,0.4762,T cells,Control
l242,1.667,2.4063,T cells,Control
l243,1.2527,0.8896,T cells,Treat
l244,-2.1883,0.7745,T cells,Control
l245,0.9667,2.4023,T cells,Control
l246,1.844,1.1518,T cells,Treat
l247,0.3435,1.1127,T cells,Control
l248,0.9724,1.5346,T cells,Control
l249,0.586,1.2186,T cells,Treat
l250,1.8293,0.2341,T cells,Control
l251,0.9705,0.5052,T cells,Control
l252,0.8118,2.4783,T cells,Treat
l253,-0.9595,2.2195,T cells,Control
l254,2.3858,-0.4082,T cells,Control
l255,1.2193,1.4916,T cells,Treat
l256,-1.5408,-0.6111,T cells,Control
l257,-1.7315,2.3544,T cells,Control
l258,1.5144,-1.3504,T cells,Treat
l259,-2.4325,1.9946,T cells,Control
l260,1.1864,1.1297,T cells,Control
l261,0.0552,3.0875,T cells,Treat
l262,2.411,-0.3075,T cells,Control
l263,-0.3412,0.6046,T cells,Control
l264,0.2371,-0.1481,T cells,Treat
l265,-1.1032,1.5885,T cells,Control
l266,0.1757,1.0263,T cells,Control
l267,2.029,1.3171,T cells,Treat
l268,-1.9211,1.6978,T cells,Control
l269,-0.6397,0.1286,T cells,Control
l270,-0.1544,0.8695,T cells,Treat
l271,0.2597,3.1929,T cells,Control
l272,2.145,1.9488,T cells,Control
l273,-1.1214,1.209,T cells,Treat
l274,-0.159,3.2118,T cells,Control
l275,-0.9069,-0.7596,T cells,Control
l276,2.996,2.5221,T cells,Treat
l277,0.378,1.1845,T cells,Control
l278,-1.1466,0.9774,T cells,Control
l279,0.3103,0.6757,T cells,Treat
l280,0.9656,0.9577,T cells,Control
l281,0.5913,4.1793,T cells,Control
l282,-0.1257,-0.1693,T cells,Treat
l283,-0.3633,1.9291,T cells,Control
l284,-0.011,-0.784,T cells,Control
l285,-0.5858,1.1312,T cells,Treat
l286,0.4353,1.3446,T cells,Control
l287,2.5162,0.6322,T cells,Control
l288,-0.3018,0.1876,T cells,Treat
l289,-0.7098,0.8074,T cells,Control
l290,-0.1392,0.7795,T cells,Control
l291,0.5287,2.2436,T cells,Treat
l292,0.2706,-0.5213,T cells,Control
l293,1.3692,2.5968,T cells,Control
l294,0.8546,1.2123,T cells,Treat
l295,-0.6551,1.4261,T cells,Control
l296,0.0462,0.2699,T cells,Control
l297,0.6424,-2.2976,T cells,Treat
l298,-0.5628,1.2747,T cells,Control
l299,2.0318,2.3526,T cells,Control
l300,1.2613,3.2184,T cells,Treat
l301,-1.1128,1.3483,T cells,Control
l302,3.1426,0.6436,T cells,Control
l303,0.4634,0.9805,T cells,Treat
l304,1.1322,-0.156,T cells,Control
l305,-2.5165,1.7385,T cells,Control
l306,-0.2645,0.5833,T cells,Treat
l307,-0.1381,0.8191,T cells,Control
l308,-0.4958,2.7884,T cells,Control
l309,-1.2213,1.2411,T cells,Treat
l310,-0.7819,1.0509,T cells,Control
l311,-1.265,0.1688,T cells,Control
l312,1.8262,1.3722,T cells,Treat
l313,0.5328,1.5616,T cells,Control
l314,1.1984,0.0373,T cells,Control
l315,1.4394,1.9626,T cells,Treat
l316,-1.287,1.3775,T cells,Control
l317,0.469,1.1608,T cells,Control
l318,-0.1627,0.0795,T cells,Treat
l319,-0.6674,2.4715,T cells,Control
l320,0.215,1.1256,T cells,Control
l321,-1.0542,2.4937,T cells,Treat
l322,-0.2483,-0.0179,T cells,Control
l323,1.0378,0.5646,T cells,Control
l324,-0.868,1.7825,T cells,Treat
l325,-2.9529,1.2995,T cells,Control
l326,-0.9793,0.9798,T cells,Control
l327,0.129,-0.6738,T cells,Treat
l328,2.6206,2.5892,T cells,Control
l329,0.3308,2.6672,T cells,Control
l330,0.7036,3.0126,T cells,Treat
l331,0.4142,1.3555,T cells,Control
l332,-1.1546,1.5443,T cells,Control
l333,0.9298,1.4149,T cells,Treat
l334,-0.7751,-0.28,T cells,Control
l335,-0.5979,-0.0208,T cells,Control
l336,0.0418,1.1142,T cells,Treat
l337,-0.2964,2.1913,T cells,Control
l338,0.2933,2.7783,T cells,Control
l339,3.05,0.7947,T cells,Treat
l340,0.3083,0.8768,T cells,Control
l341,-3.5049,2.9564,T cells,Control
l342,-0.0654,2.4465,T cells,Treat
l343,-0.7197,1.2157,T cells,Control
l344,2.7825,0.4225,T cells,Control
l345,-0.9797,0.7373,T cells,Treat
l346,0.8437,0.0854,T cells,Control
l347,0.9416,1.2477,T cells,Control
l348,1.921,0.0855,T cells,Treat
l349,-1.4274,0.7123,T cells,Control
l350,1.6162,1.8219,T cells,Control
l351,0.8266,3.5201,T cells,Treat
l352,0.638,0.6405,T cells,Control
l353,-0.2491,0.6254,T cells,Control
l354,-0.4235,0.2142,T cells,Treat
l355,3.0556,0.3129,T cells,Control
l356,2.5363,2.4135,T cells,Control
l357,-0.3755,1.5536,T cells,Treat
l358,-2.0264,1.019,T cells,Control
l359,0.8603,2.1793,T cells,Control
l360,1.0607,-0.0997,T cells,Treat
l361,0.8123,-0.8362,T cells,Control
l362,-0.3851,0.2968,T cells,Control
l363,2.6505,0.565,T cells,Treat
l364,-0.2762,0.6926,T cells,Control
l365,1.1431,1.2004,T cells,Control
l366,1.6415,0.6807,T cells,Treat
l367,-0.683,2.6677,T cells,Control
l368,-1.2838,1.6288,T cells,Control
l369,0.4393,2.0028,T cells,Treat
l370,-1.5692,-0.6053,T cells,Control
l371,-0.9054,-0.6224,T cells,Control
l372,0.4474,2.9009,T cells,Treat
l373,-0.7136,1.0706,T cells,Control
l374,1.0229,4.075,T cells,Control
l375,0.2642,0.042,T cells,Treat
l376,-0.6208,3.0221,T cells,Control
l377,1.339,1.9919,T cells,Control
l378,-0.2144,-0.3596,T cells,Treat
l379,2.3057,1.3091,T cells,Control
l380,1.3455,1.3646,T cells,Control
l381,-0.5463,2.8049,T cells,Treat
l382,0.7652,2.8043,T cells,Control
l383,0.6225,-0.2216,T cells,Control
l384,0.6162,1.3633,T cells,Treat
l385,-1.6005,1.4444,T cells,Control
l386,0.9384,0.9234,T cells,Control
l387,-1.6749,2.2988,T cells,Treat
l388,-0.9084,2.4018,T cells,Control
l389,0.4412,1.6326,T cells,Control
l390,2.4844,2.6065,T cells,Treat
l391,-1.1689,1.9186,T cells,Control
l392,2.4041,3.9395,T cells,Control
l393,0.0949,1.8955,T cells,Treat
l394,0.105,-0.1807,T cells,Control
l395,-2.2465,1.48,T cells,Control
l396,2.2877,-0.8686,T cells,Treat
l397,1.0785,1.5909,T cells,Control
l398,-0.4508,1.388,T cells,Control
l399,1.4668,1.8758,T cells,Treat
l400,0.0834,1.6903,T cells,Control
l401,0.8018,0.1682,T cells,Control
l402,1.9995,1.0612,T cells,Treat
l403,0.0773,0.8701,T cells,Control
l404,-1.8646,1.7043,T cells,Control
l405,-0.3239,3.0692,T cells,Treat
l406,0.5448,0.6007,T cells,Control
l407,0.8662,1.7283,T cells,Control
l408,-1.3291,2.4418,T cells,Treat
l409,0.5005,1.8646,T cells,Control
l410,-0.3877,0.5802,T cells,Control
l411,0.0171,0.9592,T cells,Treat
l412,1.7622,-0.8191,T cells,Control
l413,1.0055,1.7761,T cells,Control
l414,-1.7149,1.0168,T cells,Treat
l415,1.3466,0.4398,T cells,Control
l416,-1.5105,1.4295,T cells,Control
l417,1.3129,3.263,T cells,Treat
l418,-1.4072,1.166,T cells,Control
l419,-0.8255,1.1115,T cells,Control
l420,0.4411,0.7151,T cells,Treat
l421,2.2222,3.1277,T cells,Control
l422,-0.0101,0.3316,T cells,Control
l423,-0.1915,2.8821,T cells,Treat
l424,-1.393,1.0293,T cells,Control
l425,3.4012,0.7121,T cells,Control
l426,-0.0786,2.2802,T cells,Treat
l427,0.1256,1.397,T cells,Control
l428,0.8375,0.5464,T cells,Control
l429,-0.2374,-0.5398,T cells,Treat
l430,-0.9773,0.4773,T cells,Control
l431,-0.7345,1.8296,T cells,Control
l432,2.289,0.5188,T cells,Treat
l433,-1.5211,2.6136,T cells,Control
l434,1.2911,1.3778,T cells,Control
l435,-1.9724,1.5606,T cells,Treat
l436,-1.4565,1.5451,T cells,Control
l437,2.8653,2.2969,T cells,Control
l438,0.6761,0.9209,T cells,Treat
l439,2.5971,3.0813,T cells,Control
l440,-0.1979,1.4414,T cells,Control
l441,-1.2565,0.6512,T cells,Treat
l442,0.3929,1.8862,T cells,Control
l443,0.884,1.4159,T cells,Control
l444,-2.5281,1.7798,T cells,Treat
l445,-1.5415,1.7738,T cells,Control
l446,1.3565,2.6441,T cells,Control
l447,-0.856,-1.8143,T cells,Treat
l448,0.5252,0.2074,T cells,Control
l449,2.7759,2.0038,T cells,Control
l450,0.2667,1.6015,T cells,Treat
l451,-0.0524,2.1083,T cells,Control
l452,-0.1803,1.7998,T cells,Control
l453,1.6931,1.3513,T cells,Treat
l454,1.0153,3.5488,T cells,Control
l455,-0.167,1.105,T cells,Control
l456,-0.698,-0.2547,T cells,Treat
l457,1.7539,2.203,T cells,Control
l458,1.1636,1.5604,T cells,Control
l459,0.7848,0.1134,T cells,Treat
l460,-0.6643,1.2473,T cells,Control
l461,-1.2234,1.4335,T cells,Control
l462,0.0488,0.6144,T cells,Treat
l463,2.2379,0.5305,T cells,Control
l464,0.7175,1.7611,T cells,Control
l465,0.9677,1.4213,T cells,Treat
l466,1.4897,0.7366,T cells,Control
l467,3.4237,2.0703,T cells,Control
l468,2.4211,2.9088,T cells,Treat
l469,0.5588,2.0501,T cells,Control
l470,-0.4962,1.2204,T cells,Control
l471,-1.624,1.8505,T cells,Treat
l472,-0.6254,3.0806,T cells,Control
l473,3.0056,3.132,T cells,Control
l474,0.0454,0.1985,T cells,Treat
l475,0.1276,0.2881,T cells,Control
l476,0.3891,1.7408,T cells,Control
l477,-0.5603,1.1756,T cells,Treat
l478,-0.0115,0.796,T cells,Control
l479,0.5587,1.885,T cells,Control
l480,1.3737,0.7006,T cells,Treat
l481,0.8865,1.3076,T cells,Control
l482,-0.1796,2.122,T cells,Control
l483,0.0863,0.2787,T cells,Treat
l484,-0.4737,0.0832,T cells,Control
l485,1.7057,2.1009,T cells,Control
l486,0.775,1.0102,T cells,Treat
l487,-0.7648,1.0072,T cells,Control
l488,0.904,-0.8098,T cells,Control
l489,1.4389,1.1336,T cells,Treat
l490,2.9703,0.5163,T cells,Control
l491,1.3066,1.3093,T cells,Control
l492,-1.0655,0.8369,T cells,Treat
l493,-1.5413,2.9315,T cells,Control
l494,0.618,1.4404,T cells,Control
l495,1.9435,-0.1347,T cells,Treat
l496,-0.1701,-0.2309,T cells,Control
l497,1.7519,0.6517,T cells,Control
l498,-1.1706,2.2106,T cells,Treat
l499,0.0625,2.7931,T cells,Control
l500,-0.7389,1.7897,T cells,Control
l501,1.0126,-0.1112,T cells,Treat
l502,2.1893,-0.993,T cells,Control
l503,-0.8122,-1.4168,T cells,Control
l504,-1.8185,2.5685,T cells,Treat
l505,-2.0025,1.2648,T cells,Control
l506,1.719,1.3303,T cells,Control
l507,3.0387,1.5735,T cells,Treat
l508,-0.6712,1.2133,T cells,Control
l509,-0.1879,0.2964,T cells,Control
l510,0.8297,2.0055,T cells,Treat
l511,1.7771,2.4106,T cells,Control
l512,0.0349,0.7212,T cells,Control
l513,-0.7032,0.0789,T cells,Treat
l514,-0.1321,3.2251,T cells,Control
l515,-0.3691,2.273,T cells,Control
l516,1.7101,2.404,T cells,Treat
l517,-0.2286,1.8876,T cells,Control
l518,0.5163,1.7528,T cells,Control
l519,1.5591,2.2114,T cells,Treat
l520,0.5007,3.6988,T cells,Control
l521,-0.1579,-0.395,T cells,Control
l522,-1.6087,1.0516,T cells,Treat
l523,0.3157,2.408,T cells,Control
l524,1.9745,2.0755,T cells,Control
l525,1.0879,2.6821,T cells,Treat
l526,1.497,2.5158,T cells,Control
l527,-0.825,-0.247,T cells,Control
l528,1.5776,1.6145,T cells,Treat
l529,-1.0585,0.2799,T cells,Control
l530,-0.93,1.2544,T cells,Control
l531,1.311,0.4839,T cells,Treat
l532,1.6989,1.8056,T cells,Control
l533,-1.2148,2.379,T cells,Control
l534,0.6011,0.3054,T cells,Treat
l535,0.8524,2.3188,T cells,Control
l536,-1.5888,2.3705,T cells,Control
l537,-1.0162,-0.0872,T cells,Treat
l538,-3.1472,-0.6112,T cells,Control
l539,0.2533,1.9036,T cells,Control
l540,0.5147,0.9178,T cells,Treat
l541,0.4919,2.3493,T cells,Control
l542,-0.6535,0.1704,T cells,Control
l543,-1.3023,2.1724,T cells,Treat
l544,0.5779,3.3465,T cells,Control
l545,-1.6954,0.2286,T cells,Control
l546,3.4466,0.3673,T cells,Treat
l547,1.3298,2.32,T cells,Control
l548,-0.1396,1.1471,T cells,Control
l549,0.1195,0.5815,T cells,Treat
l550,0.975,1.926,T cells,Control
l551,-1.0665,0.2808,T cells,Control
l552,0.478,1.7001,T cells,Treat
l553,0.7037,0.367,T cells,Control
l554,-0.9335,1.8575,T cells,Control
l555,0.829,1.5628,T cells,Treat
l556,1.3886,-0.0819,T cells,Control
l557,2.4462,1.7726,T cells,Control
l558,-1.6837,2.3294,T cells,Treat
l559,1.2747,2.4364,T cells,Control
l560,0.6037,0.5327,T cells,Control
l561,0.5549,2.0683,T cells,Treat
l562,-0.5694,1.5624,T cells,Control
l563,0.9667,2.6036,T cells,Control
l564,-1.1749,0.2964,T cells,Treat
l565,1.3577,-0.1994,T cells,Control
l566,-0.0456,1.4627,T cells,Control
l567,-0.3448,1.7351,T cells,Treat
l568,-0.5094,0.4788,T cells,Control
l569,-0.6776,1.135,T cells,Control
l570,0.9693,1.358,T cells,Treat
l571,2.3148,1.3536,T cells,Control
l572,2.8878,-0.4703,T cells,Control
l573,-0.536,0.2659,T cells,Treat
l574,-0.9464,1.4957,T cells,Control
l575,2.0475,0.5109,T cells,Control
l576,-1.0722,1.4361,T cells,Treat
l577,-2.1877,1.5125,T cells,Control
l578,-1.0104,2.5496,T cells,Control
l579,-1.06,1.089,T cells,Treat
l580,3.5502,0.7957,T cells,Control
l581,1.6363,0.1957,T cells,Control
l582,0.7176,2.112,T cells,Treat
l583,1.8501,0.6046,T cells,Control
l584,-1.5185,1.4812,T cells,Control
l585,-0.6921,2.1317,T cells,Treat
l586,1.4486,1.8198,T cells,Control
l587,-2.1716,-0.281,T cells,Control
l588,0.4613,0.5888,T cells,Treat
l589,1.6706,0.1725,T cells,Control
l590,1.4653,1.1083,T cells,Control
l591,-1.6479,1.5715,T cells,Treat
l592,1.8538,0.5984,T cells,Control
l593,1.0023,1.6364,T cells,Control
l594,-1.7615,1.3681,T cells,Treat
l595,-0.2769,1.0672,T cells,Control
l596,-2.8675,3.1139,T cells,Control
l597,-2.1043,1.8473,T cells,Treat
l598,2.0306,0.3696,T cells,Control
l599,-0.8862,0.4792,T cells,Control
l600,1.3224,0.006,T cells,Treat
l601,-1.5192,1.9448,T cells,Control
l602,0.333,1.0554,T cells,Control
l603,-3.0689,0.4215,T cells,Treat
l604,-1.8628,1.556,T cells,Control
l605,-0.3748,2.5871,T cells,Control
l606,0.0359,0.9254,T cells,Treat
l607,2.5618,3.641,T cells,Control
l608,0.8451,1.3814,T cells,Control
l609,0.272,2.8363,T cells,Treat
l610,0.1087,1.5294,T cells,Control
l611,0.7359,0.4009,T cells,Control
l612,-1.3566,0.4932,T cells,Treat
l613,-0.6008,1.7968,T cells,Control
l614,-0.1819,2.3037,T cells,Control
l615,-1.1798,1.9638,T cells,Treat
l616,-0.9173,0.7388,T cells,Control
l617,-0.9377,1.2337,T cells,Control
l618,-0.752,0.2456,T cells,Treat
l619,-2.2261,0.8217,T cells,Control
l620,-1.4449,1.5089,T cells,Control
l621,-0.6316,-0.3251,T cells,Treat
l622,-0.1412,1.173,T cells,Control
l623,1.5616,0.5184,T cells,Control
l624,-1.2151,1.4485,T cells,Treat
l625,1.0023,1.3636,T cells,Control
l626,0.4567,0.6657,T cells,Control
l627,-1.0168,1.3232,T cells,Treat
l628,-1.1618,2.1735,T cells,Control
l629,0.3567,0.2894,T cells,Control
l630,1.1785,-0.4307,T cells,Treat
l631,1.1234,1.9801,T cells,Control
l632,-0.1434,2.4963,T cells,Control
l633,1.0263,3.043,T cells,Treat
l634,1.5243,1.3026,T cells,Control
l635,-0.0203,-0.0001,T cells,Control
l636,3.1329,-0.3157,T cells,Treat
l637,1.4414,2.1001,T cells,Control
l638,-0.204,0.0245,T cells,Control
l639,1.5468,2.6323,T cells,Treat
l640,-0.2725,0.9369,T cells,Control
l641,-0.8204,2.3036,T cells,Control
l642,1.5338,-0.3374,T cells,Treat
l643,-0.235,0.2487,T cells,Control
l644,-0.4829,-0.1939,T cells,Control
l645,0.634,1.7688,T cells,Treat
l646,-0.4532,0.6472,T cells,Control
l647,0.171,1.2949,T cells,Control
l648,1.7841,1.0928,T cells,Treat
l649,-1.1669,0.9711,T cells,Control
l650,1.2273,2.4303,T cells,Control
l651,1.1967,1.2482,T cells,Treat
l652,0.4545,1.5242,T cells,Control
l653,-1.5855,1.4346,T cells,Control
l654,-2.0507,1.2752,T cells,Treat
l655,1.4465,1.4896,T cells,Control
l656,-2.2077,0.3229,T cells,Control
l657,-1.3186,1.9433,T cells,Treat
l658,1.3989,1.0936,T cells,Control
l659,0.9264,0.9971,T cells,Control
l660,1.3465,1.9894,T cells,Treat
l661,-0.0838,1.9218,T cells,Control
l662,1.0507,1.5775,T cells,Control
l663,1.9374,2.3598,T cells,Treat
l664,-0.1789,-0.9792,T cells,Control
l665,1.8868,0.3665,T cells,Control
l666,3.4156,2.1423,T cells,Treat
l667,1.002,1.0865,T cells,Control
l668,-0.5685,0.5026,T cells,Control
l669,-1.5489,2.2088,T cells,Treat
l670,2.083,2.4125,T cells,Control
l671,0.4145,0.6137,T cells,Control
l672,-0.4864,1.9619,T cells,Treat
l673,-2.6131,-0.8711,T cells,Control
l674,-0.391,-0.5134,T cells,Control
l675,-0.4425,-0.3693,T cells,Treat
l676,-1.0661,-0.0345,T cells,Control
l677,0.0856,0.5981,T cells,Control
l678,1.6456,1.8139,T cells,Treat
l679,3.1729,1.8137,T cells,Control
l680,-1.5459,3.1685,T cells,Control
l681,2.7443,-0.0712,T cells,Treat
l682,-1.0331,1.6951,T cells,Control
l683,-0.7039,1.4362,T cells,Control
l684,0.0016,-0.3883,T cells,Treat
l685,0.3898,1.3024,T cells,Control
l686,-0.5806,-0.4818,T cells,Control
l687,3.0777,2.1768,T cells,Treat
l688,0.8021,0.7797,T cells,Control
l689,0.334,1.6691,T cells,Control
l690,0.7906,1.4443,T cells,Treat
l691,-0.9488,0.6162,T cells,Control
l692,-1.6259,1.6268,T cells,Control
l693,-0.5086,0.3584,T cells,Treat
l694,0.2985,2.1372,T cells,Control
l695,0.5732,2.8142,T cells,Control
l696,-2.0059,1.6619,T cells,Treat
l697,-2.1182,1.5149,T cells,Control
l698,3.0716,1.5812,T cells,Control
l699,1.3942,-0.4979,T cells,Treat
l700,1.1155,2.0448,T cells,Control
l701,0.9198,2.0661,T cells,Control
l702,1.4038,2.4503,T cells,Treat
l703,0.4479,0.2231,T cells,Control
l704,-0.0051,1.8894,T cells,Control
l705,0.2086,2.4035,T cells,Treat
l706,1.6559,-0.639,T cells,Control
l707,2.5022,1.5497,T cells,Control
l708,0.1683,1.503,T cells,Treat
l709,-0.6717,1.7551,T cells,Control
l710,2.1782,0.729,T cells,Control
l711,-0.2318,2.837,T cells,Treat
l712,-0.1138,0.3036,T cells,Control
l713,1.5002,3.2616,T cells,Control
l714,0.4912,1.0252,T cells,Treat
l715,0.8506,1.4953,T cells,Control
l716,0.1686,2.4083,T cells,Control
l717,-1.0643,2.3345,T cells,Treat
l718,1.0206,2.2033,T cells,Control
l719,0.4731,0.032,T cells,Control
l720,-0.0149,0.6085,T cells,Treat
l721,-0.2911,1.6692,T cells,Control
l722,-2.8429,1.9766,T cells,Control
l723,2.4551,3.2532,T cells,Treat
l724,0.2336,0.32,T cells,Control
l725,0.0237,3.6795,T cells,Control
l726,-1.6894,0.878,T cells,Treat
l727,-0.2592,0.296,T cells,Control
l728,1.8881,1.9204,T cells,Control
l729,0.8738,1.5421,T cells,Treat
l730,1.3063,-0.2552,T cells,Control
l731,-1.4083,0.8615,T cells,Control
l732,-1.066,0.8534,T cells,Treat
l733,-0.2293,1.3958,T cells,Control
l734,-2.813,0.8346,T cells,Control
l735,0.1825,2.7832,T cells,Treat
l736,-0.7825,-0.4211,T cells,Control
l737,-0.078,1.8871,T cells,Control
l738,1.3653,-0.3544,T cells,Treat
l739,1.622,1.925,T cells,Control
l740,0.7978,1.4154,T cells,Control
l741,-2.2193,1.4658,T cells,Treat
l742,-0.3674,1.2407,T cells,Control
l743,1.4658,-1.9235,T cells,Control
l744,-0.965,0.8537,T cells,Treat
l745,1.0818,2.7385,T cells,Control
l746,-0.4682,1.8176,T cells,Control
l747,-0.2601,2.6918,T cells,Treat
l748,0.107,1.2426,T cells,Control
l749,-1.2483,2.1363,T cells,Control
l750,-0.7571,0.0666,T cells,Treat
l751,0.7211,2.4007,T cells,Control
l752,-0.141,2.1768,T cells,Control
l753,-1.6219,1.6694,T cells,Treat
l754,0.6258,1.3495,T cells,Control
l755,0.3175,1.4264,T cells,Control
l756,-0.7012,3.4566,T cells,Treat
l757,-0.4507,2.8217,T cells,Control
l758,0.2889,1.6487,T cells,Control
l759,0.7315,1.9711,T cells,Treat
l760,-0.6733,0.2692,T cells,Control
l761,-0.7216,0.0227,T cells,Control
l762,0.7786,0.2808,T cells,Treat
l763,-2.3486,0.5081,T cells,Control
l764,-1.4411,1.9343,T cells,Control
l765,-0.1032,1.1952,T cells,Treat
l766,-1.328,3.3272,T cells,Control
l767,0.65,0.7158,T cells,Control
l768,-1.493,-0.8103,T cells,Treat
l769,-0.1831,2.2257,T cells,Control
l770,-0.5294,1.5256,T cells,Control
l771,2.0608,2.142,T cells,Treat
l772,2.2065,2.9347,T cells,Control
l773,0.7941,2.8668,T cells,Control
l774,-1.1983,1.2089,T cells,Treat
l775,2.6746,3.6846,T cells,Control
l776,-0.6388,-0.3117,T cells,Control
l777,0.5032,1.0068,T cells,Treat
l778,1.0015,0.7199,T cells,Control
l779,2.1388,-0.538,T cells,Control
l780,-1.7038,0.4219,T cells,Treat
l781,-0.5163,1.7321,T cells,Control
l782,0.3393,0.3354,T cells,Control
l783,-1.409,2.0029,T cells,Treat
l784,0.7159,0.7811,T cells,Control
l785,0.5443,1.2966,T cells,Control
l786,1.0442,0.3763,T cells,Treat
l787,-0.5147,1.1773,T cells,Control
l788,-2.1577,1.4712,T cells,Control
l789,-0.3763,-0.922,T cells,Treat
l790,-0.8911,2.1875,T cells,Control
l791,1.2681,2.8964,T cells,Control
l792,0.7501,1.8718,T cells,Treat
l793,0.4519,2.6306,T cells,Control
l794,1.0285,0.4405,T cells,Control
l795,-0.6886,1.1774,T cells,Treat
l796,-0.6447,1.0564,T cells,Control
l797,1.263,1.8789,T cells,Control
l798,-0.0878,0.9094,T cells,Treat
l799,0.4001,-0.8489,T cells,Control
l800,1.1771,1.1197,T cells,Control
l801,-0.7551,2.8626,T cells,Treat
l802,1.1172,3.073,T cells,Control
l803,-0.9897,2.3188,T cells,Control
l804,-0.7256,0.7974,T cells,Treat
l805,1.2519,3.9277,T cells,Control
l806,0.4097,0.7909,T cells,Control
l807,2.6423,1.0394,T cells,Treat
l808,-0.7623,0.5489,T cells,Control
l809,0.6987,-0.4021,T cells,Control
l810,-0.8584,-0.6554,T cells,Treat
l811,0.6383,1.8993,T cells,Control
l812,-0.0156,0.3171,T cells,Control
l813,0.4409,1.4107,T cells,Treat
l814,1.4476,1.2958,T cells,Control
l815,-0.512,1.1932,T cells,Control
l816,-2.081,3.0562,T cells,Treat
l817,-1.4035,1.2121,T cells,Control
l818,-0.1306,0.9168,T cells,Control
l819,-1.5331,-0.2166,T cells,Treat
l820,1.0775,1.5373,T cells,Control
l821,1.9275,2.0245,T cells,Control
l822,1.4207,1.433,T cells,Treat
l823,-0.0927,-0.4915,T cells,Control
l824,-0.3099,1.0994,T cells,Control
l825,-0.9516,0.9993,T cells,Treat
l826,0.0597,2.3156,T cells,Control
l827,0.3162,1.1452,T cells,Control
l828,0.9999,0.5541,T cells,Treat
l829,0.3128,4.1752,T cells,Control
l830,1.0026,1.7417,T cells,Control
l831,1.309,0.5555,T cells,Treat
l832,1.5496,3.8887,T cells,Control
l833,1.1877,-0.5047,T cells,Control
l834,-1.8328,-0.5424,T cells,Treat
l835,-1.3997,1.302,T cells,Control
l836,1.4832,1.9307,T cells,Control
l837,-0.0696,0.4446,T cells,Treat
l838,-0.196,1.4265,T cells,Control
l839,-1.4458,2.1269,T cells,Control
l840,-1.7813,1.165,T cells,Treat
l841,-0.386,0.1071,T cells,Control
l842,0.944,0.9153,T cells,Control
l843,-2.0563,1.953,T cells,Treat
l844,1.2163,0.2822,T cells,Control
l845,-0.6055,0.2771,T cells,Control
l846,-1.6783,1.7351,T cells,Treat
l847,-0.6657,1.0596,T cells,Control
l848,-1.6929,1.1715,T cells,Control
l849,-0.4421,3.6072,T cells,Treat
l850,-0.9227,0.4294,T cells,Control
l851,-1.5264,2.172,T cells,Control
l852,0.9595,2.2585,T cells,Treat
l853,-2.0528,1.4997,T cells,Control
l854,0.9797,1.0506,T cells,Control
l855,0.6888,1.2972,T cells,Treat
l856,1.1856,0.2387,T cells,Control
l857,2.4486,0.8358,T cells,Control
l858,0.7904,3.0792,T cells,Treat
l859,-0.1323,-0.0182,T cells,Control
l860,-1.7754,0.1662,T cells,Control
l861,0.6821,-0.0983,T cells,Treat
l862,0.7781,0.2261,T cells,Control
l863,-0.1088,-0.7458,T cells,Control
l864,-0.3841,1.1497,T cells,Treat
l865,0.6497,2.7088,T cells,Control
l866,2.145,3.2113,T cells,Control
l867,0.0867,4.7218,T cells,Treat
l868,0.4646,0.3968,T cells,Control
l869,-2.1662,2.0053,T cells,Control
l870,0.9785,2.8419,T cells,Treat
l871,2.5957,3.1405,T cells,Control
l872,0.917,0.9312,T cells,Control
l873,-1.039,0.5141,T cells,Treat
l874,0.7743,2.5309,T cells,Control
l875,-0.7718,1.7501,T cells,Control
l876,1.5704,0.8293,T cells,Treat
l877,1.1782,0.603,T cells,Control
l878,-0.9524,0.8498,T cells,Control
l879,-0.2915,1.0409,T cells,Treat
l880,1.042,1.3358,T cells,Control
l881,-0.7388,1.7065,T cells,Control
l882,-1.3905,0.0295,T cells,Treat
l883,0.635,1.9486,T cells,Control
l884,-2.1867,-0.3467,T cells,Control
l885,1.8948,2.0591,T cells,Treat
l886,0.8168,2.0524,T cells,Control
l887,-0.5931,3.6251,T cells,Control
l888,-0.4119,-0.0216,T cells,Treat
l889,2.2187,1.0329,T cells,Control
l890,0.1471,1.11,T cells,Control
l891,0.8833,3.1014,T cells,Treat
l892,0.2019,1.7373,T cells,Control
l893,-0.7809,-1.1824,T cells,Control
l894,0.3482,3.0328,T cells,Treat
l895,0.5365,0.0422,T cells,Control
l896,-0.1833,2.1079,T cells,Control
l897,1.6548,0.3181,T cells,Treat
l898,0.3487,1.5182,T cells,Control
l899,0.3208,0.7302,T cells,Control
l900,1.8315,-0.4557,T cells,Treat
l901,0.5795,1.1767,T cells,Control
l902,2.9216,-0.0803,T cells,Control
l903,3.0898,1.1245,T cells,Treat
l904,-0.9121,1.4763,T cells,Control
l905,2.1875,1.0815,T cells,Control
l906,3.0758,3.5241,T cells,Treat
l907,-0.6374,1.5113,T cells,Control
l908,1.667,2.7701,T cells,Control
l909,2.2933,0.9544,T cells,Treat
l910,0.1236,2.6716,T cells,Control
l911,1.5717,1.0869,T cells,Control
l912,-0.7102,1.6917,T cells,Treat
l913,-2.6311,2.7773,T cells,Control
l914,-2.4144,1.3478,T cells,Control
l915,0.2779,3.8255,T cells,Treat
l916,1.7657,1.1134,T cells,Control
l917,0.5484,1.3975,T cells,Control
l918,3.0818,0.232,T cells,Treat
l919,-1.5486,1.8069,T cells,Control
l920,1.358,-0.1726,T cells,Control
l921,-0.7556,-0.2424,T cells,Treat
l922,2.9284,1.4614,T cells,Control
l923,0.2969,1.0891,T cells,Control
l924,-1.8334,-1.6289,T cells,Treat
l925,-1.9544,3.1813,T cells,Control
l926,-0.0282,2.2289,T cells,Control
l927,0.8786,2.4243,T cells,Treat
l928,-2.7623,0.3901,T cells,Control
l929,0.6829,2.2629,T cells,Control
l930,-0.6747,3.2217,T cells,Treat
l931,0.0631,3.2701,T cells,Control
l932,-1.5447,0.7423,T cells,Control
l933,1.8983,1.9003,T cells,Treat
l934,1.1035,1.6358,T cells,Control
l935,-2.4774,-0.9818,T cells,Control
l936,-0.4902,1.9482,T cells,Treat
l937,-2.3787,-1.6749,T cells,Control
l938,0.1528,1.851,T cells,Control
l939,1.3541,1.8548,T cells,Treat
l940,-0.2748,0.8353,T cells,Control
l941,0.7877,-0.2537,T cells,Control
l942,-2.7779,-0.1123,T cells,Treat
l943,0.7881,0.8591,T cells,Control
l944,1.5429,2.1452,T cells,Control
l945,0.3606,0.2883,T cells,Treat
l946,-1.4783,0.9085,T cells,Control
l947,0.0914,1.9995,T cells,Control
l948,0.2791,0.8062,T cells,Treat
l949,-0.2151,0.3134,T cells,Control
l950,1.1102,0.5797,T cells,Control
l951,-0.2694,2.0426,T cells,Treat
l952,-2.2139,0.9416,T cells,Control
l953,-2.3495,0.9045,T cells,Control
l954,1.3932,-0.0631,T cells,Treat
l955,1.5018,2.775,T cells,Control
l956,1.4127,-0.0099,T cells,Control
l957,-1.301,1.2738,T cells,Treat
l958,1.3642,2.1876,T cells,Control
l959,0.1186,1.28,T cells,Control
l960,-0.7759,0.9633,T cells,Treat
l961,0.2898,1.23,T cells,Control
l962,1.5025,-1.2051,T cells,Control
l963,-0.8039,0.3944,T cells,Treat
l964,-0.4379,1.3231,T cells,Control
l965,-1.7522,0.6485,T cells,Control
l966,0.7684,1.3973,T cells,Treat
l967,1.2643,2.3647,T cells,Control
l968,-2.0706,0.5178,T cells,Control
l969,1.3272,2.3743,T cells,Treat
l970,0.1019,0.792,T cells,Control
l971,-1.8374,0.8138,T cells,Control
l972,1.6205,2.1846,T cells,Treat
l973,1.4996,-1.3828,T cells,Control
l974,1.1359,-2.309,T cells,Control
l975,-1.1295,1.2951,T cells,Treat
l976,0.7434,1.9911,T cells,Control
l977,-1.6446,-0.108,T cells,Control
l978,2.2454,3.5701,T cells,Treat
l979,0.1416,0.9176,T cells,Control
l980,0.5021,2.6284,T cells,Control
l981,-1.2497,0.3303,T cells,Treat
l982,-0.7276,-0.6268,T cells,Control
l983,0.2045,1.161,T cells,Control
l984,0.1978,2.9339,T cells,Treat
l985,0.3927,3.6061,T cells,Control
l986,-2.0251,-0.1809,T cells,Control
l987,-0.1944,2.9611,T cells,Treat
l988,1.3415,1.0124,T cells,Control
l989,1.4558,-0.6372,T cells,Control
l990,0.3525,0.0508,T cells,Treat
l991,1.4523,1.2083,T cells,Control
l992,1.2701,1.4526,T cells,Control
l993,0.7918,1.1013,T cells,Treat
l994,0.1362,0.7598,T cells,Control
l995,0.0884,2.302,T cells,Control
l996,0.0935,-0.262,T cells,Treat
l997,1.2393,0.0241,T cells,Control
l998,-1.3513,1.3635,T cells,Control
l999,0.3084,1.7895,T cells,Treat
l1000,-1.7643,-0.1875,T cells,Control
l1001,-0.9461,1.1491,T cells,Control
l1002,1.6845,0.4468,T cells,Treat
l1003,0.6895,1.1687,T cells,Control
l1004,1.1065,3.1902,T cells,Control
l1005,1.753,2.7668,T cells,Treat
l1006,0.8817,3.2869,T cells,Control
l1007,3.1651,0.182,T cells,Control
l1008,-0.0912,-0.3431,T cells,Treat
l1009,-0.1466,-0.361,T cells,Control
l1010,2.816,-0.2368,T cells,Control
l1011,0.9927,1.4239,T cells,Treat
l1012,-0.4374,0.9356,T cells,Control
l1013,-0.1271,0.9477,T cells,Control
l1014,-3.1381,0.0145,T cells,Treat
l1015,3.2012,0.8197,T cells,Control
l1016,0.8376,1.5236,T cells,Control
l1017,2.5843,-0.9252,T cells,Treat
l1018,-0.6303,0.7593,T cells,Control
l1019,-2.4459,0.1454,T cells,Control
l1020,0.9613,0.7197,T cells,Treat
l1021,-0.1868,1.34,T cells,Control
l1022,2.2132,1.7228,T cells,Control
l1023,-0.1307,1.0654,T cells,Treat
l1024,-2.1783,2.7623,T cells,Control
l1025,0.6442,0.8183,T cells,Control
l1026,2.4549,0.5524,T cells,Treat
l1027,-1.3489,-0.9317,T cells,Control
l1028,-1.2212,-0.5022,T cells,Control
l1029,-1.332,2.6601,T cells,Treat
l1030,1.3622,1.1684,T cells,Control
l1031,-2.5374,1.0871,T cells,Control
l1032,0.1344,2.0265,T cells,Treat
l1033,-1.1576,1.6543,T cells,Control
l1034,-4.0233,2.3083,T cells,Control
l1035,1.2954,0.332,T cells,Treat
l1036,0.2848,1.5101,T cells,Control
l1037,-0.2855,1.6825,T cells,Control
l1038,0.5783,0.5336,T cells,Treat
l1039,-1.6754,2.0554,T cells,Control
l1040,0.3885,-0.8426,T cells,Control
l1041,0.8095,1.6967,T cells,Treat
l1042,-1.2515,2.9215,T cells,Control
l1043,-0.7165,2.2791,T cells,Control
l1044,0.8419,-0.3016,T cells,Treat
l1045,2.2868,0.9893,T cells,Control
l1046,0.2424,0.48,T cells,Control
l1047,0.6393,1.234,T cells,Treat
l1048,-0.8698,0.0299,T cells,Control
l1049,2.5301,2.1938,T cells,Control
l1050,2.5487,2.0603,T cells,Treat
l1051,-0.9629,2.3569,T cells,Control
l1052,3.627,1.0676,T cells,Control
l1053,-1.2488,1.1321,T cells,Treat
l1054,-0.8903,-0.2322,T cells,Control
l1055,1.4401,1.7439,T cells,Control
l1056,-0.971,2.0905,T cells,Treat
l1057,2.4341,2.6684,T cells,Control
l1058,-1.8281,0.6898,T cells,Control
l1059,-1.5876,1.4204,T cells,Treat
l1060,1.6932,3.775,T cells,Control
l1061,0.9262,-1.6198,T cells,Control
l1062,1.6918,1.0286,T cells,Treat
l1063,0.0293,2.5144,T cells,Control
l1064,-0.9703,-0.0284,T cells,Control
l1065,-0.5501,-0.4832,T cells,Treat
l1066,0.664,1.381,T cells,Control
l1067,-1.12,-0.2903,T cells,Control
l1068,-0.7853,2.3901,T cells,Treat
l1069,0.2864,0.8852,T cells,Control
l1070,2.2129,1.8196,T cells,Control
l1071,-2.3108,0.6579,T cells,Treat
l1072,-2.1394,1.2476,T cells,Control
l1073,0.7487,3.2755,T cells,Control
l1074,-0.4672,0.491,T cells,Treat
l1075,1.3333,-0.6028,T cells,Control
l1076,-0.514,0.1156,T cells,Control
l1077,-1.1899,0.1887,T cells,Treat
l1078,1.6037,1.8912,T cells,Control
l1079,0.3213,0.5762,T cells,Control
l1080,2.6016,1.5765,T cells,Treat
l1081,-0.8885,0.2116,T cells,Control
l1082,-0.6323,0.2146,T cells,Control
l1083,-0.2791,0.5178,T cells,Treat
l1084,1.4969,1.2418,T cells,Control
l1085,1.8219,1.6658,T cells,Control
l1086,-0.8227,-0.8305,T cells,Treat
l1087,0.3666,-0.8347,T cells,Control
l1088,-0.0096,2.4016,T cells,Control
l1089,2.891,-0.5485,T cells,Treat
l1090,1.0586,1.0644,T cells,Control
l1091,0.0263,1.351,T cells,Control
l1092,0.1521,1.5614,T cells,Treat
l1093,-1.8569,1.6902,T cells,Control
l1094,1.6743,0.7422,T cells,Control
l1095,0.2131,1.8783,T cells,Treat
l1096,-1.4344,2.1157,T cells,Control
l1097,-3.343,1.2828,T cells,Control
l1098,-1.0477,1.8819,T cells,Treat
l1099,0.4053,1.6324,T cells,Control
l1100,-1.4966,0.7845,T cells,Control
l1101,0.0459,0.6195,T cells,Treat
l1102,1.4645,0.6071,T cells,Control
l1103,-1.2081,0.2559,T cells,Control
l1104,-0.1926,1.2556,T cells,Treat
l1105,1.2397,3.4573,T cells,Control
l1106,-2.1899,-1.6592,T cells,Control
l1107,0.536,-0.6262,T cells,Treat
l1108,2.7679,1.3217,T cells,Control
l1109,1.1452,0.0174,T cells,Control
l1110,0.4683,1.6243,T cells,Treat
l1111,-1.184,1.8575,T cells,Control
l1112,0.4808,2.4968,T cells,Control
l1113,1.4177,2.9638,T cells,Treat
l1114,-0.7772,0.2569,T cells,Control
l1115,-2.1139,3.9786,T cells,Control
l1116,-0.8844,0.9579,T cells,Treat
l1117,-1.2024,0.636,T cells,Control
l1118,-1.7615,3.0363,T cells,Control
l1119,-0.4897,1.3375,T cells,Treat
l1120,-0.4897,1.3502,T cells,Control
l1121,-0.8161,1.6023,T cells,Control
l1122,1.2487,1.482,T cells,Treat
l1123,1.0529,2.5532,T cells,Control
l1124,-2.2323,-0.589,T cells,Control
l1125,-0.0558,-0.0231,T cells,Treat
l1126,0.0209,1.0882,T cells,Control
l1127,1.9418,-0.3369,T cells,Control
l1128,1.9736,0.5999,T cells,Treat
l1129,-1.556,2.031,T cells,Control
l1130,1.4582,0.425,T cells,Control
l1131,-0.8857,0.9961,T cells,Treat
l1132,-0.701,-0.6125,T cells,Control
l1133,1.6881,0.3789,T cells,Control
l1134,1.659,3.2317,T cells,Treat
l1135,0.8977,1.446,T cells,Control
l1136,-0.6942,1.6123,T cells,Control
l1137,-1.4341,0.4596,T cells,Treat
l1138,-0.515,2.9802,T cells,Control
l1139,-1.1859,2.8024,T cells,Control
l1140,-0.4226,0.403,T cells,Treat
l1141,2.0834,1.6204,T cells,Control
l1142,-1.8936,2.7863,T cells,Control
l1143,-1.419,2.0124,T cells,Treat
l1144,2.1049,4.4574,T cells,Control
l1145,-0.119,0.7824,T cells,Control
l1146,-0.3519,1.5248,T cells,Treat
l1147,0.4179,2.469,T cells,Control
l1148,-0.0602,1.1606,T cells,Control
l1149,-2.0288,1.7652,T cells,Treat
l1150,1.1565,0.5991,T cells,Control
l1151,0.8117,0.5416,T cells,Control
l1152,0.8858,-0.1836,T cells,Treat
l1153,-0.6766,1.6997,T cells,Control
l1154,1.529,0.2254,T cells,Control
l1155,0.453,0.0166,T cells,Treat
l1156,1.8043,1.8712,T cells,Control
l1157,1.9397,1.051,T cells,Control
l1158,1.1914,2.6417,T cells,Treat
l1159,-0.1766,3.6782,T cells,Control
l1160,1.1412,1.9291,T cells,Control
l1161,1.1502,0.7948,T cells,Treat
l1162,-0.4716,0.5968,T cells,Control
l1163,-0.4518,0.896,T cells,Control
l1164,3.9232,2.2817,T cells,Treat
l1165,0.1206,0.6912,T cells,Control
l1166,1.7821,0.023,T cells,Control
l1167,2.8305,0.4156,T cells,Treat
l1168,-1.4883,0.5022,T cells,Control
l1169,-1.7288,0.5129,T cells,Control
l1170,-2.2003,1.3637,T cells,Treat
l1171,1.4729,1.615,T cells,Control
l1172,-1.713,0.9294,T cells,Control
l1173,-0.3155,0.307,T cells,Treat
l1174,0.5608,1.8339,T cells,Control
l1175,0.5046,0.7406,T cells,Control
l1176,0.3138,1.7743,T cells,Treat
l1177,-0.3499,1.1945,T cells,Control
l1178,-2.0923,2.231,T cells,Control
l1179,-1.3427,1.2556,T cells,Treat
l1180,-1.4087,1.8805,T cells,Control
l1181,0.5016,1.5736,T cells,Control
l1182,3.6498,2.4744,T cells,Treat
l1183,-0.8355,-0.4557,T cells,Control
l1184,0.6463,0.5375,T cells,Control
l1185,-0.0499,1.6688,T cells,Treat
l1186,0.2114,2.4537,T cells,Control
l1187,0.3042,1.932,T cells,Control
l1188,2.1232,-0.301,T cells,Treat
l1189,0.7338,0.8893,T cells,Control
l1190,-1.3497,1.0121,T cells,Control
l1191,-0.4848,0.5088,T cells,Treat
l1192,-0.5447,2.4124,T cells,Control
l1193,-1.5007,1.0437,T cells,Control
l1194,-1.0347,0.119,T cells,Treat
l1195,0.137,1.7256,T cells,Control
l1196,0.8532,0.1031,T cells,Control
l1197,-0.5562,1.552,T cells,Treat
l1198,0.8582,1.5995,T cells,Control
l1199,-0.1814,1.8764,T cells,Control
l1200,-0.0071,1.6063,T cells,Treat
l1201,0.6963,-0.3567,T cells,Control
l1202,-1.4597,0.141,T cells,Control
l1203,-0.7818,-0.8507,T cells,Treat
l1204,0.7938,1.0815,T cells,Control
l1205,1.118,1.1653,T cells,Control
l1206,1.6133,-0.1818,T cells,Treat
l1207,-1.3117,1.1096,T cells,Control
l1208,1.8184,0.2738,T cells,Control
l1209,1.4294,2.4952,T cells,Treat
l1210,0.72,4.1332,T cells,Control
l1211,-2.8152,0.7895,T cells,Control
l1212,0.7116,2.7916,T cells,Treat
l1213,-1.8777,2.1905,T cells,Control
l1214,-1.2153,2.2807,T cells,Control
l1215,-1.0472,1.481,T cells,Treat
l1216,1.6021,0.6757,T cells,Control
l1217,0.4216,1.346,T cells,Control
l1218,-1.1023,2.3792,T cells,Treat
l1219,0.1646,0.5923,T cells,Control
l1220,-1.561,1.455,T cells,Control
l1221,-0.4861,1.702,T cells,Treat
l1222,1.2059,2.3308,T cells,Control
l1223,-3.2803,1.3267,T cells,Control
l1224,1.034,1.2418,T cells,Treat
l1225,-0.6595,0.2106,T cells,Control
l1226,0.7692,1.1321,T cells,Control
l1227,0.7027,1.8118,T cells,Treat
l1228,0.8033,0.5836,T cells,Control
l1229,0.0696,1.6604,T cells,Control
l1230,-1.596,1.4424,T cells,Treat
l1231,-1.2548,2.1107,T cells,Control
l1232,1.3431,1.9449,T cells,Control
l1233,1.0499,-0.6616,T cells,Treat
l1234,-0.5685,2.1853,T cells,Control
l1235,-0.5396,0.0266,T cells,Control
l1236,0.2017,1.5158,T cells,Treat
l1237,-0.612,2.6754,T cells,Control
l1238,0.3887,-0.3675,T cells,Control
l1239,-0.1123,0.4606,T cells,Treat
l1240,2.6043,0.9073,T cells,Control
l1241,-1.0117,1.8275,T cells,Control
l1242,-1.1604,2.7724,T cells,Treat
l1243,3.2315,2.3402,T cells,Control
l1244,-1.1944,-0.5311,T cells,Control
l1245,0.7412,0.6663,T cells,Treat
l1246,0.9917,-0.6154,T cells,Control
l1247,-0.5615,1.8392,T cells,Control
l1248,-2.0434,0.4133,T cells,Treat
l1249,-0.2389,1.0781,T cells,Control
l1250,-0.6719,-0.2995,T cells,Control
l1251,-0.5129,0.7184,T cells,Treat
l1252,0.3728,0.8459,T cells,Control
l1253,-0.1311,0.8112,T cells,Control
l1254,0.1128,0.1886,T cells,Treat
l1255,1.9485,2.8821,T cells,Control
l1256,0.4942,1.0836,T cells,Control
l1257,0.9601,2.501,T cells,Treat
l1258,-0.1143,1.3508,T cells,Control
l1259,3.1048,0.3238,T cells,Control
l1260,0.0755,1.907,T cells,Treat
l1261,2.3372,1.3968,T cells,Control
l1262,-0.7961,3.0292,T cells,Control
l1263,0.8399,0.6054,T cells,Treat
l1264,0.0362,1.0837,T cells,Control
l1265,0.9605,1.1595,T cells,Control
l1266,1.5293,0.6306,T cells,Treat
l1267,0.4933,0.7445,T cells,Control
l1268,2.4957,1.6809,T cells,Control
l1269,0.7552,0.897,T cells,Treat
l1270,1.6768,0.3102,T cells,Control
l1271,0.6609,2.2213,T cells,Control
l1272,-0.655,0.5838,T cells,Treat
l1273,-0.1929,1.4643,T cells,Control
l1274,0.5836,2.3722,T cells,Control
l1275,0.384,0.6555,T cells,Treat
l1276,1.3481,1.0169,T cells,Control
l1277,0.997,1.2318,T cells,Control
l1278,-0.4843,-0.4073,T cells,Treat
l1279,1.2762,3.219,T cells,Control
l1280,-0.8555,0.2017,T cells,Control
l1281,0.5817,1.4537,T cells,Treat
l1282,0.156,-0.3226,T cells,Control
l1283,1.0948,0.7408,T cells,Control
l1284,0.674,0.6432,T cells,Treat
l1285,2.6203,1.3969,T cells,Control
l1286,0.7201,2.2421,T cells,Control
l1287,0.0455,0.9522,T cells,Treat
l1288,3.6048,0.2091,T cells,Control
l1289,1.9603,1.1304,T cells,Control
l1290,1.9569,1.2076,T cells,Treat
l1291,-1.0851,2.3102,T cells,Control
l1292,1.3444,1.2245,T cells,Control
l1293,-1.6514,0.6082,T cells,Treat
l1294,1.4194,2.6588,T cells,Control
l1295,0.2217,1.0621,T cells,Control
l1296,2.4001,2.4618,T cells,Treat
l1297,1.8901,1.2586,T cells,Control
l1298,-0.0522,1.7354,T cells,Control
l1299,-1.4931,1.4715,T cells,Treat
l1300,0.5259,0.4113,T cells,Control
l1301,-0.8108,0.4797,T cells,Control
l1302,0.9943,3.6121,T cells,Treat
l1303,0.0136,1.9152,T cells,Control
l1304,0.5205,2.9531,T cells,Control
l1305,1.1175,1.5327,T cells,Treat
l1306,-2.2124,-0.8816,T cells,Control
l1307,0.7304,2.2393,T cells,Control
l1308,-0.2573,1.8246,T cells,Treat
l1309,0.1863,0.0907,T cells,Control
l1310,-3.0103,0.5384,T cells,Control
l1311,1.3433,1.0836,T cells,Treat
l1312,0.7487,1.6774,T cells,Control
l1313,-0.6145,1.952,T cells,Control
l1314,2.4762,1.9395,T cells,Treat
l1315,-2.2148,1.2431,T cells,Control
l1316,0.9265,2.3153,T cells,Control
l1317,1.3627,0.9383,T cells,Treat
l1318,0.2503,-0.302,T cells,Control
l1319,1.3578,-0.7226,T cells,Control
l1320,1.4413,2.0782,T cells,Treat
l1321,-1.1251,0.8832,T cells,Control
l1322,-0.9532,0.6551,T cells,Control
l1323,0.0149,0.3171,T cells,Treat
l1324,1.3076,0.4605,T cells,Control
l1325,-0.9843,2.8005,T cells,Control
l1326,0.0358,1.0065,T cells,Treat
l1327,-0.5755,2.7475,T cells,Control
l1328,-0.9806,0.5983,T cells,Control
l1329,0.491,2.7474,T cells,Treat
l1330,2.3634,2.0454,T cells,Control
l1331,-0.0503,-0.7805,T cells,Control
l1332,-1.4569,0.6567,T cells,Treat
l1333,1.7231,0.6317,T cells,Control
l1334,1.9568,0.9207,T cells,Control
l1335,1.507,2.3182,T cells,Treat
l1336,1.9712,-2.2669,T cells,Control
l1337,-0.3435,2.8416,T cells,Control
l1338,-0.052,1.71,T cells,Treat
l1339,0.1282,0.0207,T cells,Control
l1340,1.6277,0.7923,T cells,Control
l1341,-1.5622,1.4421,T cells,Treat
l1342,1.9252,1.9657,T cells,Control
l1343,0.1949,1.336,T cells,Control
l1344,0.5838,0.8741,T cells,Treat
l1345,-0.901,1.8276,T cells,Control
l1346,-1.2004,1.4145,T cells,Control
l1347,0.9059,0.3433,T cells,Treat
l1348,2.6782,-0.2976,T cells,Control
l1349,1.0185,0.8978,T cells,Control
l1350,-1.306,3.1061,T cells,Treat
l1351,0.9627,1.7432,T cells,Control
l1352,-0.7352,0.7939,T cells,Control
l1353,0.4182,2.2999,T cells,Treat
l1354,0.0253,0.6664,T cells,Control
l1355,-0.2574,1.8394,T cells,Control
l1356,-0.5839,1.6489,T cells,Treat
l1357,-1.5792,1.3023,T cells,Control
l1358,-0.5343,0.3072,T cells,Control
l1359,1.9458,1.0985,T cells,Treat
l1360,-0.0177,1.1622,T cells,Control
l1361,0.7505,0.4908,T cells,Control
l1362,-2.8432,1.0893,T cells,Treat
l1363,0.7177,-0.4499,T cells,Control
l1364,0.2241,0.1684,T cells,Control
l1365,-0.214,-0.1078,T cells,Treat
l1366,-0.0184,1.7905,T cells,Control
l1367,1.0643,2.2439,T cells,Control
l1368,1.3873,2.1992,T cells,Treat
l1369,-1.2062,-0.4111,T cells,Control
l1370,0.2039,0.7481,T cells,Control
l1371,1.1719,0.0678,T cells,Treat
l1372,1.4506,1.5329,T cells,Control
l1373,-1.1865,2.2004,T cells,Control
l1374,0.4266,1.6654,T cells,Treat
l1375,0.7142,1.5252,T cells,Control
l1376,-0.2462,-0.777,T cells,Control
l1377,3.3229,2.2459,T cells,Treat
l1378,0.2115,1.8619,T cells,Control
l1379,-0.6255,1.1952,T cells,Control
l1380,0.8553,0.4043,T cells,Treat
l1381,-0.064,-0.6166,T cells,Control
l1382,1.2588,0.2208,T cells,Control
l1383,0.34,0.9017,T cells,Treat
l1384,0.3379,2.5451,T cells,Control
l1385,-1.1773,1.7364,T cells,Control
l1386,3.926,2.396,T cells,Treat
l1387,1.1728,1.4287,T cells,Control
l1388,0.441,2.6967,T cells,Control
l1389,-0.429,0.6337,T cells,Treat
l1390,-0.7053,1.2389,T cells,Control
l1391,1.249,0.7966,T cells,Control
l1392,0.4804,0.2996,T cells,Treat
l1393,0.2745,0.9212,T cells,Control
l1394,-0.6485,-1.4649,T cells,Control
l1395,1.7757,-0.5336,T cells,Treat
l1396,-2.3493,2.0687,T cells,Control
l1397,0.8916,1.0047,T cells,Control
l1398,0.5658,0.4526,T cells,Treat
l1399,1.4989,-0.4854,T cells,Control
l1400,-1.1608,0.9946,T cells,Control
l1401,-0.5693,2.091,T cells,Treat
l1402,-0.2888,1.8718,T cells,Control
l1403,-1.801,0.7481,T cells,Control
l1404,-0.069,1.8907,T cells,Treat
l1405,-0.7481,0.1344,T cells,Control
l1406,1.4078,0.2761,T cells,Control
l1407,0.2139,1.2349,T cells,Treat
l1408,0.1939,1.7533,T cells,Control
l1409,1.9967,0.0914,T cells,Control
l1410,1.7482,2.8897,T cells,Treat
l1411,0.499,-0.5389,T cells,Control
l1412,0.5325,1.1961,T cells,Control
l1413,1.1423,1.3668,T cells,Treat
l1414,-2.2906,-0.3216,T cells,Control
l1415,0.6054,2.3358,T cells,Control
l1416,-0.8071,0.0408,T cells,Treat
l1417,-0.527,0.3566,T cells,Control
l1418,0.2378,0.1477,T cells,Control
l1419,1.8414,0.8925,T cells,Treat
l1420,1.9221,-0.1688,T cells,Control
l1421,-1.186,-0.8577,T cells,Control
l1422,0.534,2.0292,T cells,Treat
l1423,-1.9743,0.1969,T cells,Control
l1424,0.4911,2.7409,T cells,Control
l1425,0.4682,3.5348,T cells,Treat
l1426,0.1927,0.5441,T cells,Control
l1427,1.8234,0.0518,T cells,Control
l1428,0.3084,1.1842,T cells,Treat
l1429,-0.4373,1.8812,T cells,Control
l1430,2.8683,0.4077,T cells,Control
l1431,-0.9038,-0.6357,T cells,Treat
l1432,0.2069,-0.1149,T cells,Control
l1433,1.5316,1.1858,T cells,Control
l1434,1.7599,3.6928,T cells,Treat
l1435,-0.4982,0.789,T cells,Control
l1436,-2.9443,1.9137,T cells,Control
l1437,-1.0689,-0.4523,T cells,Treat
l1438,-0.242,1.8146,T cells,Control
l1439,0.319,-0.3333,T cells,Control
l1440,0.1195,0.6625,T cells,Treat
l1441,-0.5183,1.5885,T cells,Control
l1442,2.2416,0.1379,T cells,Control
l1443,-1.6041,-1.8648,T cells,Treat
l1444,-1.3269,0.2018,T cells,Control
l1445,-1.215,1.2716,T cells,Control
l1446,1.2429,-0.0867,T cells,Treat
l1447,-2.0127,-1.0933,T cells,Control
l1448,1.1149,0.4478,T cells,Control
l1449,-0.0612,0.0796,T cells,Treat
l1450,0.5002,1.774,T cells,Control
l1451,-3.6431,0.4833,T cells,Control
l1452,3.2721,2.5949,T cells,Treat
l1453,-1.9642,2.1932,T cells,Control
l1454,1.2281,1.7231,T cells,Control
l1455,2.8999,0.4582,T cells,Treat
l1456,-1.8492,-0.4277,T cells,Control
l1457,-2.247,0.072,T cells,Control
l1458,-0.1056,0.2542,T cells,Treat
l1459,-0.1839,1.0944,T cells,Control
l1460,-0.2143,0.5045,T cells,Control
l1461,-0.0962,1.4811,T cells,Treat
l1462,1.7958,0.8147,T cells,Control
l1463,0.633,-0.1573,T cells,Control
l1464,2.4287,1.9219,T cells,Treat
l1465,-0.3728,-0.4193,T cells,Control
l1466,1.2726,1.3928,T cells,Control
l1467,-1.1222,-1.3403,T cells,Treat
l1468,1.8165,0.7509,T cells,Control
l1469,1.5297,0.8111,T cells,Control
l1470,-0.834,0.6513,T cells,Treat
l1471,1.0697,1.4642,T cells,Control
l1472,0.2394,-0.8999,T cells,Control
l1473,-0.3822,1.0207,T cells,Treat
l1474,-3.3018,-1.8084,T cells,Control
l1475,-2.3361,-1.5537,T cells,Control
l1476,0.8499,0.742,T cells,Treat
l1477,0.5137,-0.3604,T cells,Control
l1478,0.9124,2.8888,T cells,Control
l1479,1.0521,0.7109,T cells,Treat
l1480,0.1437,1.3185,T cells,Control
l1481,0.7932,2.3045,T cells,Control
l1482,1.0355,2.8619,T cells,Treat
l1483,0.3677,2.9616,T cells,Control
l1484,-1.0597,0.6872,T cells,Control
l1485,1.2132,1.0185,T cells,Treat
l1486,-1.5224,0.2575,T cells,Control
l1487,0.0658,1.3008,T cells,Control
l1488,1.4947,-0.4697,T cells,Treat
l1489,0.9923,1.6641,T cells,Control
l1490,0.9432,1.9164,T cells,Control
l1491,0.1691,0.6445,T cells,Treat
l1492,1.1439,2.7938,T cells,Control
l1493,-0.6836,1.3156,T cells,Control
l1494,-0.6191,1.9043,T cells,Treat
l1495,2.2821,0.2123,T cells,Control
l1496,0.6751,0.6024,T cells,Control
l1497,-1.7294,0.3363,T cells,Treat
l1498,-0.1084,3.064,T cells,Control
l1499,-0.6101,1.6989,T cells,Control
l1500,-0.9759,1.757,T cells,Treat
l1501,0.3193,-0.3085,T cells,Control
l1502,-0.419,1.4728,T cells,Control
l1503,-1.2586,1.8431,T cells,Treat
l1504,-0.0145,0.5175,T cells,Control
l1505,2.1419,1.9008,T cells,Control
l1506,0.0027,1.5036,T cells,Treat
l1507,0.838,0.6177,T cells,Control
l1508,-0.3304,2.4611,T cells,Control
l1509,2.9365,0.9253,T cells,Treat
l1510,-0.4106,-0.9676,T cells,Control
l1511,-0.4488,3.0439,T cells,Control
l1512,-1.126,-1.0942,T cells,Treat
l1513,1.9298,0.0408,T cells,Control
l1514,2.0647,3.2386,T cells,Control
l1515,2.6567,-0.2255,T cells,Treat
l1516,2.1145,1.7751,T cells,Control
l1517,-1.7596,-0.6285,T cells,Control
l1518,0.9699,2.2516,T cells,Treat
l1519,0.5355,-0.3928,T cells,Control
l1520,-0.7402,1.5668,T cells,Control
l1521,0.3454,1.2707,T cells,Treat
l1522,1.546,0.4939,T cells,Control
l1523,0.3619,1.3916,T cells,Control
l1524,1.028,-0.3725,T cells,Treat
l1525,-0.723,0.8906,T cells,Control
l1526,0.6821,0.6358,T cells,Control
l1527,-1.0688,-0.0559,T cells,Treat
l1528,1.2378,1.2216,T cells,Control
l1529,-3.2441,0.6022,T cells,Control
l1530,2.2871,1.4594,T cells,Treat
l1531,1.4705,1.2946,T cells,Control
l1532,-0.5278,0.7505,T cells,Control
l1533,1.6521,1.0131,T cells,Treat
l1534,-0.5316,2.9112,T cells,Control
l1535,1.2041,0.4674,T cells,Control
l1536,1.4181,0.0604,T cells,Treat
l1537,-1.217,0.9738,T cells,Control
l1538,1.6151,-0.4398,T cells,Control
l1539,-0.6085,3.1718,T cells,Treat
l1540,0.3626,1.2964,T cells,Control
l1541,1.7902,2.5796,T cells,Control
l1542,-0.6224,1.3579,T cells,Treat
l1543,2.7621,0.6113,T cells,Control
l1544,1.6627,1.6922,T cells,Control
l1545,0.6692,0.2857,T cells,Treat
l1546,0.7027,2.376,T cells,Control
l1547,0.3039,1.4266,T cells,Control
l1548,1.7329,1.4313,T cells,Treat
l1549,-1.242,1.9487,T cells,Control
l1550,0.8609,-0.717,T cells,Control
l1551,0.0768,1.7755,T cells,Treat
l1552,1.8684,-0.0499,T cells,Control
l1553,-0.3823,0.9478,T cells,Control
l1554,-0.7783,1.7027,T cells,Treat
l1555,-0.3043,0.7245,T cells,Control
l1556,2.2492,0.9569,T cells,Control
l1557,-0.9653,1.3655,T cells,Treat
l1558,0.7863,1.8988,T cells,Control
l1559,-2.1643,-0.6706,T cells,Control
l1560,1.5224,0.9917,T cells,Treat
l1561,0.6067,4.4145,T cells,Control
l1562,-0.3785,0.8457,T cells,Control
l1563,-1.0723,0.4295,T cells,Treat
l1564,1.1254,0.3051,T cells,Control
l1565,1.2074,2.6234,T cells,Control
l1566,1.578,2.5077,T cells,Treat
l1567,-0.9133,1.2519,T cells,Control
l1568,0.7926,1.6408,T cells,Control
l1569,2.1519,0.0327,T cells,Treat
l1570,-0.687,0.753,T cells,Control
l1571,0.7933,-0.354,T cells,Control
l1572,1.3686,1.8315,T cells,Treat
l1573,1.0539,-1.0561,T cells,Control
l1574,-0.6154,1.0282,T cells,Control
l1575,-0.1026,1.6126,T cells,Treat
l1576,1.1161,-0.8092,T cells,Control
l1577,-0.7741,-0.7058,T cells,Control
l1578,1.4014,3.0938,T cells,Treat
l1579,3.1249,1.5706,T cells,Control
l1580,1.8883,1.6029,T cells,Control
l1581,2.371,-0.1027,T cells,Treat
l1582,0.1972,0.3788,T cells,Control
l1583,-0.3523,-0.3823,T cells,Control
l1584,3.5547,1.4579,T cells,Treat
l1585,1.2595,1.7895,T cells,Control
l1586,0.2326,0.5001,T cells,Control
l1587,0.9077,0.695,T cells,Treat
l1588,2.2459,0.2574,T cells,Control
l1589,3.544,0.8227,T cells,Control
l1590,-0.8655,1.0668,T cells,Treat
l1591,1.9671,0.7068,T cells,Control
l1592,-2.6587,1.2702,T cells,Control
l1593,0.6921,2.0427,T cells,Treat
l1594,0.0109,1.1424,T cells,Control
l1595,1.8716,2.7411,T cells,Control
l1596,1.642,1.1197,T cells,Treat
l1597,0.284,-0.0259,T cells,Control
l1598,2.131,2.1518,T cells,Control
l1599,-2.3597,1.4943,T cells,Treat
l1600,1.7818,1.9326,T cells,Control
l1601,1.4525,1.7191,T cells,Control
l1602,-1.8558,1.385,T cells,Treat
l1603,0.7512,3.2147,T cells,Control
l1604,-0.814,1.8814,T cells,Control
l1605,1.7794,0.3655,T cells,Treat
l1606,-0.3711,-0.258,T cells,Control
l1607,0.0157,-0.2996,T cells,Control
l1608,0.3404,1.5476,T cells,Treat
l1609,1.0219,-0.6078,T cells,Control
l1610,0.1495,2.8154,T cells,Control
l1611,0.3405,-0.1391,T cells,Treat
l1612,2.2476,2.0682,T cells,Control
l1613,-0.7093,1.9783,T cells,Control
l1614,1.1392,1.8037,T cells,Treat
l1615,0.0337,0.8792,T cells,Control
l1616,0.1891,-0.2509,T cells,Control
l1617,0.4124,0.1876,T cells,Treat
l1618,1.6721,2.3077,T cells,Control
l1619,-0.3768,1.632,T cells,Control
l1620,-0.1805,1.8457,T cells,Treat
l1621,3.3682,1.2235,T cells,Control
l1622,-0.0623,-0.452,T cells,Control
l1623,2.1067,-0.1032,T cells,Treat
l1624,-1.2977,1.7815,T cells,Control
l1625,-0.2974,0.1135,T cells,Control
l1626,-0.9391,0.5312,T cells,Treat
l1627,0.1249,2.6589,T cells,Control
l1628,-0.7077,1.1547,T cells,Control
l1629,-0.7954,0.8238,T cells,Treat
l1630,-1.2904,-0.1766,T cells,Control
l1631,-0.4619,0.5654,T cells,Control
l1632,-0.0598,3.1416,T cells,Treat
l1633,1.6756,0.3692,T cells,Control
l1634,0.0396,1.2194,T cells,Control
l1635,1.2887,0.2467,T cells,Treat
l1636,-0.1203,0.4294,T cells,Control
l1637,-4.1672,1.3504,T cells,Control
l1638,1.3585,2.1422,T cells,Treat
l1639,0.5857,2.3334,T cells,Control
l1640,0.5425,0.5233,T cells,Control
l1641,-2.2073,2.0671,T cells,Treat
l1642,1.9795,2.2749,T cells,Control
l1643,-1.6537,-0.6897,T cells,Control
l1644,-1.8716,0.7574,T cells,Treat
l1645,-1.5143,-0.9486,T cells,Control
l1646,1.5772,2.7319,T cells,Control
l1647,1.0193,1.4786,T cells,Treat
l1648,0.6238,1.1716,T cells,Control
l1649,-0.5332,0.0688,T cells,Control
l1650,0.6441,0.0681,T cells,Treat
l1651,-1.5418,0.7363,T cells,Control
l1652,4.8507,1.3288,T cells,Control
l1653,2.0206,0.7377,T cells,Treat
l1654,0.4098,0.278,T cells,Control
l1655,1.1255,1.37,T cells,Control
l1656,0.2571,1.7709,T cells,Treat
l1657,1.741,0.3544,T cells,Control
l1658,0.0851,2.9799,T cells,Control
l1659,-1.6704,1.0677,T cells,Treat
l1660,0.0784,0.8219,T cells,Control
l1661,1.2033,2.0578,T cells,Control
l1662,0.0712,1.5643,T cells,Treat
l1663,-0.041,0.1283,T cells,Control
l1664,-4.0931,1.0158,T cells,Control
l1665,-0.4854,-0.9493,T cells,Treat
l1666,-1.3104,2.4876,T cells,Control
l1667,2.135,2.7731,T cells,Control
l1668,0.4121,2.2591,T cells,Treat
l1669,0.6736,2.1187,T cells,Control
l1670,-0.6841,0.7584,T cells,Control
l1671,-0.8529,0.7342,T cells,Treat
l1672,-1.7643,1.7865,T cells,Control
l1673,0.729,3.0572,T cells,Control
l1674,-2.3287,2.3879,T cells,Treat
l1675,-3.3909,-0.6756,T cells,Control
l1676,0.696,1.8172,T cells,Control
l1677,2.1939,1.2943,T cells,Treat
l1678,0.2545,0.1718,T cells,Control
l1679,-3.4236,0.5963,T cells,Control
l1680,-0.0236,0.4577,T cells,Treat
l1681,0.6895,1.5396,T cells,Control
l1682,0.037,1.4502,T cells,Control
l1683,0.3832,-0.6273,T cells,Treat
l1684,0.5253,0.608,T cells,Control
l1685,-0.2897,0.5903,T cells,Control
l1686,-1.3877,2.0918,T cells,Treat
l1687,1.5714,-0.1441,T cells,Control
l1688,-0.9864,0.612,T cells,Control
l1689,-2.0199,-0.4592,T cells,Treat
l1690,2.0217,1.3004,T cells,Control
l1691,0.7155,2.0749,T cells,Control
l1692,2.3083,2.5431,T cells,Treat
l1693,2.5557,0.9203,T cells,Control
l1694,-2.1042,2.3562,T cells,Control
l1695,1.423,-0.4409,T cells,Treat
l1696,2.2303,1.5135,T cells,Control
l1697,-1.6221,0.2327,T cells,Control
l1698,0.0688,0.9,T cells,Treat
l1699,0.7224,-0.7763,T cells,Control
l1700,-2.423,0.6906,T cells,Control
l1701,0.8045,2.5402,T cells,Treat
l1702,-3.387,2.7497,T cells,Control
l1703,-0.953,0.4255,T cells,Control
l1704,0.432,1.8048,T cells,Treat
l1705,-0.6409,1.4381,T cells,Control
l1706,2.2205,1.8283,T cells,Control
l1707,0.2495,1.2869,T cells,Treat
l1708,0.3885,1.1044,T cells,Control
l1709,1.4969,1.1987,T cells,Control
l1710,-0.8741,1.2283,T cells,Treat
l1711,-0.6914,-0.1503,T cells,Control
l1712,1.4159,2.6613,T cells,Control
l1713,0.1889,0.6313,T cells,Treat
l1714,-1.4568,0.7851,T cells,Control
l1715,-1.8268,2.7542,T cells,Control
l1716,0.4866,0.4922,T cells,Treat
l1717,1.9947,0.7228,T cells,Control
l1718,-3.6689,0.8422,T cells,Control
l1719,-0.2769,3.3422,T cells,Treat
l1720,-0.5384,0.4928,T cells,Control
l1721,1.1741,1.8409,T cells,Control
l1722,-2.4177,-0.3439,T cells,Treat
l1723,0.6496,2.1307,T cells,Control
l1724,1.2135,2.377,T cells,Control
l1725,-1.2296,1.9976,T cells,Treat
l1726,1.0368,0.5465,T cells,Control
l1727,0.2953,1.0566,T cells,Control
l1728,1.1639,2.6341,T cells,Treat
l1729,2.1333,0.8059,T cells,Control
l1730,0.514,0.2193,T cells,Control
l1731,0.0615,0.9165,T cells,Treat
l1732,-0.5369,-0.1462,T cells,Control
l1733,0.3141,1.3496,T cells,Control
l1734,-1.8805,0.2953,T cells,Treat
l1735,0.3886,1.7209,T cells,Control
l1736,-0.2824,1.8226,T cells,Control
l1737,-0.1547,1.0973,T cells,Treat
l1738,2.5016,1.6075,T cells,Control
l1739,0.5268,-1.557,T cells,Control
l1740,0.2974,0.4677,T cells,Treat
l1741,-0.6529,1.7567,T cells,Control
l1742,-1.8644,0.9697,T cells,Control
l1743,-0.3539,1.8245,T cells,Treat
l1744,-0.1431,0.5339,T cells,Control
l1745,2.213,0.7651,T cells,Control
l1746,1.4674,1.711,T cells,Treat
l1747,-1.4109,0.8375,T cells,Control
l1748,0.9614,3.3333,T cells,Control
l1749,0.0653,-0.2165,T cells,Treat
l1750,-0.9659,1.1963,T cells,Control
l1751,-0.3587,0.3211,T cells,Control
l1752,2.5109,-0.8041,T cells,Treat
l1753,1.1334,2.5344,T cells,Control
l1754,-0.4103,-0.0537,T cells,Control
l1755,1.6991,3.3147,T cells,Treat
l1756,-3.2332,1.1186,T cells,Control
l1757,1.8451,2.6402,T cells,Control
l1758,0.5528,1.3282,T cells,Treat
l1759,-0.3053,-0.1992,T cells,Control
l1760,0.7581,1.6476,T cells,Control
l1761,-1.2384,1.915,T cells,Treat
l1762,-0.1157,2.9376,T cells,Control
l1763,-0.5123,-1.048,T cells,Control
l1764,0.5278,1.1445,T cells,Treat
l1765,0.9079,3.7134,T cells,Control
l1766,0.2002,0.7834,T cells,Control
l1767,-0.9425,1.0166,T cells,Treat
l1768,-1.1699,-0.2936,T cells,Control
l1769,-0.8729,-0.1684,T cells,Control
l1770,0.3866,1.3979,T cells,Treat
l1771,0.2459,1.4201,T cells,Control
l1772,-2.0853,2.5176,T cells,Control
l1773,0.2219,2.8063,T cells,Treat
l1774,-0.3202,-0.3403,T cells,Control
l1775,0.5797,2.0404,T cells,Control
l1776,1.4631,3.1042,T cells,Treat
l1777,1.6566,1.2389,T cells,Control
l1778,-0.245,3.2252,T cells,Control
l1779,-0.8428,1.3708,T cells,Treat
l1780,0.2694,0.2551,T cells,Control
l1781,2.5676,2.7701,T cells,Control
l1782,-0.3673,1.013,T cells,Treat
l1783,-0.0576,0.3719,T cells,Control
l1784,-0.0308,1.8527,T cells,Control
l1785,2.8187,1.4192,T cells,Treat
l1786,3.2027,-0.477,T cells,Control
l1787,-0.1877,1.7674,T cells,Control
l1788,-0.3711,-0.1468,T cells,Treat
l1789,-1.658,-0.2811,T cells,Control
l1790,0.2642,0.622,T cells,Control
l1791,0.315,2.9264,T cells,Treat
l1792,-0.925,-0.5574,T cells,Control
l1793,1.6912,1.5245,T cells,Control
l1794,-1.0149,2.1351,T cells,Treat
l1795,-0.2617,1.7991,T cells,Control
l1796,2.9301,1.9248,T cells,Control
l1797,0.8035,0.3324,T cells,Treat
l1798,1.784,2.49,T cells,Control
l1799,0.7353,1.9417,T cells,Control
l1800,0.8313,2.5259,T cells,Treat
l1801,-5.005,3.0745,Neutrophil,Control
l1802,-3.9258,3.9046,Neutrophil,Control
l1803,-4.9629,5.4024,Neutrophil,Treat
l1804,-3.2118,4.5306,Neutrophil,Control
l1805,-4.7805,4.6142,Neutrophil,Control
l1806,-5.2135,3.0504,Neutrophil,Treat
l1807,-4.8965,3.3855,Neutrophil,Control
l1808,-4.4137,4.0315,Neutrophil,Control
l1809,-3.7437,5.3588,Neutrophil,Treat
l1810,-4.7858,4.8518,Neutrophil,Control
l1811,-5.5754,3.1082,Neutrophil,Control
l1812,-3.4309,3.0369,Neutrophil,Treat
l1813,-1.7124,2.6975,Neutrophil,Control
l1814,-5.3097,4.8089,Neutrophil,Control
l1815,-3.04,4.6751,Neutrophil,Treat
l1816,-4.8784,4.5034,Neutrophil,Control
l1817,-5.4828,3.9537,Neutrophil,Control
l1818,-4.0761,4.5055,Neutrophil,Treat
l1819,-4.2195,2.4068,Neutrophil,Control
l1820,-4.7372,5.2565,Neutrophil,Control
l1821,-6.154,3.1935,Neutrophil,Treat
l1822,-5.864,4.5026,Neutrophil,Control
l1823,-4.0879,3.8593,Neutrophil,Control
l1824,-4.5141,3.7934,Neutrophil,Treat
l1825,-4.6501,3.5134,Neutrophil,Control
l1826,-4.9293,4.4129,Neutrophil,Control
l1827,-3.4093,3.812,Neutrophil,Treat
l1828,-4.9887,3.0061,Neutrophil,Control
l1829,-4.5321,4.1443,Neutrophil,Control
l1830,-5.0566,4.7434,Neutrophil,Treat
l1831,-5.9394,4.7464,Neutrophil,Control
l1832,-6.0273,3.4003,Neutrophil,Control
l1833,-3.6948,4.9025,Neutrophil,Treat
l1834,-3.9859,2.5964,Neutrophil,Control
l1835,-3.9854,4.0934,Neutrophil,Control
l1836,-4.1921,5.638,Neutrophil,Treat
l1837,-4.203,5.1645,Neutrophil,Control
l1838,-5.5567,4.4191,Neutrophil,Control
l1839,-4.9349,3.0425,Neutrophil,Treat
l1840,-5.1612,2.6689,Neutrophil,Control
l1841,-5.596,3.4135,Neutrophil,Control
l1842,-4.0349,4.208,Neutrophil,Treat
l1843,-3.058,3.8615,Neutrophil,Control
l1844,-4.8653,4.436,Neutrophil,Control
l1845,-5.5401,3.0113,Neutrophil,Treat
l1846,-3.8514,3.8227,Neutrophil,Control
l1847,-2.8887,2.7953,Neutrophil,Control
l1848,-4.7453,3.0496,Neutrophil,Treat
l1849,-3.0269,4.3606,Neutrophil,Control
l1850,-5.2193,3.3966,Neutrophil,Control
l1851,-4.0972,2.1515,Neutrophil,Treat
l1852,-5.3032,3.586,Neutrophil,Control
l1853,-4.8283,3.2637,Neutrophil,Control
l1854,-3.628,3.5849,Neutrophil,Treat
l1855,-4.772,4.4047,Neutrophil,Control
l1856,-5.0729,4.7909,Neutrophil,Control
l1857,-5.1163,3.3236,Neutrophil,Treat
l1858,-5.0759,3.4066,Neutrophil,Control
l1859,-5.2779,5.4859,Neutrophil,Control
l1860,-5.0432,4.8144,Neutrophil,Treat
l1861,-3.7726,2.0082,Neutrophil,Control
l1862,-4.5042,4.2112,Neutrophil,Control
l1863,-5.2823,3.3276,Neutrophil,Treat
l1864,-3.9879,3.3802,Neutrophil,Control
l1865,-4.7751,5.3158,Neutrophil,Control
l1866,-5.7774,4.6429,Neutrophil,Treat
l1867,-3.9257,4.3349,Neutrophil,Control
l1868,-4.1357,2.7212,Neutrophil,Control
l1869,-5.1518,4.8734,Neutrophil,Treat
l1870,-4.8978,4.2786,Neutrophil,Control
l1871,-4.4107,3.8721,Neutrophil,Control
l1872,-4.2011,3.3711,Neutrophil,Treat
l1873,-4.7753,4.982,Neutrophil,Control
l1874,-6.0478,2.7004,Neutrophil,Control
l1875,-3.3894,3.2522,Neutrophil,Treat
l1876,-5.1601,3.1002,Neutrophil,Control
l1877,-4.4402,4.599,Neutrophil,Control
l1878,-4.5747,3.8085,Neutrophil,Treat
l1879,-3.3757,2.6758,Neutrophil,Control
l1880,-3.4034,5.5402,Neutrophil,Control
l1881,-4.7617,4.0653,Neutrophil,Treat
l1882,-4.4428,4.8617,Neutrophil,Control
l1883,-2.6709,2.8132,Neutrophil,Control
l1884,-3.6034,2.6839,Neutrophil,Treat
l1885,-4.281,3.9779,Neutrophil,Control
l1886,-3.8057,2.4406,Neutrophil,Control
l1887,-4.1,3.9853,Neutrophil,Treat
l1888,-5.0064,3.8539,Neutrophil,Control
l1889,-5.2289,3.2125,Neutrophil,Control
l1890,-5.3584,1.5503,Neutrophil,Treat
l1891,-3.9241,4.0602,Neutrophil,Control
l1892,-4.3323,2.9517,Neutrophil,Control
l1893,-4.1815,3.0873,Neutrophil,Treat
l1894,-6.5631,4.446,Neutrophil,Control
l1895,-4.5712,3.5838,Neutrophil,Control
l1896,-2.8768,3.9915,Neutrophil,Treat
l1897,-2.7433,5.4942,Neutrophil,Control
l1898,-5.7852,4.3661,Neutrophil,Control
l1899,-4.6915,3.2671,Neutrophil,Treat
l1900,-4.4893,4.1245,Neutrophil,Control
l1901,-2.9996,4.4427,Neutrophil,Control
l1902,-4.509,3.8438,Neutrophil,Treat
l1903,-4.2734,2.7896,Neutrophil,Control
l1904,-6.7422,2.4357,Neutrophil,Control
l1905,-5.3227,3.8169,Neutrophil,Treat
l1906,-4.8872,3.2045,Neutrophil,Control
l1907,-4.1477,5.4777,Neutrophil,Control
l1908,-4.6922,2.6,Neutrophil,Treat
l1909,-5.1852,3.6441,Neutrophil,Control
l1910,-6.2411,4.4177,Neutrophil,Control
l1911,-6.0859,4.6418,Neutrophil,Treat
l1912,-2.883,3.6149,Neutrophil,Control
l1913,-5.4448,5.3242,Neutrophil,Control
l1914,-3.4684,3.8396,Neutrophil,Treat
l1915,-4.6135,4.3694,Neutrophil,Control
l1916,-4.3792,3.7015,Neutrophil,Control
l1917,-4.3783,4.2935,Neutrophil,Treat
l1918,-5.0453,2.9615,Neutrophil,Control
l1919,-3.4824,4.0763,Neutrophil,Control
l1920,-3.8629,4.316,Neutrophil,Treat
l1921,-3.9439,3.8866,Neutrophil,Control
l1922,-4.5326,3.8452,Neutrophil,Control
l1923,-6.3584,2.4769,Neutrophil,Treat
l1924,-4.643,2.9084,Neutrophil,Control
l1925,-5.7957,4.7682,Neutrophil,Control
l1926,-5.9299,4.6385,Neutrophil,Treat
l1927,-3.7424,2.7842,Neutrophil,Control
l1928,-5.0039,5.8208,Neutrophil,Control
l1929,-5.6101,5.024,Neutrophil,Treat
l1930,-6.0548,3.4237,Neutrophil,Control
l1931,-4.2004,2.7019,Neutrophil,Control
l1932,-3.5809,3.1681,Neutrophil,Treat
l1933,-4.8178,3.8801,Neutrophil,Control
l1934,-3.8714,2.7264,Neutrophil,Control
l1935,-5.592,3.694,Neutrophil,Treat
l1936,-5.2159,2.8582,Neutrophil,Control
l1937,-4.6906,4.3741,Neutrophil,Control
l1938,-2.4155,3.628,Neutrophil,Treat
l1939,-4.2696,3.0738,Neutrophil,Control
l1940,-4.6974,3.3381,Neutrophil,Control
l1941,-5.613,3.7115,Neutrophil,Treat
l1942,-3.0157,3.4193,Neutrophil,Control
l1943,-5.0765,2.5336,Neutrophil,Control
l1944,-2.4351,4.7869,Neutrophil,Treat
l1945,-4.1773,4.3031,Neutrophil,Control
l1946,-3.0594,4.0843,Neutrophil,Control
l1947,-3.2173,4.2257,Neutrophil,Treat
l1948,-5.3934,3.6659,Neutrophil,Control
l1949,-5.177,4.2736,Neutrophil,Control
l1950,-4.705,1.773,Neutrophil,Treat
l1951,-4.5459,5.5789,Neutrophil,Control
l1952,-4.6483,2.7138,Neutrophil,Control
l1953,-4.3455,2.5545,Neutrophil,Treat
l1954,-4.5244,3.7828,Neutrophil,Control
l1955,-4.3297,3.6964,Neutrophil,Control
l1956,-5.6705,3.4973,Neutrophil,Treat
l1957,-4.7848,4.737,Neutrophil,Control
l1958,-5.4682,4.1671,Neutrophil,Control
l1959,-4.7017,4.022,Neutrophil,Treat
l1960,-4.2717,2.3109,Neutrophil,Control
l1961,-5.1348,4.9451,Neutrophil,Control
l1962,-4.4541,2.9208,Neutrophil,Treat
l1963,-4.0759,2.9432,Neutrophil,Control
l1964,-5.0912,3.0421,Neutrophil,Control
l1965,-5.8578,3.3093,Neutrophil,Treat
l1966,-4.2144,3.9558,Neutrophil,Control
l1967,-3.0004,4.8561,Neutrophil,Control
l1968,-5.3314,1.9289,Neutrophil,Treat
l1969,-3.8989,4.6325,Neutrophil,Control
l1970,-4.6032,4.6293,Neutrophil,Control
l1971,-4.785,3.1391,Neutrophil,Treat
l1972,-4.0455,3.5592,Neutrophil,Control
l1973,-4.7002,3.2352,Neutrophil,Control
l1974,-5.2493,4.2486,Neutrophil,Treat
l1975,-4.0346,3.2569,Neutrophil,Control
l1976,-4.5575,4.5313,Neutrophil,Control
l1977,-4.599,3.8258,Neutrophil,Treat
l1978,-5.4304,5.1643,Neutrophil,Control
l1979,-3.6794,5.6401,Neutrophil,Control
l1980,-4.7559,3.0761,Neutrophil,Treat
l1981,-3.97,4.2632,Neutrophil,Control
l1982,-3.7741,4.6528,Neutrophil,Control
l1983,-3.6552,3.327,Neutrophil,Treat
l1984,-3.4595,2.8523,Neutrophil,Control
l1985,-4.5339,4.4245,Neutrophil,Control
l1986,-3.6504,5.1495,Neutrophil,Treat
l1987,-4.2372,2.8184,Neutrophil,Control
l1988,-5.0634,4.3331,Neutrophil,Control
l1989,-4.3354,3.8354,Neutrophil,Treat
l1990,-3.733,3.6684,Neutrophil,Control
l1991,-5.3257,3.418,Neutrophil,Control
l1992,-3.9738,3.699,Neutrophil,Treat
l1993,-3.0291,4.4266,Neutrophil,Control
l1994,-5.3781,3.5867,Neutrophil,Control
l1995,-4.9798,3.0818,Neutrophil,Treat
l1996,-4.4986,3.0723,Neutrophil,Control
l1997,-3.888,3.5476,Neutrophil,Control
l1998,-4.6421,3.4193,Neutrophil,Treat
l1999,-4.5772,3.6817,Neutrophil,Control
l2000,-3.813,4.0665,Neutrophil,Control
l2001,-4.1718,2.8975,Neutrophil,Treat
l2002,-3.8044,4.1706,Neutrophil,Control
l2003,-3.3096,4.0017,Neutrophil,Control
l2004,-4.5886,2.1012,Neutrophil,Treat
l2005,-3.786,3.2783,Neutrophil,Control
l2006,-5.0696,4.1472,Neutrophil,Control
l2007,-4.6597,4.5832,Neutrophil,Treat
l2008,-3.9025,4.6423,Neutrophil,Control
l2009,-3.7722,3.9812,Neutrophil,Control
l2010,-3.1328,3.7559,Neutrophil,Treat
l2011,-3.6525,4.5099,Neutrophil,Control
l2012,-3.9409,1.4979,Neutrophil,Control
l2013,-3.9964,2.8439,Neutrophil,Treat
l2014,-6.323,3.2728,Neutrophil,Control
l2015,-4.4567,4.8215,Neutrophil,Control
l2016,-4.7415,3.4949,Neutrophil,Treat
l2017,-4.1704,2.4496,Neutrophil,Control
l2018,-4.6683,3.3762,Neutrophil,Control
l2019,-3.9027,3.6769,Neutrophil,Treat
l2020,-2.7273,5.3762,Neutrophil,Control
l2021,-4.5978,4.0121,Neutrophil,Control
l2022,-3.4297,4.1079,Neutrophil,Treat
l2023,-3.7719,4.5401,Neutrophil,Control
l2024,-4.223,2.9912,Neutrophil,Control
l2025,-6.1214,3.6343,Neutrophil,Treat
l2026,-3.5649,3.4968,Neutrophil,Control
l2027,-5.2654,3.4975,Neutrophil,Control
l2028,-5.1909,4.0192,Neutrophil,Treat
l2029,-5.2795,3.2988,Neutrophil,Control
l2030,-6.3656,3.8973,Neutrophil,Control
l2031,-3.5082,2.8002,Neutrophil,Treat
l2032,-4.7306,3.5068,Neutrophil,Control
l2033,-4.9954,3.7311,Neutrophil,Control
l2034,-4.0639,3.3198,Neutrophil,Treat
l2035,-3.8373,3.5707,Neutrophil,Control
l2036,-6.3547,2.6795,Neutrophil,Control
l2037,-2.9346,3.9937,Neutrophil,Treat
l2038,-4.1221,3.7279,Neutrophil,Control
l2039,-4.54,4.0556,Neutrophil,Control
l2040,-6.1748,3.9629,Neutrophil,Treat
l2041,-2.914,4.5934,Neutrophil,Control
l2042,-4.6285,4.2811,Neutrophil,Control
l2043,-5.7162,4.6092,Neutrophil,Treat
l2044,-5.6221,3.9549,Neutrophil,Control
l2045,-3.0147,3.7157,Neutrophil,Control
l2046,-3.4343,3.1357,Neutrophil,Treat
l2047,-4.7694,3.2782,Neutrophil,Control
l2048,-4.4789,4.2604,Neutrophil,Control
l2049,-2.967,5.195,Neutrophil,Treat
l2050,-3.7993,3.4063,Neutrophil,Control
l2051,-4.0773,2.242,Neutrophil,Control
l2052,-3.7437,3.0139,Neutrophil,Treat
l2053,-4.9783,4.1733,Neutrophil,Control
l2054,-3.7929,3.5976,Neutrophil,Control
l2055,-4.8364,3.5649,Neutrophil,Treat
l2056,-3.5067,4.5364,Neutrophil,Control
l2057,-4.2369,3.7724,Neutrophil,Control
l2058,-5.5578,4.3595,Neutrophil,Treat
l2059,-4.944,3.3039,Neutrophil,Control
l2060,-4.4472,4.1611,Neutrophil,Control
l2061,-4.1666,4.339,Neutrophil,Treat
l2062,-3.987,6.2272,Neutrophil,Control
l2063,-4.4159,3.8075,Neutrophil,Control
l2064,-5.3367,3.2981,Neutrophil,Treat
l2065,-4.9753,3.4268,Neutrophil,Control
l2066,-4.2369,3.0111,Neutrophil,Control
l2067,-4.8812,3.8304,Neutrophil,Treat
l2068,-4.5806,2.5424,Neutrophil,Control
l2069,-6.3002,3.5133,Neutrophil,Control
l2070,-4.7461,3.5165,Neutrophil,Treat
l2071,-5.139,3.7648,Neutrophil,Control
l2072,-4.2995,3.4299,Neutrophil,Control
l2073,-4.1715,4.4221,Neutrophil,Treat
l2074,-4.6387,2.8724,Neutrophil,Control
l2075,-3.2139,4.7615,Neutrophil,Control
l2076,-4.174,4.0929,Neutrophil,Treat
l2077,-5.3014,3.9575,Neutrophil,Control
l2078,-3.9004,4.0917,Neutrophil,Control
l2079,-3.3091,3.7078,Neutrophil,Treat
l2080,-4.4041,2.8835,Neutrophil,Control
l2081,-5.2697,3.2544,Neutrophil,Control
l2082,-4.4193,4.2731,Neutrophil,Treat
l2083,-4.359,2.8487,Neutrophil,Control
l2084,-3.9074,2.4203,Neutrophil,Control
l2085,-3.2161,3.6928,Neutrophil,Treat
l2086,-3.0544,3.3267,Neutrophil,Control
l2087,-4.4988,2.7387,Neutrophil,Control
l2088,-4.1072,3.8138,Neutrophil,Treat
l2089,-3.9,3.3825,Neutrophil,Control
l2090,-3.8268,2.918,Neutrophil,Control
l2091,-4.4235,3.1021,Neutrophil,Treat
l2092,-4.8705,5.7903,Neutrophil,Control
l2093,-3.6769,3.0379,Neutrophil,Control
l2094,-2.7244,4.6168,Neutrophil,Treat
l2095,-3.9185,3.7093,Neutrophil,Control
l2096,-4.6462,4.6472,Neutrophil,Control
l2097,-4.4456,3.0198,Neutrophil,Treat
l2098,-3.6443,3.3801,Neutrophil,Control
l2099,-4.0784,4.8676,Neutrophil,Control
l2100,-4.1545,3.0129,Neutrophil,Treat
l2101,-4.4289,3.6252,Neutrophil,Control
l2102,-3.5003,3.444,Neutrophil,Control
l2103,-2.671,2.7819,Neutrophil,Treat
l2104,-4.9569,3.5748,Neutrophil,Control
l2105,-3.4383,4.3049,Neutrophil,Control
l2106,-3.9634,2.573,Neutrophil,Treat
l2107,-5.7909,1.9078,Neutrophil,Control
l2108,-5.1589,3.2207,Neutrophil,Control
l2109,-5.8361,3.0056,Neutrophil,Treat
l2110,-4.5691,2.902,Neutrophil,Control
l2111,-4.4621,4.1231,Neutrophil,Control
l2112,-4.423,5.1261,Neutrophil,Treat
l2113,-5.4836,2.3896,Neutrophil,Control
l2114,-5.0493,3.1474,Neutrophil,Control
l2115,-5.2234,4.6559,Neutrophil,Treat
l2116,-4.5973,4.9503,Neutrophil,Control
l2117,-4.9837,4.7347,Neutrophil,Control
l2118,-4.8725,2.6989,Neutrophil,Treat
l2119,-3.9411,3.3896,Neutrophil,Control
l2120,-4.0804,3.3686,Neutrophil,Control
l2121,-4.2116,4.5125,Neutrophil,Treat
l2122,-3.2156,2.9703,Neutrophil,Control
l2123,-5.3009,3.8805,Neutrophil,Control
l2124,-5.219,4.2406,Neutrophil,Treat
l2125,-5.1354,5.2711,Neutrophil,Control
l2126,-5.3477,2.8627,Neutrophil,Control
l2127,-3.0783,4.2292,Neutrophil,Treat
l2128,-4.0029,3.2373,Neutrophil,Control
l2129,-4.1478,3.1968,Neutrophil,Control
l2130,-4.4891,2.5527,Neutrophil,Treat
l2131,-3.8756,5.0655,Neutrophil,Control
l2132,-5.1794,3.6697,Neutrophil,Control
l2133,-4.3594,4.5251,Neutrophil,Treat
l2134,-3.8707,4.1108,Neutrophil,Control
l2135,-7.0083,1.892,Neutrophil,Control
l2136,-4.8197,3.426,Neutrophil,Treat
l2137,-5.0139,3.5176,Neutrophil,Control
l2138,-3.59,3.6299,Neutrophil,Control
l2139,-5.6533,2.5904,Neutrophil,Treat
l2140,-5.1071,3.3535,Neutrophil,Control
l2141,-5.1164,3.1927,Neutrophil,Control
l2142,-5.2853,3.7007,Neutrophil,Treat
l2143,-4.3669,3.0072,Neutrophil,Control
l2144,-5.6324,2.0585,Neutrophil,Control
l2145,-4.4704,4.6307,Neutrophil,Treat
l2146,-2.7141,3.4885,Neutrophil,Control
l2147,-2.8637,4.9055,Neutrophil,Control
l2148,-4.5914,3.3611,Neutrophil,Treat
l2149,-5.2499,3.9572,Neutrophil,Control
l2150,-3.9199,3.3415,Neutrophil,Control
l2151,-3.3893,3.8801,Neutrophil,Treat
l2152,-5.3627,2.6832,Neutrophil,Control
l2153,-4.4183,3.4866,Neutrophil,Control
l2154,-3.5606,4.2146,Neutrophil,Treat
l2155,-4.8232,4.1317,Neutrophil,Control
l2156,-4.3042,3.4518,Neutrophil,Control
l2157,-3.0122,4.0615,Neutrophil,Treat
l2158,-5.2639,4.9286,Neutrophil,Control
l2159,-5.3803,4.719,Neutrophil,Control
l2160,-3.209,1.9352,Neutrophil,Treat
l2161,-4.4409,4.2946,Neutrophil,Control
l2162,-4.9128,4.7642,Neutrophil,Control
l2163,-2.6174,4.156,Neutrophil,Treat
l2164,-5.0597,2.9074,Neutrophil,Control
l2165,-6.5439,4.6826,Neutrophil,Control
l2166,-4.3054,3.2753,Neutrophil,Treat
l2167,-4.6397,4.2194,Neutrophil,Control
l2168,-4.1279,4.1232,Neutrophil,Control
l2169,-4.2455,3.6508,Neutrophil,Treat
l2170,-5.4775,3.2096,Neutrophil,Control
l2171,-5.5249,3.4707,Neutrophil,Control
l2172,-3.367,2.9932,Neutrophil,Treat
l2173,-4.5724,3.8071,Neutrophil,Control
l2174,-3.5718,4.5381,Neutrophil,Control
l2175,-3.9431,4.471,Neutrophil,Treat
l2176,-4.6122,4.3589,Neutrophil,Control
l2177,-5.7382,3.5696,Neutrophil,Control
l2178,-5.4807,3.2698,Neutrophil,Treat
l2179,-3.8387,4.277,Neutrophil,Control
l2180,-3.5787,4.1997,Neutrophil,Control
l2181,-4.5661,3.1431,Neutrophil,Treat
l2182,-3.199,3.3389,Neutrophil,Control
l2183,-6.4511,3.9432,Neutrophil,Control
l2184,-5.1991,3.2683,Neutrophil,Treat
l2185,-2.9364,4.5658,Neutrophil,Control
l2186,-4.6347,4.8424,Neutrophil,Control
l2187,-5.0776,4.2391,Neutrophil,Treat
l2188,-3.5399,4.2258,Neutrophil,Control
l2189,-6.2077,2.4591,Neutrophil,Control
l2190,-3.4814,3.0899,Neutrophil,Treat
l2191,-3.3969,2.6834,Neutrophil,Control
l2192,-5.3243,3.6253,Neutrophil,Control
l2193,-4.3967,5.0936,Neutrophil,Treat
l2194,-5.0705,4.0163,Neutrophil,Control
l2195,-6.2277,3.9011,Neutrophil,Control
l2196,-6.2076,4.4487,Neutrophil,Treat
l2197,-4.1668,5.2111,Neutrophil,Control
l2198,-4.804,4.094,Neutrophil,Control
l2199,-2.9758,4.0754,Neutrophil,Treat
l2200,-4.9954,4.2631,Neutrophil,Control
l2201,-6.0079,4.5759,Neutrophil,Control
l2202,-2.1482,2.4577,Neutrophil,Treat
l2203,-5.8139,4.3426,Neutrophil,Control
l2204,-3.4341,3.221,Neutrophil,Control
l2205,-3.8244,3.3878,Neutrophil,Treat
l2206,-5.1128,5.1387,Neutrophil,Control
l2207,-4.0571,4.2928,Neutrophil,Control
l2208,-2.8685,3.5437,Neutrophil,Treat
l2209,-3.8151,4.1674,Neutrophil,Control
l2210,-4.2846,2.9169,Neutrophil,Control
l2211,-4.3096,2.5495,Neutrophil,Treat
l2212,-4.9463,4.5288,Neutrophil,Control
l2213,-3.467,4.8669,Neutrophil,Control
l2214,-3.8716,3.7634,Neutrophil,Treat
l2215,-5.7349,3.1456,Neutrophil,Control
l2216,-5.7523,2.9685,Neutrophil,Control
l2217,-4.1493,2.5192,Neutrophil,Treat
l2218,-3.2415,4.009,Neutrophil,Control
l2219,-5.8625,4.445,Neutrophil,Control
l2220,-4.8642,4.0125,Neutrophil,Treat
l2221,-3.1297,2.5346,Neutrophil,Control
l2222,-2.7027,3.4599,Neutrophil,Control
l2223,-3.0779,3.1536,Neutrophil,Treat
l2224,-2.8482,4.1856,Neutrophil,Control
l2225,-5.1874,3.1029,Neutrophil,Control
l2226,-5.1072,4.2575,Neutrophil,Treat
l2227,-3.6185,4.018,Neutrophil,Control
l2228,-5.2304,3.5437,Neutrophil,Control
l2229,-5.3878,3.2012,Neutrophil,Treat
l2230,-4.1591,2.3493,Neutrophil,Control
l2231,-5.3177,3.3851,Neutrophil,Control
l2232,-3.0506,2.3032,Neutrophil,Treat
l2233,-4.6888,2.6989,Neutrophil,Control
l2234,-4.2179,3.3396,Neutrophil,Control
l2235,-4.3247,4.7439,Neutrophil,Treat
l2236,-4.3886,3.3754,Neutrophil,Control
l2237,-3.0723,3.2433,Neutrophil,Control
l2238,-4.6047,3.6873,Neutrophil,Treat
l2239,-3.577,5.2384,Neutrophil,Control
l2240,-4.7849,3.2946,Neutrophil,Control
l2241,-3.2306,4.5419,Neutrophil,Treat
l2242,-4.8567,2.8309,Neutrophil,Control
l2243,-3.1779,4.5115,Neutrophil,Control
l2244,-3.182,2.3931,Neutrophil,Treat
l2245,-3.8923,3.1441,Neutrophil,Control
l2246,-2.5032,4.3084,Neutrophil,Control
l2247,-4.5731,2.5977,Neutrophil,Treat
l2248,-3.927,2.9587,Neutrophil,Control
l2249,-3.8393,2.783,Neutrophil,Control
l2250,-4.0256,1.8166,Neutrophil,Treat
l2251,-3.747,3.0811,Neutrophil,Control
l2252,-6.2743,4.6237,Neutrophil,Control
l2253,-4.1851,4.3527,Neutrophil,Treat
l2254,-5.3476,4.9539,Neutrophil,Control
l2255,-4.1737,4.9319,Neutrophil,Control
l2256,-4.9302,5.4187,Neutrophil,Treat
l2257,-2.8808,3.04,Neutrophil,Control
l2258,-3.1909,5.3256,Neutrophil,Control
l2259,-4.6481,2.9392,Neutrophil,Treat
l2260,-5.1076,4.4201,Neutrophil,Control
l2261,-5.6091,3.7117,Neutrophil,Control
l2262,-3.6491,3.3607,Neutrophil,Treat
l2263,-2.4314,4.7352,Neutrophil,Control
l2264,-3.3724,3.9007,Neutrophil,Control
l2265,-4.34,4.2861,Neutrophil,Treat
l2266,-5.5753,4.4866,Neutrophil,Control
l2267,-4.3926,4.39,Neutrophil,Control
l2268,-5.0105,3.6798,Neutrophil,Treat
l2269,-3.8785,3.682,Neutrophil,Control
l2270,-4.3167,3.2238,Neutrophil,Control
l2271,-3.5267,3.6131,Neutrophil,Treat
l2272,-2.3622,3.3382,Neutrophil,Control
l2273,-5.1099,3.5874,Neutrophil,Control
l2274,-5.2873,3.1752,Neutrophil,Treat
l2275,-3.8314,4.5588,Neutrophil,Control
l2276,-4.7322,4.3237,Neutrophil,Control
l2277,-3.3677,4.3556,Neutrophil,Treat
l2278,-3.8396,4.7303,Neutrophil,Control
l2279,-6.0684,4.3281,Neutrophil,Control
l2280,-4.7793,5.0252,Neutrophil,Treat
l2281,-4.2642,2.835,Neutrophil,Control
l2282,-2.8439,2.8263,Neutrophil,Control
l2283,-3.9627,4.322,Neutrophil,Treat
l2284,-5.4165,2.1714,Neutrophil,Control
l2285,-6.2503,3.8658,Neutrophil,Control
l2286,-5.042,4.6016,Neutrophil,Treat
l2287,-4.8698,3.235,Neutrophil,Control
l2288,-3.4169,2.3767,Neutrophil,Control
l2289,-4.0086,4.3775,Neutrophil,Treat
l2290,-4.0501,2.4625,Neutrophil,Control
l2291,-4.5433,3.9525,Neutrophil,Control
l2292,-4.4594,2.6418,Neutrophil,Treat
l2293,-4.5164,4.2417,Neutrophil,Control
l2294,-4.8646,3.5848,Neutrophil,Control
l2295,-4.53,3.2157,Neutrophil,Treat
l2296,-4.1778,3.904,Neutrophil,Control
l2297,-5.8941,3.4704,Neutrophil,Control
l2298,-4.1093,3.6462,Neutrophil,Treat
l2299,-5.1301,3.3628,Neutrophil,Control
l2300,-3.2211,2.4863,Neutrophil,Control
l2301,-6.0618,3.8692,Neutrophil,Treat
l2302,-4.6325,2.3247,Neutrophil,Control
l2303,-2.659,3.1146,Neutrophil,Control
l2304,-4.315,4.2494,Neutrophil,Treat
l2305,-3.6794,4.2122,Neutrophil,Control
l2306,-4.2562,2.0631,Neutrophil,Control
l2307,-5.1855,3.688,Neutrophil,Treat
l2308,-5.2965,2.9472,Neutrophil,Control
l2309,-3.8926,3.7133,Neutrophil,Control
l2310,-3.7832,3.7427,Neutrophil,Treat
l2311,-4.6429,3.7448,Neutrophil,Control
l2312,-4.2079,3.4498,Neutrophil,Control
l2313,-4.676,3.2798,Neutrophil,Treat
l2314,-4.6306,2.7701,Neutrophil,Control
l2315,-4.6741,4.2853,Neutrophil,Control
l2316,-3.2063,3.5912,Neutrophil,Treat
l2317,-4.7286,3.0353,Neutrophil,Control
l2318,-4.3505,3.7639,Neutrophil,Control
l2319,-5.82,4.7499,Neutrophil,Treat
l2320,-3.8394,2.9522,Neutrophil,Control
l2321,-4.8845,4.2548,Neutrophil,Control
l2322,-3.7126,3.5114,Neutrophil,Treat
l2323,-4.9236,6.2188,Neutrophil,Control
l2324,-3.9401,1.8765,Neutrophil,Control
l2325,-4.6496,4.4427,Neutrophil,Treat
l2326,-4.768,4.0225,Neutrophil,Control
l2327,-4.6004,4.4365,Neutrophil,Control
l2328,-4.4596,4.0523,Neutrophil,Treat
l2329,-5.0261,3.65,Neutrophil,Control
l2330,-4.248,4.3285,Neutrophil,Control
l2331,-4.5719,2.7638,Neutrophil,Treat
l2332,-5.0746,3.6333,Neutrophil,Control
l2333,-4.9104,2.5678,Neutrophil,Control
l2334,-4.2757,6.1748,Neutrophil,Treat
l2335,-3.9983,3.5359,Neutrophil,Control
l2336,-3.0415,5.1185,Neutrophil,Control
l2337,-3.3321,3.474,Neutrophil,Treat
l2338,-5.1946,3.6193,Neutrophil,Control
l2339,-5.0165,2.1402,Neutrophil,Control
l2340,-4.7725,4.7532,Neutrophil,Treat
l2341,-5.0289,4.5562,Neutrophil,Control
l2342,-4.4514,3.4275,Neutrophil,Control
l2343,-3.7759,4.4682,Neutrophil,Treat
l2344,-4.2927,3.1443,Neutrophil,Control
l2345,-3.9847,3.983,Neutrophil,Control
l2346,-5.5449,3.4265,Neutrophil,Treat
l2347,-2.9797,3.5835,Neutrophil,Control
l2348,-4.6131,4.9431,Neutrophil,Control
l2349,-6.2569,3.4607,Neutrophil,Treat
l2350,-4.2136,3.2813,Neutrophil,Control
l2351,-3.5976,4.4823,Neutrophil,Control
l2352,-6.6692,4.3509,Neutrophil,Treat
l2353,-5.8403,3.8772,Neutrophil,Control
l2354,-4.2182,3.2694,Neutrophil,Control
l2355,-5.3485,2.9421,Neutrophil,Treat
l2356,-4.3204,2.7694,Neutrophil,Control
l2357,-5.2808,2.0883,Neutrophil,Control
l2358,-4.1493,5.7582,Neutrophil,Treat
l2359,-4.214,4.9648,Neutrophil,Control
l2360,-2.7897,3.6334,Neutrophil,Control
l2361,-3.9083,4.4625,Neutrophil,Treat
l2362,-5.029,2.7951,Neutrophil,Control
l2363,-5.5036,3.2077,Neutrophil,Control
l2364,-3.4679,3.0202,Neutrophil,Treat
l2365,-4.5584,5.3041,Neutrophil,Control
l2366,-4.8036,3.906,Neutrophil,Control
l2367,-4.1301,4.6714,Neutrophil,Treat
l2368,-3.402,5.0965,Neutrophil,Control
l2369,-4.787,3.8541,Neutrophil,Control
l2370,-4.8853,2.335,Neutrophil,Treat
l2371,-5.5711,2.0504,Neutrophil,Control
l2372,-4.2122,3.9255,Neutrophil,Control
l2373,-3.8929,5.1034,Neutrophil,Treat
l2374,-4.5651,2.7757,Neutrophil,Control
l2375,-4.1075,4.3027,Neutrophil,Control
l2376,-4.4688,4.3161,Neutrophil,Treat
l2377,-4.1627,4.8283,Neutrophil,Control
l2378,-3.5576,3.8121,Neutrophil,Control
l2379,-3.8726,6.6614,Neutrophil,Treat
l2380,-4.5956,2.5785,Neutrophil,Control
l2381,-4.9602,5.3292,Neutrophil,Control
l2382,-4.4944,5.0444,Neutrophil,Treat
l2383,-3.1683,3.6611,Neutrophil,Control
l2384,-4.6321,3.8814,Neutrophil,Control
l2385,-5.1532,4.3023,Neutrophil,Treat
l2386,-3.8771,4.1262,Neutrophil,Control
l2387,-4.2248,3.8303,Neutrophil,Control
l2388,-4.1352,3.806,Neutrophil,Treat
l2389,-4.9257,3.9335,Neutrophil,Control
l2390,-4.8795,3.3881,Neutrophil,Control
l2391,-4.124,4.0406,Neutrophil,Treat
l2392,-4.4287,4.0477,Neutrophil,Control
l2393,-3.04,2.9851,Neutrophil,Control
l2394,-5.9416,4.0427,Neutrophil,Treat
l2395,-3.5744,4.5685,Neutrophil,Control
l2396,-5.8713,3.6161,Neutrophil,Control
l2397,-4.4959,3.6084,Neutrophil,Treat
l2398,-5.1703,3.6715,Neutrophil,Control
l2399,-4.3403,3.134,Neutrophil,Control
l2400,-3.3755,4.0236,Neutrophil,Treat
l2401,-4.6065,4.5566,Neutrophil,Control
l2402,-3.1586,3.1788,Neutrophil,Control
l2403,-4.6588,2.4719,Neutrophil,Treat
l2404,-4.6566,4.9303,Neutrophil,Control
l2405,-6.2727,1.9853,Neutrophil,Control
l2406,-4.2933,4.0743,Neutrophil,Treat
l2407,-4.3292,5.1715,Neutrophil,Control
l2408,-3.73,4.015,Neutrophil,Control
l2409,-5.0411,3.4391,Neutrophil,Treat
l2410,-4.3219,4.065,Neutrophil,Control
l2411,-4.6452,3.1933,Neutrophil,Control
l2412,-4.9278,3.7322,Neutrophil,Treat
l2413,-3.954,4.4083,Neutrophil,Control
l2414,-3.8386,3.0869,Neutrophil,Control
l2415,-2.7364,4.1954,Neutrophil,Treat
l2416,-3.2248,3.9738,Neutrophil,Control
l2417,-5.5258,4.5084,Neutrophil,Control
l2418,-6.3218,4.4643,Neutrophil,Treat
l2419,-5.0097,4.2962,Neutrophil,Control
l2420,-4.0112,3.137,Neutrophil,Control
l2421,-5.5855,4.3601,Neutrophil,Treat
l2422,-3.561,4.9265,Neutrophil,Control
l2423,-5.6444,3.6235,Neutrophil,Control
l2424,-3.5227,3.5661,Neutrophil,Treat
l2425,-5.2031,4.3881,Neutrophil,Control
l2426,-4.3792,5.5312,Neutrophil,Control
l2427,-3.1186,5.725,Neutrophil,Treat
l2428,-4.3103,5.6382,Neutrophil,Control
l2429,-4.3439,3.6352,Neutrophil,Control
l2430,-4.627,2.7773,Neutrophil,Treat
l2431,-4.7467,5.125,Neutrophil,Control
l2432,-5.9254,4.3757,Neutrophil,Control
l2433,-4.5049,3.345,Neutrophil,Treat
l2434,-3.0106,3.8436,Neutrophil,Control
l2435,-3.2759,2.7823,Neutrophil,Control
l2436,-4.4679,6.0638,Neutrophil,Treat
l2437,-2.1639,3.5422,Neutrophil,Control
l2438,-5.3315,4.4772,Neutrophil,Control
l2439,-3.6405,4.0167,Neutrophil,Treat
l2440,-4.9454,3.8872,Neutrophil,Control
l2441,-4.2967,4.4278,Neutrophil,Control
l2442,-4.9952,3.6056,Neutrophil,Treat
l2443,-5.749,3.9738,Neutrophil,Control
l2444,-5.1997,3.554,Neutrophil,Control
l2445,-4.5486,4.4256,Neutrophil,Treat
l2446,-4.0482,4.011,Neutrophil,Control
l2447,-5.1379,2.4173,Neutrophil,Control
l2448,-3.243,2.6584,Neutrophil,Treat
l2449,-4.3842,3.8856,Neutrophil,Control
l2450,-4.3302,2.944,Neutrophil,Control
l2451,-4.5715,3.575,Neutrophil,Treat
l2452,-3.7281,4.7333,Neutrophil,Control
l2453,-4.7928,5.3368,Neutrophil,Control
l2454,-4.9945,4.1519,Neutrophil,Treat
l2455,-3.6389,3.5392,Neutrophil,Control
l2456,-5.1913,4.0495,Neutrophil,Control
l2457,-4.7963,4.4047,Neutrophil,Treat
l2458,-3.2599,4.2547,Neutrophil,Control
l2459,-4.1083,3.4714,Neutrophil,Control
l2460,-2.6422,3.8363,Neutrophil,Treat
l2461,-4.4198,4.4344,Neutrophil,Control
l2462,-4.9359,2.8351,Neutrophil,Control
l2463,-3.9026,4.1228,Neutrophil,Treat
l2464,-2.8595,4.0092,Neutrophil,Control
l2465,-4.6149,3.4357,Neutrophil,Control
l2466,-5.4508,4.867,Neutrophil,Treat
l2467,-4.9363,4.6614,Neutrophil,Control
l2468,-4.579,3.8223,Neutrophil,Control
l2469,-5.2373,3.4765,Neutrophil,Treat
l2470,-3.3779,3.794,Neutrophil,Control
l2471,-4.7761,3.1451,Neutrophil,Control
l2472,-4.4605,2.844,Neutrophil,Treat
l2473,-3.447,3.4015,Neutrophil,Control
l2474,-3.6724,5.4433,Neutrophil,Control
l2475,-5.606,4.4957,Neutrophil,Treat
l2476,-4.098,3.3366,Neutrophil,Control
l2477,-5.4953,4.0813,Neutrophil,Control
l2478,-3.6465,3.2901,Neutrophil,Treat
l2479,-3.632,3.5847,Neutrophil,Control
l2480,-5.7765,3.9827,Neutrophil,Control
l2481,-5.5382,5.0074,Neutrophil,Treat
l2482,-5.3188,3.8427,Neutrophil,Control
l2483,-7.2407,3.6841,Neutrophil,Control
l2484,-3.3277,3.1868,Neutrophil,Treat
l2485,-4.0502,2.4102,Neutrophil,Control
l2486,-5.0741,3.4667,Neutrophil,Control
l2487,-4.4501,3.642,Neutrophil,Treat
l2488,-4.9096,3.2756,Neutrophil,Control
l2489,-4.2838,2.7751,Neutrophil,Control
l2490,-4.7842,3.2846,Neutrophil,Treat
l2491,-5.1321,3.8532,Neutrophil,Control
l2492,-4.4394,4.8151,Neutrophil,Control
l2493,-3.2582,3.7417,Neutrophil,Treat
l2494,-5.5065,2.8982,Neutrophil,Control
l2495,-4.4392,3.3956,Neutrophil,Control
l2496,-5.401,4.1902,Neutrophil,Treat
l2497,-5.0731,4.1568,Neutrophil,Control
l2498,-5.0967,4.6617,Neutrophil,Control
l2499,-5.3914,4.9485,Neutrophil,Treat
l2500,-4.3161,2.6613,Neutrophil,Control
l2501,-2.8336,6.1159,B cell,Control
l2502,-5.9271,5.7952,B cell,Treat
l2503,-3.7115,5.4008,B cell,Control
l2504,-3.3636,6.1013,B cell,Control
l2505,-3.4066,4.986,B cell,Treat
l2506,-4.1715,4.9728,B cell,Control
l2507,-3.0929,4.8098,B cell,Control
l2508,-4.0285,5.434,B cell,Treat
l2509,-4.0226,4.9628,B cell,Control
l2510,-5.091,6.5687,B cell,Control
l2511,-4.1514,4.5419,B cell,Treat
l2512,-4.2004,3.4659,B cell,Control
l2513,-5.2236,5.3015,B cell,Control
l2514,-2.7942,4.8053,B cell,Treat
l2515,-3.3666,4.4087,B cell,Control
l2516,-2.3944,6.601,B cell,Control
l2517,-3.2977,5.0038,B cell,Treat
l2518,-4.1863,4.8947,B cell,Control
l2519,-3.5353,5.9234,B cell,Control
l2520,-3.7056,4.8804,B cell,Treat
l2521,-4.3345,5.5351,B cell,Control
l2522,-3.5439,5.6607,B cell,Control
l2523,-5.8739,4.7921,B cell,Treat
l2524,-3.2185,4.828,B cell,Control
l2525,-4.0672,5.4605,B cell,Control
l2526,-4.5347,4.9541,B cell,Treat
l2527,-3.5079,3.6751,B cell,Control
l2528,-4.9326,4.3374,B cell,Control
l2529,-3.3553,4.0699,B cell,Treat
l2530,-3.6363,4.8233,B cell,Control
l2531,-4.5914,5.7968,B cell,Control
l2532,-4.0241,6.1286,B cell,Treat
l2533,-4.7308,4.6384,B cell,Control
l2534,-3.3833,4.23,B cell,Control
l2535,-3.9545,4.4412,B cell,Treat
l2536,-3.2349,4.9392,B cell,Control
l2537,-3.4478,4.2558,B cell,Control
l2538,-3.4822,4.4368,B cell,Treat
l2539,-3.8519,5.7883,B cell,Control
l2540,-3.3626,5.5272,B cell,Control
l2541,-3.9219,5.7916,B cell,Treat
l2542,-4.9434,5.2227,B cell,Control
l2543,-3.3115,4.7094,B cell,Control
l2544,-2.6631,5.789,B cell,Treat
l2545,-4.6227,6.1829,B cell,Control
l2546,-4.1884,3.4493,B cell,Control
l2547,-3.7493,5.8518,B cell,Treat
l2548,-3.3737,5.0954,B cell,Control
l2549,-2.8097,4.5816,B cell,Control
l2550,-4.5133,5.8777,B cell,Treat
l2551,-3.143,4.5389,B cell,Control
l2552,-4.2238,4.3639,B cell,Control
l2553,-4.0716,5.5095,B cell,Treat
l2554,-4.6501,5.7604,B cell,Control
l2555,-4.3684,6.0699,B cell,Control
l2556,-3.6368,4.829,B cell,Treat
l2557,-4.1508,5.7592,B cell,Control
l2558,-4.5294,5.1634,B cell,Control
l2559,-4.9616,7.2831,B cell,Treat
l2560,-4.2786,5.052,B cell,Control
l2561,-2.8647,5.2492,B cell,Control
l2562,-4.7835,4.6675,B cell,Treat
l2563,-4.3384,4.9254,B cell,Control
l2564,-4.8508,4.552,B cell,Control
l2565,-2.7963,5.5729,B cell,Treat
l2566,-3.9709,5.8103,B cell,Control
l2567,-2.9093,6.0284,B cell,Control
l2568,-5.9487,6.4393,B cell,Treat
l2569,-3.8004,5.9534,B cell,Control
l2570,-3.8603,4.6241,B cell,Control
l2571,-4.6173,5.158,B cell,Treat
l2572,-3.7123,4.8906,B cell,Control
l2573,-2.7478,4.5375,B cell,Control
l2574,-3.8209,5.6907,B cell,Treat
l2575,-2.9654,5.4745,B cell,Control
l2576,-3.9,5.0416,B cell,Control
l2577,-3.8256,5.6743,B cell,Treat
l2578,-3.6876,5.0373,B cell,Control
l2579,-4.3639,4.1744,B cell,Control
l2580,-3.8834,5.4527,B cell,Treat
l2581,-4.7758,4.6573,B cell,Control
l2582,-5.2875,4.8001,B cell,Control
l2583,-3.7986,4.1791,B cell,Treat
l2584,-4.1125,4.6939,B cell,Control
l2585,-3.2267,4.8139,B cell,Control
l2586,-2.8013,4.9725,B cell,Treat
l2587,-3.5441,4.6052,B cell,Control
l2588,-2.4594,4.8755,B cell,Control
l2589,-3.1579,4.4142,B cell,Treat
l2590,-4.4784,5.0028,B cell,Control
l2591,-3.5833,4.6741,B cell,Control
l2592,-2.1352,4.5937,B cell,Treat
l2593,-4.4449,5.4276,B cell,Control
l2594,-2.9615,5.2892,B cell,Control
l2595,-4.3373,5.1332,B cell,Treat
l2596,-2.4865,5.0501,B cell,Control
l2597,-3.9326,5.54,B cell,Control
l2598,-3.9892,6.011,B cell,Treat
l2599,-4.2909,5.6368,B cell,Control
l2600,-3.3552,5.0231,B cell,Control
l2601,-4.7242,5.809,B cell,Treat
l2602,-3.4281,5.8154,B cell,Control
l2603,-3.7798,4.581,B cell,Control
l2604,-3.2345,4.8577,B cell,Treat
l2605,-4.0021,5.4597,B cell,Control
l2606,-3.7767,5.405,B cell,Control
l2607,-4.7496,5.1951,B cell,Treat
l2608,-4.0218,5.5842,B cell,Control
l2609,-3.1569,4.9657,B cell,Control
l2610,-3.2477,6.0197,B cell,Treat
l2611,-5.8163,5.0402,B cell,Control
l2612,-3.283,5.0153,B cell,Control
l2613,-2.9685,4.8601,B cell,Treat
l2614,-4.2142,5.848,B cell,Control
l2615,-3.4339,5.9907,B cell,Control
l2616,-3.7859,3.9453,B cell,Treat
l2617,-4.2708,4.2573,B cell,Control
l2618,-2.9694,4.4286,B cell,Control
l2619,-4.0982,5.5104,B cell,Treat
l2620,-4.5499,5.786,B cell,Control
l2621,-3.0726,5.5555,B cell,Control
l2622,-3.8099,4.4952,B cell,Treat
l2623,-4.7673,5.4068,B cell,Control
l2624,-4.9232,5.4005,B cell,Control
l2625,-4.7406,4.4466,B cell,Treat
l2626,-2.7427,4.9322,B cell,Control
l2627,-4.6929,7.4186,B cell,Control
l2628,-2.0137,6.1527,B cell,Treat
l2629,-2.7915,5.3765,B cell,Control
l2630,-3.7784,4.1417,B cell,Control
l2631,-4.9485,6.1497,B cell,Treat
l2632,-3.9487,3.4652,B cell,Control
l2633,-5.0047,5.8578,B cell,Control
l2634,-2.381,5.2782,B cell,Treat
l2635,-4.1409,6.137,B cell,Control
l2636,-3.7505,4.794,B cell,Control
l2637,-2.7987,5.0092,B cell,Treat
l2638,-2.1191,6.0805,B cell,Control
l2639,-4.755,6.7408,B cell,Control
l2640,-2.5682,4.2108,B cell,Treat
l2641,-4.0894,3.9107,B cell,Control
l2642,-2.9909,5.7598,B cell,Control
l2643,-3.6565,4.3968,B cell,Treat
l2644,-2.2392,5.0043,B cell,Control
l2645,-4.2329,4.653,B cell,Control
l2646,-3.6812,5.0768,B cell,Treat
l2647,-4.1511,4.6673,B cell,Control
l2648,-4.5875,5.5246,B cell,Control
l2649,-4.1129,4.2384,B cell,Treat
l2650,-3.4254,5.5525,B cell,Control
l2651,-4.7078,5.0175,B cell,Control
l2652,-3.951,4.5898,B cell,Treat
l2653,-4.76,6.8238,B cell,Control
l2654,-2.9793,4.2795,B cell,Control
l2655,-3.542,4.6618,B cell,Treat
l2656,-4.4458,5.4166,B cell,Control
l2657,-4.7506,4.8677,B cell,Control
l2658,-1.9888,5.4375,B cell,Treat
l2659,-3.5646,5.837,B cell,Control
l2660,-4.8271,4.6061,B cell,Control
l2661,-4.2049,5.5395,B cell,Treat
l2662,-2.6849,5.7172,B cell,Control
l2663,-5.5389,5.3066,B cell,Control
l2664,-3.5748,4.9167,B cell,Treat
l2665,-4.6184,4.996,B cell,Control
l2666,-2.4829,5.6218,B cell,Control
l2667,-3.252,5.0467,B cell,Treat
l2668,-3.0513,5.9538,B cell,Control
l2669,-4.2749,4.9798,B cell,Control
l2670,-3.3086,5.7323,B cell,Treat
l2671,-3.329,5.8834,B cell,Control
l2672,-4.6253,5.5436,B cell,Control
l2673,-5.4262,4.9137,B cell,Treat
l2674,-3.7178,5.4977,B cell,Control
l2675,-4.3126,4.9947,B cell,Control
l2676,-4.4515,4.9058,B cell,Treat
l2677,-4.764,5.9373,B cell,Control
l2678,-0.9835,5.2745,B cell,Control
l2679,-4.36,4.5054,B cell,Treat
l2680,-3.7239,3.7269,B cell,Control
l2681,-4.0004,5.5295,B cell,Control
l2682,-4.8,5.2808,B cell,Treat
l2683,-4.074,7.0024,B cell,Control
l2684,-2.1201,5.3301,B cell,Control
l2685,-6.3129,4.9178,B cell,Treat
l2686,-5.1079,6.0898,B cell,Control
l2687,-4.0574,3.8989,B cell,Control
l2688,-4.5464,5.5361,B cell,Treat
l2689,-4.673,5.289,B cell,Control
l2690,-3.3964,6.568,B cell,Control
l2691,-2.8487,6.0224,B cell,Treat
l2692,-4.205,5.2448,B cell,Control
l2693,-4.7862,4.9431,B cell,Control
l2694,-4.6748,5.167,B cell,Treat
l2695,-3.1304,5.138,B cell,Control
l2696,-3.4254,6.5821,B cell,Control
l2697,-3.0554,5.4364,B cell,Treat
l2698,-4.9915,6.5696,B cell,Control
l2699,-5.336,5.1005,B cell,Control
l2700,-4.2208,6.4901,B cell,Treat
l2701,-3.8193,4.88,B cell,Control
l2702,-3.5287,4.581,B cell,Control
l2703,-4.8215,5.431,B cell,Treat
l2704,-4.6004,5.6717,B cell,Control
l2705,-5.1796,5.8807,B cell,Control
l2706,-3.9563,4.3998,B cell,Treat
l2707,-4.4097,5.2047,B cell,Control
l2708,-3.5398,4.6523,B cell,Control
l2709,-4.6891,5.2335,B cell,Treat
l2710,-3.9923,5.2428,B cell,Control
l2711,-2.2487,5.8708,B cell,Control
l2712,-3.7487,6.3545,B cell,Treat
l2713,-3.4139,5.697,B cell,Control
l2714,-1.2224,5.455,B cell,Control
l2715,-3.7693,4.4088,B cell,Treat
l2716,-3.2216,4.5625,B cell,Control
l2717,-4.0895,6.4043,B cell,Control
l2718,-3.6867,4.5958,B cell,Treat
l2719,-3.1096,4.7928,B cell,Control
l2720,-3.1375,6.5542,B cell,Control
l2721,-2.5061,4.855,B cell,Treat
l2722,-3.8835,5.3178,B cell,Control
l2723,-2.9046,5.2254,B cell,Control
l2724,-3.5338,4.9974,B cell,Treat
l2725,-3.8989,5.8911,B cell,Control
l2726,-4.8359,5.2167,B cell,Control
l2727,-2.7337,5.2887,B cell,Treat
l2728,-2.9855,5.4598,B cell,Control
l2729,-3.3258,5.2663,B cell,Control
l2730,-3.6797,5.4252,B cell,Treat
l2731,-3.2965,4.5222,B cell,Control
l2732,-3.0074,5.3631,B cell,Control
l2733,-4.0058,5.0361,B cell,Treat
l2734,-3.4505,5.585,B cell,Control
l2735,-4.141,4.8972,B cell,Control
l2736,-3.1186,5.0381,B cell,Treat
l2737,-3.0734,5.702,B cell,Control
l2738,-4.9063,4.1136,B cell,Control
l2739,-2.58,5.0827,B cell,Treat
l2740,-3.4002,5.303,B cell,Control
l2741,-3.8875,4.7518,B cell,Control
l2742,-4.3197,5.3509,B cell,Treat
l2743,-3.2042,3.7507,B cell,Control
l2744,-4.9176,4.12,B cell,Control
l2745,-4.387,5.4074,B cell,Treat
l2746,-1.969,5.1992,B cell,Control
l2747,-4.6277,4.9341,B cell,Control
l2748,-4.3193,3.9525,B cell,Treat
l2749,-2.5516,5.8552,B cell,Control
l2750,-3.2437,5.546,B cell,Control
l2751,-3.8965,3.9582,B cell,Treat
l2752,-3.1067,5.5041,B cell,Control
l2753,-3.372,5.1078,B cell,Control
l2754,-4.9992,5.3173,B cell,Treat
l2755,-3.4289,6.6195,B cell,Control
l2756,-2.7715,4.6696,B cell,Control
l2757,-4.4903,5.4099,B cell,Treat
l2758,-3.7053,6.0354,B cell,Control
l2759,-1.8086,3.5636,B cell,Control
l2760,-3.4875,5.8108,B cell,Treat
l2761,-4.0632,4.9519,B cell,Control
l2762,-2.3638,5.7965,B cell,Control
l2763,-3.8234,5.0466,B cell,Treat
l2764,-2.6379,5.8719,B cell,Control
l2765,-2.3671,5.3869,B cell,Control
l2766,-3.9697,5.8923,B cell,Treat
l2767,-5.5072,5.9866,B cell,Control
l2768,-2.172,4.1459,B cell,Control
l2769,-4.2854,4.7634,B cell,Treat
l2770,-4.0164,6.1263,B cell,Control
l2771,-3.3942,4.1974,B cell,Control
l2772,-4.5849,5.5324,B cell,Treat
l2773,-3.9013,6.4644,B cell,Control
l2774,-5.8512,5.158,B cell,Control
l2775,-4.8476,5.7095,B cell,Treat
l2776,-4.2285,3.7717,B cell,Control
l2777,-3.5756,4.5208,B cell,Control
l2778,-3.6549,5.3886,B cell,Treat
l2779,-5.0558,4.5959,B cell,Control
l2780,-3.3417,5.6424,B cell,Control
l2781,-3.0833,5.365,B cell,Treat
l2782,-2.6705,4.911,B cell,Control
l2783,-3.9518,4.9011,B cell,Control
l2784,-3.9112,4.9664,B cell,Treat
l2785,-5.2158,5.741,B cell,Control
l2786,-4.2106,5.4818,B cell,Control
l2787,-3.7968,6.4464,B cell,Treat
l2788,-4.1905,4.5342,B cell,Control
l2789,-3.733,5.2053,B cell,Control
l2790,-4.0591,5.7471,B cell,Treat
l2791,-4.5598,5.6299,B cell,Control
l2792,-3.5687,4.7966,B cell,Control
l2793,-4.0672,4.3062,B cell,Treat
l2794,-4.4986,4.3593,B cell,Control
l2795,-4.2521,6.5377,B cell,Control
l2796,-4.9776,5.3474,B cell,Treat
l2797,-3.8484,4.1719,B cell,Control
l2798,-1.8713,6.635,B cell,Control
l2799,-4.066,4.6294,B cell,Treat
l2800,-3.8868,5.8543,B cell,Control
l2801,-4.2331,5.0379,B cell,Control
l2802,-3.6765,5.7897,B cell,Treat
l2803,-3.5024,4.8691,B cell,Control
l2804,-4.8103,5.2366,B cell,Control
l2805,-3.2261,6.6981,B cell,Treat
l2806,-5.3349,5.738,B cell,Control
l2807,-3.0539,5.36,B cell,Control
l2808,-4.01,4.4859,B cell,Treat
l2809,-3.4084,4.9144,B cell,Control
l2810,-4.1466,6.2869,B cell,Control
l2811,-4.1853,4.4469,B cell,Treat
l2812,-3.1192,5.0029,B cell,Control
l2813,-2.8553,5.0299,B cell,Control
l2814,-4.4159,4.5106,B cell,Treat
l2815,-3.0839,4.9941,B cell,Control
l2816,-4.1051,5.5094,B cell,Control
l2817,-1.8514,5.7926,B cell,Treat
l2818,-3.7264,4.1485,B cell,Control
l2819,-2.9488,5.7359,B cell,Control
l2820,-4.4651,3.4582,B cell,Treat
l2821,-5.3662,5.7849,B cell,Control
l2822,-3.413,4.4345,B cell,Control
l2823,-3.6124,5.3698,B cell,Treat
l2824,-3.2021,4.9579,B cell,Control
l2825,-3.1342,5.2155,B cell,Control
l2826,-4.7742,4.7507,B cell,Treat
l2827,-4.4884,5.2684,B cell,Control
l2828,-5.4837,5.5336,B cell,Control
l2829,-4.3845,5.4872,B cell,Treat
l2830,-3.695,3.7615,B cell,Control
l2831,-4.6412,6.7569,B cell,Control
l2832,-3.44,6.3975,B cell,Treat
l2833,-3.6154,5.8836,B cell,Control
l2834,-3.9975,5.2304,B cell,Control
l2835,-2.5713,4.9586,B cell,Treat
l2836,-2.5061,5.6835,B cell,Control
l2837,-2.9382,5.5841,B cell,Control
l2838,-3.0343,4.9015,B cell,Treat
l2839,-4.3669,5.0496,B cell,Control
l2840,-2.621,4.8928,B cell,Control
l2841,-2.4625,4.333,B cell,Treat
l2842,-5.003,4.6669,B cell,Control
l2843,-3.4692,5.5955,B cell,Control
l2844,-3.9746,4.5065,B cell,Treat
l2845,-3.8925,4.4024,B cell,Control
l2846,-3.8624,4.8145,B cell,Control
l2847,-3.5478,5.731,B cell,Treat
l2848,-2.9472,6.0306,B cell,Control
l2849,-3.3957,4.6483,B cell,Control
l2850,-4.093,4.7472,B cell,Treat
l2851,-3.324,6.0963,B cell,Control
l2852,-3.8299,6.2055,B cell,Control
l2853,-4.6419,5.8331,B cell,Treat
l2854,-4.1701,5.4793,B cell,Control
l2855,-5.1412,5.2956,B cell,Control
l2856,-4.3049,4.9943,B cell,Treat
l2857,-4.3481,5.2491,B cell,Control
l2858,-4.7092,4.3922,B cell,Control
l2859,-3.8544,5.6784,B cell,Treat
l2860,-3.7615,5.5597,B cell,Control
l2861,-3.2019,5.0754,B cell,Control
l2862,-2.9853,4.7038,B cell,Treat
l2863,-4.1242,6.4055,B cell,Control
l2864,-5.377,4.8326,B cell,Control
l2865,-3.2658,4.4393,B cell,Treat
l2866,-3.5285,4.5833,B cell,Control
l2867,-4.0522,6.1288,B cell,Control
l2868,-2.9941,5.1999,B cell,Treat
l2869,-3.3735,3.91,B cell,Control
l2870,-4.194,4.4324,B cell,Control
l2871,-3.6131,5.7289,B cell,Treat
l2872,-3.1742,6.9681,B cell,Control
l2873,-2.2573,4.2993,B cell,Control
l2874,-3.7534,6.6651,B cell,Treat
l2875,-3.9693,4.3307,B cell,Control
l2876,-4.8239,5.9924,B cell,Control
l2877,-3.5568,4.5101,B cell,Treat
l2878,-3.9978,4.8267,B cell,Control
l2879,-2.3315,4.536,B cell,Control
l2880,-3.6489,5.3197,B cell,Treat
l2881,-3.6025,6.0307,B cell,Control
l2882,-4.6073,5.0417,B cell,Control
l2883,-4.5631,6.1798,B cell,Treat
l2884,-2.078,5.9739,B cell,Control
l2885,-3.5151,4.776,B cell,Control
l2886,-5.2814,5.5905,B cell,Treat
l2887,-4.5375,5.7358,B cell,Control
l2888,-2.9102,6.1011,B cell,Control
l2889,-2.3777,5.0575,B cell,Treat
l2890,-3.4879,3.4048,B cell,Control
l2891,-3.8498,4.5888,B cell,Control
l2892,-3.3892,7.8,B cell,Treat
l2893,-3.8611,4.8654,B cell,Control
l2894,-2.7876,5.8997,B cell,Control
l2895,-3.8249,5.3382,B cell,Treat
l2896,-3.613,5.2144,B cell,Control
l2897,-2.7858,5.4474,B cell,Control
l2898,-3.4536,4.2732,B cell,Treat
l2899,-3.4439,5.8055,B cell,Control
l2900,-4.0994,5.3651,B cell,Control
l2901,-1.6996,4.5249,B cell,Treat
l2902,-3.8562,4.9847,B cell,Control
l2903,-2.1351,4.962,B cell,Control
l2904,-2.1047,6.4978,B cell,Treat
l2905,-4.0954,5.4825,B cell,Control
l2906,-3.5978,5.7295,B cell,Control
l2907,-3.0717,5.4614,B cell,Treat
l2908,-3.1865,5.8901,B cell,Control
l2909,-4.0076,5.4437,B cell,Control
l2910,-4.0629,5.7732,B cell,Treat
l2911,-3.3799,4.6491,B cell,Control
l2912,-4.3298,5.5075,B cell,Control
l2913,-3.9726,4.9344,B cell,Treat
l2914,-3.7762,5.482,B cell,Control
l2915,-4.8313,4.3075,B cell,Control
l2916,-3.1682,4.7941,B cell,Treat
l2917,-2.6163,5.9357,B cell,Control
l2918,-3.9321,5.4011,B cell,Control
l2919,-5.2275,5.2192,B cell,Treat
l2920,-2.3258,4.5248,B cell,Control
l2921,-3.5441,5.5102,B cell,Control
l2922,-3.5442,5.0369,B cell,Treat
l2923,-3.6859,5.6601,B cell,Control
l2924,-3.3623,3.9825,B cell,Control
l2925,-4.3449,4.5947,B cell,Treat
l2926,-1.7186,4.4449,B cell,Control
l2927,-3.2952,6.9237,B cell,Control
l2928,-3.2448,5.2293,B cell,Treat
l2929,-3.6233,6.1519,B cell,Control
l2930,-4.7015,4.7157,B cell,Control
l2931,-3.9837,5.114,B cell,Treat
l2932,-4.9222,4.3185,B cell,Control
l2933,-4.5993,4.2965,B cell,Control
l2934,-4.0237,4.6196,B cell,Treat
l2935,-4.6741,5.1999,B cell,Control
l2936,-4.2457,5.5221,B cell,Control
l2937,-1.9754,4.6213,B cell,Treat
l2938,-4.4989,3.8461,B cell,Control
l2939,-3.8454,5.5559,B cell,Control
l2940,-4.9762,5.9894,B cell,Treat
l2941,-4.0151,3.8188,B cell,Control
l2942,-3.0323,5.8978,B cell,Control
l2943,-3.298,6.6234,B cell,Treat
l2944,-4.6085,5.8848,B cell,Control
l2945,-3.2516,5.5769,B cell,Control
l2946,-3.1702,5.05,B cell,Treat
l2947,-5.1297,5.7874,B cell,Control
l2948,-4.0063,4.3935,B cell,Control
l2949,-3.8833,6.88,B cell,Treat
l2950,-2.2547,5.3313,B cell,Control
l2951,-4.6231,5.7381,B cell,Control
l2952,-4.6583,5.1422,B cell,Treat
l2953,-4.32,3.749,B cell,Control
l2954,-3.3128,7.087,B cell,Control
l2955,-3.0289,5.7483,B cell,Treat
l2956,-3.9283,4.403,B cell,Control
l2957,-4.3829,4.0326,B cell,Control
l2958,-3.6128,4.6924,B cell,Treat
l2959,-3.5253,5.0479,B cell,Control
l2960,-3.1448,4.207,B cell,Control
l2961,-2.9743,4.2988,B cell,Treat
l2962,-3.7551,5.4002,B cell,Control
l2963,-4.2953,4.6604,B cell,Control
l2964,-3.2992,4.6333,B cell,Treat
l2965,-2.6127,3.635,B cell,Control
l2966,-3.5972,5.8274,B cell,Control
l2967,-3.1114,5.2533,B cell,Treat
l2968,-3.9471,5.0074,B cell,Control
l2969,-5.4822,5.7018,B cell,Control
l2970,-4.3909,6.3323,B cell,Treat
l2971,-2.9541,4.7636,B cell,Control
l2972,-3.9472,4.7499,B cell,Control
l2973,-3.7324,3.9135,B cell,Treat
l2974,-3.2835,5.2915,B cell,Control
l2975,-4.0047,5.5462,B cell,Control
l2976,-3.8358,5.2845,B cell,Treat
l2977,-3.016,5.2543,B cell,Control
l2978,-2.2878,6.0218,B cell,Control
l2979,-3.1091,4.9837,B cell,Treat
l2980,-3.8855,5.6369,B cell,Control
l2981,-4.6045,4.2671,B cell,Control
l2982,-4.4066,4.9149,B cell,Treat
l2983,-4.0682,4.8486,B cell,Control
l2984,-4.0141,5.1418,B cell,Control
l2985,-5.168,4.5744,B cell,Treat
l2986,-2.9192,5.2932,B cell,Control
l2987,-4.5455,5.4541,B cell,Control
l2988,-2.8798,5.0748,B cell,Treat
l2989,-3.0764,5.4283,B cell,Control
l2990,-5.0531,4.779,B cell,Control
l2991,-2.8282,6.0387,B cell,Treat
l2992,-5.233,5.2908,B cell,Control
l2993,-3.2722,6.9197,B cell,Control
l2994,-3.454,5.7286,B cell,Treat
l2995,-4.434,4.0064,B cell,Control
l2996,-3.4421,4.0074,B cell,Control
l2997,-5.361,4.1206,B cell,Treat
l2998,-3.5598,5.2464,B cell,Control
l2999,-4.5213,4.7306,B cell,Control
l3000,-4.6566,3.9453,B cell,Treat
l3001,-4.3741,5.1694,B cell,Control
l3002,-3.1483,4.9975,B cell,Control
l3003,-3.804,5.1935,B cell,Treat
l3004,-3.3587,4.5376,B cell,Control
l3005,-3.537,4.7237,B cell,Control
l3006,-2.8832,4.6613,B cell,Treat
l3007,-3.6048,5.4354,B cell,Control
l3008,-4.4819,5.8051,B cell,Control
l3009,-3.2712,6.2198,B cell,Treat
l3010,-2.7898,5.8581,B cell,Control
l3011,-3.2042,5.2787,B cell,Control
l3012,-3.0396,4.0567,B cell,Treat
l3013,-4.4769,3.9482,B cell,Control
l3014,-3.5992,4.5913,B cell,Control
l3015,-3.927,5.0536,B cell,Treat
l3016,-5.3405,4.8131,B cell,Control
l3017,-4.7023,4.5264,B cell,Control
l3018,-5.2356,5.5968,B cell,Treat
l3019,-3.6124,4.7069,B cell,Control
l3020,-3.4498,5.4699,B cell,Control
l3021,-4.0499,4.9044,B cell,Treat
l3022,-4.2876,6.0338,B cell,Control
l3023,-4.2512,6.8034,B cell,Control
l3024,-3.6253,4.8086,B cell,Treat
l3025,-3.097,5.7086,B cell,Control
l3026,-3.5617,5.0114,B cell,Control
l3027,-3.9146,6.146,B cell,Treat
l3028,-4.0588,5.5237,B cell,Control
l3029,-2.9436,4.8809,B cell,Control
l3030,-3.4499,6.2662,B cell,Treat
l3031,-3.6738,6.8375,B cell,Control
l3032,-3.4774,5.6198,B cell,Control
l3033,-3.9806,3.664,B cell,Treat
l3034,-4.3416,4.7161,B cell,Control
l3035,-5.5477,5.7124,B cell,Control
l3036,-4.5429,6.7466,B cell,Treat
l3037,-4.6264,5.9283,B cell,Control
l3038,-3.4288,5.0449,B cell,Control
l3039,-3.6179,5.0426,B cell,Treat
l3040,-5.0395,4.7551,B cell,Control
l3041,-3.9261,6.0262,B cell,Control
l3042,-3.2804,5.994,B cell,Treat
l3043,-4.3044,4.8393,B cell,Control
l3044,-3.4339,5.5861,B cell,Control
l3045,-5.1281,5.1527,B cell,Treat
l3046,-4.684,5.0902,B cell,Control
l3047,-5.3107,5.7116,B cell,Control
l3048,-3.2228,5.3849,B cell,Treat
l3049,-3.6626,5.8214,B cell,Control
l3050,-3.1921,4.0575,B cell,Control
l3051,-4.4488,4.0253,B cell,Treat
l3052,-3.7895,4.8024,B cell,Control
l3053,-2.2228,5.5034,B cell,Control
l3054,-2.5342,5.5664,B cell,Treat
l3055,-3.8786,4.4148,B cell,Control
l3056,-2.7214,4.9666,B cell,Control
l3057,-4.5127,6.3829,B cell,Treat
l3058,-3.806,5.0495,B cell,Control
l3059,-3.4235,4.5547,B cell,Control
l3060,-3.5462,5.5761,B cell,Treat
l3061,-3.5881,5.9611,B cell,Control
l3062,-3.189,5.162,B cell,Control
l3063,-4.8943,4.8914,B cell,Treat
l3064,-5.3749,5.5678,B cell,Control
l3065,-4.9615,5.4635,B cell,Control
l3066,-2.746,3.546,B cell,Treat
l3067,-4.2772,5.4393,B cell,Control
l3068,-4.1062,4.2673,B cell,Control
l3069,-4.3242,5.6721,B cell,Treat
l3070,-2.92,4.7062,B cell,Control
l3071,-4.9921,4.7927,B cell,Control
l3072,-3.8251,3.3528,B cell,Treat
l3073,-2.6597,5.2702,B cell,Control
l3074,-3.5006,3.994,B cell,Control
l3075,-4.5357,5.066,B cell,Treat
l3076,-3.4719,4.2389,B cell,Control
l3077,-4.2701,5.5161,B cell,Control
l3078,-4.0641,4.7968,B cell,Treat
l3079,-3.4081,5.5881,B cell,Control
l3080,-5.011,4.7485,B cell,Control
l3081,-3.7332,6.134,B cell,Treat
l3082,-5.1436,5.4837,B cell,Control
l3083,-4.142,4.4507,B cell,Control
l3084,-3.2131,3.4268,B cell,Treat
l3085,-3.8619,5.5777,B cell,Control
l3086,-3.5341,5.0694,B cell,Control
l3087,-4.8672,5.3128,B cell,Treat
l3088,-3.7082,5.4271,B cell,Control
l3089,-3.8756,4.8126,B cell,Control
l3090,-3.9287,4.7382,B cell,Treat
l3091,-3.715,5.3692,B cell,Control
l3092,-4.8569,6.024,B cell,Control
l3093,-5.4592,5.0174,B cell,Treat
l3094,-3.9244,3.3655,B cell,Control
l3095,-4.0049,4.9673,B cell,Control
l3096,-4.852,5.6898,B cell,Treat
l3097,-3.9669,4.7526,B cell,Control
l3098,-4.1194,5.2177,B cell,Control
l3099,-4.0646,4.4034,B cell,Treat
l3100,-4.018,4.4644,B cell,Control
l3101,-3.4586,6.7836,B cell,Control
l3102,-4.882,5.7822,B cell,Treat
l3103,-2.7351,6.093,B cell,Control
l3104,-3.2937,4.9497,B cell,Control
l3105,-2.9265,5.5715,B cell,Treat
l3106,-3.0369,6.2768,B cell,Control
l3107,-3.3929,4.5029,B cell,Control
l3108,-3.8522,4.6086,B cell,Treat
l3109,-3.3918,6.3092,B cell,Control
l3110,-5.3525,4.8459,B cell,Control
l3111,-3.2828,4.7685,B cell,Treat
l3112,-4.0517,5.1792,B cell,Control
l3113,-5.6091,5.4885,B cell,Control
l3114,-4.6806,5.2232,B cell,Treat
l3115,-4.4491,5.0005,B cell,Control
l3116,-3.5216,3.7823,B cell,Control
l3117,-5.1304,4.0908,B cell,Treat
l3118,-3.4227,5.5591,B cell,Control
l3119,-3.564,5.4746,B cell,Control
l3120,-2.627,5.2223,B cell,Treat
l3121,-3.1456,4.6545,B cell,Control
l3122,-4.4808,5.5913,B cell,Control
l3123,-3.312,3.7743,B cell,Treat
l3124,-3.2766,5.1554,B cell,Control
l3125,-5.1122,6.291,B cell,Control
l3126,-3.6519,4.5975,B cell,Treat
l3127,-4.2663,5.6881,B cell,Control
l3128,-4.9424,4.6297,B cell,Control
l3129,-3.4458,5.3505,B cell,Treat
l3130,-3.3579,4.8442,B cell,Control
l3131,-3.6642,5.4548,B cell,Control
l3132,-3.5659,5.9634,B cell,Treat
l3133,-1.7196,4.3913,B cell,Control
l3134,-4.7657,5.9544,B cell,Control
l3135,-2.8499,6.2444,B cell,Treat
l3136,-3.4596,4.6064,B cell,Control
l3137,-3.3711,5.7119,B cell,Control
l3138,-3.7832,5.9209,B cell,Treat
l3139,-4.171,4.7099,B cell,Control
l3140,-4.0989,4.0039,B cell,Control
l3141,-4.9606,3.5788,B cell,Treat
l3142,-3.7593,5.0581,B cell,Control
l3143,-4.6528,4.877,B cell,Control
l3144,-2.9671,6.3563,B cell,Treat
l3145,-3.1299,4.9711,B cell,Control
l3146,-4.328,4.1276,B cell,Control
l3147,-2.2875,5.9437,B cell,Treat
l3148,-3.5061,5.5904,B cell,Control
l3149,-3.6885,5.124,B cell,Control
l3150,-2.6378,5.6445,B cell,Treat
l3151,-0.1274,4.1501,NK cell,Control
l3152,-0.7738,5.0839,NK cell,Control
l3153,-1.1396,4.194,NK cell,Treat
l3154,-0.3547,4.1879,NK cell,Control
l3155,-0.5833,6.0285,NK cell,Control
l3156,-1.3393,4.0684,NK cell,Treat
l3157,-0.4855,5.219,NK cell,Control
l3158,-0.3035,4.8686,NK cell,Control
l3159,-2.2812,4.9674,NK cell,Treat
l3160,-0.7992,4.5444,NK cell,Control
l3161,-1.2551,5.2335,NK cell,Control
l3162,0.6847,5.0281,NK cell,Treat
l3163,-0.1961,4.0923,NK cell,Control
l3164,-0.5345,4.0219,NK cell,Control
l3165,-0.5018,5.2954,NK cell,Treat
l3166,0.1871,5.0539,NK cell,Control
l3167,-0.2565,4.8713,NK cell,Control
l3168,0.1558,6.8215,NK cell,Treat
l3169,-1.1039,3.5531,NK cell,Control
l3170,-0.3824,5.0786,NK cell,Control
l3171,-0.242,4.3465,NK cell,Treat
l3172,-0.0056,4.7049,NK cell,Control
l3173,-0.1086,5.8237,NK cell,Control
l3174,-1.2177,5.3649,NK cell,Treat
l3175,-0.5538,4.375,NK cell,Control
l3176,-0.1661,5.4002,NK cell,Control
l3177,-0.5603,5.5498,NK cell,Treat
l3178,-1.3023,5.9645,NK cell,Control
l3179,-0.0235,4.4025,NK cell,Control
l3180,-1.3258,5.4471,NK cell,Treat
l3181,-1.7833,5.5095,NK cell,Control
l3182,-0.1017,4.982,NK cell,Control
l3183,-1.0618,4.4187,NK cell,Treat
l3184,-0.3414,6.6115,NK cell,Control
l3185,-0.3054,4.3597,NK cell,Control
l3186,0.0121,4.9017,NK cell,Treat
l3187,-0.8497,3.9996,NK cell,Control
l3188,-0.6072,4.7493,NK cell,Control
l3189,-0.345,5.9968,NK cell,Treat
l3190,0.1119,5.6639,NK cell,Control
l3191,0.0688,4.2814,NK cell,Control
l3192,0.2244,2.7511,NK cell,Treat
l3193,-0.6122,5.2015,NK cell,Control
l3194,-0.9454,5.9119,NK cell,Control
l3195,0.4562,5.6531,NK cell,Treat
l3196,-0.8911,4.3007,NK cell,Control
l3197,-1.7413,4.7168,NK cell,Control
l3198,-0.3567,4.0155,NK cell,Treat
l3199,-1.5458,3.8335,NK cell,Control
l3200,-1.1955,5.3544,NK cell,Control
l3201,0.8699,5.9207,NK cell,Treat
l3202,-0.942,4.7318,NK cell,Control
l3203,-0.2167,5.6541,NK cell,Control
l3204,-1.2987,5.3053,NK cell,Treat
l3205,-0.0397,5.2162,NK cell,Control
l3206,0.4231,4.9903,NK cell,Control
l3207,-1.7908,4.448,NK cell,Treat
l3208,-1.0534,4.3347,NK cell,Control
l3209,-0.5357,4.4603,NK cell,Control
l3210,-1.0987,5.3671,NK cell,Treat
l3211,-0.6518,5.0312,NK cell,Control
l3212,-0.7667,5.8306,NK cell,Control
l3213,-0.4103,5.0588,NK cell,Treat
l3214,0.4234,4.7434,NK cell,Control
l3215,-1.1084,4.3514,NK cell,Control
l3216,-1.6895,5.657,NK cell,Treat
l3217,0.3023,4.5924,NK cell,Control
l3218,-1.0118,4.9702,NK cell,Control
l3219,-0.0825,4.6639,NK cell,Treat
l3220,-0.2327,6.0992,NK cell,Control
l3221,-0.0658,4.9889,NK cell,Control
l3222,-0.0632,4.0213,NK cell,Treat
l3223,0.194,5.0039,NK cell,Control
l3224,-0.1684,5.7829,NK cell,Control
l3225,-1.05,4.8242,NK cell,Treat
l3226,-0.7911,4.4948,NK cell,Control
l3227,-0.3792,4.6518,NK cell,Control
l3228,-0.0422,4.9465,NK cell,Treat
l3229,-0.7458,4.5218,NK cell,Control
l3230,-0.4474,3.7867,NK cell,Control
l3231,-0.1606,6.0293,NK cell,Treat
l3232,-0.4176,5.0724,NK cell,Control
l3233,-0.534,4.3732,NK cell,Control
l3234,-0.267,5.3673,NK cell,Treat
l3235,-1.7025,3.8785,NK cell,Control
l3236,-1.1615,4.9547,NK cell,Control
l3237,-1.1066,4.4284,NK cell,Treat
l3238,-0.5613,5.4837,NK cell,Control
l3239,-0.581,5.4297,NK cell,Control
l3240,-1.0068,4.5922,NK cell,Treat
l3241,-0.7462,4.5152,NK cell,Control
l3242,0.6245,4.3511,NK cell,Control
l3243,-1.1756,4.7026,NK cell,Treat
l3244,-0.4716,4.7612,NK cell,Control
l3245,-0.5461,4.3336,NK cell,Control
l3246,-0.9418,4.0636,NK cell,Treat
l3247,-1.2263,4.4313,NK cell,Control
l3248,-0.0297,5.7618,NK cell,Control
l3249,0.1617,4.8488,NK cell,Treat
l3250,-0.0117,5.5679,NK cell,Control
l3251,-0.8133,5.3434,NK cell,Control
l3252,-0.0193,4.4593,NK cell,Treat
l3253,-1.1959,4.5291,NK cell,Control
l3254,0.5252,5.7455,NK cell,Control
l3255,-1.0191,4.5808,NK cell,Treat
l3256,-1.2438,4.3413,NK cell,Control
l3257,0.0595,5.4706,NK cell,Control
l3258,-1.122,4.5732,NK cell,Treat
l3259,0.5547,4.3714,NK cell,Control
l3260,-0.6492,4.5398,NK cell,Control
l3261,-0.4585,3.6726,NK cell,Treat
l3262,0.8359,5.0769,NK cell,Control
l3263,-0.6921,5.3792,NK cell,Control
l3264,-1.3152,4.4525,NK cell,Treat
l3265,-0.8678,4.0091,NK cell,Control
l3266,-0.6612,4.7536,NK cell,Control
l3267,-0.1948,5.6648,NK cell,Treat
l3268,-0.7927,5.0054,NK cell,Control
l3269,0.0899,4.6614,NK cell,Control
l3270,0.0414,4.943,NK cell,Treat
l3271,-1.1741,5.1046,NK cell,Control
l3272,-0.3374,4.5189,NK cell,Control
l3273,-2.0297,4.3781,NK cell,Treat
l3274,-0.519,5.6293,NK cell,Control
l3275,0.2573,3.665,NK cell,Control
l3276,-1.4249,5.0292,NK cell,Treat
l3277,-1.0502,5.8694,NK cell,Control
l3278,-1.9268,4.3497,NK cell,Control
l3279,-1.4184,3.3948,NK cell,Treat
l3280,-0.8749,6.0289,NK cell,Control
l3281,-0.12,5.4155,NK cell,Control
l3282,0.0272,3.8096,NK cell,Treat
l3283,0.4928,4.7443,NK cell,Control
l3284,0.4599,5.4144,NK cell,Control
l3285,0.5418,5.7016,NK cell,Treat
l3286,-0.7082,5.0015,NK cell,Control
l3287,-1.113,4.9198,NK cell,Control
l3288,0.9199,5.2036,NK cell,Treat
l3289,0.0845,5.1188,NK cell,Control
l3290,-0.5529,4.6667,NK cell,Control
l3291,-1.0144,6.6252,NK cell,Treat
l3292,-1.1648,5.3195,NK cell,Control
l3293,-1.8503,6.0749,NK cell,Control
l3294,-0.6413,4.235,NK cell,Treat
l3295,-0.9592,5.5158,NK cell,Control
l3296,0.1794,5.3586,NK cell,Control
l3297,-0.5524,4.3266,NK cell,Treat
l3298,-1.0767,4.8963,NK cell,Control
l3299,-1.0036,3.9863,NK cell,Control
l3300,-0.7025,5.7571,NK cell,Treat
l3301,-0.4645,5.0326,NK cell,Control
l3302,-0.366,5.2675,NK cell,Control
l3303,0.0225,4.8991,NK cell,Treat
l3304,-0.0272,4.9437,NK cell,Control
l3305,-0.5009,4.1861,NK cell,Control
l3306,-0.9532,5.342,NK cell,Treat
l3307,-1.4135,5.9471,NK cell,Control
l3308,-1.306,6.0442,NK cell,Control
l3309,-0.3028,4.7102,NK cell,Treat
l3310,-0.1756,4.3527,NK cell,Control
l3311,-0.4276,4.2871,NK cell,Control
l3312,-1.174,5.2298,NK cell,Treat
l3313,-0.1656,3.8436,NK cell,Control
l3314,0.0378,5.3246,NK cell,Control
l3315,-0.6238,4.3208,NK cell,Treat
l3316,-0.9883,6.1461,NK cell,Control
l3317,-0.9964,4.1887,NK cell,Control
l3318,-1.4979,3.1006,NK cell,Treat
l3319,0.2918,4.7368,NK cell,Control
l3320,-0.7514,5.9835,NK cell,Control
l3321,-1.8344,5.5934,NK cell,Treat
l3322,-1.9436,5.0747,NK cell,Control
l3323,0.0165,5.279,NK cell,Control
l3324,-1.4221,3.6875,NK cell,Treat
l3325,-0.583,5.7239,NK cell,Control
l3326,-0.6901,5.6261,NK cell,Control
l3327,-0.6002,5.4627,NK cell,Treat
l3328,-1.1271,5.9924,NK cell,Control
l3329,0.4284,3.8492,NK cell,Control
l3330,-0.072,3.5686,NK cell,Treat
l3331,0.0812,5.4462,NK cell,Control
l3332,-0.8096,4.6657,NK cell,Control
l3333,0.1529,4.8159,NK cell,Treat
l3334,-0.4082,4.5442,NK cell,Control
l3335,-1.2752,4.6055,NK cell,Control
l3336,-1.4727,4.3631,NK cell,Treat
l3337,0.1529,4.292,NK cell,Control
l3338,-0.8716,5.3545,NK cell,Control
l3339,-0.5449,4.5334,NK cell,Treat
l3340,-1.1101,4.493,NK cell,Control
l3341,-0.6219,4.1284,NK cell,Control
l3342,-1.3664,4.9822,NK cell,Treat
l3343,-0.3406,5.58,NK cell,Control
l3344,-0.7424,6.0701,NK cell,Control
l3345,-1.1611,4.4641,NK cell,Treat
l3346,-1.8218,4.071,NK cell,Control
l3347,-1.0514,5.1823,NK cell,Control
l3348,-0.3089,4.511,NK cell,Treat
l3349,-0.2963,4.0313,NK cell,Control
l3350,-0.8277,5.2178,NK cell,Control
l3351,-1.4359,5.134,NK cell,Treat
l3352,0.5386,5.2245,NK cell,Control
l3353,0.447,4.5578,NK cell,Control
l3354,0.1248,4.9821,NK cell,Treat
l3355,-1.2116,4.6899,NK cell,Control
l3356,-0.606,5.656,NK cell,Control
l3357,-0.508,4.5688,NK cell,Treat
l3358,-2.1013,5.6837,NK cell,Control
l3359,-1.1728,5.8125,NK cell,Control
l3360,-2.2139,5.0684,NK cell,Treat
l3361,-0.399,4.6269,NK cell,Control
l3362,0.6029,4.0659,NK cell,Control
l3363,0.7756,4.7688,NK cell,Treat
l3364,-1.2915,3.7465,NK cell,Control
l3365,-2.3418,4.6365,NK cell,Control
l3366,0.5353,4.1329,NK cell,Treat
l3367,-1.19,5.0469,NK cell,Control
l3368,-0.3507,4.4108,NK cell,Control
l3369,0.2056,5.2445,NK cell,Treat
l3370,-1.4867,3.8817,NK cell,Control
l3371,-0.278,4.8675,NK cell,Control
l3372,-0.7134,5.6381,NK cell,Treat
l3373,-0.9237,5.0309,NK cell,Control
l3374,-0.5583,5.2832,NK cell,Control
l3375,-0.9787,3.9288,NK cell,Treat
l3376,-0.7664,4.4655,NK cell,Control
l3377,-0.0564,5.8043,NK cell,Control
l3378,0.0913,4.7039,NK cell,Treat
l3379,-1.016,4.7276,NK cell,Control
l3380,-0.6669,5.207,NK cell,Control
l3381,-2.4556,5.282,NK cell,Treat
l3382,0.1596,4.8342,NK cell,Control
l3383,-1.1873,4.7924,NK cell,Control
l3384,-0.5121,5.9562,NK cell,Treat
l3385,-0.9562,5.8509,NK cell,Control
l3386,-1.0535,4.5595,NK cell,Control
l3387,-0.6326,5.2541,NK cell,Treat
l3388,-0.6689,4.321,NK cell,Control
l3389,0.0973,5.5891,NK cell,Control
l3390,-1.5275,4.8214,NK cell,Treat
l3391,-0.0401,3.1303,NK cell,Control
l3392,-0.5949,4.1439,NK cell,Control
l3393,-0.8143,4.6601,NK cell,Treat
l3394,-1.0906,3.7087,NK cell,Control
l3395,-0.2971,6.5405,NK cell,Control
l3396,-1.0385,3.6413,NK cell,Treat
l3397,0.4429,5.1871,NK cell,Control
l3398,-0.0237,5.1769,NK cell,Control
l3399,0.6755,4.926,NK cell,Treat
l3400,-0.4992,4.123,NK cell,Control
l3401,0.267,4.4842,NK cell,Control
l3402,-0.7714,4.5648,NK cell,Treat
l3403,-1.8486,5.7632,NK cell,Control
l3404,-1.5944,5.4738,NK cell,Control
l3405,-1.74,4.7724,NK cell,Treat
l3406,-1.1172,4.5449,NK cell,Control
l3407,-1.2524,5.153,NK cell,Control
l3408,0.104,4.0382,NK cell,Treat
l3409,-1.5596,4.6511,NK cell,Control
l3410,-1.1656,5.3943,NK cell,Control
l3411,-0.2875,5.5114,NK cell,Treat
l3412,-0.75,5.4789,NK cell,Control
l3413,0.017,4.578,NK cell,Control
l3414,-0.4584,4.7143,NK cell,Treat
l3415,-0.362,6.2144,NK cell,Control
l3416,-0.7555,5.4845,NK cell,Control
l3417,1.0334,5.6453,NK cell,Treat
l3418,-0.4682,6.6857,NK cell,Control
l3419,-0.8284,4.6218,NK cell,Control
l3420,-1.8978,4.7378,NK cell,Treat
l3421,-0.9744,5.2635,NK cell,Control
l3422,-0.6866,5.4959,NK cell,Control
l3423,-0.128,3.7391,NK cell,Treat
l3424,-0.8597,4.7587,NK cell,Control
l3425,-1.2699,4.7202,NK cell,Control
l3426,-0.6868,6.0716,NK cell,Treat
l3427,-1.6358,5.1635,NK cell,Control
l3428,-0.8505,4.9068,NK cell,Control
l3429,-0.4012,4.3955,NK cell,Treat
l3430,-0.1113,4.4797,NK cell,Control
l3431,0.5299,4.1705,NK cell,Control
l3432,-1.3365,4.4142,NK cell,Treat
l3433,-1.3433,5.4069,NK cell,Control
l3434,-0.0823,4.9801,NK cell,Control
l3435,0.4087,5.4066,NK cell,Treat
l3436,-0.2016,4.7204,NK cell,Control
l3437,-0.4716,5.5326,NK cell,Control
l3438,-1.8053,3.7438,NK cell,Treat
l3439,-1.169,5.3493,NK cell,Control
l3440,0.419,4.149,NK cell,Control
l3441,0.036,5.51,NK cell,Treat
l3442,-1.0944,5.7394,NK cell,Control
l3443,0.459,5.1705,NK cell,Control
l3444,-1.2703,4.9059,NK cell,Treat
l3445,-0.6181,5.1283,NK cell,Control
l3446,-0.3318,3.9074,NK cell,Control
l3447,-0.5321,5.5184,NK cell,Treat
l3448,-0.9865,4.8064,NK cell,Control
l3449,-0.8295,4.8527,NK cell,Control
l3450,-1.0149,5.4873,NK cell,Treat
l3451,-0.8769,6.041,NK cell,Control
l3452,-0.6494,3.7255,NK cell,Control
l3453,-0.896,4.2673,NK cell,Treat
l3454,-0.0932,5.3165,NK cell,Control
l3455,-0.7728,5.8186,NK cell,Control
l3456,-0.8349,5.636,NK cell,Treat
l3457,-1.4008,4.7886,NK cell,Control
l3458,-0.031,4.9138,NK cell,Control
l3459,-1.3977,5.7441,NK cell,Treat
l3460,-1.3667,3.6962,NK cell,Control
l3461,-0.6806,5.305,NK cell,Control
l3462,-1.466,5.6696,NK cell,Treat
l3463,-1.419,4.9664,NK cell,Control
l3464,-0.0882,5.7506,NK cell,Control
l3465,-0.8229,4.0674,NK cell,Treat
l3466,-0.0016,3.8723,NK cell,Control
l3467,-0.4599,5.218,NK cell,Control
l3468,-0.3003,4.4558,NK cell,Treat
l3469,-1.4157,6.0968,NK cell,Control
l3470,0.6812,4.2349,NK cell,Control
l3471,-0.7567,5.6164,NK cell,Treat
l3472,-1.8489,5.1969,NK cell,Control
l3473,-0.6195,4.6044,NK cell,Control
l3474,-1.1329,3.2161,NK cell,Treat
l3475,-1.1154,5.2022,NK cell,Control
l3476,1.5789,5.497,NK cell,Control
l3477,-0.9316,4.392,NK cell,Treat
l3478,0.2637,4.2745,NK cell,Control
l3479,-1.1813,5.9271,NK cell,Control
l3480,-0.4911,5.067,NK cell,Treat
l3481,-0.5685,4.2624,NK cell,Control
l3482,-1.3258,4.8397,NK cell,Control
l3483,-0.0021,5.6618,NK cell,Treat
l3484,0.2542,3.5952,NK cell,Control
l3485,-0.0732,4.8374,NK cell,Control
l3486,-0.6121,5.2144,NK cell,Treat
l3487,-0.2567,4.7743,NK cell,Control
l3488,-0.0274,5.7888,NK cell,Control
l3489,-0.254,4.2082,NK cell,Treat
l3490,0.323,4.7364,NK cell,Control
l3491,-0.9774,4.5813,NK cell,Control
l3492,-0.2613,4.3503,NK cell,Treat
l3493,-1.0796,6.2467,NK cell,Control
l3494,-0.2188,4.6308,NK cell,Control
l3495,-0.1466,4.9654,NK cell,Treat
l3496,-0.3022,5.3807,NK cell,Control
l3497,0.3765,5.6177,NK cell,Control
l3498,-0.6841,4.8117,NK cell,Treat
l3499,-0.1282,4.3375,NK cell,Control
l3500,-1.3428,6.1662,NK cell,Control
l3501,-1.6606,5.8911,NK cell,Treat
l3502,-0.0998,5.8314,NK cell,Control
l3503,-1.6582,4.8016,NK cell,Control
l3504,-1.0156,4.2265,NK cell,Treat
l3505,-1.2589,4.4806,NK cell,Control
l3506,-1.3549,4.4774,NK cell,Control
l3507,-1.042,4.7885,NK cell,Treat
l3508,0.5794,5.372,NK cell,Control
l3509,-0.9778,4.7111,NK cell,Control
l3510,-0.4135,4.6251,NK cell,Treat
l3511,-1.2997,4.7206,NK cell,Control
l3512,-0.4201,4.55,NK cell,Control
l3513,-0.5109,5.3798,NK cell,Treat
l3514,0.8392,4.7814,NK cell,Control
l3515,-0.7412,5.7766,NK cell,Control
l3516,-1.0855,4.4869,NK cell,Treat
l3517,-1.7366,5.5467,NK cell,Control
l3518,-0.3393,4.8519,NK cell,Control
l3519,0.7942,6.1563,NK cell,Treat
l3520,-0.5992,5.2712,NK cell,Control
l3521,-0.5803,5.0755,NK cell,Control
l3522,-1.0429,5.3481,NK cell,Treat
l3523,0.6627,5.372,NK cell,Control
l3524,-0.2202,4.2242,NK cell,Control
l3525,-0.3801,5.6316,NK cell,Treat
l3526,-0.443,4.4415,NK cell,Control
l3527,0.1474,4.4936,NK cell,Control
l3528,-0.2945,4.5625,NK cell,Treat
l3529,-0.2614,5.4431,NK cell,Control
l3530,-0.3989,4.6802,NK cell,Control
l3531,-0.9111,4.2356,NK cell,Treat
l3532,0.028,5.0263,NK cell,Control
l3533,-1.735,4.4808,NK cell,Control
l3534,-0.7049,4.7917,NK cell,Treat
l3535,0.2462,4.2368,NK cell,Control
l3536,-1.1083,5.1704,NK cell,Control
l3537,0.3771,4.0523,NK cell,Treat
l3538,-1.0181,5.4707,NK cell,Control
l3539,-2.0093,3.0506,NK cell,Control
l3540,0.1452,5.2049,NK cell,Treat
l3541,-1.2789,5.7168,NK cell,Control
l3542,-0.1234,5.871,NK cell,Control
l3543,-1.4132,5.5737,NK cell,Treat
l3544,-0.6885,4.7081,NK cell,Control
l3545,0.7028,5.2376,NK cell,Control
l3546,-1.4152,5.9253,NK cell,Treat
l3547,0.6826,5.8916,NK cell,Control
l3548,-0.9195,2.9013,NK cell,Control
l3549,-0.9601,4.4378,NK cell,Treat
l3550,-0.7449,6.3265,NK cell,Control
l3551,-0.5204,4.2762,NK cell,Control
l3552,-0.58,5.263,NK cell,Treat
l3553,-0.1806,4.6479,NK cell,Control
l3554,-0.4303,4.4721,NK cell,Control
l3555,-1.7195,5.8842,NK cell,Treat
l3556,-0.293,5.5774,NK cell,Control
l3557,-1.7016,4.3702,NK cell,Control
l3558,-0.1835,5.5963,NK cell,Treat
l3559,-1.9657,7.4589,NK cell,Control
l3560,-0.9714,4.5742,NK cell,Control
l3561,0.1502,5.8617,NK cell,Treat
l3562,0.9177,5.2146,NK cell,Control
l3563,-0.9532,4.8985,NK cell,Control
l3564,-1.0995,4.7986,NK cell,Treat
l3565,-0.2518,3.7014,NK cell,Control
l3566,-0.4777,4.54,NK cell,Control
l3567,-0.6728,5.1873,NK cell,Treat
l3568,-0.2048,5.3645,NK cell,Control
l3569,0.6789,4.9295,NK cell,Control
l3570,-0.4993,4.6342,NK cell,Treat
l3571,-0.3555,5.4977,NK cell,Control
l3572,-1.7675,5.6761,NK cell,Control
l3573,-1.0355,4.4053,NK cell,Treat
l3574,-1.3316,4.9899,NK cell,Control
l3575,-1.7326,5.6815,NK cell,Control
l3576,-1.8034,3.2466,NK cell,Treat
l3577,-1.2951,4.9379,NK cell,Control
l3578,-0.9607,5.863,NK cell,Control
l3579,-0.5144,4.9935,NK cell,Treat
l3580,-0.7952,4.7017,NK cell,Control
l3581,-0.5777,5.2766,NK cell,Control
l3582,-1.0702,4.9499,NK cell,Treat
l3583,-1.3882,5.1052,NK cell,Control
l3584,-1.1524,6.3513,NK cell,Control
l3585,0.0343,5.2286,NK cell,Treat
l3586,-1.0475,4.2999,NK cell,Control
l3587,-0.1871,4.2114,NK cell,Control
l3588,-1.0914,5.0438,NK cell,Treat
l3589,0.0075,5.2223,NK cell,Control
l3590,-1.3582,3.5989,NK cell,Control
l3591,0.8958,5.6258,NK cell,Treat
l3592,-0.2168,5.0432,NK cell,Control
l3593,-1.1012,5.754,NK cell,Control
l3594,-1.3109,4.8894,NK cell,Treat
l3595,-0.7002,5.5463,NK cell,Control
l3596,-0.5402,2.6815,NK cell,Control
l3597,-1.0173,4.3905,NK cell,Treat
l3598,-0.7974,3.8908,NK cell,Control
l3599,0.6167,3.9669,NK cell,Control
l3600,0.5132,5.4721,NK cell,Treat
l3601,1.1701,3.8854,NK cell,Control
l3602,-1.4206,4.8399,NK cell,Control
l3603,-0.2886,6.5508,NK cell,Treat
l3604,-0.5522,4.7109,NK cell,Control
l3605,-0.3825,3.7334,NK cell,Control
l3606,0.1506,5.7958,NK cell,Treat
l3607,-0.6058,4.1151,NK cell,Control
l3608,0.2991,5.0977,NK cell,Control
l3609,-0.1831,4.5004,NK cell,Treat
l3610,-0.9957,4.956,NK cell,Control
l3611,0.7169,5.4933,NK cell,Control
l3612,-1.0431,4.8197,NK cell,Treat
l3613,-1.0974,4.6808,NK cell,Control
l3614,-0.411,5.516,NK cell,Control
l3615,0.3447,4.4441,NK cell,Treat
l3616,-0.6891,4.7748,NK cell,Control
l3617,-0.1998,4.5964,NK cell,Control
l3618,-0.8475,4.3371,NK cell,Treat
l3619,-0.3814,5.6497,NK cell,Control
l3620,-0.7658,5.2942,NK cell,Control
l3621,-0.6752,5.9642,NK cell,Treat
l3622,-1.2851,5.4135,NK cell,Control
l3623,-0.721,4.5731,NK cell,Control
l3624,0.1259,3.8807,NK cell,Treat
l3625,-0.5709,3.9512,NK cell,Control
l3626,-0.8269,4.229,NK cell,Control
l3627,-0.7607,5.9345,NK cell,Treat
l3628,0.161,5.3759,NK cell,Control
l3629,0.2868,5.2098,NK cell,Control
l3630,-0.1478,5.4583,NK cell,Treat
l3631,-1.279,5.9407,NK cell,Control
l3632,-2.1207,7.4308,NK cell,Control
l3633,-0.7731,3.5056,NK cell,Treat
l3634,-0.2544,4.6797,NK cell,Control
l3635,-0.8446,5.4488,NK cell,Control
l3636,-0.2235,4.0328,NK cell,Treat
l3637,-1.0882,5.8862,NK cell,Control
l3638,-1.4808,5.4395,NK cell,Control
l3639,-0.1538,5.6578,NK cell,Treat
l3640,-0.6989,4.9742,NK cell,Control
l3641,-0.1881,7.1336,NK cell,Control
l3642,-0.2533,5.8432,NK cell,Treat
l3643,-1.5769,4.298,NK cell,Control
l3644,-0.6081,3.6026,NK cell,Control
l3645,-1.5695,5.8842,NK cell,Treat
l3646,0.3899,5.9142,NK cell,Control
l3647,-0.2692,4.3022,NK cell,Control
l3648,1.2047,2.9672,NK cell,Treat
l3649,-0.2592,4.6727,NK cell,Control
l3650,-2.1069,5.0471,NK cell,Control
l3651,3.2879,1.7649,Plasma,Treat
l3652,1.7827,2.0364,Plasma,Control
l3653,2.1852,1.3962,Plasma,Control
l3654,1.4261,1.9698,Plasma,Treat
l3655,2.8335,1.5245,Plasma,Control
l3656,1.2079,1.4382,Plasma,Control
l3657,1.6403,1.6487,Plasma,Treat
l3658,1.6012,1.6674,Plasma,Control
l3659,1.7345,1.6882,Plasma,Control
l3660,2.1157,1.2516,Plasma,Treat
l3661,2.7463,1.2443,Plasma,Control
l3662,2.2808,2.3483,Plasma,Control
l3663,2.5835,1.2802,Plasma,Treat
l3664,1.8829,2.1064,Plasma,Control
l3665,2.4056,2.4827,Plasma,Control
l3666,2.7805,1.1524,Plasma,Treat
l3667,1.4747,1.313,Plasma,Control
l3668,2.76,2.1057,Plasma,Control
l3669,2.0881,1.6992,Plasma,Treat
l3670,1.6623,0.8639,Plasma,Control
l3671,1.4803,0.6366,Plasma,Control
l3672,2.2152,1.941,Plasma,Treat
l3673,2.1991,1.7325,Plasma,Control
l3674,2.2921,1.8711,Plasma,Control
l3675,1.5798,0.9067,Plasma,Treat
l3676,2.5054,2.0329,Plasma,Control
l3677,1.8933,1.7056,Plasma,Control
l3678,2.3701,1.5484,Plasma,Treat
l3679,3.0637,2.009,Plasma,Control
l3680,1.6645,1.2499,Plasma,Control
l3681,2.5886,1.9589,Plasma,Treat
l3682,2.2405,0.8241,Plasma,Control
l3683,2.8089,1.7744,Plasma,Control
l3684,2.7446,1.6015,Plasma,Treat
l3685,2.9502,1.4201,Plasma,Control
l3686,1.0976,2.4632,Plasma,Control
l3687,2.3211,0.9369,Plasma,Treat
l3688,2.7326,1.8328,Plasma,Control
l3689,2.7784,1.8418,Plasma,Control
l3690,2.2663,1.3796,Plasma,Treat
l3691,2.6053,1.4345,Plasma,Control
l3692,1.666,2.2279,Plasma,Control
l3693,1.8811,1.5963,Plasma,Treat
l3694,2.6421,1.8714,Plasma,Control
l3695,1.6504,1.6686,Plasma,Control
l3696,1.8825,1.8986,Plasma,Treat
l3697,2.1358,0.4984,Plasma,Control
l3698,1.8875,0.6302,Plasma,Control
l3699,2.4247,1.5951,Plasma,Treat
l3700,1.5255,0.9359,Plasma,Control
l3701,1.8337,1.3789,Plasma,Control
l3702,1.6705,0.7478,Plasma,Treat
l3703,3.1098,0.8629,Plasma,Control
l3704,2.3315,2.2703,Plasma,Control
l3705,2.0267,1.1636,Plasma,Treat
l3706,2.0444,1.4924,Plasma,Control
l3707,2.0946,1.8387,Plasma,Control
l3708,3.0751,1.5916,Plasma,Treat
l3709,1.6801,1.531,Plasma,Control
l3710,2.6446,1.1947,Plasma,Control
l3711,1.2061,0.8646,Plasma,Treat
l3712,2.7277,1.6987,Plasma,Control
l3713,2.6009,1.8227,Plasma,Control
l3714,1.3835,1.4378,Plasma,Treat
l3715,2.3155,1.5203,Plasma,Control
l3716,1.9006,0.8923,Plasma,Control
l3717,1.6127,1.8924,Plasma,Treat
l3718,2.3723,1.8785,Plasma,Control
l3719,1.9838,1.9569,Plasma,Control
l3720,1.7797,2.0089,Plasma,Treat
l3721,1.7144,1.6909,Plasma,Control
l3722,1.7168,0.7733,Plasma,Control
l3723,1.798,2.1666,Plasma,Treat
l3724,2.0831,1.33,Plasma,Control
l3725,2.7718,1.2619,Plasma,Control
l3726,2.7308,1.645,Plasma,Treat
l3727,2.5602,1.3562,Plasma,Control
l3728,2.4911,2.0352,Plasma,Control
l3729,2.5666,1.3123,Plasma,Treat
l3730,1.8498,2.4536,Plasma,Control
l3731,3.0272,1.1323,Plasma,Control
l3732,2.7812,1.5724,Plasma,Treat
l3733,2.778,2.4467,Plasma,Control
l3734,2.6798,1.7328,Plasma,Control
l3735,2.6516,2.0044,Plasma,Treat
l3736,1.6913,1.6053,Plasma,Control
l3737,2.1759,2.1796,Plasma,Control
l3738,1.7585,1.9969,Plasma,Treat
l3739,2.3492,1.3854,Plasma,Control
l3740,1.8878,0.9344,Plasma,Control
l3741,2.1876,1.1735,Plasma,Treat
l3742,1.428,1.5532,Plasma,Control
l3743,1.1952,2.2886,Plasma,Control
l3744,1.3369,2.8621,Plasma,Treat
l3745,1.7082,1.2735,Plasma,Control
l3746,1.8394,1.805,Plasma,Control
l3747,2.6866,1.1931,Plasma,Treat
l3748,1.5709,1.8091,Plasma,Control
l3749,2.2859,2.3944,Plasma,Control
l3750,2.407,1.1648,Plasma,Treat
l3751,2.7863,2.2583,Plasma,Control
l3752,1.9511,0.856,Plasma,Control
l3753,1.8853,1.6043,Plasma,Treat
l3754,1.8914,2.1996,Plasma,Control
l3755,2.5721,0.5428,Plasma,Control
l3756,2.0805,2.1085,Plasma,Treat
l3757,1.9864,2.0776,Plasma,Control
l3758,2.0324,2.311,Plasma,Control
l3759,1.6506,1.76,Plasma,Treat
l3760,2.487,2.0035,Plasma,Control
l3761,2.6547,1.0108,Plasma,Control
l3762,3.1753,2.103,Plasma,Treat
l3763,2.491,1.5429,Plasma,Control
l3764,1.8764,1.7096,Plasma,Control
l3765,2.3837,1.0922,Plasma,Treat
l3766,1.6818,1.5167,Plasma,Control
l3767,2.2947,1.7118,Plasma,Control
l3768,1.321,1.4447,Plasma,Treat
l3769,3.1883,2.0333,Plasma,Control
l3770,2.5147,1.8043,Plasma,Control
l3771,2.8149,0.7746,Plasma,Treat
l3772,3.2988,1.089,Plasma,Control
l3773,2.3699,0.7298,Plasma,Control
l3774,0.8887,1.5602,Plasma,Treat
l3775,2.1267,1.0641,Plasma,Control
l3776,1.8356,1.75,Plasma,Control
l3777,1.8286,1.7626,Plasma,Treat
l3778,2.0374,1.8279,Plasma,Control
l3779,1.9905,2.0338,Plasma,Control
l3780,2.4737,1.6359,Plasma,Treat
l3781,2.6278,1.4201,Plasma,Control
l3782,2.2136,1.7347,Plasma,Control
l3783,2.7012,1.6297,Plasma,Treat
l3784,1.3216,1.8515,Plasma,Control
l3785,0.8811,1.2592,Plasma,Control
l3786,1.8551,1.754,Plasma,Treat
l3787,2.4425,2.0905,Plasma,Control
l3788,2.5201,1.6518,Plasma,Control
l3789,1.8333,0.7687,Plasma,Treat
l3790,1.8877,1.4956,Plasma,Control
l3791,2.1699,1.5485,Plasma,Control
l3792,2.056,2.05,Plasma,Treat
l3793,1.8693,1.2934,Plasma,Control
l3794,1.568,1.8204,Plasma,Control
l3795,1.7819,1.456,Plasma,Treat
l3796,2.5773,1.3807,Plasma,Control
l3797,2.281,1.14,Plasma,Control
l3798,2.3599,1.2728,Plasma,Treat
l3799,2.6715,1.1216,Plasma,Control
l3800,2.0997,2.7684,Plasma,Control
l3801,3.2068,1.5534,Plasma,Treat
l3802,1.3251,2.102,Plasma,Control
l3803,1.9454,1.3846,Plasma,Control
l3804,2.9059,1.9797,Plasma,Treat
l3805,1.2987,2.0007,Plasma,Control
l3806,2.991,1.3497,Plasma,Control
l3807,1.9997,2.4603,Plasma,Treat
l3808,1.8555,1.6343,Plasma,Control
l3809,2.1245,1.3399,Plasma,Control
l3810,2.1223,2.5623,Plasma,Treat
l3811,2.2124,2.0338,Plasma,Control
l3812,2.0428,1.7125,Plasma,Control
l3813,2.2122,1.7391,Plasma,Treat
l3814,2.2412,2.4744,Plasma,Control
l3815,2.0424,0.1567,Plasma,Control
l3816,2.3778,1.8714,Plasma,Treat
l3817,2.4989,1.405,Plasma,Control
l3818,2.0582,2.0195,Plasma,Control
l3819,2.8696,2.2304,Plasma,Treat
l3820,1.8181,1.9301,Plasma,Control
l3821,2.5226,0.6992,Plasma,Control
l3822,1.8632,1.4476,Plasma,Treat
l3823,1.9624,2.1169,Plasma,Control
l3824,1.5807,1.315,Plasma,Control
l3825,2.5454,0.1978,Plasma,Treat
l3826,2.4358,2.4364,Plasma,Control
l3827,2.6486,2.2497,Plasma,Control
l3828,2.4677,0.821,Plasma,Treat
l3829,2.1712,1.7866,Plasma,Control
l3830,3.6256,1.8311,Plasma,Control
l3831,2.2358,1.5449,Plasma,Treat
l3832,1.7788,1.6262,Plasma,Control
l3833,1.7975,1.6503,Plasma,Control
l3834,1.4715,1.7784,Plasma,Treat
l3835,2.1447,1.5464,Plasma,Control
l3836,1.6967,2.6599,Plasma,Control
l3837,2.6143,1.7272,Plasma,Treat
l3838,1.9002,1.5825,Plasma,Control
l3839,2.2294,2.08,Plasma,Control
l3840,1.6597,1.7591,Plasma,Treat
l3841,1.7966,2.0479,Plasma,Control
l3842,1.5015,2.0118,Plasma,Control
l3843,2.4878,1.0594,Plasma,Treat
l3844,2.0375,1.7958,Plasma,Control
l3845,2.855,1.7482,Plasma,Control
l3846,1.8252,1.5543,Plasma,Treat
l3847,2.1362,1.4838,Plasma,Control
l3848,2.4658,2.1326,Plasma,Control
l3849,1.8015,1.8637,Plasma,Treat
l3850,3.3456,1.624,Plasma,Control
l3851,2.613,1.3911,Plasma,Control
l3852,2.2092,2.1101,Plasma,Treat
l3853,2.4507,0.4363,Plasma,Control
l3854,2.0407,1.4608,Plasma,Control
l3855,2.212,1.2845,Plasma,Treat
l3856,3.1171,1.0648,Plasma,Control
l3857,2.8193,1.0978,Plasma,Control
l3858,1.8027,1.1228,Plasma,Treat
l3859,2.0517,2.1555,Plasma,Control
l3860,2.3132,1.3167,Plasma,Control
l3861,1.7285,1.618,Plasma,Treat
l3862,2.2759,1.6859,Plasma,Control
l3863,2.159,2.515,Plasma,Control
l3864,2.8007,1.1293,Plasma,Treat
l3865,1.3222,1.7541,Plasma,Control
l3866,1.7973,2.2565,Plasma,Control
l3867,2.642,1.4203,Plasma,Treat
l3868,2.3272,1.8595,Plasma,Control
l3869,1.7019,1.0127,Plasma,Control
l3870,2.2809,1.706,Plasma,Treat
l3871,2.2976,1.9571,Plasma,Control
l3872,1.6861,1.3825,Plasma,Control
l3873,2.6471,1.9219,Plasma,Treat
l3874,2.0103,1.1205,Plasma,Control
l3875,2.1179,2.0949,Plasma,Control
l3876,1.3565,2.2578,Plasma,Treat
l3877,2.1709,1.429,Plasma,Control
l3878,1.3035,2.0876,Plasma,Control
l3879,2.5007,1.8394,Plasma,Treat
l3880,3.3283,1.8962,Plasma,Control
l3881,1.0513,2.256,Plasma,Control
l3882,2.0724,1.2468,Plasma,Treat
l3883,1.8414,2.1444,Plasma,Control
l3884,2.2329,0.2196,Plasma,Control
l3885,2.4247,0.8666,Plasma,Treat
l3886,2.0689,0.5629,Plasma,Control
l3887,2.5224,2.1638,Plasma,Control
l3888,2.7993,0.8498,Plasma,Treat
l3889,2.4158,1.7408,Plasma,Control
l3890,1.8472,2.1488,Plasma,Control
l3891,1.6332,1.5516,Plasma,Treat
l3892,1.8908,1.2883,Plasma,Control
l3893,2.4281,0.9038,Plasma,Control
l3894,2.3513,0.4981,Plasma,Treat
l3895,2.0447,1.463,Plasma,Control
l3896,2.5533,1.0082,Plasma,Control
l3897,2.6366,2.261,Plasma,Treat
l3898,3.1867,0.619,Plasma,Control
l3899,1.9047,1.8621,Plasma,Control
l3900,3.1586,1.5407,Plasma,Treat
l3901,1.6106,1.7863,Plasma,Control
l3902,2.1071,1.3867,Plasma,Control
l3903,2.223,1.0658,Plasma,Treat
l3904,1.9417,2.1273,Plasma,Control
l3905,1.7686,2.5154,Plasma,Control
l3906,2.76,1.6361,Plasma,Treat
l3907,2.4372,0.9858,Plasma,Control
l3908,1.532,1.2779,Plasma,Control
l3909,1.7432,1.5496,Plasma,Treat
l3910,2.4588,1.7558,Plasma,Control
l3911,2.1862,1.9349,Plasma,Control
l3912,2.1543,0.348,Plasma,Treat
l3913,2.312,2.2807,Plasma,Control
l3914,2.0381,2.6762,Plasma,Control
l3915,2.4346,1.8932,Plasma,Treat
l3916,1.7359,1.3482,Plasma,Control
l3917,2.855,0.9206,Plasma,Control
l3918,2.6236,1.3511,Plasma,Treat
l3919,1.9789,1.7347,Plasma,Control
l3920,3.1022,1.4079,Plasma,Control
l3921,2.5812,1.2146,Plasma,Treat
l3922,2.4414,1.1434,Plasma,Control
l3923,2.3404,1.4891,Plasma,Control
l3924,2.4246,1.426,Plasma,Treat
l3925,2.295,1.6438,Plasma,Control
l3926,2.0071,2.1606,Plasma,Control
l3927,2.2068,1.92,Plasma,Treat
l3928,2.6424,2.2958,Plasma,Control
l3929,2.7695,1.875,Plasma,Control
l3930,2.3195,0.5518,Plasma,Treat
l3931,4.8448,1.821,Kupffer,Control
l3932,4.3789,2.7862,Kupffer,Control
l3933,5.659,3.1138,Kupffer,Treat
l3934,3.784,3.2043,Kupffer,Control
l3935,4.421,4.3374,Kupffer,Control
l3936,3.3593,4.0153,Kupffer,Treat
l3937,3.7559,3.2206,Kupffer,Control
l3938,3.3399,3.1329,Kupffer,Control
l3939,5.6758,2.4658,Kupffer,Treat
l3940,3.5574,2.1221,Kupffer,Control
l3941,4.1825,3.258,Kupffer,Control
l3942,4.9519,3.0369,Kupffer,Treat
l3943,4.7582,2.5841,Kupffer,Control
l3944,4.6173,2.9304,Kupffer,Control
l3945,3.2405,3.6086,Kupffer,Treat
l3946,3.2475,3.8594,Kupffer,Control
l3947,4.7667,3.6977,Kupffer,Control
l3948,3.9927,2.9054,Kupffer,Treat
l3949,4.0024,3.2944,Kupffer,Control
l3950,4.2858,3.8805,Kupffer,Control
l3951,3.5546,3.049,Kupffer,Treat
l3952,3.4887,3.3322,Kupffer,Control
l3953,2.8183,2.4348,Kupffer,Control
l3954,3.8232,3.2853,Kupffer,Treat
l3955,4.8924,3.5179,Kupffer,Control
l3956,4.4105,3.1851,Kupffer,Control
l3957,3.5007,3.6279,Kupffer,Treat
l3958,4.7713,3.1876,Kupffer,Control
l3959,4.9271,3.1503,Kupffer,Control
l3960,3.2695,2.1504,Kupffer,Treat
l3961,4.5544,2.4844,Kupffer,Control
l3962,4.453,3.263,Kupffer,Control
l3963,4.2964,2.0256,Kupffer,Treat
l3964,4.1464,3.4066,Kupffer,Control
l3965,4.9548,2.4575,Kupffer,Control
l3966,3.038,2.2141,Kupffer,Treat
l3967,4.4984,3.9433,Kupffer,Control
l3968,3.1063,3.2732,Kupffer,Control
l3969,4.254,4.0274,Kupffer,Treat
l3970,5.3094,2.9312,Kupffer,Control
l3971,4.4499,3.2156,Kupffer,Control
l3972,5.1312,2.2436,Kupffer,Treat
l3973,3.9698,3.0915,Kupffer,Control
l3974,3.9789,3.6683,Kupffer,Control
l3975,4.8091,3.009,Kupffer,Treat
l3976,4.7012,3.3554,Kupffer,Control
l3977,4.2716,3.2285,Kupffer,Control
l3978,5.2803,2.4676,Kupffer,Treat
l3979,3.2777,2.7276,Kupffer,Control
l3980,3.7624,3.4089,Kupffer,Control
l3981,5.0913,2.5517,Kupffer,Treat
l3982,3.3884,2.7836,Kupffer,Control
l3983,4.3447,3.2659,Kupffer,Control
l3984,4.4984,2.9867,Kupffer,Treat
l3985,3.8006,3.5992,Kupffer,Control
l3986,4.3306,3.4273,Kupffer,Control
l3987,2.4566,2.2969,Kupffer,Treat
l3988,4.6608,3.984,Kupffer,Control
l3989,4.3451,2.9064,Kupffer,Control
l3990,4.5172,2.7311,Kupffer,Treat
l3991,3.3549,2.494,Kupffer,Control
l3992,3.6137,3.6842,Kupffer,Control
l3993,5.7546,3.2634,Kupffer,Treat
l3994,2.6221,3.3161,Kupffer,Control
l3995,4.7832,2.9882,Kupffer,Control
l3996,3.8017,2.7183,Kupffer,Treat
l3997,2.9751,2.8428,Kupffer,Control
l3998,3.8319,1.9577,Kupffer,Control
l3999,4.882,2.5219,Kupffer,Treat
l4000,4.1039,2.1348,Kupffer,Control
l4001,4.1563,3.8714,Kupffer,Control
l4002,3.3921,4.0451,Kupffer,Treat
l4003,3.1939,3.3431,Kupffer,Control
l4004,4.3226,1.6381,Kupffer,Control
l4005,3.4449,2.7936,Kupffer,Treat
l4006,2.8553,2.379,Kupffer,Control
l4007,4.7775,3.0384,Kupffer,Control
l4008,4.3927,3.516,Kupffer,Treat
l4009,4.8771,2.5947,Kupffer,Control
l4010,4.3349,2.7804,Kupffer,Control
l4011,4.5263,2.8624,Kupffer,Treat
l4012,4.5099,3.6085,Kupffer,Control
l4013,3.8297,2.5942,Kupffer,Control
l4014,3.3272,3.071,Kupffer,Treat
l4015,4.4858,2.4671,Kupffer,Control
l4016,4.2273,3.1314,Kupffer,Control
l4017,3.39,3.3232,Kupffer,Treat
l4018,2.7303,3.0012,Kupffer,Control
l4019,4.6454,3.3397,Kupffer,Control
l4020,3.6539,3.1783,Kupffer,Treat
l4021,3.8397,2.2201,Kupffer,Control
l4022,4.3512,2.9892,Kupffer,Control
l4023,4.5761,3.2545,Kupffer,Treat
l4024,3.7434,2.9535,Kupffer,Control
l4025,4.5584,1.8029,Kupffer,Control
l4026,2.576,3.5354,Kupffer,Treat
l4027,3.7919,2.9703,Kupffer,Control
l4028,3.5828,3.8757,Kupffer,Control
l4029,3.937,3.6804,Kupffer,Treat
l4030,3.691,3.4343,Kupffer,Control
l4031,3.8861,2.8853,Kupffer,Control
l4032,2.8558,3.0382,Kupffer,Treat
l4033,3.9874,3.5797,Kupffer,Control
l4034,5.0875,2.8068,Kupffer,Control
l4035,3.8107,2.1341,Kupffer,Treat
l4036,3.1921,2.7566,Kupffer,Control
l4037,4.5873,3.8026,Kupffer,Control
l4038,3.3475,3.3954,Kupffer,Treat
l4039,4.4219,3.1009,Kupffer,Control
l4040,3.5453,3.4433,Kupffer,Control
l4041,4.7307,2.616,Kupffer,Treat
l4042,2.7006,3.173,Kupffer,Control
l4043,3.7009,3.9908,Kupffer,Control
l4044,4.4891,2.1576,Kupffer,Treat
l4045,3.1189,2.562,Kupffer,Control
l4046,4.1413,3.0061,Kupffer,Control
l4047,4.1323,2.8878,Kupffer,Treat
l4048,5.2843,3.3007,Kupffer,Control
l4049,4.2503,4.0853,Kupffer,Control
l4050,4.5353,3.0744,Kupffer,Treat
l4051,3.8976,2.2124,Kupffer,Control
l4052,3.9511,3.001,Kupffer,Control
l4053,5.336,2.0073,Kupffer,Treat
l4054,4.5975,3.8372,Kupffer,Control
l4055,4.482,3.136,Kupffer,Control
l4056,3.558,1.2766,Kupffer,Treat
l4057,3.819,3.0663,Kupffer,Control
l4058,5.6197,3.2514,Kupffer,Control
l4059,4.2444,3.436,Kupffer,Treat
l4060,3.8184,2.9713,Kupffer,Control
l4061,5.2685,3.1312,Kupffer,Control
l4062,3.5057,3.4256,Kupffer,Treat
l4063,2.0423,2.4428,Kupffer,Control
l4064,3.7154,1.8241,Kupffer,Control
l4065,3.0443,3.6426,Kupffer,Treat
l4066,5.298,1.4938,Kupffer,Control
l4067,3.9731,2.3772,Kupffer,Control
l4068,3.903,2.1545,Kupffer,Treat
l4069,4.1578,2.3843,Kupffer,Control
l4070,3.2146,2.9099,Kupffer,Control
l4071,3.3433,3.237,Kupffer,Treat
l4072,4.9154,2.4478,Kupffer,Control
l4073,4.069,2.9462,Kupffer,Control
l4074,4.427,3.8676,Kupffer,Treat
l4075,3.7068,2.8312,Kupffer,Control
l4076,3.7391,2.9123,Kupffer,Control
l4077,4.6341,1.8642,Kupffer,Treat
l4078,4.6453,3.4282,Kupffer,Control
l4079,3.4309,3.3571,Kupffer,Control
l4080,4.4399,2.5371,Kupffer,Treat
l4081,4.0668,2.7206,Kupffer,Control
l4082,4.2156,2.3313,Kupffer,Control
l4083,3.8841,1.907,Kupffer,Treat
l4084,4.4741,2.5875,Kupffer,Control
l4085,4.154,2.1717,Kupffer,Control
l4086,3.9023,1.3497,Kupffer,Treat
l4087,3.5849,2.2964,Kupffer,Control
l4088,4.6423,2.6716,Kupffer,Control
l4089,3.22,3.2264,Kupffer,Treat
l4090,3.7251,2.6612,Kupffer,Control
l4091,5.0568,2.8662,Kupffer,Control
l4092,3.2312,3.4584,Kupffer,Treat
l4093,4.8212,2.971,Kupffer,Control
l4094,3.8224,2.8613,Kupffer,Control
l4095,4.2042,3.4538,Kupffer,Treat
l4096,4.0075,2.765,Kupffer,Control
l4097,4.5063,3.8323,Kupffer,Control
l4098,3.6979,2.8571,Kupffer,Treat
l4099,5.0868,2.9191,Kupffer,Control
l4100,3.7251,3.4168,Kupffer,Control
l4101,3.1322,3.4676,Kupffer,Treat
l4102,3.6399,3.1473,Kupffer,Control
l4103,3.6814,3.154,Kupffer,Control
l4104,5.3144,3.0245,Kupffer,Treat
l4105,4.408,4.0126,Kupffer,Control
l4106,3.8414,2.1708,Kupffer,Control
l4107,3.3941,3.1822,Kupffer,Treat
l4108,4.2817,2.9515,Kupffer,Control
l4109,4.3301,3.0779,Kupffer,Control
l4110,4.3489,2.7011,Kupffer,Treat
l4111,5.1629,2.2577,Kupffer,Control
l4112,3.0631,1.9767,Kupffer,Control
l4113,4.2389,2.6508,Kupffer,Treat
l4114,3.3392,2.5502,Kupffer,Control
l4115,4.2047,2.4582,Kupffer,Control
l4116,4.3191,3.5561,Kupffer,Treat
l4117,4.7994,3.6766,Kupffer,Control
l4118,4.8703,2.1307,Kupffer,Control
l4119,3.8055,2.6399,Kupffer,Treat
l4120,4.8707,2.8802,Kupffer,Control
l4121,4.6343,3.2502,Kupffer,Control
l4122,4.689,1.8991,Kupffer,Treat
l4123,5.3165,2.7232,Kupffer,Control
l4124,3.0212,2.2433,Kupffer,Control
l4125,3.8124,2.2198,Kupffer,Treat
l4126,4.0998,2.5924,Kupffer,Control
l4127,4.9276,2.391,Kupffer,Control
l4128,4.9361,3.9997,Kupffer,Treat
l4129,4.8412,3.2454,Kupffer,Control
l4130,4.6125,3.3061,Kupffer,Control
l4131,4.2641,2.6717,Kupffer,Treat
l4132,4.3675,2.4988,Kupffer,Control
l4133,4.2998,2.7719,Kupffer,Control
l4134,4.4678,3.3054,Kupffer,Treat
l4135,4.5632,2.359,Kupffer,Control
l4136,3.7076,3.1838,Kupffer,Control
l4137,4.1691,2.994,Kupffer,Treat
l4138,3.0143,3.6818,Kupffer,Control
l4139,4.1664,3.6782,Kupffer,Control
l4140,3.9466,3.2704,Kupffer,Treat
l4141,3.9916,3.0644,Kupffer,Control
l4142,3.5809,2.6707,Kupffer,Control
l4143,4.7299,2.9775,Kupffer,Treat
l4144,3.0755,2.6665,Kupffer,Control
l4145,3.9541,3.2713,Kupffer,Control
l4146,3.7793,3.5461,Kupffer,Treat
l4147,3.8275,1.1027,Kupffer,Control
l4148,4.033,3.2025,Kupffer,Control
l4149,3.8864,3.61,Kupffer,Treat
l4150,4.9675,3.08,Kupffer,Control
l4151,3.531,1.9211,Kupffer,Control
l4152,5.2848,2.8331,Kupffer,Treat
l4153,4.2552,2.9412,Kupffer,Control
l4154,3.8911,2.9701,Kupffer,Control
l4155,4.6296,2.9953,Kupffer,Treat
l4156,3.3803,2.644,Kupffer,Control
l4157,5.0532,2.2853,Kupffer,Control
l4158,3.5686,3.4285,Kupffer,Treat
l4159,4.5081,4.1739,Kupffer,Control
l4160,4.2972,2.9673,Kupffer,Control
l4161,4.9993,1.8193,Kupffer,Treat
l4162,6.4643,2.8058,Kupffer,Control
l4163,2.9282,2.4288,Kupffer,Control
l4164,5.3731,2.7058,Kupffer,Treat
l4165,3.9292,2.8238,Kupffer,Control
l4166,2.9654,3.2492,Kupffer,Control
l4167,3.1605,4.1109,Kupffer,Treat
l4168,4.9901,2.7071,Kupffer,Control
l4169,3.9407,2.6839,Kupffer,Control
l4170,3.522,2.6548,Kupffer,Treat
l4171,5.2464,3.4145,Kupffer,Control
l4172,4.9435,2.6815,Kupffer,Control
l4173,4.4476,2.9788,Kupffer,Treat
l4174,3.5104,2.4772,Kupffer,Control
l4175,4.3964,2.9043,Kupffer,Control
l4176,4.8098,2.885,Kupffer,Treat
l4177,4.9455,4.0536,Kupffer,Control
l4178,3.5583,4.2017,Kupffer,Control
l4179,5.1869,2.2276,Kupffer,Treat
l4180,3.8771,3.0412,Kupffer,Control
l4181,4.7723,1.81,Kupffer,Control
l4182,4.9325,2.8474,Kupffer,Treat
l4183,4.0816,3.7404,Kupffer,Control
l4184,3.6964,3.0485,Kupffer,Control
l4185,3.2955,2.1497,Kupffer,Treat
l4186,4.8558,2.9277,Kupffer,Control
l4187,4.54,2.8002,Kupffer,Control
l4188,4.5489,2.8394,Kupffer,Treat
l4189,4.3862,3.8774,Kupffer,Control
l4190,4.4701,1.1902,Kupffer,Control
l4191,4.7627,2.8536,Kupffer,Treat
l4192,4.8506,1.7667,Kupffer,Control
l4193,3.7301,2.5497,Kupffer,Control
l4194,5.3835,3.3197,Kupffer,Treat
l4195,4.4073,3.5197,Kupffer,Control
l4196,3.4534,3.7994,Kupffer,Control
l4197,3.2504,3.4982,Kupffer,Treat
l4198,5.3449,2.5915,Kupffer,Control
l4199,4.3589,2.7686,Kupffer,Control
l4200,5.4825,3.3366,Kupffer,Treat
l4201,4.1917,2.1221,Kupffer,Control
l4202,3.6805,3.4538,Kupffer,Control
l4203,3.6243,3.84,Kupffer,Treat
l4204,2.2129,3.5091,Kupffer,Control
l4205,4.7139,2.5473,Kupffer,Control
l4206,3.5221,2.6784,Kupffer,Treat
l4207,2.7099,2.2547,Kupffer,Control
l4208,3.7573,3.4591,Kupffer,Control
l4209,4.2666,2.3862,Kupffer,Treat
l4210,5.6506,3.6438,Kupffer,Control
l4211,2.8823,2.9966,Kupffer,Control
l4212,3.8194,2.8151,Kupffer,Treat
l4213,4.3203,2.6434,Kupffer,Control
l4214,5.0597,4.332,Kupffer,Control
l4215,5.253,3.2712,Kupffer,Treat
l4216,3.5499,3.8758,Kupffer,Control
l4217,4.9764,2.7495,Kupffer,Control
l4218,3.3522,4.1105,Kupffer,Treat
l4219,3.9128,1.6869,Kupffer,Control
l4220,4.0308,2.7792,Kupffer,Control
l4221,5.4709,3.5891,Kupffer,Treat
l4222,3.428,2.9862,Kupffer,Control
l4223,4.2658,3.1747,Kupffer,Control
l4224,4.7794,3.4919,Kupffer,Treat
l4225,4.7434,2.9303,Kupffer,Control
l4226,3.8995,3.023,Kupffer,Control
l4227,4.3349,3.0628,Kupffer,Treat
l4228,4.9035,2.6324,Kupffer,Control
l4229,4.1886,3.6662,Kupffer,Control
l4230,5.2697,3.7417,Kupffer,Treat
l4231,4.4176,3.8098,Kupffer,Control
l4232,4.7402,3.0548,Kupffer,Control
l4233,4.9318,2.8004,Kupffer,Treat
l4234,3.76,2.2096,Kupffer,Control
l4235,4.4772,3.5269,Kupffer,Control
l4236,4.0597,1.8888,Kupffer,Treat
l4237,4.5035,2.8186,Kupffer,Control
l4238,4.3726,2.8072,Kupffer,Control
l4239,4.7459,1.757,Kupffer,Treat
l4240,4.3829,3.5787,Kupffer,Control
l4241,3.9111,3.8475,Kupffer,Control
l4242,4.4275,3.4451,Kupffer,Treat
l4243,3.4759,3.4477,Kupffer,Control
l4244,4.2332,3.6573,Kupffer,Control
l4245,4.0766,2.3282,Kupffer,Treat
l4246,4.6192,2.4704,Kupffer,Control
l4247,4.0234,3.1967,Kupffer,Control
l4248,3.4744,2.9883,Kupffer,Treat
l4249,4.3106,1.7477,Kupffer,Control
l4250,5.003,3.3036,Kupffer,Control
l4251,3.1394,3.3077,Kupffer,Treat
l4252,4.5656,2.8935,Kupffer,Control
l4253,3.9368,3.0422,Kupffer,Control
l4254,4.7659,3.9807,Kupffer,Treat
l4255,4.6582,3.3017,Kupffer,Control
l4256,4.5198,2.6198,Kupffer,Control
l4257,4.2097,3.7218,Kupffer,Treat
l4258,3.9249,2.4591,Kupffer,Control
l4259,3.9869,2.3248,Kupffer,Control
l4260,4.2979,3.5041,Kupffer,Treat
l4261,4.1686,3.1103,Kupffer,Control
l4262,3.3914,3.4634,Kupffer,Control
l4263,2.7544,3.1615,Kupffer,Treat
l4264,4.0748,2.9529,Kupffer,Control
l4265,3.8157,3.1712,Kupffer,Control
l4266,4.0349,4.1533,Kupffer,Treat
l4267,3.3701,2.6443,Kupffer,Control
l4268,3.6973,2.7053,Kupffer,Control
l4269,3.9442,2.1354,Kupffer,Treat
l4270,5.3293,3.1614,Kupffer,Control
l4271,4.7433,2.9564,Kupffer,Control
l4272,4.1308,2.2928,Kupffer,Treat
l4273,3.8973,2.916,Kupffer,Control
l4274,4.6225,2.4535,Kupffer,Control
l4275,4.4687,2.8403,Kupffer,Treat
l4276,3.9457,2.2357,Kupffer,Control
l4277,4.7747,4.8353,Kupffer,Control
l4278,2.7929,3.5985,Kupffer,Treat
l4279,4.3035,2.2942,Kupffer,Control
l4280,4.3326,3.0882,Kupffer,Control
l4281,4.1975,3.7933,Kupffer,Treat
l4282,4.069,3.8526,Kupffer,Control
l4283,4.5523,3.7212,Kupffer,Control
l4284,4.0895,2.8558,Kupffer,Treat
l4285,5.7137,2.49,Kupffer,Control
l4286,3.9025,2.4451,Kupffer,Control
l4287,4.1587,3.4215,Kupffer,Treat
l4288,4.0886,3.4636,Kupffer,Control
l4289,2.5391,2.7863,Kupffer,Control
l4290,3.6369,4.1914,Kupffer,Treat
l4291,4.4115,3.668,Kupffer,Control
l4292,4.4165,2.9635,Kupffer,Control
l4293,4.7151,3.648,Kupffer,Treat
l4294,4.7855,3.4736,Kupffer,Control
l4295,3.3385,2.0667,Kupffer,Control
l4296,3.5292,2.9238,Kupffer,Treat
l4297,4.5312,4.3987,Kupffer,Control
l4298,4.0724,3.5126,Kupffer,Control
l4299,4.3792,3.7814,Kupffer,Treat
l4300,4.1513,3.1117,Kupffer,Control
l4301,4.1077,3.8689,Kupffer,Control
l4302,2.9485,3.0087,Kupffer,Treat
l4303,4.46,3.0103,Kupffer,Control
l4304,4.4196,2.0347,Kupffer,Control
l4305,5.7337,3.1783,Kupffer,Treat
l4306,5.1794,2.8581,Kupffer,Control
l4307,4.6449,2.5244,Kupffer,Control
l4308,4.6831,2.8022,Kupffer,Treat
l4309,3.7043,2.9471,Kupffer,Control
l4310,4.2185,2.796,Kupffer,Control
l4311,2.9461,2.3847,Kupffer,Treat
l4312,3.8849,3.5636,Kupffer,Control
l4313,4.2212,2.2017,Kupffer,Control
l4314,4.4549,3.0819,Kupffer,Treat
l4315,3.4646,3.7177,Kupffer,Control
l4316,5.0916,2.5722,Kupffer,Control
l4317,3.8151,2.446,Kupffer,Treat
l4318,3.7261,3.1477,Kupffer,Control
l4319,3.8091,3.0777,Kupffer,Control
l4320,3.5018,2.8431,Kupffer,Treat
l4321,4.2131,2.8121,Kupffer,Control
l4322,3.2302,3.4323,Kupffer,Control
l4323,4.8575,4.1555,Kupffer,Treat
l4324,4.1541,3.0268,Kupffer,Control
l4325,4.2561,2.9872,Kupffer,Control
l4326,3.4283,3.4079,Kupffer,Treat
l4327,5.1984,1.8543,Kupffer,Control
l4328,4.4498,3.5664,Kupffer,Control
l4329,4.2545,3.5081,Kupffer,Treat
l4330,6.1219,3.5277,Kupffer,Control
l4331,4.9303,3.2705,Kupffer,Control
l4332,4.6204,4.8311,Kupffer,Treat
l4333,3.7658,2.9265,Kupffer,Control
l4334,4.0252,2.8928,Kupffer,Control
l4335,2.834,2.4127,Kupffer,Treat
l4336,4.4901,2.4793,Kupffer,Control
l4337,3.9799,3.2471,Kupffer,Control
l4338,5.0966,3.0658,Kupffer,Treat
l4339,3.8683,3.2591,Kupffer,Control
l4340,4.1228,2.5846,Kupffer,Control
l4341,2.6352,1.9479,Kupffer,Treat
l4342,4.2187,2.9589,Kupffer,Control
l4343,2.8003,2.3802,Kupffer,Control
l4344,4.1061,3.8774,Kupffer,Treat
l4345,4.3066,2.8293,Kupffer,Control
l4346,4.8405,2.7109,Kupffer,Control
l4347,3.7435,3.9419,Kupffer,Treat
l4348,4.3489,3.2724,Kupffer,Control
l4349,4.3599,2.4981,Kupffer,Control
l4350,3.2454,3.7522,Kupffer,Treat
l4351,4.4564,-0.1502,Macrophage,Control
l4352,6.0761,0.0377,Macrophage,Control
l4353,4.406,0.4837,Macrophage,Treat
l4354,4.9597,1.3429,Macrophage,Control
l4355,4.2778,0.3735,Macrophage,Control
l4356,5.4083,0.8708,Macrophage,Treat
l4357,4.078,0.5297,Macrophage,Control
l4358,5.0887,1.4458,Macrophage,Control
l4359,5.7944,1.0789,Macrophage,Treat
l4360,5.166,1.2854,Macrophage,Control
l4361,5.5435,2.5075,Macrophage,Control
l4362,6.1824,0.4948,Macrophage,Treat
l4363,6.0494,0.9929,Macrophage,Control
l4364,6.0617,0.9552,Macrophage,Control
l4365,5.1177,-1.3551,Macrophage,Treat
l4366,4.5686,0.661,Macrophage,Control
l4367,6.6909,1.6006,Macrophage,Control
l4368,5.898,1.1371,Macrophage,Treat
l4369,4.4525,0.3607,Macrophage,Control
l4370,4.216,1.2622,Macrophage,Control
l4371,4.1223,0.6346,Macrophage,Treat
l4372,4.9712,1.1497,Macrophage,Control
l4373,4.5167,1.7287,Macrophage,Control
l4374,5.0331,0.9247,Macrophage,Treat
l4375,4.6007,1.3002,Macrophage,Control
l4376,5.3432,0.2351,Macrophage,Control
l4377,4.3302,0.7962,Macrophage,Treat
l4378,5.0155,1.6171,Macrophage,Control
l4379,4.9876,1.3723,Macrophage,Control
l4380,4.5545,0.5849,Macrophage,Treat
l4381,5.5691,0.0743,Macrophage,Control
l4382,6.6078,1.1125,Macrophage,Control
l4383,6.0733,0.1251,Macrophage,Treat
l4384,4.1298,0.3158,Macrophage,Control
l4385,5.0794,0.8464,Macrophage,Control
l4386,5.6255,0.8481,Macrophage,Treat
l4387,4.945,0.9676,Macrophage,Control
l4388,5.0287,-0.8004,Macrophage,Control
l4389,4.4752,-0.102,Macrophage,Treat
l4390,3.5688,1.0541,Macrophage,Control
l4391,5.7365,2.4443,Macrophage,Control
l4392,3.9105,1.293,Macrophage,Treat
l4393,3.9717,0.0494,Macrophage,Control
l4394,5.0308,1.3399,Macrophage,Control
l4395,6.6904,0.9297,Macrophage,Treat
l4396,5.4489,0.6554,Macrophage,Control
l4397,4.4635,0.9364,Macrophage,Control
l4398,4.6548,-0.44,Macrophage,Treat
l4399,5.0658,0.0989,Macrophage,Control
l4400,4.1071,0.642,Macrophage,Control
l4401,5.0953,1.6775,Macrophage,Treat
l4402,5.0604,0.2981,Macrophage,Control
l4403,4.3221,-0.116,Macrophage,Control
l4404,5.4498,1.0256,Macrophage,Treat
l4405,4.6844,1.5862,Macrophage,Control
l4406,4.9802,0.5166,Macrophage,Control
l4407,4.9811,0.7529,Macrophage,Treat
l4408,4.2237,0.0339,Macrophage,Control
l4409,4.8399,1.5966,Macrophage,Control
l4410,5.2496,-0.6745,Macrophage,Treat
l4411,4.2236,1.3543,Macrophage,Control
l4412,4.7425,1.1051,Macrophage,Control
l4413,5.2085,0.923,Macrophage,Treat
l4414,3.9555,-0.1982,Macrophage,Control
l4415,5.8433,2.0961,Macrophage,Control
l4416,4.9798,1.3046,Macrophage,Treat
l4417,4.6938,0.9398,Macrophage,Control
l4418,5.0112,1.0117,Macrophage,Control
l4419,4.9601,1.0814,Macrophage,Treat
l4420,4.3364,0.9132,Macrophage,Control
l4421,5.4195,0.7243,Macrophage,Control
l4422,5.4974,1.3022,Macrophage,Treat
l4423,5.6514,-0.1053,Macrophage,Control
l4424,4.9341,1.208,Macrophage,Control
l4425,5.0726,0.8546,Macrophage,Treat
l4426,4.5628,1.9064,Macrophage,Control
l4427,4.2071,1.2974,Macrophage,Control
l4428,5.1294,0.7789,Macrophage,Treat
l4429,4.9373,0.397,Macrophage,Control
l4430,5.3996,1.4034,Macrophage,Control
l4431,5.6685,1.4799,Macrophage,Treat
l4432,5.6784,1.0606,Macrophage,Control
l4433,4.7968,1.0962,Macrophage,Control
l4434,4.8373,0.8694,Macrophage,Treat
l4435,4.9446,0.9805,Macrophage,Control
l4436,4.1076,0.6101,Macrophage,Control
l4437,5.188,0.9391,Macrophage,Treat
l4438,6.1986,0.5094,Macrophage,Control
l4439,5.2317,1.5883,Macrophage,Control
l4440,5.431,0.3747,Macrophage,Treat
l4441,5.1719,0.0112,Macrophage,Control
l4442,4.0996,0.6276,Macrophage,Control
l4443,4.376,0.944,Macrophage,Treat
l4444,5.349,0.2062,Macrophage,Control
l4445,4.3802,0.268,Macrophage,Control
l4446,5.0327,0.6313,Macrophage,Treat
l4447,3.746,2.3856,Macrophage,Control
l4448,5.0735,0.4226,Macrophage,Control
l4449,4.7349,0.5744,Macrophage,Treat
l4450,5.4392,1.5433,Macrophage,Control
l4451,5.0025,0.3417,Macrophage,Control
l4452,4.7579,-0.4902,Macrophage,Treat
l4453,4.1337,0.0471,Macrophage,Control
l4454,5.9966,1.5618,Macrophage,Control
l4455,4.0769,1.8491,Macrophage,Treat
l4456,5.9168,0.7113,Macrophage,Control
l4457,5.2598,0.7992,Macrophage,Control
l4458,4.0116,1.6438,Macrophage,Treat
l4459,5.5998,0.5353,Macrophage,Control
l4460,4.4593,0.8202,Macrophage,Control
l4461,5.5425,0.8546,Macrophage,Treat
l4462,4.9148,0.904,Macrophage,Control
l4463,4.5114,2.5187,Macrophage,Control
l4464,6.3363,1.724,Macrophage,Treat
l4465,4.0752,0.6338,Macrophage,Control
l4466,3.7659,1.2736,Macrophage,Control
l4467,4.5448,0.9673,Macrophage,Treat
l4468,5.3175,0.4638,Macrophage,Control
l4469,4.8228,2.2044,Macrophage,Control
l4470,6.2209,0.9749,Macrophage,Treat
l4471,5.7615,2.0727,Macrophage,Control
l4472,4.6447,0.3562,Macrophage,Control
l4473,5.5611,1.7226,Macrophage,Treat
l4474,5.1405,0.5832,Macrophage,Control
l4475,5.9493,0.3645,Macrophage,Control
l4476,4.7838,0.7746,Macrophage,Treat
l4477,5.1097,1.6412,Macrophage,Control
l4478,4.0469,1.7734,Macrophage,Control
l4479,3.4371,1.3626,Macrophage,Treat
l4480,4.8595,1.3744,Macrophage,Control
l4481,5.1028,1.7172,Macrophage,Control
l4482,5.6972,1.9606,Macrophage,Treat
l4483,4.5625,1.6847,Macrophage,Control
l4484,5.2805,1.1183,Macrophage,Control
l4485,5.3016,1.4475,Macrophage,Treat
l4486,4.0213,1.2523,Macrophage,Control
l4487,3.9468,1.2626,Macrophage,Control
l4488,4.0896,1.6998,Macrophage,Treat
l4489,5.6768,0.2003,Macrophage,Control
l4490,5.3178,0.5759,Macrophage,Control
l4491,4.8328,1.4512,Macrophage,Treat
l4492,5.0937,1.2248,Macrophage,Control
l4493,4.286,1.2268,Macrophage,Control
l4494,5.2707,1.2914,Macrophage,Treat
l4495,5.5402,-0.5848,Macrophage,Control
l4496,4.6829,0.855,Macrophage,Control
l4497,4.8188,0.1925,Macrophage,Treat
l4498,4.8977,1.038,Macrophage,Control
l4499,5.4927,0.5221,Macrophage,Control
l4500,3.8143,0.3133,Macrophage,Treat
l4501,5.0252,0.3801,Macrophage,Control
l4502,4.6446,-0.9944,Macrophage,Control
l4503,4.7941,-0.1555,Macrophage,Treat
l4504,4.5863,0.8075,Macrophage,Control
l4505,5.1093,0.4903,Macrophage,Control
l4506,5.8485,0.3259,Macrophage,Treat
l4507,4.9771,2.003,Macrophage,Control
l4508,5.2888,1.7162,Macrophage,Control
l4509,5.4216,-0.1662,Macrophage,Treat
l4510,5.4814,0.6306,Macrophage,Control
l4511,5.5254,0.6226,Macrophage,Control
l4512,5.1625,1.4855,Macrophage,Treat
l4513,3.7197,1.4457,Macrophage,Control
l4514,5.7916,0.9485,Macrophage,Control
l4515,5.5366,-0.2254,Macrophage,Treat
l4516,4.7768,1.382,Macrophage,Control
l4517,5.3372,0.0714,Macrophage,Control
l4518,4.0932,-1.0755,Macrophage,Treat
l4519,4.353,0.9758,Macrophage,Control
l4520,5.0431,1.3939,Macrophage,Control
l4521,5.7893,0.6702,Macrophage,Treat
l4522,4.9344,0.2468,Macrophage,Control
l4523,4.4667,0.7313,Macrophage,Control
l4524,5.1699,1.262,Macrophage,Treat
l4525,5.4594,0.2835,Macrophage,Control
l4526,3.884,0.1845,Macrophage,Control
l4527,5.5195,0.8581,Macrophage,Treat
l4528,4.6277,0.1507,Macrophage,Control
l4529,5.3676,1.171,Macrophage,Control
l4530,5.516,0.6701,Macrophage,Treat
l4531,5.357,0.9267,Macrophage,Control
l4532,4.811,0.7868,Macrophage,Control
l4533,6.0121,1.0015,Macrophage,Treat
l4534,4.3335,0.2716,Macrophage,Control
l4535,4.9704,-0.0011,Macrophage,Control
l4536,4.7594,1.6004,Macrophage,Treat
l4537,5.4782,0.866,Macrophage,Control
l4538,4.7154,1.2409,Macrophage,Control
l4539,4.6437,0.7178,Macrophage,Treat
l4540,4.7289,0.2954,Macrophage,Control
l4541,4.608,0.6103,Macrophage,Control
l4542,5.2198,2.0551,Macrophage,Treat
l4543,4.008,1.0498,Macrophage,Control
l4544,4.3511,-0.066,Macrophage,Control
l4545,5.9635,0.1635,Macrophage,Treat
l4546,4.7894,1.2725,Macrophage,Control
l4547,4.8316,-0.0145,Macrophage,Control
l4548,4.6913,0.7524,Macrophage,Treat
l4549,5.6814,1.9662,Macrophage,Control
l4550,3.9478,0.7505,Macrophage,Control
l4551,4.5032,-0.5107,Macrophage,Treat
l4552,4.9051,0.1236,Macrophage,Control
l4553,5.7089,0.3563,Macrophage,Control
l4554,4.6245,-0.7174,Macrophage,Treat
l4555,6.1801,1.0178,Macrophage,Control
l4556,5.7718,0.365,Macrophage,Control
l4557,5.7709,0.31,Macrophage,Treat
l4558,5.2482,-0.0177,Macrophage,Control
l4559,6.4923,0.1465,Macrophage,Control
l4560,5.7707,0.0138,Macrophage,Treat
l4561,5.4848,0.9954,Macrophage,Control
l4562,4.9679,1.7443,Macrophage,Control
l4563,5.139,-0.0916,Macrophage,Treat
l4564,5.4962,0.1746,Macrophage,Control
l4565,4.7364,1.2045,Macrophage,Control
l4566,5.8151,0.8686,Macrophage,Treat
l4567,5.2189,0.8368,Macrophage,Control
l4568,4.0201,1.0714,Macrophage,Control
l4569,5.164,1.1775,Macrophage,Treat
l4570,4.4214,1.4412,Macrophage,Control
l4571,5.5817,0.5273,Macrophage,Control
l4572,4.8971,0.7313,Macrophage,Treat
l4573,5.3937,1.7735,Macrophage,Control
l4574,4.5131,1.1319,Macrophage,Control
l4575,4.8481,1.5399,Macrophage,Treat
l4576,4.3998,0.6641,Macrophage,Control
l4577,5.9393,0.8772,Macrophage,Control
l4578,4.4625,-0.0578,Macrophage,Treat
l4579,4.8982,0.8285,Macrophage,Control
l4580,4.6273,0.0383,Macrophage,Control
l4581,4.3627,0.0749,Macrophage,Treat
l4582,4.3903,-0.2963,Macrophage,Control
l4583,5.3441,1.0516,Macrophage,Control
l4584,5.4564,1.2948,Macrophage,Treat
l4585,5.6012,0.7451,Macrophage,Control
l4586,4.5103,0.0526,Macrophage,Control
l4587,4.3335,0.8005,Macrophage,Treat
l4588,4.4562,1.0375,Macrophage,Control
l4589,4.5934,0.518,Macrophage,Control
l4590,6.1303,1.1546,Macrophage,Treat
l4591,4.7064,0.6991,Macrophage,Control
l4592,5.8077,1.4628,Macrophage,Control
l4593,5.5096,0.3382,Macrophage,Treat
l4594,5.4585,-0.1984,Macrophage,Control
l4595,5.2951,0.7543,Macrophage,Control
l4596,4.2657,1.2601,Macrophage,Treat
l4597,3.959,0.2417,Macrophage,Control
l4598,4.7056,1.2024,Macrophage,Control
l4599,5.4632,1.4069,Macrophage,Treat
l4600,5.5625,0.364,Macrophage,Control
l4601,4.8091,0.4168,Macrophage,Control
l4602,4.8909,-0.0353,Macrophage,Treat
l4603,5.0493,-0.2092,Macrophage,Control
l4604,5.0271,-0.0768,Macrophage,Control
l4605,5.4997,-0.166,Macrophage,Treat
l4606,4.9144,0.9763,Macrophage,Control
l4607,5.4681,1.4153,Macrophage,Control
l4608,5.8868,0.3282,Macrophage,Treat
l4609,4.3657,2.0714,Macrophage,Control
l4610,5.6982,1.0707,Macrophage,Control
l4611,5.5488,1.2468,Macrophage,Treat
l4612,4.9782,0.033,Macrophage,Control
l4613,5.5267,1.9371,Macrophage,Control
l4614,5.9142,1.3029,Macrophage,Treat
l4615,4.5922,1.5142,Macrophage,Control
l4616,5.5167,0.5362,Macrophage,Control
l4617,4.0258,0.394,Macrophage,Treat
l4618,5.6423,0.4447,Macrophage,Control
l4619,4.734,0.3086,Macrophage,Control
l4620,5.159,-0.0847,Macrophage,Treat
l4621,5.5467,0.6199,Macrophage,Control
l4622,5.7821,1.3931,Macrophage,Control
l4623,5.4349,0.7598,Macrophage,Treat
l4624,5.6902,1.0664,Macrophage,Control
l4625,5.1665,1.6916,Macrophage,Control
l4626,4.6876,1.0173,Macrophage,Treat
l4627,3.1528,0.7916,Macrophage,Control
l4628,5.524,0.6874,Macrophage,Control
l4629,4.7292,1.0549,Macrophage,Treat
l4630,5.5284,0.0782,Macrophage,Control
l4631,4.6196,1.9019,Macrophage,Control
l4632,4.6038,1.3016,Macrophage,Treat
l4633,5.1772,1.0618,Macrophage,Control
l4634,4.612,-0.2228,Macrophage,Control
l4635,5.0412,0.4668,Macrophage,Treat
l4636,5.294,1.6255,Macrophage,Control
l4637,6.0267,0.5693,Macrophage,Control
l4638,4.2495,0.3773,Macrophage,Treat
l4639,4.6226,0.0008,Macrophage,Control
l4640,4.5487,1.5746,Macrophage,Control
l4641,5.2949,1.4185,Macrophage,Treat
l4642,4.6431,1.0522,Macrophage,Control
l4643,4.8609,1.2183,Macrophage,Control
l4644,5.5823,1.8681,Macrophage,Treat
l4645,6.1761,1.2615,Macrophage,Control
l4646,4.8104,-0.653,Macrophage,Control
l4647,4.9622,0.8226,Macrophage,Treat
l4648,5.6571,0.9419,Macrophage,Control
l4649,5.3222,-0.0228,Macrophage,Control
l4650,4.632,0.7422,Macrophage,Treat
l4651,4.9145,-1.3077,Macrophage,Control
l4652,4.2506,0.009,Macrophage,Control
l4653,5.6116,1.7927,Macrophage,Treat
l4654,5.1725,-0.264,Macrophage,Control
l4655,5.4586,0.5622,Macrophage,Control
l4656,4.727,0.6472,Macrophage,Treat
l4657,4.857,0.0057,Macrophage,Control
l4658,5.2382,-0.3277,Macrophage,Control
l4659,3.5073,0.4971,Macrophage,Treat
l4660,4.9562,1.053,Macrophage,Control
l4661,3.9288,0.4785,Macrophage,Control
l4662,5.0907,1.034,Macrophage,Treat
l4663,5.2145,0.4657,Macrophage,Control
l4664,5.0004,1.3245,Macrophage,Control
l4665,4.8843,-0.4834,Macrophage,Treat
l4666,4.5367,1.9095,Macrophage,Control
l4667,4.8984,-0.1614,Macrophage,Control
l4668,4.7138,-0.5925,Macrophage,Treat
l4669,5.5453,-0.7414,Macrophage,Control
l4670,6.0365,1.0912,Macrophage,Control
l4671,4.9606,0.7004,Macrophage,Treat
l4672,5.6605,0.8333,Macrophage,Control
l4673,5.1695,0.7117,Macrophage,Control
l4674,4.5316,0.3569,Macrophage,Treat
l4675,4.3214,0.3326,Macrophage,Control
l4676,5.0256,-0.4031,Macrophage,Control
l4677,5.2731,0.3733,Macrophage,Treat
l4678,4.4402,-0.8028,Macrophage,Control
l4679,3.8562,0.7459,Macrophage,Control
l4680,5.8532,0.5449,Macrophage,Treat
l4681,5.5707,0.9906,Macrophage,Control
l4682,4.5078,1.1175,Macrophage,Control
l4683,5.1725,0.2756,Macrophage,Treat
l4684,5.2151,0.7563,Macrophage,Control
l4685,5.1929,-0.1237,Macrophage,Control
l4686,4.7913,0.51,Macrophage,Treat
l4687,5.6587,1.7049,Macrophage,Control
l4688,4.3716,1.0911,Macrophage,Control
l4689,4.7442,0.785,Macrophage,Treat
l4690,5.8002,0.6106,Macrophage,Control
l4691,5.4841,0.2994,Macrophage,Control
l4692,5.5274,1.1862,Macrophage,Treat
l4693,5.2421,0.5462,Macrophage,Control
l4694,5.2836,1.6392,Macrophage,Control
l4695,4.9768,1.2903,Macrophage,Treat
l4696,6.3127,1.9229,Macrophage,Control
l4697,4.6257,0.0631,Macrophage,Control
l4698,4.4849,0.3177,Macrophage,Treat
l4699,3.871,1.584,Macrophage,Control
l4700,3.9397,0.087,Macrophage,Control
l4701,4.371,0.7475,Macrophage,Treat
l4702,5.5533,0.4385,Macrophage,Control
l4703,4.7108,1.9762,Macrophage,Control
l4704,5.2094,0.505,Macrophage,Treat
l4705,4.5208,1.8675,Macrophage,Control
l4706,6.245,1.8753,Macrophage,Control
l4707,4.5305,0.2328,Macrophage,Treat
l4708,5.9952,0.3245,Macrophage,Control
l4709,4.9474,-0.5416,Macrophage,Control
l4710,5.1965,0.2052,Macrophage,Treat
l4711,5.093,0.9631,Macrophage,Control
l4712,6.1025,-0.1132,Macrophage,Control
l4713,5.1029,1.6562,Macrophage,Treat
l4714,5.438,-0.175,Macrophage,Control
l4715,6.173,0.5957,Macrophage,Control
l4716,5.5846,0.7025,Macrophage,Treat
l4717,5.9518,0.9171,Macrophage,Control
l4718,5.4111,1.1617,Macrophage,Control
l4719,4.8363,1.4399,Macrophage,Treat
l4720,4.1531,1.5349,Macrophage,Control
l4721,4.5998,1.4775,Macrophage,Control
l4722,5.6073,-0.6672,Macrophage,Treat
l4723,5.0989,2.7645,Macrophage,Control
l4724,5.7477,1.0418,Macrophage,Control
l4725,4.1574,-0.2523,Macrophage,Treat
l4726,4.2835,1.3774,Macrophage,Control
l4727,4.8775,0.7648,Macrophage,Control
l4728,4.7177,0.8283,Macrophage,Treat
l4729,4.316,1.1692,Macrophage,Control
l4730,5.7971,0.1706,Macrophage,Control
l4731,5.081,-1.0421,Conventional Dendritic Cell,Treat
l4732,4.7381,-1.4391,Conventional Dendritic Cell,Control
l4733,4.7288,-1.8899,Conventional Dendritic Cell,Control
l4734,3.9664,-1.6644,Conventional Dendritic Cell,Treat
l4735,4.8568,-1.4912,Conventional Dendritic Cell,Control
l4736,4.1157,-1.2276,Conventional Dendritic Cell,Control
l4737,4.8336,-1.2976,Conventional Dendritic Cell,Treat
l4738,4.1693,-1.2948,Conventional Dendritic Cell,Control
l4739,5.1639,-0.4259,Conventional Dendritic Cell,Control
l4740,5.732,-1.0369,Conventional Dendritic Cell,Treat
l4741,4.6679,-1.1245,Conventional Dendritic Cell,Control
l4742,4.6138,-1.0506,Conventional Dendritic Cell,Control
l4743,3.7073,-1.7023,Conventional Dendritic Cell,Treat
l4744,4.8186,-0.5483,Conventional Dendritic Cell,Control
l4745,4.5563,-0.7765,Conventional Dendritic Cell,Control
l4746,4.585,-1.0121,Conventional Dendritic Cell,Treat
l4747,4.46,-0.8795,Conventional Dendritic Cell,Control
l4748,3.2946,-1.7528,Conventional Dendritic Cell,Control
l4749,5.2332,-0.7318,Conventional Dendritic Cell,Treat
l4750,4.2528,-1.2783,Conventional Dendritic Cell,Control
l4751,4.5694,-0.6532,Conventional Dendritic Cell,Control
l4752,4.3931,-1.6369,Conventional Dendritic Cell,Treat
l4753,4.7766,-0.7825,Conventional Dendritic Cell,Control
l4754,4.5116,-0.0377,Conventional Dendritic Cell,Control
l4755,3.6598,-1.0062,Conventional Dendritic Cell,Treat
l4756,5.1053,-0.856,Conventional Dendritic Cell,Control
l4757,4.9059,-1.1976,Conventional Dendritic Cell,Control
l4758,5.3073,-0.5649,Conventional Dendritic Cell,Treat
l4759,5.5888,-0.7987,Conventional Dendritic Cell,Control
l4760,5.0269,-0.807,Conventional Dendritic Cell,Control
l4761,4.4029,-1.6793,Conventional Dendritic Cell,Treat
l4762,5.2982,-1.0574,Conventional Dendritic Cell,Control
l4763,5.8377,-1.9728,Conventional Dendritic Cell,Control
l4764,4.2429,-1.0401,Conventional Dendritic Cell,Treat
l4765,4.5096,-1.5589,Conventional Dendritic Cell,Control
l4766,4.9092,-1.888,Conventional Dendritic Cell,Control
l4767,4.7243,-0.8259,Conventional Dendritic Cell,Treat
l4768,3.8099,-1.0612,Conventional Dendritic Cell,Control
l4769,4.5878,-1.3522,Conventional Dendritic Cell,Control
l4770,4.7233,-1.0823,Conventional Dendritic Cell,Treat
l4771,4.5132,-1.1889,Conventional Dendritic Cell,Control
l4772,4.0889,-0.8142,Conventional Dendritic Cell,Control
l4773,5.4476,-0.8328,Conventional Dendritic Cell,Treat
l4774,3.4256,-0.6056,Conventional Dendritic Cell,Control
l4775,4.0241,-1.2129,Conventional Dendritic Cell,Control
l4776,3.8291,-0.7368,Conventional Dendritic Cell,Treat
l4777,3.862,-0.6616,Conventional Dendritic Cell,Control
l4778,3.4757,-1.3846,Conventional Dendritic Cell,Control
l4779,3.9731,-0.7631,Conventional Dendritic Cell,Treat
l4780,5.5289,-0.9392,Conventional Dendritic Cell,Control
l4781,4.2017,-1.4526,Conventional Dendritic Cell,Control
l4782,5.0049,-1.2165,Conventional Dendritic Cell,Treat
l4783,4.3385,-0.6376,Conventional Dendritic Cell,Control
l4784,5.0713,-0.578,Conventional Dendritic Cell,Control
l4785,3.4145,-1.83,Conventional Dendritic Cell,Treat
l4786,4.1531,-1.1286,Conventional Dendritic Cell,Control
l4787,3.8512,-0.7611,Conventional Dendritic Cell,Control
l4788,4.3802,-1.2021,Conventional Dendritic Cell,Treat
l4789,4.4967,-0.5792,Conventional Dendritic Cell,Control
l4790,4.0895,-0.8537,Conventional Dendritic Cell,Control
l4791,4.6242,-0.6894,Conventional Dendritic Cell,Treat
l4792,3.7064,-2.1662,Conventional Dendritic Cell,Control
l4793,4.2778,-0.2948,Conventional Dendritic Cell,Control
l4794,5.8611,-1.679,Conventional Dendritic Cell,Treat
l4795,5.4798,-0.7301,Conventional Dendritic Cell,Control
l4796,4.754,-1.3643,Conventional Dendritic Cell,Control
l4797,4.4641,-1.4769,Conventional Dendritic Cell,Treat
l4798,4.2566,-2.3419,Conventional Dendritic Cell,Control
l4799,5.1012,-1.5811,Conventional Dendritic Cell,Control
l4800,4.8751,-2.0059,Conventional Dendritic Cell,Treat
l4801,4.3814,-1.281,Conventional Dendritic Cell,Control
l4802,5.0027,-0.6236,Conventional Dendritic Cell,Control
l4803,4.9004,-1.9123,Conventional Dendritic Cell,Treat
l4804,4.3796,-1.6808,Conventional Dendritic Cell,Control
l4805,3.1224,-1.0883,Conventional Dendritic Cell,Control
l4806,3.4108,-1.1292,Conventional Dendritic Cell,Treat
l4807,4.54,-1.4886,Conventional Dendritic Cell,Control
l4808,5.0788,-1.7292,Conventional Dendritic Cell,Control
l4809,3.2899,-1.7358,Conventional Dendritic Cell,Treat
l4810,4.7226,-0.944,Conventional Dendritic Cell,Control
l4811,3.5989,-0.5297,Conventional Dendritic Cell,Control
l4812,4.3084,-1.413,Conventional Dendritic Cell,Treat
l4813,3.9486,-0.7444,Conventional Dendritic Cell,Control
l4814,5.0094,-1.6241,Conventional Dendritic Cell,Control
l4815,3.6292,-1.2436,Conventional Dendritic Cell,Treat
l4816,5.1701,-1.8855,Conventional Dendritic Cell,Control
l4817,4.8216,-1.5005,Conventional Dendritic Cell,Control
l4818,4.9008,-1.9421,Conventional Dendritic Cell,Treat
l4819,5.4166,-1.8906,Conventional Dendritic Cell,Control
l4820,4.5867,-0.9589,Conventional Dendritic Cell,Control
l4821,4.7733,-0.4758,Conventional Dendritic Cell,Treat
l4822,4.5993,-0.3084,Conventional Dendritic Cell,Control
l4823,5.1771,-1.3158,Conventional Dendritic Cell,Control
l4824,4.7645,-0.4221,Conventional Dendritic Cell,Treat
l4825,5.1626,-0.9459,Conventional Dendritic Cell,Control
l4826,4.4207,-1.4239,Conventional Dendritic Cell,Control
l4827,5.3606,-0.5943,Conventional Dendritic Cell,Treat
l4828,4.5192,-0.2142,Conventional Dendritic Cell,Control
l4829,4.3972,-0.6674,Conventional Dendritic Cell,Control
l4830,4.0766,-0.9862,Conventional Dendritic Cell,Treat
l4831,5.1489,-0.4741,Conventional Dendritic Cell,Control
l4832,4.3171,-1.4323,Conventional Dendritic Cell,Control
l4833,4.812,-0.9193,Conventional Dendritic Cell,Treat
l4834,4.5343,-0.812,Conventional Dendritic Cell,Control
l4835,4.6555,-1.3741,Conventional Dendritic Cell,Control
l4836,4.4851,-1.6798,Conventional Dendritic Cell,Treat
l4837,4.0794,-1.07,Conventional Dendritic Cell,Control
l4838,4.783,-0.7082,Conventional Dendritic Cell,Control
l4839,4.7204,-1.099,Conventional Dendritic Cell,Treat
l4840,4.8012,-0.3608,Conventional Dendritic Cell,Control
l4841,4.3537,-0.5364,Conventional Dendritic Cell,Control
l4842,4.8264,-1.9938,Conventional Dendritic Cell,Treat
l4843,4.0872,-1.7113,Conventional Dendritic Cell,Control
l4844,4.189,-1.7332,Conventional Dendritic Cell,Control
l4845,4.3661,-1.0653,Conventional Dendritic Cell,Treat
l4846,3.8172,-1.4341,Conventional Dendritic Cell,Control
l4847,3.8477,-1.6297,Conventional Dendritic Cell,Control
l4848,4.7249,-0.8299,Conventional Dendritic Cell,Treat
l4849,3.6734,-0.6707,Conventional Dendritic Cell,Control
l4850,4.02,-0.2814,Conventional Dendritic Cell,Control
l4851,5.0913,-1.4383,Conventional Dendritic Cell,Treat
l4852,4.1225,-1.6664,Conventional Dendritic Cell,Control
l4853,4.2951,-0.144,Conventional Dendritic Cell,Control
l4854,4.3796,-1.189,Conventional Dendritic Cell,Treat
l4855,4.6679,-1.1793,Conventional Dendritic Cell,Control
l4856,4.3715,-0.6726,Conventional Dendritic Cell,Control
l4857,4.8757,-1.092,Conventional Dendritic Cell,Treat
l4858,4.4341,-1.506,Conventional Dendritic Cell,Control
l4859,4.5599,-0.9178,Conventional Dendritic Cell,Control
l4860,4.8608,-1.2696,Conventional Dendritic Cell,Treat
l4861,4.0589,-1.0611,Conventional Dendritic Cell,Control
l4862,4.9494,-0.0999,Conventional Dendritic Cell,Control
l4863,4.6005,-1.1035,Conventional Dendritic Cell,Treat
l4864,4.5672,-1.6609,Conventional Dendritic Cell,Control
l4865,4.7821,-1.4339,Conventional Dendritic Cell,Control
l4866,4.9761,-1.7636,Conventional Dendritic Cell,Treat
l4867,4.7708,-0.8088,Conventional Dendritic Cell,Control
l4868,4.9825,-1.7726,Conventional Dendritic Cell,Control
l4869,4.3046,-1.4573,Conventional Dendritic Cell,Treat
l4870,4.7484,-1.0798,Conventional Dendritic Cell,Control
l4871,4.7223,-1.4231,Conventional Dendritic Cell,Control
l4872,5.2557,-1.2905,Conventional Dendritic Cell,Treat
l4873,5.0088,-1.3885,Conventional Dendritic Cell,Control
l4874,4.2576,-1.9787,Conventional Dendritic Cell,Control
l4875,3.8966,-2.0354,Conventional Dendritic Cell,Treat
l4876,4.016,-2.0804,Conventional Dendritic Cell,Control
l4877,4.9381,-1.5304,Conventional Dendritic Cell,Control
l4878,3.7946,-1.605,Conventional Dendritic Cell,Treat
l4879,3.931,-1.2183,Conventional Dendritic Cell,Control
l4880,3.7959,-0.7379,Conventional Dendritic Cell,Control
l4881,4.0146,-1.2954,Conventional Dendritic Cell,Treat
l4882,4.0438,-1.4445,Conventional Dendritic Cell,Control
l4883,4.2319,-2.1588,Conventional Dendritic Cell,Control
l4884,5.1218,-1.3563,Conventional Dendritic Cell,Treat
l4885,4.1959,-1.7566,Conventional Dendritic Cell,Control
l4886,4.304,-1.0585,Conventional Dendritic Cell,Control
l4887,4.8869,-1.1604,Conventional Dendritic Cell,Treat
l4888,4.3085,-0.3128,Conventional Dendritic Cell,Control
l4889,4.9195,-1.5095,Conventional Dendritic Cell,Control
l4890,4.2556,-0.7821,Conventional Dendritic Cell,Treat
l4891,5.8335,-1.1924,Conventional Dendritic Cell,Control
l4892,5.0936,-0.8819,Conventional Dendritic Cell,Control
l4893,3.8977,-1.3351,Conventional Dendritic Cell,Treat
l4894,4.2857,-1.7759,Conventional Dendritic Cell,Control
l4895,4.8613,-2.2361,Conventional Dendritic Cell,Control
l4896,4.7832,-1.2976,Conventional Dendritic Cell,Treat
l4897,5.3205,-1.8112,Conventional Dendritic Cell,Control
l4898,4.5198,-1.6324,Conventional Dendritic Cell,Control
l4899,3.8902,-1.0792,Conventional Dendritic Cell,Treat
l4900,4.7577,-0.7438,Conventional Dendritic Cell,Control
l4901,4.3226,-1.4043,Conventional Dendritic Cell,Control
l4902,3.7526,-2.1221,Conventional Dendritic Cell,Treat
l4903,3.4439,-0.8488,Conventional Dendritic Cell,Control
l4904,4.2176,-0.5005,Conventional Dendritic Cell,Control
l4905,5.0401,-1.3834,Conventional Dendritic Cell,Treat
l4906,4.7586,-0.8756,Conventional Dendritic Cell,Control
l4907,5.4484,-0.9746,Conventional Dendritic Cell,Control
l4908,4.4276,-1.3137,Conventional Dendritic Cell,Treat
l4909,5.0696,-1.0137,Conventional Dendritic Cell,Control
l4910,4.8768,-1.1966,Conventional Dendritic Cell,Control
l4911,4.2645,-1.1733,Conventional Dendritic Cell,Treat
l4912,4.8028,-1.4612,Conventional Dendritic Cell,Control
l4913,5.2852,-2.5267,Conventional Dendritic Cell,Control
l4914,4.2484,-0.5715,Conventional Dendritic Cell,Treat
l4915,4.1681,-1.4392,Conventional Dendritic Cell,Control
l4916,4.4318,-0.8767,Conventional Dendritic Cell,Control
l4917,4.4654,-1.7972,Conventional Dendritic Cell,Treat
l4918,5.0703,-0.4594,Conventional Dendritic Cell,Control
l4919,5.0623,-1.2528,Conventional Dendritic Cell,Control
l4920,3.8,-1.2966,Conventional Dendritic Cell,Treat
l4921,3.8355,-1.8333,Conventional Dendritic Cell,Control
l4922,5.0208,-1.3762,Conventional Dendritic Cell,Control
l4923,4.7273,-1.1892,Conventional Dendritic Cell,Treat
l4924,4.5267,-0.8354,Conventional Dendritic Cell,Control
l4925,5.5228,-1.6717,Conventional Dendritic Cell,Control
l4926,4.8848,-1.4646,Conventional Dendritic Cell,Treat
l4927,4.8011,-1.269,Conventional Dendritic Cell,Control
l4928,4.4061,-0.87,Conventional Dendritic Cell,Control
l4929,3.7838,-0.3559,Conventional Dendritic Cell,Treat
l4930,4.919,-1.2556,Conventional Dendritic Cell,Control
l4931,3.9884,-1.0095,Conventional Dendritic Cell,Control
l4932,5.4135,-1.6184,Conventional Dendritic Cell,Treat
l4933,4.1325,-1.1381,Conventional Dendritic Cell,Control
l4934,4.8121,-1.684,Conventional Dendritic Cell,Control
l4935,4.2633,-0.4666,Conventional Dendritic Cell,Treat
l4936,4.4799,-0.3269,Conventional Dendritic Cell,Control
l4937,5.6682,-0.9871,Conventional Dendritic Cell,Control
l4938,3.8783,-0.7037,Conventional Dendritic Cell,Treat
l4939,4.3182,-1.276,Conventional Dendritic Cell,Control
l4940,4.8282,-1.2291,Conventional Dendritic Cell,Control
l4941,5.0873,-1.2082,Conventional Dendritic Cell,Treat
l4942,4.3823,-1.5738,Conventional Dendritic Cell,Control
l4943,4.6366,-1.563,Conventional Dendritic Cell,Control
l4944,4.3202,-1.9774,Conventional Dendritic Cell,Treat
l4945,3.7904,-0.3613,Conventional Dendritic Cell,Control
l4946,4.704,-0.7279,Conventional Dendritic Cell,Control
l4947,4.7985,-0.8535,Conventional Dendritic Cell,Treat
l4948,4.9182,-0.704,Conventional Dendritic Cell,Control
l4949,5.3236,-1.6128,Conventional Dendritic Cell,Control
l4950,4.7467,-0.9706,Conventional Dendritic Cell,Treat
l4951,4.2611,-1.1065,Conventional Dendritic Cell,Control
l4952,3.5427,-1.3055,Conventional Dendritic Cell,Control
l4953,4.6137,-1.8091,Conventional Dendritic Cell,Treat
l4954,4.5124,-1.8922,Conventional Dendritic Cell,Control
l4955,4.1359,-0.3902,Conventional Dendritic Cell,Control
l4956,4.7715,-1.9159,Conventional Dendritic Cell,Treat
l4957,5.4265,-1.5437,Conventional Dendritic Cell,Control
l4958,4.6468,-1.3618,Conventional Dendritic Cell,Control
l4959,4.2212,-0.8767,Conventional Dendritic Cell,Treat
l4960,4.9797,-0.2309,Conventional Dendritic Cell,Control
l4961,4.811,-1.4074,Conventional Dendritic Cell,Control
l4962,4.2172,-0.7388,Conventional Dendritic Cell,Treat
l4963,4.8988,-2.1774,Conventional Dendritic Cell,Control
l4964,5.1388,-1.0317,Conventional Dendritic Cell,Control
l4965,4.4104,-1.6357,Conventional Dendritic Cell,Treat
l4966,5.1273,-0.8631,Conventional Dendritic Cell,Control
l4967,5.2595,-2.0938,Conventional Dendritic Cell,Control
l4968,4.5082,-0.5917,Conventional Dendritic Cell,Treat
l4969,4.9323,-0.5482,Conventional Dendritic Cell,Control
l4970,3.6849,-0.8528,Conventional Dendritic Cell,Control
l4971,5.4317,-1.0971,Conventional Dendritic Cell,Treat
l4972,5.2353,-0.668,Conventional Dendritic Cell,Control
l4973,4.6914,-1.1167,Conventional Dendritic Cell,Control
l4974,4.4083,-0.2186,Conventional Dendritic Cell,Treat
l4975,4.349,-0.1463,Conventional Dendritic Cell,Control
l4976,4.0867,-1.6365,Conventional Dendritic Cell,Control
l4977,4.2379,-1.0265,Conventional Dendritic Cell,Treat
l4978,5.1575,-2.1406,Conventional Dendritic Cell,Control
l4979,4.0989,-2.5584,Conventional Dendritic Cell,Control
l4980,4.0388,-0.8679,Conventional Dendritic Cell,Treat
l4981,4.4205,-2.2952,Conventional Dendritic Cell,Control
l4982,5.1407,-0.6288,Conventional Dendritic Cell,Control
l4983,4.2996,-0.7099,Conventional Dendritic Cell,Treat
l4984,4.4843,-0.8897,Conventional Dendritic Cell,Control
l4985,4.8958,-0.9997,Conventional Dendritic Cell,Control
l4986,4.3981,-1.3597,Conventional Dendritic Cell,Treat
l4987,4.945,-2.0998,Conventional Dendritic Cell,Control
l4988,4.1087,-0.6858,Conventional Dendritic Cell,Control
l4989,5.5401,-0.6861,Conventional Dendritic Cell,Treat
l4990,4.6694,-1.5093,Conventional Dendritic Cell,Control
l4991,-5.1668,0.3465,LSECs,Control
l4992,-3.3985,0.6714,LSECs,Treat
l4993,-5.2855,-0.9422,LSECs,Control
l4994,-4.8915,0.5795,LSECs,Control
l4995,-5.0419,0.6861,LSECs,Treat
l4996,-4.0654,-0.4694,LSECs,Control
l4997,-3.8882,-1.2066,LSECs,Control
l4998,-4.5796,-0.1352,LSECs,Treat
l4999,-5.2387,1.1967,LSECs,Control
l5000,-5.333,0.272,LSECs,Control
l5001,-3.8013,0.4054,LSECs,Treat
l5002,-3.991,0.4107,LSECs,Control
l5003,-5.1062,0.1851,LSECs,Control
l5004,-2.1592,1.1641,LSECs,Treat
l5005,-3.4288,0.9604,LSECs,Control
l5006,-4.8997,0.6561,LSECs,Control
l5007,-4.7055,1.5138,LSECs,Treat
l5008,-4.0922,0.5135,LSECs,Control
l5009,-3.4913,0.1928,LSECs,Control
l5010,-2.1054,1.4283,LSECs,Treat
l5011,-3.2257,0.4449,LSECs,Control
l5012,-4.2535,-0.043,LSECs,Control
l5013,-4.5342,0.4365,LSECs,Treat
l5014,-2.8353,0.931,LSECs,Control
l5015,-4.844,1.1739,LSECs,Control
l5016,-3.9475,-1.375,LSECs,Treat
l5017,-3.4963,1.6378,LSECs,Control
l5018,-3.6728,-0.449,LSECs,Control
l5019,-3.5878,1.15,LSECs,Treat
l5020,-3.5256,0.804,LSECs,Control
l5021,-3.4178,-0.6872,LSECs,Control
l5022,-3.4714,-0.5472,LSECs,Treat
l5023,-2.9765,-2.0166,LSECs,Control
l5024,-5.4784,1.4273,LSECs,Control
l5025,-3.7047,1.1326,LSECs,Treat
l5026,-3.4175,-0.315,LSECs,Control
l5027,-3.4063,-0.1479,LSECs,Control
l5028,-5.7931,0.5994,LSECs,Treat
l5029,-3.7648,0.7065,LSECs,Control
l5030,-3.7353,-0.2259,LSECs,Control
l5031,-3.8371,-0.3004,LSECs,Treat
l5032,-4.4067,-0.3031,LSECs,Control
l5033,-4.0493,0.3961,LSECs,Control
l5034,-5.044,0.1349,LSECs,Treat
l5035,-3.8587,0.3964,LSECs,Control
l5036,-2.845,-0.2609,LSECs,Control
l5037,-2.6715,-0.4044,LSECs,Treat
l5038,-3.9722,1.3041,LSECs,Control
l5039,-4.0935,0.977,LSECs,Control
l5040,-2.189,0.1055,LSECs,Treat
l5041,-5.3123,0.7654,LSECs,Control
l5042,-4.0616,2.1356,LSECs,Control
l5043,-4.4418,1.0374,LSECs,Treat
l5044,-3.1557,0.5181,LSECs,Control
l5045,-4.4046,0.6142,LSECs,Control
l5046,-4.7356,-0.6105,LSECs,Treat
l5047,-4.1729,0.822,LSECs,Control
l5048,-5.3844,0.5709,LSECs,Control
l5049,-2.9447,0.6599,LSECs,Treat
l5050,-4.3665,0.3754,LSECs,Control
l5051,-3.1586,0.8276,LSECs,Control
l5052,-4.4278,0.3801,LSECs,Treat
l5053,-3.9652,1.059,LSECs,Control
l5054,-3.9115,1.4903,LSECs,Control
l5055,-4.4321,0.8594,LSECs,Treat
l5056,-3.5862,-1.1122,LSECs,Control
l5057,-4.4651,0.1502,LSECs,Control
l5058,-4.2488,-0.2864,LSECs,Treat
l5059,-2.6367,-0.269,LSECs,Control
l5060,-4.2514,-0.944,LSECs,Control
l5061,-3.6944,-0.2613,LSECs,Treat
l5062,-3.8845,1.4278,LSECs,Control
l5063,-3.5168,0.5883,LSECs,Control
l5064,-3.2914,-0.7181,LSECs,Treat
l5065,-4.7742,0.1215,LSECs,Control
l5066,-4.0704,1.0367,LSECs,Control
l5067,-4.6772,0.3672,LSECs,Treat
l5068,-4.903,0.8767,LSECs,Control
l5069,-2.917,0.9092,LSECs,Control
l5070,-4.7887,0.5456,LSECs,Treat
l5071,-3.2848,1.6788,LSECs,Control
l5072,-3.6206,-0.154,LSECs,Control
l5073,-5.4699,-0.8379,LSECs,Treat
l5074,-2.771,0.8753,LSECs,Control
l5075,-3.6022,0.2795,LSECs,Control
l5076,-4.0636,-1.7912,LSECs,Treat
l5077,-3.1742,-0.0695,LSECs,Control
l5078,-4.7296,0.5769,LSECs,Control
l5079,-2.3007,0.6489,LSECs,Treat
l5080,-3.3593,1.5403,LSECs,Control
l5081,-3.1902,0.1938,LSECs,Control
l5082,-5.2677,0.4275,LSECs,Treat
l5083,-4.3611,0.2998,LSECs,Control
l5084,-4.8471,0.5067,LSECs,Control
l5085,-3.9202,0.5098,LSECs,Treat
l5086,-3.4112,1.9008,LSECs,Control
l5087,-3.3567,-0.2445,LSECs,Control
l5088,-2.4336,0.3761,LSECs,Treat
l5089,-3.4669,0.6046,LSECs,Control
l5090,-4.3702,-0.1385,LSECs,Control
l5091,-3.9984,-0.1429,LSECs,Treat
l5092,-3.2959,0.864,LSECs,Control
l5093,-3.7756,1.2943,LSECs,Control
l5094,-5.0867,-0.2638,LSECs,Treat
l5095,-4.0163,-0.0792,LSECs,Control
l5096,-4.2835,0.7632,LSECs,Control
l5097,-3.065,0.6434,LSECs,Treat
l5098,-4.2062,-0.1321,LSECs,Control
l5099,-4.7752,-0.6274,LSECs,Control
l5100,-3.2713,0.4027,LSECs,Treat
l5101,-4.2982,1.5532,LSECs,Control
l5102,-4.819,0.7403,LSECs,Control
l5103,-4.9457,0.2366,LSECs,Treat
l5104,-4.4067,0.338,LSECs,Control
l5105,-4.4602,-0.9156,LSECs,Control
l5106,-4.0294,2.3295,LSECs,Treat
l5107,-5.3838,-0.1761,LSECs,Control
l5108,-4.7747,-0.342,LSECs,Control
l5109,-3.5552,0.7134,LSECs,Treat
l5110,-3.7592,-0.311,LSECs,Control
l5111,-5.4572,-0.2858,LSECs,Control
l5112,-3.9228,0.5061,LSECs,Treat
l5113,-3.7646,-0.2076,LSECs,Control
l5114,-3.4591,0.5702,LSECs,Control
l5115,-5.3058,0.2544,LSECs,Treat
l5116,-5.5217,0.1534,LSECs,Control
l5117,-3.9819,-0.9684,LSECs,Control
l5118,-5.0305,-0.44,LSECs,Treat
l5119,-3.2971,0.1329,LSECs,Control
l5120,-3.5008,-0.942,LSECs,Control
l5121,-3.6913,-0.4861,LSECs,Treat
l5122,-4.0065,0.4218,LSECs,Control
l5123,-4.5979,1.3893,LSECs,Control
l5124,-6.0816,0.2538,LSECs,Treat
l5125,-5.3383,-1.1442,LSECs,Control
l5126,-3.2406,0.6723,LSECs,Control
l5127,-3.6765,-0.189,LSECs,Treat
l5128,-2.9428,-0.3414,LSECs,Control
l5129,-2.8075,-0.2766,LSECs,Control
l5130,-3.4165,0.9744,LSECs,Treat
l5131,-4.4647,1.1563,LSECs,Control
l5132,-5.5732,1.0659,LSECs,Control
l5133,-3.9581,-0.8883,LSECs,Treat
l5134,-3.6097,0.2338,LSECs,Control
l5135,-4.7826,-0.624,LSECs,Control
l5136,-3.2404,-0.485,LSECs,Treat
l5137,-5.166,-1.7579,LSECs,Control
l5138,-4.2386,-0.2511,LSECs,Control
l5139,-3.969,-0.2773,LSECs,Treat
l5140,-3.5839,0.1723,LSECs,Control
l5141,-4.4695,0.7104,LSECs,Control
l5142,-3.0911,0.2463,LSECs,Treat
l5143,-2.1682,1.8804,LSECs,Control
l5144,-3.3868,0.1259,LSECs,Control
l5145,-4.426,0.4036,LSECs,Treat
l5146,-3.8523,0.3724,LSECs,Control
l5147,-4.3608,0.7941,LSECs,Control
l5148,-4.8876,-0.3112,LSECs,Treat
l5149,-1.882,-1.1326,LSECs,Control
l5150,-4.0296,-0.3931,LSECs,Control
l5151,-3.0717,0.7816,LSECs,Treat
l5152,-3.8195,-0.4605,LSECs,Control
l5153,-3.9492,-0.3926,LSECs,Control
l5154,-3.8817,0.2148,LSECs,Treat
l5155,-4.3995,0.369,LSECs,Control
l5156,-4.8213,0.7442,LSECs,Control
l5157,-4.5571,-0.147,LSECs,Treat
l5158,-2.805,0.9848,LSECs,Control
l5159,-3.9092,-0.8018,LSECs,Control
l5160,-3.2809,-0.2044,LSECs,Treat
l5161,-4.8781,0.0681,LSECs,Control
l5162,-4.9769,1.3038,LSECs,Control
l5163,-3.7397,0.479,LSECs,Treat
l5164,-4.2727,-0.4539,LSECs,Control
l5165,-2.5277,0.9242,LSECs,Control
l5166,-4.2201,1.2822,LSECs,Treat
l5167,-3.8169,2.2736,LSECs,Control
l5168,-3.4524,0.8312,LSECs,Control
l5169,-3.9104,-0.7478,LSECs,Treat
l5170,-5.2152,0.993,LSECs,Control
l5171,-3.5727,-0.2956,LSECs,Control
l5172,-4.9071,0.4027,LSECs,Treat
l5173,-3.8491,0.4047,LSECs,Control
l5174,-3.6888,0.0087,LSECs,Control
l5175,-3.4621,-0.4681,LSECs,Treat
l5176,-4.7939,1.8176,LSECs,Control
l5177,-4.3226,-0.8354,LSECs,Control
l5178,-3.7303,0.8473,LSECs,Treat
l5179,-2.8504,-0.2652,LSECs,Control
l5180,-3.042,0.8506,LSECs,Control
l5181,-3.302,-0.0333,LSECs,Treat
l5182,-3.9721,0.9529,LSECs,Control
l5183,-3.7321,0.738,LSECs,Control
l5184,-3.453,-0.4622,LSECs,Treat
l5185,-4.2674,-0.3338,LSECs,Control
l5186,-4.5548,-0.3301,LSECs,Control
l5187,-2.8235,1.685,LSECs,Treat
l5188,-3.1556,0.4984,LSECs,Control
l5189,-3.0252,-0.8235,LSECs,Control
l5190,-4.7374,-0.5632,LSECs,Treat
l5191,-4.9056,1.7116,LSECs,Control
l5192,-3.9417,1.0577,LSECs,Control
l5193,-4.6009,0.1082,LSECs,Treat
l5194,-4.5757,-0.0794,LSECs,Control
l5195,-3.2437,0.5394,LSECs,Control
l5196,-3.3522,-0.3644,LSECs,Treat
l5197,-3.9374,0.4818,LSECs,Control
l5198,-4.191,-0.2803,LSECs,Control
l5199,-5.8338,0.854,LSECs,Treat
l5200,-4.4079,-0.6944,LSECs,Control
l5201,-3.646,0.8905,LSECs,Control
l5202,-3.3437,0.6697,LSECs,Treat
l5203,-3.562,1.6365,LSECs,Control
l5204,-3.8994,1.3838,LSECs,Control
l5205,-6.3207,0.3542,LSECs,Treat
l5206,-4.722,0.7054,LSECs,Control
l5207,-4.6733,-0.1207,LSECs,Control
l5208,-3.8879,1.2804,LSECs,Treat
l5209,-4.2866,-0.4137,LSECs,Control
l5210,-4.846,0.3448,LSECs,Control
l5211,-2.8093,-0.3812,LSECs,Treat
l5212,-3.4077,-1.3142,LSECs,Control
l5213,-4.675,-0.5736,LSECs,Control
l5214,-2.6535,-0.1064,LSECs,Treat
l5215,-4.45,-1.2865,LSECs,Control
l5216,-4.3071,-0.2141,LSECs,Control
l5217,-4.0569,0.9421,LSECs,Treat
l5218,-4.8702,0.0581,LSECs,Control
l5219,-4.1968,0.2016,LSECs,Control
l5220,-3.7468,1.0756,LSECs,Treat
l5221,-4.821,-0.1741,LSECs,Control
l5222,-4.1857,0.6132,LSECs,Control
l5223,-4.4112,1.7459,LSECs,Treat
l5224,-3.7446,0.3228,LSECs,Control
l5225,-3.7033,0.0024,LSECs,Control
l5226,-4.3745,0.607,LSECs,Treat
l5227,-5.5925,-0.1715,LSECs,Control
l5228,-4.7779,-0.5751,LSECs,Control
l5229,-3.245,0.0938,LSECs,Treat
l5230,-3.6814,0.0017,LSECs,Control
l5231,-3.8597,-1.2339,LSECs,Control
l5232,-3.2619,-0.4272,LSECs,Treat
l5233,-3.5462,1.7901,LSECs,Control
l5234,-4.2275,0.5434,LSECs,Control
l5235,-3.3598,0.8316,LSECs,Treat
l5236,-4.0666,-0.413,LSECs,Control
l5237,-4.0377,-0.6824,LSECs,Control
l5238,-3.0363,-0.4584,LSECs,Treat
l5239,-4.8161,-1.1438,LSECs,Control
l5240,-4.1362,0.1781,LSECs,Control
l5241,-4.8803,0.0141,LSECs,Treat
l5242,-3.0637,-0.7077,LSECs,Control
l5243,-2.0746,0.4341,LSECs,Control
l5244,-3.0165,0.4432,LSECs,Treat
l5245,-4.0591,0.4358,LSECs,Control
l5246,-2.1022,0.8293,LSECs,Control
l5247,-4.7306,1.0115,LSECs,Treat
l5248,-4.8192,0.1396,LSECs,Control
l5249,-5.6188,0.4497,LSECs,Control
l5250,-2.7021,0.2862,LSECs,Treat
l5251,-5.5177,0.7131,LSECs,Control
l5252,-3.8463,-0.0641,LSECs,Control
l5253,-4.8494,0.1455,LSECs,Treat
l5254,-4.9095,0.4343,LSECs,Control
l5255,-3.6541,1.1798,LSECs,Control
l5256,-6.545,0.6123,LSECs,Treat
l5257,-4.4601,0.476,LSECs,Control
l5258,-4.4436,-0.3385,LSECs,Control
l5259,-3.5052,0.7093,LSECs,Treat
l5260,-5.4112,-0.5965,LSECs,Control
l5261,-2.2675,1.3093,LSECs,Control
l5262,-4.9089,-0.544,LSECs,Treat
l5263,-3.9926,-0.3244,LSECs,Control
l5264,-2.4523,0.669,LSECs,Control
l5265,-3.2936,0.2318,LSECs,Treat
l5266,-4.8693,0.2958,LSECs,Control
l5267,-4.5871,1.127,LSECs,Control
l5268,-4.0676,1.7491,LSECs,Treat
l5269,-4.1658,0.9271,LSECs,Control
l5270,-4.5743,-0.1929,LSECs,Control
l5271,-5.721,-0.5975,LSECs,Treat
l5272,-3.8143,0.3116,LSECs,Control
l5273,-3.8947,1.3562,LSECs,Control
l5274,-2.0581,0.6007,LSECs,Treat
l5275,-4.9221,-0.8367,LSECs,Control
l5276,-2.7608,0.7971,LSECs,Control
l5277,-4.0189,-1.2287,LSECs,Treat
l5278,-4.1758,-0.1655,LSECs,Control
l5279,-4.9017,-0.2395,LSECs,Control
l5280,-5.7922,-0.6926,LSECs,Treat
l5281,-1.2426,0.4775,LSECs,Control
l5282,-4.7417,-0.1246,LSECs,Control
l5283,-4.6817,0.34,LSECs,Treat
l5284,-4.1699,-0.5267,LSECs,Control
l5285,-4.3168,0.2184,LSECs,Control
l5286,-5.0853,0.4711,LSECs,Treat
l5287,-3.904,-0.0389,LSECs,Control
l5288,-5.1548,0.076,LSECs,Control
l5289,-4.0126,0.8722,LSECs,Treat
l5290,-3.1073,1.4798,LSECs,Control
l5291,-6.3857,0.2549,LSECs,Control
l5292,-4.1957,0.7781,LSECs,Treat
l5293,-3.3945,0.7162,LSECs,Control
l5294,-4.3144,-0.2423,LSECs,Control
l5295,-4.9559,0.3899,LSECs,Treat
l5296,-3.9926,0.1599,LSECs,Control
l5297,-5.0775,0.974,LSECs,Control
l5298,-4.6222,1.0743,LSECs,Treat
l5299,-3.5205,-0.1318,LSECs,Control
l5300,-5.519,-1.1929,LSECs,Control
l5301,-2.8426,-0.489,LSECs,Treat
l5302,-5.6109,0.5227,LSECs,Control
l5303,-3.4658,0.553,LSECs,Control
l5304,-4.7974,0.5019,LSECs,Treat
l5305,-5.0832,0.7852,LSECs,Control
l5306,-3.6892,0.3601,LSECs,Control
l5307,-4.5154,0.4478,LSECs,Treat
l5308,-2.6911,-0.2376,LSECs,Control
l5309,-4.3467,0.0334,LSECs,Control
l5310,-4.7872,-0.6294,LSECs,Treat
l5311,-4.2693,0.3464,LSECs,Control
l5312,-4.5367,1.4608,LSECs,Control
l5313,-4.2558,-0.3707,LSECs,Treat
l5314,-5.065,1.1692,LSECs,Control
l5315,-5.2186,-1.1768,LSECs,Control
l5316,-3.8519,-0.2467,LSECs,Treat
l5317,-4.8436,0.3655,LSECs,Control
l5318,-3.528,-0.2275,LSECs,Control
l5319,-4.3094,0.269,LSECs,Treat
l5320,-5.6411,-0.4325,LSECs,Control
l5321,-3.5269,0.9912,LSECs,Control
l5322,-4.6648,0.4872,LSECs,Treat
l5323,-4.0529,-0.1681,LSECs,Control
l5324,-4.2742,0.2859,LSECs,Control
l5325,-4.2052,-1.0311,LSECs,Treat
l5326,-2.7852,0.6841,LSECs,Control
l5327,-3.7458,1.7331,LSECs,Control
l5328,-4.1267,-0.1974,LSECs,Treat
l5329,-4.3247,-0.1825,LSECs,Control
l5330,-3.5053,0.036,LSECs,Control
l5331,-5.1252,-0.3351,LSECs,Treat
l5332,-3.3642,0.4463,LSECs,Control
l5333,-4.1354,0.1253,LSECs,Control
l5334,-3.6837,0.3808,LSECs,Treat
l5335,-2.9965,1.7407,LSECs,Control
l5336,-3.0332,-0.3564,LSECs,Control
l5337,-5.0785,0.746,LSECs,Treat
l5338,-5.2986,0.3159,LSECs,Control
l5339,-4.5098,0.7573,LSECs,Control
l5340,-4.4175,0.3853,LSECs,Treat
l5341,-3.8232,0.9141,LSECs,Control
l5342,-3.6569,-0.3451,LSECs,Control
l5343,-5.9791,1.148,LSECs,Treat
l5344,-4.1316,-0.6114,LSECs,Control
l5345,-3.9552,0.232,LSECs,Control
l5346,-3.6954,1.028,LSECs,Treat
l5347,-4.0749,0.5051,LSECs,Control
l5348,-2.7031,0.3701,LSECs,Control
l5349,-5.6171,0.2458,LSECs,Treat
l5350,-4.1796,-0.0893,LSECs,Control
l5351,-4.3101,0.1457,LSECs,Control
l5352,-4.5037,0.0768,LSECs,Treat
l5353,-5.6102,0.49,LSECs,Control
l5354,-4.2635,0.7519,LSECs,Control
l5355,-5.0686,0.4534,LSECs,Treat
l5356,-4.9165,-0.6429,LSECs,Control
l5357,-5.2746,-0.8394,LSECs,Control
l5358,-3.7191,-0.5537,LSECs,Treat
l5359,-4.261,1.0676,LSECs,Control
l5360,-3.8844,-0.1512,LSECs,Control
l5361,-4.3646,-0.7724,LSECs,Treat
l5362,-4.0124,1.1196,LSECs,Control
l5363,-2.7624,1.1258,LSECs,Control
l5364,-3.8192,-1.7168,LSECs,Treat
l5365,-5.1499,-0.116,LSECs,Control
l5366,-3.5487,-0.4197,LSECs,Control
l5367,-4.0852,-0.2483,LSECs,Treat
l5368,-5.8458,-0.5476,LSECs,Control
l5369,-3.7687,-0.0751,LSECs,Control
l5370,-4.0427,-0.1393,LSECs,Treat
l5371,-5.0163,0.1835,LSECs,Control
l5372,-3.0536,-0.0284,LSECs,Control
l5373,-4.912,-0.1552,LSECs,Treat
l5374,-3.3059,0.6693,LSECs,Control
l5375,-4.8499,0.4005,LSECs,Control
l5376,-2.1986,1.8511,LSECs,Treat
l5377,-4.0293,0.8247,LSECs,Control
l5378,-4.2814,0.401,LSECs,Control
l5379,-3.7814,-0.4547,LSECs,Treat
l5380,-5.2508,1.3079,LSECs,Control
l5381,-5.0326,-0.9006,LSECs,Control
l5382,-1.9564,1.1416,LSECs,Treat
l5383,-5.7937,1.6203,LSECs,Control
l5384,-4.0719,1.6777,LSECs,Control
l5385,-1.7618,1.2787,LSECs,Treat
l5386,-4.4677,-1.4957,LSECs,Control
l5387,-5.9227,0.5511,LSECs,Control
l5388,-1.9084,-0.3121,LSECs,Treat
l5389,-3.9261,0.6134,LSECs,Control
l5390,-5.7065,-1.0007,LSECs,Control
l5391,-3.6279,-0.0038,LSECs,Treat
l5392,-1.9543,-1.5725,LSECs,Control
l5393,-3.782,1.7232,LSECs,Control
l5394,-4.1891,0.3516,LSECs,Treat
l5395,-4.1749,0.7715,LSECs,Control
l5396,-4.8006,-0.094,LSECs,Control
l5397,-3.3706,2.1337,LSECs,Treat
l5398,-5.1013,-0.0915,LSECs,Control
l5399,-2.5275,1.2231,LSECs,Control
l5400,-4.2828,0.2014,LSECs,Treat
l5401,-3.0193,0.3548,LSECs,Control
l5402,-3.418,-0.4316,LSECs,Control
l5403,-3.5543,0.7231,LSECs,Treat
l5404,-5.1026,0.9928,LSECs,Control
l5405,-2.7454,0.8761,LSECs,Control
l5406,-4.3825,0.8685,LSECs,Treat
l5407,-4.2411,1.9575,LSECs,Control
l5408,-2.9669,-0.3148,LSECs,Control
l5409,-4.8549,-0.0187,LSECs,Treat
l5410,-2.8567,-0.9961,LSECs,Control
l5411,-2.3564,0.8379,LSECs,Control
l5412,-3.2349,0.5821,LSECs,Treat
l5413,-5.0891,0.5551,LSECs,Control
l5414,-5.0366,-0.1941,LSECs,Control
l5415,-4.5735,0.379,LSECs,Treat
l5416,-5.0277,0.3157,LSECs,Control
l5417,-4.1972,0.113,LSECs,Control
l5418,-4.0708,-0.3526,LSECs,Treat
l5419,-3.0817,1.7392,LSECs,Control
l5420,-5.0111,1.2883,LSECs,Control
l5421,-3.7477,-1.0321,LSECs,Treat
l5422,-5.3024,-0.3808,LSECs,Control
l5423,-4.9264,-0.4112,LSECs,Control
l5424,-4.9642,-0.0857,LSECs,Treat
l5425,-2.7388,0.4064,LSECs,Control
l5426,-3.8766,0.2653,LSECs,Control
l5427,-3.7822,-0.1321,LSECs,Treat
l5428,-3.5555,0.4234,LSECs,Control
l5429,-3.7041,0.1705,LSECs,Control
l5430,-4.6746,1.5813,LSECs,Treat
l5431,-3.9325,-0.162,LSECs,Control
l5432,-5.3712,-0.5977,LSECs,Control
l5433,-3.4443,0.7142,LSECs,Treat
l5434,-5.2606,0.3207,LSECs,Control
l5435,-4.4063,-0.4491,LSECs,Control
l5436,-4.8967,-1.2065,LSECs,Treat
l5437,-3.6195,1.1099,LSECs,Control
l5438,-5.9797,-0.8551,LSECs,Control
l5439,-4.3735,-0.2343,LSECs,Treat
l5440,-3.4142,1.1555,LSECs,Control
l5441,-2.4556,0.3341,LSECs,Control
l5442,-3.6448,-0.6511,LSECs,Treat
l5443,-2.9871,0.9005,LSECs,Control
l5444,-5.5045,1.0971,LSECs,Control
l5445,-4.4906,-0.7326,LSECs,Treat
l5446,-3.5461,0.6935,LSECs,Control
l5447,-3.9271,0.3435,LSECs,Control
l5448,-6.6098,0.2513,LSECs,Treat
l5449,-4.438,-1.1503,LSECs,Control
l5450,-4.5697,-0.2346,LSECs,Control
l5451,-4.3229,0.3104,LSECs,Treat
l5452,-3.7239,-1.2109,LSECs,Control
l5453,-5.6976,1.5368,LSECs,Control
l5454,-4.4759,0.1706,LSECs,Treat
l5455,-4.5527,0.1358,LSECs,Control
l5456,-3.0798,1.3509,LSECs,Control
l5457,-5.3348,0.8728,LSECs,Treat
l5458,-5.3781,-0.3924,LSECs,Control
l5459,-2.9289,0.3486,LSECs,Control
l5460,-3.347,1.1103,LSECs,Treat
l5461,-3.5925,0.8314,LSECs,Control
l5462,-3.9857,-0.0921,LSECs,Control
l5463,-5.6432,-0.7874,LSECs,Treat
l5464,-3.6218,-1.232,LSECs,Control
l5465,-4.0884,0.9465,LSECs,Control
l5466,-6.3388,0.2972,LSECs,Treat
l5467,-4.8809,-0.3687,LSECs,Control
l5468,-2.564,0.8083,LSECs,Control
l5469,-5.2394,-0.8959,LSECs,Treat
l5470,-3.9094,0.9544,LSECs,Control
l5471,-4.0836,0.6864,LSECs,Control
l5472,-4.0286,0.4562,LSECs,Treat
l5473,-4.2406,0.8169,LSECs,Control
l5474,-4.1336,0.5209,LSECs,Control
l5475,-5.2086,1.0284,LSECs,Treat
l5476,-5.837,-0.5062,LSECs,Control
l5477,-3.266,1.0021,LSECs,Control
l5478,-5.2339,0.2591,LSECs,Treat
l5479,-5.0639,-0.6277,LSECs,Control
l5480,-4.7985,0.9348,LSECs,Control
l5481,-5.1601,0.0751,LSECs,Treat
l5482,-4.8617,0.6893,LSECs,Control
l5483,-6.1932,0.3072,LSECs,Control
l5484,-3.819,-0.4156,LSECs,Treat
l5485,-4.7132,0.3511,LSECs,Control
l5486,-2.978,1.3746,LSECs,Control
l5487,-4.5257,1.1417,LSECs,Treat
l5488,-4.8179,-0.6214,LSECs,Control
l5489,-5.9912,-0.3741,LSECs,Control
l5490,-4.9337,1.1588,LSECs,Treat
l5491,-5.7691,-0.2908,LSECs,Control
l5492,-4.2053,0.228,LSECs,Control
l5493,-5.17,-1.1508,LSECs,Treat
l5494,-4.2544,0.3964,LSECs,Control
l5495,-4.6099,0.2112,LSECs,Control
l5496,-5.0991,0.9568,LSECs,Treat
l5497,-2.6203,1.3964,LSECs,Control
l5498,-5.3048,0.5652,LSECs,Control
l5499,-3.5978,-0.3439,LSECs,Treat
l5500,-5.1455,0.6526,LSECs,Control
l5501,-3.8939,1.0304,LSECs,Control
l5502,-3.3071,0.9367,LSECs,Treat
l5503,-3.486,-0.5022,LSECs,Control
l5504,-5.3654,-1.0724,LSECs,Control
l5505,-5.4034,1.4231,LSECs,Treat
l5506,-4.049,0.7478,LSECs,Control
l5507,-4.7597,0.0212,LSECs,Control
l5508,-3.763,-0.3692,LSECs,Treat
l5509,-3.669,-1.0294,LSECs,Control
l5510,-5.0884,1.7715,LSECs,Control
l5511,-3.0892,-0.492,LSECs,Treat
l5512,-3.0804,0.6009,LSECs,Control
l5513,-5.2102,0.5214,LSECs,Control
l5514,-3.8651,0.1129,LSECs,Treat
l5515,-3.3634,0.391,LSECs,Control
l5516,-4.9444,0.2482,LSECs,Control
l5517,-4.7694,0.0944,LSECs,Treat
l5518,-5.3109,-0.6131,LSECs,Control
l5519,-5.2316,0.3491,LSECs,Control
l5520,-4.9203,1.1756,LSECs,Treat
l5521,-4.2292,0.3555,LSECs,Control
l5522,-3.9217,0.711,LSECs,Control
l5523,-2.826,-0.2756,LSECs,Treat
l5524,-2.845,-0.0845,LSECs,Control
l5525,-4.3512,0.2072,LSECs,Control
l5526,-4.6581,0.6806,LSECs,Treat
l5527,-3.8682,-0.3636,LSECs,Control
l5528,-5.4647,0.085,LSECs,Control
l5529,-5.0446,0.5364,LSECs,Treat
l5530,-3.9509,-1.5386,LSECs,Control
l5531,-3.2375,-4.1332,Hepatocytes,Control
l5532,-4.0718,-2.4941,Hepatocytes,Treat
l5533,-2.7241,-2.7878,Hepatocytes,Control
l5534,-3.9922,-1.6489,Hepatocytes,Control
l5535,-1.4829,-4.4031,Hepatocytes,Treat
l5536,-2.8364,-4.2882,Hepatocytes,Control
l5537,-3.632,-3.5314,Hepatocytes,Control
l5538,-2.3624,-4.3153,Hepatocytes,Treat
l5539,-1.1933,-2.7666,Hepatocytes,Control
l5540,-4.6539,-4.9753,Hepatocytes,Control
l5541,-4.2708,-3.8348,Hepatocytes,Treat
l5542,-3.0309,-5.134,Hepatocytes,Control
l5543,-2.9718,-2.6736,Hepatocytes,Control
l5544,-1.5366,-5.2667,Hepatocytes,Treat
l5545,-1.6256,-4.3966,Hepatocytes,Control
l5546,-2.0019,-2.3173,Hepatocytes,Control
l5547,-4.0195,-4.0339,Hepatocytes,Treat
l5548,-3.7737,-4.1388,Hepatocytes,Control
l5549,-2.624,-4.2723,Hepatocytes,Control
l5550,-0.6774,-4.2683,Hepatocytes,Treat
l5551,-3.6276,-2.2188,Hepatocytes,Control
l5552,-4.5789,-4.5781,Hepatocytes,Control
l5553,-2.5115,-2.9291,Hepatocytes,Treat
l5554,-3.777,-3.3681,Hepatocytes,Control
l5555,-2.4589,-3.6465,Hepatocytes,Control
l5556,-3.143,-5.0579,Hepatocytes,Treat
l5557,-3.9795,-3.1697,Hepatocytes,Control
l5558,-2.6378,-2.6379,Hepatocytes,Control
l5559,-3.3675,-3.2799,Hepatocytes,Treat
l5560,-2.524,-4.4477,Hepatocytes,Control
l5561,-3.8151,-2.6315,Hepatocytes,Control
l5562,-4.572,-3.7038,Hepatocytes,Treat
l5563,-2.7735,-2.8847,Hepatocytes,Control
l5564,-3.5376,-4.8899,Hepatocytes,Control
l5565,-3.1428,-4.5946,Hepatocytes,Treat
l5566,-2.5925,-2.1334,Hepatocytes,Control
l5567,-4.7606,-4.2916,Hepatocytes,Control
l5568,-3.9682,-3.5637,Hepatocytes,Treat
l5569,-1.8397,-4.275,Hepatocytes,Control
l5570,-4.7772,-3.2074,Hepatocytes,Control
l5571,-2.2939,-3.2985,Hepatocytes,Treat
l5572,-3.8245,-3.9094,Hepatocytes,Control
l5573,-3.9849,-3.2285,Hepatocytes,Control
l5574,-2.0042,-4.0739,Hepatocytes,Treat
l5575,-2.9156,-4.1845,Hepatocytes,Control
l5576,-3.2255,-4.1083,Hepatocytes,Control
l5577,-2.886,-3.6395,Hepatocytes,Treat
l5578,-4.3023,-4.3302,Hepatocytes,Control
l5579,-3.3683,-3.4026,Hepatocytes,Control
l5580,-4.4406,-3.9746,Hepatocytes,Treat
l5581,-3.8366,-3.8945,Hepatocytes,Control
l5582,-4.8098,-3.9916,Hepatocytes,Control
l5583,-2.3908,-4.0209,Hepatocytes,Treat
l5584,-4.8065,-4.5305,Hepatocytes,Control
l5585,-4.6514,-4.1854,Hepatocytes,Control
l5586,-3.9028,-2.6474,Hepatocytes,Treat
l5587,-3.012,-3.6197,Hepatocytes,Control
l5588,-2.4128,-3.2809,Hepatocytes,Control
l5589,-2.7665,-2.6968,Hepatocytes,Treat
l5590,-1.4682,-3.4193,Hepatocytes,Control
l5591,-3.1487,-4.3462,Hepatocytes,Control
l5592,-1.7593,-3.5248,Hepatocytes,Treat
l5593,-1.3071,-3.7539,Hepatocytes,Control
l5594,-2.5818,-4.4892,Hepatocytes,Control
l5595,-2.2093,-3.3271,Hepatocytes,Treat
l5596,-1.5145,-3.0153,Hepatocytes,Control
l5597,-1.4291,-1.8424,Hepatocytes,Control
l5598,-5.3877,-4.4104,Hepatocytes,Treat
l5599,-1.2358,-4.3698,Hepatocytes,Control
l5600,-2.8052,-4.0525,Hepatocytes,Control
l5601,-0.7315,-3.7363,Hepatocytes,Treat
l5602,-4.0078,-3.2432,Hepatocytes,Control
l5603,-5.1921,-2.852,Hepatocytes,Control
l5604,-4.2039,-3.4801,Hepatocytes,Treat
l5605,-2.857,-4.0243,Hepatocytes,Control
l5606,-3.1902,-4.0765,Hepatocytes,Control
l5607,-3.4841,-4.6409,Hepatocytes,Treat
l5608,-3.1871,-2.6318,Hepatocytes,Control
l5609,-1.3049,-4.5607,Hepatocytes,Control
l5610,-4.8134,-2.7475,Hepatocytes,Treat
l5611,-1.0441,-4.2443,Hepatocytes,Control
l5612,-3.8145,-4.1192,Hepatocytes,Control
l5613,-3.0496,-2.469,Hepatocytes,Treat
l5614,-2.018,-3.9827,Hepatocytes,Control
l5615,-1.4536,-2.2397,Hepatocytes,Control
l5616,-3.1764,-3.2963,Hepatocytes,Treat
l5617,-3.3881,-3.6507,Hepatocytes,Control
l5618,-5.0534,-2.9587,Hepatocytes,Control
l5619,-1.8625,-3.6862,Hepatocytes,Treat
l5620,-3.8945,-3.4166,Hepatocytes,Control
l5621,-4.6911,-2.6913,Hepatocytes,Control
l5622,-3.8838,-3.1736,Hepatocytes,Treat
l5623,-4.1287,-3.5192,Hepatocytes,Control
l5624,-4.3712,-3.7129,Hepatocytes,Control
l5625,-0.6067,-5.3884,Hepatocytes,Treat
l5626,-3.5458,-2.8655,Hepatocytes,Control
l5627,-1.8476,-3.7047,Hepatocytes,Control
l5628,-3.6717,-3.5624,Hepatocytes,Treat
l5629,-2.811,-2.9226,Hepatocytes,Control
l5630,-4.2477,-3.6899,Hepatocytes,Control
l5631,-3.8583,-3.9584,Hepatocytes,Treat
l5632,-0.9341,-4.7279,Hepatocytes,Control
l5633,-3.0183,-3.841,Hepatocytes,Control
l5634,-3.3476,-3.9505,Hepatocytes,Treat
l5635,-6.8396,-3.728,Hepatocytes,Control
l5636,-4.0119,-4.2906,Hepatocytes,Control
l5637,-5.737,-3.0843,Hepatocytes,Treat
l5638,-3.8635,-3.9701,Hepatocytes,Control
l5639,-0.6612,-3.7231,Hepatocytes,Control
l5640,-3.1325,-4.2581,Hepatocytes,Treat
l5641,-4.7563,-3.8151,Hepatocytes,Control
l5642,-1.3098,-3.883,Hepatocytes,Control
l5643,-3.3031,-2.3124,Hepatocytes,Treat
l5644,-4.6,-2.845,Hepatocytes,Control
l5645,-3.6884,-2.9335,Hepatocytes,Control
l5646,-1.066,-3.4351,Hepatocytes,Treat
l5647,-1.5794,-2.597,Hepatocytes,Control
l5648,-0.8996,-3.9706,Hepatocytes,Control
l5649,-4.0315,-5.0246,Hepatocytes,Treat
l5650,-2.7302,-2.8434,Hepatocytes,Control
l5651,-3.4407,-3.7745,Hepatocytes,Control
l5652,-2.8142,-4.7541,Hepatocytes,Treat
l5653,-2.6282,-3.277,Hepatocytes,Control
l5654,-3.1312,-4.3094,Hepatocytes,Control
l5655,-2.0055,-4.3059,Hepatocytes,Treat
l5656,-1.6922,-2.1971,Hepatocytes,Control
l5657,-4.2999,-3.2288,Hepatocytes,Control
l5658,-3.1578,-3.0092,Hepatocytes,Treat
l5659,-3.5945,-4.2322,Hepatocytes,Control
l5660,-2.0819,-4.8787,Hepatocytes,Control
l5661,-2.8043,-3.6905,Hepatocytes,Treat
l5662,-6.0404,-4.3544,Hepatocytes,Control
l5663,-3.8805,-3.6225,Hepatocytes,Control
l5664,-3.4243,-4.6944,Hepatocytes,Treat
l5665,-2.2985,-3.6007,Hepatocytes,Control
l5666,-4.5254,-3.0966,Hepatocytes,Control
l5667,-2.2314,-4.0879,Hepatocytes,Treat
l5668,-4.0354,-4.2204,Hepatocytes,Control
l5669,-5.2166,-4.422,Hepatocytes,Control
l5670,-4.2328,-3.1367,Hepatocytes,Treat
l5671,-4.9027,-3.7911,Hepatocytes,Control
l5672,-3.1354,-3.8732,Hepatocytes,Control
l5673,-2.6321,-5.4015,Hepatocytes,Treat
l5674,-4.3055,-3.556,Hepatocytes,Control
l5675,-2.982,-3.5005,Hepatocytes,Control
l5676,-3.9009,-3.1604,Hepatocytes,Treat
l5677,-3.976,-3.8408,Hepatocytes,Control
l5678,-2.8498,-2.5109,Hepatocytes,Control
l5679,-1.6903,-3.2353,Hepatocytes,Treat
l5680,-0.1165,-3.5367,Hepatocytes,Control
l5681,-2.7743,-2.9317,Hepatocytes,Control
l5682,-3.5211,-5.4592,Hepatocytes,Treat
l5683,-4.6114,-4.2708,Hepatocytes,Control
l5684,-3.3319,-4.4518,Hepatocytes,Control
l5685,-4.2166,-2.3539,Hepatocytes,Treat
l5686,-4.0284,-3.7396,Hepatocytes,Control
l5687,-4.469,-4.1376,Hepatocytes,Control
l5688,-1.9518,-5.2884,Hepatocytes,Treat
l5689,-3.8355,-4.4523,Hepatocytes,Control
l5690,-5.3289,-5.2768,Hepatocytes,Control
l5691,-2.6435,-2.5944,Hepatocytes,Treat
l5692,-5.5241,-2.2549,Hepatocytes,Control
l5693,-3.2327,-4.6204,Hepatocytes,Control
l5694,-0.644,-3.9322,Hepatocytes,Treat
l5695,-2.3162,-4.4504,Hepatocytes,Control
l5696,-2.9687,-4.6328,Hepatocytes,Control
l5697,-2.6737,-3.2474,Hepatocytes,Treat
l5698,-4.8274,-2.5925,Hepatocytes,Control
l5699,-2.4621,-4.8774,Hepatocytes,Control
l5700,-3.7516,-4.4632,Hepatocytes,Treat
l5701,-2.8487,-3.6814,Hepatocytes,Control
l5702,-3.747,-3.6663,Hepatocytes,Control
l5703,-0.3849,-1.8468,Hepatocytes,Treat
l5704,-3.8658,-4.6735,Hepatocytes,Control
l5705,-3.8171,-4.4979,Hepatocytes,Control
l5706,-1.8666,-3.3409,Hepatocytes,Treat
l5707,-5.7589,-2.8105,Hepatocytes,Control
l5708,-4.1946,-2.4615,Hepatocytes,Control
l5709,-2.504,-3.4861,Hepatocytes,Treat
l5710,-2.0781,-4.2636,Hepatocytes,Control
l5711,-5.3298,-2.8386,Hepatocytes,Control
l5712,-2.9176,-4.7029,Hepatocytes,Treat
l5713,-3.5253,-2.6502,Hepatocytes,Control
l5714,-1.1413,-4.2944,Hepatocytes,Control
l5715,-3.2653,-3.9215,Hepatocytes,Treat
l5716,-3.3203,-4.0629,Hepatocytes,Control
l5717,-4.8568,-4.2686,Hepatocytes,Control
l5718,-1.1031,-2.4878,Hepatocytes,Treat
l5719,-1.475,-3.8618,Hepatocytes,Control
l5720,-1.5453,-3.5363,Hepatocytes,Control
l5721,-5.0964,-3.6408,Hepatocytes,Treat
l5722,-2.5737,-2.7944,Hepatocytes,Control
l5723,-2.2832,-4.7109,Hepatocytes,Control
l5724,-2.8509,-3.8216,Hepatocytes,Treat
l5725,-0.7201,-3.453,Hepatocytes,Control
l5726,-3.3819,-2.9475,Hepatocytes,Control
l5727,-5.8228,-3.8014,Hepatocytes,Treat
l5728,-3.5105,-3.4989,Hepatocytes,Control
l5729,-4.6299,-4.3968,Hepatocytes,Control
l5730,-0.8303,-3.5053,Hepatocytes,Treat
l5731,-4.4025,-4.5323,Hepatocytes,Control
l5732,-1.549,-4.6074,Hepatocytes,Control
l5733,-4.6483,-3.4129,Hepatocytes,Treat
l5734,-1.9293,-3.3834,Hepatocytes,Control
l5735,-4.5731,-3.7341,Hepatocytes,Control
l5736,-3.9724,-2.6289,Hepatocytes,Treat
l5737,-2.6646,-2.9636,Hepatocytes,Control
l5738,-1.8171,-4.3305,Hepatocytes,Control
l5739,-2.5407,-5.0782,Hepatocytes,Treat
l5740,-3.6757,-3.3176,Hepatocytes,Control
l5741,-3.6798,-4.4102,Hepatocytes,Control
l5742,-3.6544,-2.4829,Hepatocytes,Treat
l5743,-3.209,-2.9567,Hepatocytes,Control
l5744,-1.6551,-3.5927,Hepatocytes,Control
l5745,-3.4332,-2.768,Hepatocytes,Treat
l5746,-6.2722,-4.4414,Hepatocytes,Control
l5747,-3.3748,-5.0937,Hepatocytes,Control
l5748,-1.7942,-4.0508,Hepatocytes,Treat
l5749,-1.8658,-5.3356,Hepatocytes,Control
l5750,-1.0798,-3.1454,Hepatocytes,Control
l5751,-2.9,-4.3979,Hepatocytes,Treat
l5752,-1.8362,-2.7863,Hepatocytes,Control
l5753,-1.0216,-3.4769,Hepatocytes,Control
l5754,-4.9485,-3.9574,Hepatocytes,Treat
l5755,-2.3684,-4.856,Hepatocytes,Control
l5756,-2.1217,-4.1207,Hepatocytes,Control
l5757,-3.5298,-3.1622,Hepatocytes,Treat
l5758,-3.4268,-4.6471,Hepatocytes,Control
l5759,-3.9741,-3.0429,Hepatocytes,Control
l5760,-2.957,-3.5589,Hepatocytes,Treat
l5761,-4.0366,-2.8456,Hepatocytes,Control
l5762,-2.7106,-3.9327,Hepatocytes,Control
l5763,-4.9997,-4.0202,Hepatocytes,Treat
l5764,-4.2093,-2.3797,Hepatocytes,Control
l5765,-2.3628,-2.9063,Hepatocytes,Control
l5766,-3.9015,-4.6651,Hepatocytes,Treat
l5767,-3.947,-3.4395,Hepatocytes,Control
l5768,-2.4286,-2.9146,Hepatocytes,Control
l5769,-0.9873,-3.5207,Hepatocytes,Treat
l5770,-4.1958,-4.1032,Hepatocytes,Control
l5771,-3.1501,-5.1871,Hepatocytes,Control
l5772,-2.7303,-2.6715,Hepatocytes,Treat
l5773,-3.0668,-4.8738,Hepatocytes,Control
l5774,-2.539,-4.4354,Hepatocytes,Control
l5775,-4.5821,-5.8468,Hepatocytes,Treat
l5776,-4.9299,-4.2494,Hepatocytes,Control
l5777,-2.7246,-3.896,Hepatocytes,Control
l5778,-1.9713,-3.5761,Hepatocytes,Treat
l5779,-2.7875,-5.1026,Hepatocytes,Control
l5780,-3.6427,-2.3639,Hepatocytes,Control
l5781,-5.0777,-2.8552,Hepatocytes,Treat
l5782,-3.7428,-4.1297,Hepatocytes,Control
l5783,-3.2207,-3.1352,Hepatocytes,Control
l5784,-3.0116,-4.058,Hepatocytes,Treat
l5785,-2.7055,-3.9741,Hepatocytes,Control
l5786,-3.6136,-4.14,Hepatocytes,Control
l5787,-4.0926,-3.2572,Hepatocytes,Treat
l5788,-1.358,-4.8793,Hepatocytes,Control
l5789,-5.1925,-3.9164,Hepatocytes,Control
l5790,-2.1894,-4.2983,Hepatocytes,Treat
l5791,-4.9961,-3.2202,Hepatocytes,Control
l5792,-3.8762,-2.8342,Hepatocytes,Control
l5793,-3.2049,-3.4832,Hepatocytes,Treat
l5794,-4.1616,-3.2972,Hepatocytes,Control
l5795,-3.4981,-2.9716,Hepatocytes,Control
l5796,-3.5412,-3.1089,Hepatocytes,Treat
l5797,-2.1156,-3.3328,Hepatocytes,Control
l5798,-0.9738,-2.5024,Hepatocytes,Control
l5799,-2.6828,-2.8353,Hepatocytes,Treat
l5800,-3.3175,-3.6246,Hepatocytes,Control
l5801,-1.5882,-3.5944,Hepatocytes,Control
l5802,-2.9979,-4.3535,Hepatocytes,Treat
l5803,-4.0945,-2.7469,Hepatocytes,Control
l5804,-2.8105,-4.6185,Hepatocytes,Control
l5805,-4.5929,-2.6083,Hepatocytes,Treat
l5806,-3.58,-3.649,Hepatocytes,Control
l5807,-4.3387,-4.1582,Hepatocytes,Control
l5808,-3.4505,-2.6901,Hepatocytes,Treat
l5809,-2.2785,-1.4617,Hepatocytes,Control
l5810,-2.9925,-3.654,Hepatocytes,Control
l5811,-2.913,-3.0972,Hepatocytes,Treat
l5812,-5.5335,-2.559,Hepatocytes,Control
l5813,-2.3044,-4.6473,Hepatocytes,Control
l5814,-1.8947,-4.8119,Hepatocytes,Treat
l5815,-4.1119,-4.2592,Hepatocytes,Control
l5816,-5.1852,-3.8869,Hepatocytes,Control
l5817,-4.1332,-3.4425,Hepatocytes,Treat
l5818,-2.3636,-2.1141,Hepatocytes,Control
l5819,-4.5386,-4.1935,Hepatocytes,Control
l5820,-2.5996,-5.7949,Hepatocytes,Treat
l5821,-4.0363,-4.476,Hepatocytes,Control
l5822,-2.9098,-2.6052,Hepatocytes,Control
l5823,-2.56,-4.767,Hepatocytes,Treat
l5824,-3.7784,-2.9582,Hepatocytes,Control
l5825,-6.0995,-3.3393,Hepatocytes,Control
l5826,-3.1011,-4.8912,Hepatocytes,Treat
l5827,-3.4145,-3.2073,Hepatocytes,Control
l5828,-2.0985,-3.2644,Hepatocytes,Control
l5829,-4.5958,-4.2158,Hepatocytes,Treat
l5830,-3.9988,-4.4162,Hepatocytes,Control
l5831,-2.469,-3.568,Hepatocytes,Control
l5832,-3.4215,-3.5687,Hepatocytes,Treat
l5833,-2.7358,-1.5124,Hepatocytes,Control
l5834,-4.0844,-2.3639,Hepatocytes,Control
l5835,-4.0343,-3.9832,Hepatocytes,Treat
l5836,-4.7613,-4.3155,Hepatocytes,Control
l5837,-2.4989,-3.7413,Hepatocytes,Control
l5838,-2.815,-3.7297,Hepatocytes,Treat
l5839,-2.8706,-3.0745,Hepatocytes,Control
l5840,-4.0601,-4.4882,Hepatocytes,Control
l5841,-2.8884,-3.1452,Hepatocytes,Treat
l5842,-2.7788,-3.5282,Hepatocytes,Control
l5843,-1.8132,-4.0118,Hepatocytes,Control
l5844,-0.4076,-4.069,Hepatocytes,Treat
l5845,-1.7639,-3.8858,Hepatocytes,Control
l5846,-4.5525,-3.0543,Hepatocytes,Control
l5847,-2.5436,-3.0881,Hepatocytes,Treat
l5848,-2.4854,-3.129,Hepatocytes,Control
l5849,-0.737,-2.5314,Hepatocytes,Control
l5850,-4.1146,-2.6534,Hepatocytes,Treat
l5851,-5.2295,-2.3579,Hepatocytes,Control
l5852,-0.64,-4.8588,Hepatocytes,Control
l5853,-4.6913,-3.868,Hepatocytes,Treat
l5854,-4.1547,-4.93,Hepatocytes,Control
l5855,-1.7367,-3.7169,Hepatocytes,Control
l5856,-2.0654,-3.355,Hepatocytes,Treat
l5857,-4.4439,-4.5465,Hepatocytes,Control
l5858,-2.4804,-4.2248,Hepatocytes,Control
l5859,-3.494,-2.2175,Hepatocytes,Treat
l5860,-5.2851,-4.4265,Hepatocytes,Control
l5861,-3.9051,-3.5642,Hepatocytes,Control
l5862,-2.5858,-3.9546,Hepatocytes,Treat
l5863,-3.1322,-2.8578,Hepatocytes,Control
l5864,-3.6201,-3.4726,Hepatocytes,Control
l5865,-2.7982,-2.0852,Hepatocytes,Treat
l5866,-4.7718,-2.7286,Hepatocytes,Control
l5867,-2.2484,-3.0778,Hepatocytes,Control
l5868,-3.9905,-3.411,Hepatocytes,Treat
l5869,-1.5594,-1.72,Hepatocytes,Control
l5870,-4.2349,-2.746,Hepatocytes,Control
l5871,-3.5084,-3.7724,Hepatocytes,Treat
l5872,-2.5233,-3.2168,Hepatocytes,Control
l5873,-1.2919,-2.716,Hepatocytes,Control
l5874,-4.3126,-4.4274,Hepatocytes,Treat
l5875,-4.6844,-4.6427,Hepatocytes,Control
l5876,-3.1252,-4.1063,Hepatocytes,Control
l5877,-4.614,-3.1232,Hepatocytes,Treat
l5878,-3.429,-2.1149,Hepatocytes,Control
l5879,-4.4509,-3.7066,Hepatocytes,Control
l5880,-4.4278,-5.0754,Hepatocytes,Treat
l5881,-3.0503,-2.566,Hepatocytes,Control
l5882,-3.8552,-3.7463,Hepatocytes,Control
l5883,-1.8102,-3.9336,Hepatocytes,Treat
l5884,-2.3583,-3.9274,Hepatocytes,Control
l5885,-3.9258,-5.1563,Hepatocytes,Control
l5886,-3.039,-3.8874,Hepatocytes,Treat
l5887,-1.2965,-5.3563,Hepatocytes,Control
l5888,-5.3307,-3.0938,Hepatocytes,Control
l5889,-2.8854,-4.026,Hepatocytes,Treat
l5890,-4.2622,-3.8711,Hepatocytes,Control
l5891,-2.2385,-3.0393,Hepatocytes,Control
l5892,-2.4283,-4.2677,Hepatocytes,Treat
l5893,-3.0996,-2.3636,Hepatocytes,Control
l5894,-3.8176,-3.0997,Hepatocytes,Control
l5895,-2.9057,-3.9892,Hepatocytes,Treat
l5896,-2.1176,-2.6855,Hepatocytes,Control
l5897,-3.8828,-3.5533,Hepatocytes,Control
l5898,-4.2246,-4.4783,Hepatocytes,Treat
l5899,-2.9276,-4.5018,Hepatocytes,Control
l5900,-1.9499,-3.1019,Hepatocytes,Control
l5901,-1.6854,-3.699,Hepatocytes,Treat
l5902,-3.3401,-3.5198,Hepatocytes,Control
l5903,-4.9191,-3.4615,Hepatocytes,Control
l5904,-2.1445,-1.8468,Hepatocytes,Treat
l5905,-4.6115,-3.2146,Hepatocytes,Control
l5906,-3.9299,-3.0089,Hepatocytes,Control
l5907,-3.6036,-2.5257,Hepatocytes,Treat
l5908,-4.7284,-3.2265,Hepatocytes,Control
l5909,-2.9122,-2.3039,Hepatocytes,Control
l5910,-3.5625,-3.9309,Hepatocytes,Treat
l5911,-1.8214,-4.9341,Hepatocytes,Control
l5912,-4.7147,-4.5336,Hepatocytes,Control
l5913,-2.9672,-3.8617,Hepatocytes,Treat
l5914,-3.9516,-3.9314,Hepatocytes,Control
l5915,-1.9906,-2.8326,Hepatocytes,Control
l5916,-2.2587,-1.7832,Hepatocytes,Treat
l5917,-3.8118,-3.3081,Hepatocytes,Control
l5918,-1.5332,-2.1499,Hepatocytes,Control
l5919,-2.2798,-4.0845,Hepatocytes,Treat
l5920,-4.5175,-2.8786,Hepatocytes,Control
l5921,-2.8036,-3.0428,Hepatocytes,Control
l5922,-2.3228,-4.0303,Hepatocytes,Treat
l5923,-2.1399,-3.3609,Hepatocytes,Control
l5924,-3.6491,-3.4634,Hepatocytes,Control
l5925,-3.0443,-4.1469,Hepatocytes,Treat
l5926,-3.6051,-3.2364,Hepatocytes,Control
l5927,-3.1886,-5.2226,Hepatocytes,Control
l5928,-3.502,-2.8068,Hepatocytes,Treat
l5929,-4.7372,-4.1237,Hepatocytes,Control
l5930,-2.2002,-4.1398,Hepatocytes,Control
l5931,-3.8978,-2.5752,Hepatocytes,Treat
l5932,-2.1219,-4.5917,Hepatocytes,Control
l5933,-2.9091,-3.4368,Hepatocytes,Control
l5934,-4.5152,-4.0437,Hepatocytes,Treat
l5935,-3.1439,-3.6926,Hepatocytes,Control
l5936,-2.6884,-4.9964,Hepatocytes,Control
l5937,-2.5836,-3.1489,Hepatocytes,Treat
l5938,-2.5749,-4.2598,Hepatocytes,Control
l5939,-4.5905,-4.45,Hepatocytes,Control
l5940,-3.8884,-5.1029,Hepatocytes,Treat
l5941,-2.6812,-3.7105,Hepatocytes,Control
l5942,-2.6378,-2.515,Hepatocytes,Control
l5943,-3.8011,-4.4394,Hepatocytes,Treat
l5944,-5.3721,-3.4134,Hepatocytes,Control
l5945,-2.3551,-2.4379,Hepatocytes,Control
l5946,-4.0495,-3.181,Hepatocytes,Treat
l5947,-1.7871,-4.8723,Hepatocytes,Control
l5948,-3.007,-3.2196,Hepatocytes,Control
l5949,-3.8951,-3.3534,Hepatocytes,Treat
l5950,-3.504,-5.81,Hepatocytes,Control
l5951,-4.6547,-3.3231,Hepatocytes,Control
l5952,-3.4088,-3.8775,Hepatocytes,Treat
l5953,-2.2249,-4.409,Hepatocytes,Control
l5954,-3.3417,-3.2815,Hepatocytes,Control
l5955,-3.8467,-2.3043,Hepatocytes,Treat
l5956,-1.7752,-3.4409,Hepatocytes,Control
l5957,-2.9285,-2.2314,Hepatocytes,Control
l5958,-2.3767,-3.1654,Hepatocytes,Treat
l5959,-3.4524,-1.8486,Hepatocytes,Control
l5960,-3.1171,-2.7954,Hepatocytes,Control
l5961,-3.552,-4.1245,Hepatocytes,Treat
l5962,-5.0416,-3.452,Hepatocytes,Control
l5963,-2.9996,-3.586,Hepatocytes,Control
l5964,-2.4808,-3.164,Hepatocytes,Treat
l5965,-3.0961,-2.728,Hepatocytes,Control
l5966,-3.2004,-2.1336,Hepatocytes,Control
l5967,-3.1637,-3.2322,Hepatocytes,Treat
l5968,-4.6467,-4.9021,Hepatocytes,Control
l5969,-1.3991,-3.62,Hepatocytes,Control
l5970,-4.1209,-3.4608,Hepatocytes,Treat
l5971,-3.1561,-3.4493,Hepatocytes,Control
l5972,-3.588,-3.8066,Hepatocytes,Control
l5973,-4.5069,-3.8282,Hepatocytes,Treat
l5974,-3.3049,-5.2178,Hepatocytes,Control
l5975,-4.2982,-3.8443,Hepatocytes,Control
l5976,-2.915,-3.6922,Hepatocytes,Treat
l5977,-3.2994,-3.1925,Hepatocytes,Control
l5978,-4.1305,-3.0324,Hepatocytes,Control
l5979,-3.3667,-4.723,Hepatocytes,Treat
l5980,-1.1898,-2.4922,Hepatocytes,Control
l5981,-2.8402,-3.5971,Hepatocytes,Control
l5982,-4.2451,-1.8914,Hepatocytes,Treat
l5983,-5.0741,-4.4295,Hepatocytes,Control
l5984,-1.6227,-3.4755,Hepatocytes,Control
l5985,-4.993,-5.0396,Hepatocytes,Treat
l5986,-3.6723,-2.4963,Hepatocytes,Control
l5987,-1.8335,-3.957,Hepatocytes,Control
l5988,-3.1869,-5.1354,Hepatocytes,Treat
l5989,-1.9853,-2.9815,Hepatocytes,Control
l5990,-3.3673,-3.6514,Hepatocytes,Control
l5991,-1.142,-4.3641,Hepatocytes,Treat
l5992,-4.5275,-4.8114,Hepatocytes,Control
l5993,-3.2182,-2.7707,Hepatocytes,Control
l5994,-1.8371,-3.5624,Hepatocytes,Treat
l5995,-3.9635,-1.8686,Hepatocytes,Control
l5996,-3.8535,-4.747,Hepatocytes,Control
l5997,-3.242,-3.1826,Hepatocytes,Treat
l5998,-2.9777,-1.8708,Hepatocytes,Control
l5999,-2.6031,-3.4335,Hepatocytes,Control
l6000,-2.8157,-2.998,Hepatocytes,Treat
l6001,-4.8389,-4.4721,Hepatocytes,Control
l6002,-2.5995,-3.8085,Hepatocytes,Control
l6003,-2.0453,-3.3106,Hepatocytes,Treat
l6004,-2.4624,-4.5537,Hepatocytes,Control
l6005,-3.1269,-2.9244,Hepatocytes,Control
l6006,-3.0789,-2.9472,Hepatocytes,Treat
l6007,-4.4915,-3.7642,Hepatocytes,Control
l6008,-4.9568,-4.0028,Hepatocytes,Control
l6009,-1.354,-3.7077,Hepatocytes,Treat
l6010,-1.5992,-3.5319,Hepatocytes,Control
l6011,-1.8427,-3.3044,Hepatocytes,Control
l6012,-2.4888,-3.5395,Hepatocytes,Treat
l6013,-2.3068,-2.3772,Hepatocytes,Control
l6014,-1.8325,-3.563,Hepatocytes,Control
l6015,-4.906,-2.8572,Hepatocytes,Treat
l6016,-4.2004,-3.5992,Hepatocytes,Control
l6017,-4.7054,-2.7186,Hepatocytes,Control
l6018,-3.729,-3.008,Hepatocytes,Treat
l6019,-4.6149,-2.9478,Hepatocytes,Control
l6020,-2.947,-3.4583,Hepatocytes,Control
l6021,-2.247,-4.6365,Hepatocytes,Treat
l6022,-2.1975,-3.9483,Hepatocytes,Control
l6023,-0.5829,-2.4642,Hepatocytes,Control
l6024,-2.1412,-3.0469,Hepatocytes,Treat
l6025,-6.1319,-3.3258,Hepatocytes,Control
l6026,-3.8271,-4.2491,Hepatocytes,Control
l6027,-3.6142,-3.518,Hepatocytes,Treat
l6028,-4.1694,-4.2827,Hepatocytes,Control
l6029,-3.5043,-3.1828,Hepatocytes,Control
l6030,-3.0669,-3.9387,Hepatocytes,Treat
l6031,-3.853,-3.794,Hepatocytes,Control
l6032,-1.4891,-2.9455,Hepatocytes,Control
l6033,-4.0059,-4.0385,Hepatocytes,Treat
l6034,-3.8508,-3.0709,Hepatocytes,Control
l6035,-4.6214,-5.0258,Hepatocytes,Control
l6036,-2.6653,-3.4023,Hepatocytes,Treat
l6037,-3.3413,-2.0621,Hepatocytes,Control
l6038,-1.5695,-3.6037,Hepatocytes,Control
l6039,-3.964,-2.7375,Hepatocytes,Treat
l6040,-5.6154,-3.8502,Hepatocytes,Control
l6041,-3.231,-3.7226,Hepatocytes,Control
l6042,-2.7695,-4.024,Hepatocytes,Treat
l6043,-3.7466,-2.2508,Hepatocytes,Control
l6044,-1.0998,-3.6554,Hepatocytes,Control
l6045,-2.4916,-4.9804,Hepatocytes,Treat
l6046,-4.7068,-2.7929,Hepatocytes,Control
l6047,-3.2424,-3.5796,Hepatocytes,Control
l6048,-2.539,-3.976,Hepatocytes,Treat
l6049,-2.9227,-3.6845,Hepatocytes,Control
l6050,-3.5062,-3.0363,Hepatocytes,Control
l6051,-6.4119,-3.0056,Hepatocytes,Treat
l6052,-4.8288,-4.6657,Hepatocytes,Control
l6053,-3.0385,-2.18,Hepatocytes,Control
l6054,-1.0756,-3.359,Hepatocytes,Treat
l6055,-3.3073,-3.486,Hepatocytes,Control
l6056,-2.0671,-2.5144,Hepatocytes,Control
l6057,-1.3814,-2.4326,Hepatocytes,Treat
l6058,-3.7735,-4.6977,Hepatocytes,Control
l6059,-2.0781,-3.7975,Hepatocytes,Control
l6060,-1.3296,-3.0204,Hepatocytes,Treat
l6061,-4.5286,-4.7198,Hepatocytes,Control
l6062,-3.3102,-4.2265,Hepatocytes,Control
l6063,-3.9025,-2.5118,Hepatocytes,Treat
l6064,-2.8092,-3.1457,Hepatocytes,Control
l6065,-1.9566,-1.9373,Hepatocytes,Control
l6066,-3.2126,-3.5535,Hepatocytes,Treat
l6067,-3.3277,-3.3157,Hepatocytes,Control
l6068,-3.3601,-2.8812,Hepatocytes,Control
l6069,-1.4064,-2.3607,Hepatocytes,Treat
l6070,-3.9755,-4.2887,Hepatocytes,Control
l6071,-4.7306,-4.459,Hepatocytes,Control
l6072,-4.8258,-4.399,Hepatocytes,Treat
l6073,-3.8129,-3.0706,Hepatocytes,Control
l6074,-3.1354,-4.8702,Hepatocytes,Control
l6075,-1.0019,-4.2434,Hepatocytes,Treat
l6076,-3.1211,-4.1723,Hepatocytes,Control
l6077,-3.0301,-4.1093,Hepatocytes,Control
l6078,-4.5564,-4.0211,Hepatocytes,Treat
l6079,-3.3057,-5.0457,Hepatocytes,Control
l6080,-5.7506,-3.0492,Hepatocytes,Control
l6081,-4.7786,-4.877,Hepatocytes,Treat
l6082,-2.7858,-4.2214,Hepatocytes,Control
l6083,-3.0194,-4.4339,Hepatocytes,Control
l6084,-3.8649,-3.2248,Hepatocytes,Treat
l6085,-3.9008,-3.5351,Hepatocytes,Control
l6086,-2.5748,-2.9814,Hepatocytes,Control
l6087,-2.4828,-1.993,Hepatocytes,Treat
l6088,-4.0015,-3.2716,Hepatocytes,Control
l6089,-4.015,-2.863,Hepatocytes,Control
l6090,-3.9923,-3.1375,Hepatocytes,Treat
l6091,-1.4531,-2.5708,Hepatocytes,Control
l6092,-4.4313,-4.5589,Hepatocytes,Control
l6093,-3.764,-3.2971,Hepatocytes,Treat
l6094,-4.5035,-2.738,Hepatocytes,Control
l6095,-4.9355,-1.8157,Hepatocytes,Control
l6096,-3.1296,-5.7534,Hepatocytes,Treat
l6097,-3.7376,-3.285,Hepatocytes,Control
l6098,-3.5954,-2.5525,Hepatocytes,Control
l6099,-5.2166,-2.8866,Hepatocytes,Treat
l6100,-3.7857,-5.1649,Hepatocytes,Control
l6101,-3.5669,-2.0588,Hepatocytes,Control
l6102,-3.3692,-3.8353,Hepatocytes,Treat
l6103,-1.6029,-3.4395,Hepatocytes,Control
l6104,-2.6335,-4.6543,Hepatocytes,Control
l6105,-1.7213,-2.8422,Hepatocytes,Treat
l6106,-3.4616,-3.6632,Hepatocytes,Control
l6107,-3.6958,-4.1534,Hepatocytes,Control
l6108,-5.9,-3.3939,Hepatocytes,Treat
l6109,-2.7096,-3.8269,Hepatocytes,Control
l6110,-2.1223,-3.7582,Hepatocytes,Control
l6111,-1.7865,-5.3247,Hepatocytes,Treat
l6112,-3.2229,-2.465,Hepatocytes,Control
l6113,-3.1126,-4.4751,Hepatocytes,Control
l6114,-4.0085,-3.7832,Hepatocytes,Treat
l6115,-2.4217,-3.959,Hepatocytes,Control
l6116,-1.7841,-3.3061,Hepatocytes,Control
l6117,-3.2716,-2.8794,Hepatocytes,Treat
l6118,-2.4414,-4.0875,Hepatocytes,Control
l6119,-3.6126,-3.7616,Hepatocytes,Control
l6120,-3.618,-3.3996,Hepatocytes,Treat
l6121,-3.8054,-4.0061,Hepatocytes,Control
l6122,-3.4709,-2.95,Hepatocytes,Control
l6123,-2.9686,-4.1971,Hepatocytes,Treat
l6124,-2.1472,-3.9078,Hepatocytes,Control
l6125,-0.9745,-2.4796,Hepatocytes,Control
l6126,-1.6024,-4.0863,Hepatocytes,Treat
l6127,-3.8412,-3.6326,Hepatocytes,Control
l6128,-4.447,-3.3222,Hepatocytes,Control
l6129,-3.9289,-2.1649,Hepatocytes,Treat
l6130,-4.0907,-4.4638,Hepatocytes,Control
l6131,-4.441,-2.354,Hepatocytes,Control
l6132,-1.3056,-2.7145,Hepatocytes,Treat
l6133,-1.343,-2.8887,Hepatocytes,Control
l6134,-2.6561,-3.8232,Hepatocytes,Control
l6135,-3.5432,-2.757,Hepatocytes,Treat
l6136,-4.1701,-4.3586,Hepatocytes,Control
l6137,-2.8938,-4.2606,Hepatocytes,Control
l6138,-3.6572,-3.5309,Hepatocytes,Treat
l6139,-4.4998,-3.3032,Hepatocytes,Control
l6140,-5.5079,-4.6275,Hepatocytes,Control
l6141,-2.5275,-3.945,Hepatocytes,Treat
l6142,-3.1943,-3.7953,Hepatocytes,Control
l6143,-3.2757,-0.8665,Hepatocytes,Control
l6144,-2.8688,-3.3899,Hepatocytes,Treat
l6145,-3.073,-3.7555,Hepatocytes,Control
l6146,-2.5427,-2.6627,Hepatocytes,Control
l6147,-3.0196,-2.4059,Hepatocytes,Treat
l6148,-3.0362,-3.4429,Hepatocytes,Control
l6149,-3.3249,-3.2861,Hepatocytes,Control
l6150,-1.7669,-2.3424,Hepatocytes,Treat
l6151,-6.0205,-3.9376,Hepatocytes,Control
l6152,-2.6783,-2.4477,Hepatocytes,Control
l6153,-4.2226,-2.9514,Hepatocytes,Treat
l6154,-0.8438,-4.8935,Hepatocytes,Control
l6155,-4.228,-2.5893,Hepatocytes,Control
l6156,-5.0687,-1.8265,Hepatocytes,Treat
l6157,-3.5144,-3.0734,Hepatocytes,Control
l6158,-3.1441,-3.4131,Hepatocytes,Control
l6159,-3.0887,-3.265,Hepatocytes,Treat
l6160,-3.595,-3.8875,Hepatocytes,Control
l6161,-4.4164,-2.629,Hepatocytes,Control
l6162,-2.6684,-3.8013,Hepatocytes,Treat
l6163,-4.1485,-2.8607,Hepatocytes,Control
l6164,-3.634,-4.4086,Hepatocytes,Control
l6165,-3.303,-3.0692,Hepatocytes,Treat
l6166,-2.3024,-1.9093,Hepatocytes,Control
l6167,-3.7609,-2.8184,Hepatocytes,Control
l6168,-3.5738,-4.561,Hepatocytes,Treat
l6169,-1.2524,-4.0773,Hepatocytes,Control
l6170,-2.4509,-3.5461,Hepatocytes,Control
l6171,-4.2951,-3.2092,Hepatocytes,Treat
l6172,-4.2961,-2.9007,Hepatocytes,Control
l6173,-3.2024,-5.4407,Hepatocytes,Control
l6174,-5.3923,-3.1394,Hepatocytes,Treat
l6175,-4.7569,-3.0607,Hepatocytes,Control
l6176,-5.1635,-3.1054,Hepatocytes,Control
l6177,-3.1985,-3.7777,Hepatocytes,Treat
l6178,-0.9217,-4.4927,Hepatocytes,Control
l6179,-4.8412,-2.225,Hepatocytes,Control
l6180,-2.6987,-4.206,Hepatocytes,Treat
l6181,-2.4152,-2.1198,Hepatocytes,Control
l6182,-3.6495,-2.7354,Hepatocytes,Control
l6183,-4.645,-2.8024,Hepatocytes,Treat
l6184,-3.5634,-4.0148,Hepatocytes,Control
l6185,-2.946,-5.706,Hepatocytes,Control
l6186,-4.4629,-1.7829,Hepatocytes,Treat
l6187,-4.4532,-4.2262,Hepatocytes,Control
l6188,-2.5539,-3.1724,Hepatocytes,Control
l6189,-3.7412,-2.8496,Hepatocytes,Treat
l6190,-3.9116,-4.1327,Hepatocytes,Control
l6191,-2.7435,-4.6861,Hepatocytes,Control
l6192,-4.421,-2.9712,Hepatocytes,Treat
l6193,-3.3807,-2.8415,Hepatocytes,Control
l6194,-4.2803,-3.4803,Hepatocytes,Control
l6195,-2.694,-3.3631,Hepatocytes,Treat
l6196,-3.6026,-2.4567,Hepatocytes,Control
l6197,-3.5031,-2.9019,Hepatocytes,Control
l6198,-3.758,-3.6194,Hepatocytes,Treat
l6199,-5.4507,-2.8958,Hepatocytes,Control
l6200,-2.9855,-2.2111,Hepatocytes,Control
l6201,-1.7227,-3.8151,Hepatocytes,Treat
l6202,-3.6958,-2.8819,Hepatocytes,Control
l6203,-2.8531,-2.6063,Hepatocytes,Control
l6204,-3.6567,-1.8826,Hepatocytes,Treat
l6205,-2.7948,-5.2996,Hepatocytes,Control
l6206,-4.7751,-2.4257,Hepatocytes,Control
l6207,-1.7472,-3.5701,Hepatocytes,Treat
l6208,-3.2793,-2.6851,Hepatocytes,Control
l6209,-2.85,-3.3843,Hepatocytes,Control
l6210,-4.0605,-2.6117,Hepatocytes,Treat
l6211,-2.8816,-2.9041,Hepatocytes,Control
l6212,-6.4063,-5.1984,Hepatocytes,Control
l6213,-0.7557,-3.007,Hepatocytes,Treat
l6214,-3.3693,-2.7787,Hepatocytes,Control
l6215,-3.5951,-3.2939,Hepatocytes,Control
l6216,-4.511,-4.2174,Hepatocytes,Treat
l6217,-4.0656,-3.0634,Hepatocytes,Control
l6218,-3.3645,-2.5446,Hepatocytes,Control
l6219,-3.2702,-4.2821,Hepatocytes,Treat
l6220,-5.0712,-3.007,Hepatocytes,Control
l6221,-3.6453,-2.6256,Hepatocytes,Control
l6222,-2.9164,-4.6585,Hepatocytes,Treat
l6223,-1.9077,-2.5732,Hepatocytes,Control
l6224,-2.4894,-3.1093,Hepatocytes,Control
l6225,-1.831,-3.5325,Hepatocytes,Treat
l6226,-2.0402,-3.072,Hepatocytes,Control
l6227,-3.394,-4.5564,Hepatocytes,Control
l6228,-4.1357,-2.5623,Hepatocytes,Treat
l6229,-3.1649,-2.7429,Hepatocytes,Control
l6230,-4.762,-4.5668,Hepatocytes,Control
l6231,-3.7617,-4.1923,Hepatocytes,Treat
l6232,-2.8662,-6.2166,Hepatocytes,Control
l6233,-3.1303,-4.8417,Hepatocytes,Control
l6234,-2.7649,-3.3645,Hepatocytes,Treat
l6235,-1.4996,-5.435,Hepatocytes,Control
l6236,-3.7237,-2.7398,Hepatocytes,Control
l6237,-3.9248,-4.8313,Hepatocytes,Treat
l6238,-2.2658,-4.0933,Hepatocytes,Control
l6239,-3.9171,-4.8172,Hepatocytes,Control
l6240,-3.0763,-3.8637,Hepatocytes,Treat
l6241,-4.1517,-2.572,Hepatocytes,Control
l6242,-5.1221,-3.1195,Hepatocytes,Control
l6243,-3.6419,-1.9734,Hepatocytes,Treat
l6244,-1.8771,-3.9489,Hepatocytes,Control
l6245,-2.8099,-3.5377,Hepatocytes,Control
l6246,-3.3411,-4.2289,Hepatocytes,Treat
l6247,-4.4745,-3.7056,Hepatocytes,Control
l6248,-2.3622,-3.8339,Hepatocytes,Control
l6249,-2.0691,-3.4684,Hepatocytes,Treat
l6250,-3.6307,-3.3765,Hepatocytes,Control
l6251,-4.0917,-3.2506,Hepatocytes,Control
l6252,-4.439,-3.1296,Hepatocytes,Treat
l6253,-1.8612,-2.3044,Hepatocytes,Control
l6254,-2.097,-5.1164,Hepatocytes,Control
l6255,-4.3022,-3.392,Hepatocytes,Treat
l6256,-3.1128,-4.1211,Hepatocytes,Control
l6257,-1.7311,-2.5493,Hepatocytes,Control
l6258,-1.94,-3.2146,Hepatocytes,Treat
l6259,-3.1228,-4.3838,Hepatocytes,Control
l6260,-4.4015,-2.4217,Hepatocytes,Control
l6261,-1.851,-3.6045,Hepatocytes,Treat
l6262,-2.5012,-2.5874,Hepatocytes,Control
l6263,-1.492,-4.1857,Hepatocytes,Control
l6264,-2.7724,-5.902,Hepatocytes,Treat
l6265,-4.3786,-2.233,Hepatocytes,Control
l6266,-2.764,-1.7796,Hepatocytes,Control
l6267,-4.5876,-2.5807,Hepatocytes,Treat
l6268,-3.8936,-3.3555,Hepatocytes,Control
l6269,-1.3888,-5.3432,Hepatocytes,Control
l6270,-3.2042,-3.9739,Hepatocytes,Treat
l6271,-2.2276,-2.9945,Hepatocytes,Control
l6272,-2.0389,-2.6897,Hepatocytes,Control
l6273,-3.7826,-5.0894,Hepatocytes,Treat
l6274,-1.4538,-2.8377,Hepatocytes,Control
l6275,-4.5222,-3.1344,Hepatocytes,Control
l6276,-3.2697,-3.1921,Hepatocytes,Treat
l6277,-2.9716,-3.1704,Hepatocytes,Control
l6278,-2.6168,-4.8611,Hepatocytes,Control
l6279,-2.7644,-4.9213,Hepatocytes,Treat
l6280,-4.7718,-3.0211,Hepatocytes,Control
l6281,-2.2513,-3.3204,Hepatocytes,Control
l6282,-2.6663,-3.4078,Hepatocytes,Treat
l6283,-2.1604,-4.7113,Hepatocytes,Control
l6284,-3.1846,-5.076,Hepatocytes,Control
l6285,-4.5883,-4.8321,Hepatocytes,Treat
l6286,-2.7247,-4.8828,Hepatocytes,Control
l6287,-4.3334,-4.8419,Hepatocytes,Control
l6288,-5.8139,-5.5532,Hepatocytes,Treat
l6289,-4.4185,-2.93,Hepatocytes,Control
l6290,-3.5086,-2.8341,Hepatocytes,Control
l6291,-3.192,-3.6241,Hepatocytes,Treat
l6292,-3.1489,-4.7303,Hepatocytes,Control
l6293,-4.2341,-3.0304,Hepatocytes,Control
l6294,-2.4321,-4.2619,Hepatocytes,Treat
l6295,-5.1298,-2.8422,Hepatocytes,Control
l6296,-3.5273,-3.7994,Hepatocytes,Control
l6297,-4.8215,-3.5231,Hepatocytes,Treat
l6298,-2.043,-5.0193,Hepatocytes,Control
l6299,-2.8004,-3.2357,Hepatocytes,Control
l6300,-2.1652,-1.405,Hepatocytes,Treat
l6301,-4.407,-4.2311,Hepatocytes,Control
l6302,-2.6042,-2.9769,Hepatocytes,Control
l6303,-3.9841,-4.4349,Hepatocytes,Treat
l6304,-3.6044,-3.8319,Hepatocytes,Control
l6305,-2.6155,-2.7046,Hepatocytes,Control
l6306,-2.7005,-2.492,Hepatocytes,Treat
l6307,-3.3907,-3.8986,Hepatocytes,Control
l6308,-2.4314,-4.175,Hepatocytes,Control
l6309,-2.2839,-2.8191,Hepatocytes,Treat
l6310,-1.8578,-3.7069,Hepatocytes,Control
l6311,-2.4593,-3.2331,Hepatocytes,Control
l6312,-2.7742,-2.5218,Hepatocytes,Treat
l6313,-2.1597,-4.8097,Hepatocytes,Control
l6314,-4.2484,-2.0712,Hepatocytes,Control
l6315,-3.2093,-4.0977,Hepatocytes,Treat
l6316,-3.8795,-4.3132,Hepatocytes,Control
l6317,-2.0062,-3.8024,Hepatocytes,Control
l6318,-2.7384,-3.2019,Hepatocytes,Treat
l6319,-2.9164,-2.8189,Hepatocytes,Control
l6320,-3.5022,-4.5211,Hepatocytes,Control
l6321,-4.1986,-3.0381,Hepatocytes,Treat
l6322,-3.0009,-1.4449,Hepatocytes,Control
l6323,-3.6276,-3.9411,Hepatocytes,Control
l6324,-3.2862,-1.7019,Hepatocytes,Treat
l6325,-2.5269,-2.869,Hepatocytes,Control
l6326,-3.3682,-2.8377,Hepatocytes,Control
l6327,-4.1516,-5.1652,Hepatocytes,Treat
l6328,-3.3986,-3.7529,Hepatocytes,Control
l6329,-4.8627,-3.6131,Hepatocytes,Control
l6330,-4.5686,-4.1597,Hepatocytes,Treat
l6331,-3.6441,-2.789,Hepatocytes,Control
l6332,-1.7335,-4.0115,Hepatocytes,Control
l6333,-1.811,-2.0702,Hepatocytes,Treat
l6334,-3.0983,-3.0281,Hepatocytes,Control
l6335,-3.8095,-3.1896,Hepatocytes,Control
l6336,-1.7524,-3.0001,Hepatocytes,Treat
l6337,-2.9827,-2.8598,Hepatocytes,Control
l6338,-2.6978,-2.8521,Hepatocytes,Control
l6339,-1.5773,-2.8086,Hepatocytes,Treat
l6340,-3.3005,-3.9043,Hepatocytes,Control
l6341,-2.4569,-3.2607,Hepatocytes,Control
l6342,-3.7747,-3.7259,Hepatocytes,Treat
l6343,-1.1794,-3.4053,Hepatocytes,Control
l6344,-3.7661,-2.9036,Hepatocytes,Control
l6345,-2.2736,-3.0172,Hepatocytes,Treat
l6346,-3.132,-3.6947,Hepatocytes,Control
l6347,-0.9139,-3.0478,Hepatocytes,Control
l6348,-4.4158,-3.8791,Hepatocytes,Treat
l6349,-3.6281,-3.8479,Hepatocytes,Control
l6350,-4.0374,-2.6125,Hepatocytes,Control
l6351,-4.1672,-3.1179,Hepatocytes,Treat
l6352,-1.8762,-3.976,Hepatocytes,Control
l6353,-2.1191,-3.3727,Hepatocytes,Control
l6354,-2.9977,-3.2641,Hepatocytes,Treat
l6355,-1.2775,-5.3811,Hepatocytes,Control
l6356,-2.2734,-4.8049,Hepatocytes,Control
l6357,-0.658,-4.7005,Hepatocytes,Treat
l6358,-3.0839,-4.2055,Hepatocytes,Control
l6359,-4.0735,-3.431,Hepatocytes,Control
l6360,-3.0948,-2.4809,Hepatocytes,Treat
l6361,-3.4058,-3.4876,Hepatocytes,Control
l6362,-3.2892,-2.1452,Hepatocytes,Control
l6363,-4.8889,-4.0945,Hepatocytes,Treat
l6364,-4.1079,-3.8134,Hepatocytes,Control
l6365,-3.9873,-2.9165,Hepatocytes,Control
l6366,-4.0558,-3.1964,Hepatocytes,Treat
l6367,-3.7393,-5.0661,Hepatocytes,Control
l6368,-2.1497,-3.7127,Hepatocytes,Control
l6369,-3.7739,-5.7775,Hepatocytes,Treat
l6370,-1.798,-4.5013,Hepatocytes,Control
l6371,-3.7546,-4.2482,Hepatocytes,Control
l6372,-4.6893,-2.7644,Hepatocytes,Treat
l6373,-3.0424,-4.0161,Hepatocytes,Control
l6374,-3.2414,-2.434,Hepatocytes,Control
l6375,-3.22,-2.5842,Hepatocytes,Treat
l6376,-3.4428,-2.5245,Hepatocytes,Control
l6377,-1.9874,-2.6615,Hepatocytes,Control
l6378,-3.4093,-4.7918,Hepatocytes,Treat
l6379,-2.5988,-4.0249,Hepatocytes,Control
l6380,-2.3616,-3.3365,Hepatocytes,Control
l6381,-3.6063,-4.617,Hepatocytes,Treat
l6382,-4.1174,-3.5977,Hepatocytes,Control
l6383,-2.8409,-2.7872,Hepatocytes,Control
l6384,-4.2097,-3.775,Hepatocytes,Treat
l6385,-4.0234,-5.0822,Hepatocytes,Control
l6386,-4.1188,-5.6108,Hepatocytes,Control
l6387,-4.7966,-3.2341,Hepatocytes,Treat
l6388,-3.328,-2.3451,Hepatocytes,Control
l6389,-5.4334,-3.387,Hepatocytes,Control
l6390,-3.5875,-4.1504,Hepatocytes,Treat
l6391,-3.0383,-2.403,Hepatocytes,Control
l6392,-2.3329,-4.2779,Hepatocytes,Control
l6393,-0.7159,-3.141,Hepatocytes,Treat
l6394,-3.6471,-3.8919,Hepatocytes,Control
l6395,-3.5197,-3.6767,Hepatocytes,Control
l6396,-3.2286,-4.1092,Hepatocytes,Treat
l6397,-3.197,-5.6691,Hepatocytes,Control
l6398,-3.0409,-4.0279,Hepatocytes,Control
l6399,-4.9303,-3.0125,Hepatocytes,Treat
l6400,-4.5202,-4.0712,Hepatocytes,Control
l6401,-2.4135,-3.2109,Hepatocytes,Control
l6402,-3.3539,-3.5551,Hepatocytes,Treat
l6403,-3.3039,-3.1117,Hepatocytes,Control
l6404,-4.1144,-3.1233,Hepatocytes,Control
l6405,-3.1438,-3.0172,Hepatocytes,Treat
l6406,-3.1605,-2.5042,Hepatocytes,Control
l6407,-4.6623,-5.2246,Hepatocytes,Control
l6408,-3.4985,-3.1041,Hepatocytes,Treat
l6409,-3.0474,-1.0559,Hepatocytes,Control
l6410,-3.5425,-3.6241,Hepatocytes,Control
l6411,-1.5334,-3.9865,Hepatocytes,Treat
l6412,-2.2048,-4.5499,Hepatocytes,Control
l6413,-3.219,-2.0781,Hepatocytes,Control
l6414,-3.6882,-1.2865,Hepatocytes,Treat
l6415,-2.725,-4.0979,Hepatocytes,Control
l6416,-5.1246,-4.2391,Hepatocytes,Control
l6417,-2.9981,-5.8283,Hepatocytes,Treat
l6418,-3.5391,-3.4133,Hepatocytes,Control
l6419,-5.471,-2.938,Hepatocytes,Control
l6420,-5.0503,-5.544,Hepatocytes,Treat
l6421,-3.5844,-4.0995,Hepatocytes,Control
l6422,-5.1544,-4.0463,Hepatocytes,Control
l6423,-1.6248,-3.0117,Hepatocytes,Treat
l6424,-4.354,-3.9418,Hepatocytes,Control
l6425,-4.3244,-1.369,Hepatocytes,Control
l6426,-3.0201,-1.7005,Hepatocytes,Treat
l6427,-3.9065,-3.5004,Hepatocytes,Control
l6428,-2.5823,-3.6093,Hepatocytes,Control
l6429,-2.7519,-3.4793,Hepatocytes,Treat
l6430,-3.5872,-5.0396,Hepatocytes,Control
l6431,3.633,-3.4794,Cholangiocyte,Control
l6432,2.7359,-3.2597,Cholangiocyte,Treat
l6433,2.0007,-4.1747,Cholangiocyte,Control
l6434,2.3067,-4.5371,Cholangiocyte,Control
l6435,1.9143,-3.9863,Cholangiocyte,Treat
l6436,3.7441,-3.8376,Cholangiocyte,Control
l6437,3.1408,-3.4256,Cholangiocyte,Control
l6438,1.8815,-4.1331,Cholangiocyte,Treat
l6439,3.1557,-3.417,Cholangiocyte,Control
l6440,2.8149,-3.9464,Cholangiocyte,Control
l6441,3.3268,-4.1339,Cholangiocyte,Treat
l6442,2.7831,-3.6008,Cholangiocyte,Control
l6443,2.1129,-3.3661,Cholangiocyte,Control
l6444,3.4419,-3.9347,Cholangiocyte,Treat
l6445,3.0838,-4.5099,Cholangiocyte,Control
l6446,2.9458,-3.3758,Cholangiocyte,Control
l6447,1.802,-4.2711,Cholangiocyte,Treat
l6448,2.7208,-2.5484,Cholangiocyte,Control
l6449,2.4085,-3.7242,Cholangiocyte,Control
l6450,3.3501,-4.019,Cholangiocyte,Treat
l6451,3.2367,-4.5534,Cholangiocyte,Control
l6452,3.2551,-4.2093,Cholangiocyte,Control
l6453,3.6998,-2.9041,Cholangiocyte,Treat
l6454,3.1705,-3.7176,Cholangiocyte,Control
l6455,2.5311,-5.0775,Cholangiocyte,Control
l6456,3.4633,-3.2386,Cholangiocyte,Treat
l6457,1.9052,-3.9732,Cholangiocyte,Control
l6458,2.4566,-3.5307,Cholangiocyte,Control
l6459,2.4919,-2.7659,Cholangiocyte,Treat
l6460,2.3963,-3.7313,Cholangiocyte,Control
l6461,2.2728,-3.6283,Cholangiocyte,Control
l6462,3.0545,-3.5559,Cholangiocyte,Treat
l6463,2.7699,-3.4186,Cholangiocyte,Control
l6464,2.6007,-3.9687,Cholangiocyte,Control
l6465,4.0495,-3.1437,Cholangiocyte,Treat
l6466,3.3932,-4.1753,Cholangiocyte,Control
l6467,2.7034,-4.9795,Cholangiocyte,Control
l6468,1.7284,-4.318,Cholangiocyte,Treat
l6469,2.198,-3.7828,Cholangiocyte,Control
l6470,3.5468,-2.5894,Cholangiocyte,Control
l6471,3.0592,-4.5123,Cholangiocyte,Treat
l6472,2.1987,-3.7666,Cholangiocyte,Control
l6473,2.0274,-3.3475,Cholangiocyte,Control
l6474,2.5374,-4.0521,Cholangiocyte,Treat
l6475,1.7721,-3.4523,Cholangiocyte,Control
l6476,2.5839,-3.8038,Cholangiocyte,Control
l6477,1.8862,-3.9338,Cholangiocyte,Treat
l6478,2.8809,-3.6442,Cholangiocyte,Control
l6479,2.414,-4.3122,Cholangiocyte,Control
l6480,3.1912,-4.0256,Cholangiocyte,Treat
l6481,3.4967,-3.7117,Cholangiocyte,Control
l6482,2.5534,-3.4268,Cholangiocyte,Control
l6483,2.8177,-3.5631,Cholangiocyte,Treat
l6484,2.33,-3.712,Cholangiocyte,Control
l6485,2.5612,-3.7563,Cholangiocyte,Control
l6486,1.7181,-4.0231,Cholangiocyte,Treat
l6487,2.0862,-4.1902,Cholangiocyte,Control
l6488,3.8032,-4.036,Cholangiocyte,Control
l6489,2.8383,-4.0334,Cholangiocyte,Treat
l6490,3.6086,-3.917,Cholangiocyte,Control
l6491,2.69,-3.3571,Cholangiocyte,Control
l6492,2.7595,-4.0055,Cholangiocyte,Treat
l6493,3.0631,-3.9714,Cholangiocyte,Control
l6494,2.0328,-3.7364,Cholangiocyte,Control
l6495,2.7159,-3.6209,Cholangiocyte,Treat
l6496,3.3423,-4.2501,Cholangiocyte,Control
l6497,3.0427,-4.1834,Cholangiocyte,Control
l6498,3.4367,-4.3872,Cholangiocyte,Treat
l6499,2.5845,-2.7215,Cholangiocyte,Control
l6500,3.2805,-4.881,Cholangiocyte,Control
l6501,1.4865,-3.8456,Cholangiocyte,Treat
l6502,3.5547,-3.1753,Cholangiocyte,Control
l6503,2.6173,-3.5963,Cholangiocyte,Control
l6504,3.1621,-4.0672,Cholangiocyte,Treat
l6505,1.7803,-3.9796,Cholangiocyte,Control
l6506,4.2397,-3.482,Cholangiocyte,Control
l6507,2.9315,-3.7995,Cholangiocyte,Treat
l6508,2.5689,-3.485,Cholangiocyte,Control
l6509,3.7958,-4.0106,Cholangiocyte,Control
l6510,2.1536,-4.1649,Cholangiocyte,Treat
l6511,2.6511,-2.9735,Cholangiocyte,Control
l6512,2.1218,-3.6572,Cholangiocyte,Control
l6513,3.2706,-3.4493,Cholangiocyte,Treat
l6514,3.1058,-3.5469,Cholangiocyte,Control
l6515,4.0683,-4.09,Cholangiocyte,Control
l6516,2.6692,-2.4926,Cholangiocyte,Treat
l6517,4.3162,-2.9291,Cholangiocyte,Control
l6518,3.1123,-4.0349,Cholangiocyte,Control
l6519,2.5293,-3.3176,Cholangiocyte,Treat
l6520,3.4753,-4.0139,Cholangiocyte,Control
l6521,3.2942,-4.2013,Cholangiocyte,Control
l6522,2.3037,-4.4152,Cholangiocyte,Treat
l6523,3.4163,-3.2957,Cholangiocyte,Control
l6524,2.6238,-3.9401,Cholangiocyte,Control
l6525,3.1337,-3.4182,Cholangiocyte,Treat
l6526,4.5358,-4.1495,Cholangiocyte,Control
l6527,2.7904,-3.0528,Cholangiocyte,Control
l6528,2.9964,-4.2351,Cholangiocyte,Treat
l6529,2.8386,-3.1731,Cholangiocyte,Control
l6530,2.6391,-3.8243,Cholangiocyte,Control
l6531,1.6945,-3.4475,Cholangiocyte,Treat
l6532,3.0292,-3.5834,Cholangiocyte,Control
l6533,3.3085,-4.4269,Cholangiocyte,Control
l6534,1.5266,-4.3517,Cholangiocyte,Treat
l6535,2.6524,-3.9026,Cholangiocyte,Control
l6536,2.5022,-5.1131,Cholangiocyte,Control
l6537,2.1693,-5.0417,Cholangiocyte,Treat
l6538,3.3043,-3.9715,Cholangiocyte,Control
l6539,3.0814,-4.4485,Cholangiocyte,Control
l6540,2.9172,-2.9799,Cholangiocyte,Treat
l6541,3.0347,-2.4524,Cholangiocyte,Control
l6542,3.3078,-5.0004,Cholangiocyte,Control
l6543,2.1889,-4.6615,Cholangiocyte,Treat
l6544,2.7227,-3.9154,Cholangiocyte,Control
l6545,3.4153,-3.7947,Cholangiocyte,Control
l6546,2.818,-4.0573,Cholangiocyte,Treat
l6547,2.7161,-3.714,Cholangiocyte,Control
l6548,2.9994,-4.4937,Cholangiocyte,Control
l6549,3.0913,-4.7826,Cholangiocyte,Treat
l6550,3.3743,-3.0054,Cholangiocyte,Control
l6551,3.1624,-2.456,Cholangiocyte,Control
l6552,3.4582,-3.5088,Cholangiocyte,Treat
l6553,3.275,-3.859,Cholangiocyte,Control
l6554,3.5936,-4.0233,Cholangiocyte,Control
l6555,3.2352,-4.2508,Cholangiocyte,Treat
l6556,3.0325,-3.8272,Cholangiocyte,Control
l6557,3.0153,-3.7526,Cholangiocyte,Control
l6558,2.9033,-4.436,Cholangiocyte,Treat
l6559,1.4982,-2.9348,Cholangiocyte,Control
l6560,2.4255,-3.7202,Cholangiocyte,Control
l6561,3.1833,-3.4912,Cholangiocyte,Treat
l6562,2.8547,-3.9013,Cholangiocyte,Control
l6563,2.1757,-3.5436,Cholangiocyte,Control
l6564,3.0149,-4.5884,Cholangiocyte,Treat
l6565,2.5922,-3.8028,Cholangiocyte,Control
l6566,2.5643,-4.1938,Cholangiocyte,Control
l6567,2.872,-3.4669,Cholangiocyte,Treat
l6568,2.2616,-4.3801,Cholangiocyte,Control
l6569,3.0027,-3.2746,Cholangiocyte,Control
l6570,1.308,-3.4934,Cholangiocyte,Treat
l6571,3.746,-4.64,Cholangiocyte,Control
l6572,2.3353,-4.4987,Cholangiocyte,Control
l6573,1.7758,-5.2553,Cholangiocyte,Treat
l6574,2.5102,-2.5343,Cholangiocyte,Control
l6575,2.2729,-3.8408,Cholangiocyte,Control
l6576,3.8814,-4.2059,Cholangiocyte,Treat
l6577,3.953,-3.7309,Cholangiocyte,Control
l6578,2.235,-4.3372,Cholangiocyte,Control
l6579,3.1804,-4.1353,Cholangiocyte,Treat
l6580,2.901,-4.2186,Cholangiocyte,Control
l6581,3.429,-4.5183,Cholangiocyte,Control
l6582,3.3637,-3.8999,Cholangiocyte,Treat
l6583,2.8496,-4.4054,Cholangiocyte,Control
l6584,2.2613,-3.908,Cholangiocyte,Control
l6585,3.1228,-4.144,Cholangiocyte,Treat
l6586,2.3143,-3.1891,Cholangiocyte,Control
l6587,2.1652,-3.6308,Cholangiocyte,Control
l6588,3.4347,-4.5097,Cholangiocyte,Treat
l6589,2.9249,-3.7071,Cholangiocyte,Control
l6590,3.0123,-4.6912,Cholangiocyte,Control
l6591,2.4064,-3.9835,Cholangiocyte,Treat
l6592,2.4252,-3.2364,Cholangiocyte,Control
l6593,3.3668,-3.8749,Cholangiocyte,Control
l6594,2.8652,-3.4807,Cholangiocyte,Treat
l6595,2.8888,-3.282,Cholangiocyte,Control
l6596,1.6562,-4.2388,Cholangiocyte,Control
l6597,2.8584,-3.4865,Cholangiocyte,Treat
l6598,2.6652,-3.2257,Cholangiocyte,Control
l6599,3.1677,-4.5668,Cholangiocyte,Control
l6600,1.9715,-4.0508,Cholangiocyte,Treat
l6601,3.0818,-4.9142,Cholangiocyte,Control
l6602,2.7499,-3.2147,Cholangiocyte,Control
l6603,1.615,-4.1283,Cholangiocyte,Treat
l6604,2.6491,-4.3228,Cholangiocyte,Control
l6605,3.486,-3.9476,Cholangiocyte,Control
l6606,2.3366,-4.7515,Cholangiocyte,Treat
l6607,3.2878,-4.3049,Cholangiocyte,Control
l6608,2.9828,-3.1012,Cholangiocyte,Control
l6609,3.9725,-4.4537,Cholangiocyte,Treat
l6610,2.737,-3.7815,Cholangiocyte,Control
l6611,2.9311,-4.3159,Cholangiocyte,Control
l6612,2.5307,-3.2473,Cholangiocyte,Treat
l6613,2.2051,-4.7885,Cholangiocyte,Control
l6614,2.621,-3.7815,Cholangiocyte,Control
l6615,2.4031,-4.1538,Cholangiocyte,Treat
l6616,2.8673,-4.1032,Cholangiocyte,Control
l6617,3.0189,-2.7756,Cholangiocyte,Control
l6618,2.5002,-3.9217,Cholangiocyte,Treat
l6619,2.9772,-5.0712,Cholangiocyte,Control
l6620,3.2662,-4.6045,Cholangiocyte,Control
l6621,3.4277,-2.7128,Cholangiocyte,Treat
l6622,2.7283,-3.4369,Cholangiocyte,Control
l6623,2.5979,-4.6309,Cholangiocyte,Control
l6624,2.9009,-3.9834,Cholangiocyte,Treat
l6625,2.7898,-3.4549,Cholangiocyte,Control
l6626,3.103,-4.8636,Cholangiocyte,Control
l6627,1.999,-3.3479,Cholangiocyte,Treat
l6628,3.5407,-3.6525,Cholangiocyte,Control
l6629,3.4307,-3.4864,Cholangiocyte,Control
l6630,2.6061,-3.4688,Cholangiocyte,Treat
l6631,3.3652,-3.9152,Cholangiocyte,Control
l6632,3.8678,-2.6805,Cholangiocyte,Control
l6633,1.3676,-4.7795,Cholangiocyte,Treat
l6634,3.0075,-3.3756,Cholangiocyte,Control
l6635,2.885,-3.7712,Cholangiocyte,Control
l6636,2.9522,-3.4681,Cholangiocyte,Treat
l6637,3.1122,-4.5178,Cholangiocyte,Control
l6638,2.1075,-4.1108,Cholangiocyte,Control
l6639,2.1291,-2.8091,Cholangiocyte,Treat
l6640,1.6029,-4.0962,Cholangiocyte,Control
l6641,3.8205,-3.8262,Cholangiocyte,Control
l6642,3.6597,-3.1668,Cholangiocyte,Treat
l6643,3.8875,-3.5178,Cholangiocyte,Control
l6644,3.7497,-4.5509,Cholangiocyte,Control
l6645,2.829,-4.2721,Cholangiocyte,Treat
l6646,2.7418,-3.8178,Cholangiocyte,Control
l6647,4.4002,-3.8709,Cholangiocyte,Control
l6648,2.1671,-4.2292,Cholangiocyte,Treat
l6649,2.5204,-4.402,Cholangiocyte,Control
l6650,2.2906,-4.4589,Cholangiocyte,Control
l6651,2.9269,-4.3905,Cholangiocyte,Treat
l6652,3.2087,-3.8815,Cholangiocyte,Control
l6653,3.2451,-3.4143,Cholangiocyte,Control
l6654,2.227,-2.6485,Cholangiocyte,Treat
l6655,2.5294,-3.0185,Cholangiocyte,Control
l6656,2.6846,-4.1888,Cholangiocyte,Control
l6657,2.4495,-3.1563,Cholangiocyte,Treat
l6658,2.7431,-3.9454,Cholangiocyte,Control
l6659,2.5666,-3.9838,Cholangiocyte,Control
l6660,4.3193,-4.0035,Cholangiocyte,Treat
l6661,2.5559,-3.3471,Cholangiocyte,Control
l6662,2.2899,-3.0103,Cholangiocyte,Control
l6663,2.5435,-4.1318,Cholangiocyte,Treat
l6664,3.2147,-2.2741,Cholangiocyte,Control
l6665,3.6008,-2.5729,Cholangiocyte,Control
l6666,2.8142,-3.3398,Cholangiocyte,Treat
l6667,3.4237,-4.3429,Cholangiocyte,Control
l6668,2.1771,-3.7882,Cholangiocyte,Control
l6669,3.6363,-3.946,Cholangiocyte,Treat
l6670,3.5732,-4.5172,Cholangiocyte,Control
l6671,4.3474,-4.5367,Cholangiocyte,Control
l6672,3.8732,-3.6921,Cholangiocyte,Treat
l6673,2.1914,-3.8365,Cholangiocyte,Control
l6674,2.5509,-3.1443,Cholangiocyte,Control
l6675,2.4123,-4.3494,Cholangiocyte,Treat
l6676,1.8874,-3.437,Cholangiocyte,Control
l6677,1.4771,-3.5461,Cholangiocyte,Control
l6678,2.1251,-3.6273,Cholangiocyte,Treat
l6679,2.896,-3.4329,Cholangiocyte,Control
l6680,2.2149,-3.5359,Cholangiocyte,Control
l6681,2.8889,-3.1223,Cholangiocyte,Treat
l6682,2.1201,-4.9841,Cholangiocyte,Control
l6683,2.4525,-3.443,Cholangiocyte,Control
l6684,2.6627,-3.7798,Cholangiocyte,Treat
l6685,1.918,-4.3613,Cholangiocyte,Control
l6686,3.4172,-2.9395,Cholangiocyte,Control
l6687,2.281,-2.5769,Cholangiocyte,Treat
l6688,3.2721,-3.4853,Cholangiocyte,Control
l6689,3.7607,-2.5744,Cholangiocyte,Control
l6690,2.7253,-4.5242,Cholangiocyte,Treat
l6691,2.7015,-3.5137,Cholangiocyte,Control
l6692,2.2379,-4.0959,Cholangiocyte,Control
l6693,2.5489,-3.2627,Cholangiocyte,Treat
l6694,1.6774,-3.4858,Cholangiocyte,Control
l6695,2.9543,-2.4016,Cholangiocyte,Control
l6696,2.6676,-4.9629,Cholangiocyte,Treat
l6697,3.0348,-4.2143,Cholangiocyte,Control
l6698,2.6214,-4.368,Cholangiocyte,Control
l6699,2.7826,-4.2508,Cholangiocyte,Treat
l6700,3.6209,-2.184,Cholangiocyte,Control
l6701,2.2925,-4.093,Cholangiocyte,Control
l6702,3.3997,-3.1111,Cholangiocyte,Treat
l6703,2.5254,-3.2734,Cholangiocyte,Control
l6704,3.1143,-2.7743,Cholangiocyte,Control
l6705,3.5923,-3.7296,Cholangiocyte,Treat
l6706,2.9062,-3.2605,Cholangiocyte,Control
l6707,2.9622,-4.3577,Cholangiocyte,Control
l6708,2.6339,-4.3796,Cholangiocyte,Treat
l6709,2.8851,-3.8305,Cholangiocyte,Control
l6710,3.1772,-3.8466,Cholangiocyte,Control
l6711,2.8119,-3.5003,Cholangiocyte,Treat
l6712,3.2442,-4.1377,Cholangiocyte,Control
l6713,2.8932,-4.2418,Cholangiocyte,Control
l6714,2.5416,-2.9798,Cholangiocyte,Treat
l6715,1.4129,-3.9789,Cholangiocyte,Control
l6716,2.9508,-4.4377,Cholangiocyte,Control
l6717,3.6064,-4.2938,Cholangiocyte,Treat
l6718,2.5058,-4.3656,Cholangiocyte,Control
l6719,1.7281,-3.2393,Cholangiocyte,Control
l6720,2.9628,-3.875,Cholangiocyte,Treat
l6721,2.4138,-3.9703,Cholangiocyte,Control
l6722,3.2658,-3.6411,Cholangiocyte,Control
l6723,2.8571,-3.5605,Cholangiocyte,Treat
l6724,2.6061,-4.4812,Cholangiocyte,Control
l6725,3.3993,-3.5327,Cholangiocyte,Control
l6726,3.6828,-3.4035,Cholangiocyte,Treat
l6727,2.1685,-4.7084,Cholangiocyte,Control
l6728,2.8036,-4.1888,Cholangiocyte,Control
l6729,2.306,-4.7371,Cholangiocyte,Treat
l6730,2.6738,-4.7483,Cholangiocyte,Control
l6731,2.0229,-3.4517,Cholangiocyte,Control
l6732,3.7862,-3.991,Cholangiocyte,Treat
l6733,2.6908,-3.8203,Cholangiocyte,Control
l6734,2.9951,-3.474,Cholangiocyte,Control
l6735,2.4684,-2.8959,Cholangiocyte,Treat
l6736,2.0015,-4.0608,Cholangiocyte,Control
l6737,3.7857,-2.4174,Cholangiocyte,Control
l6738,3.779,-3.5517,Cholangiocyte,Treat
l6739,3.3385,-3.7469,Cholangiocyte,Control
l6740,3.1959,-4.0071,Cholangiocyte,Control
l6741,2.4784,-3.6749,Cholangiocyte,Treat
l6742,1.8143,-3.4513,Cholangiocyte,Control
l6743,2.3989,-3.8024,Cholangiocyte,Control
l6744,3.5235,-2.3658,Cholangiocyte,Treat
l6745,3.5949,-4.3049,Cholangiocyte,Control
l6746,2.712,-3.4687,Cholangiocyte,Control
l6747,2.5721,-3.7807,Cholangiocyte,Treat
l6748,3.4056,-5.2643,Cholangiocyte,Control
l6749,2.3963,-3.7905,Cholangiocyte,Control
l6750,2.3119,-4.6431,Cholangiocyte,Treat
l6751,4.0013,-2.3614,Plasmacytoid dendritic cells,Control
l6752,3.6228,-1.699,Plasmacytoid dendritic cells,Control
l6753,4.178,-1.2821,Plasmacytoid dendritic cells,Treat
l6754,4.3295,-2.2047,Plasmacytoid dendritic cells,Control
l6755,3.8036,-2.586,Plasmacytoid dendritic cells,Control
l6756,3.5054,-2.5381,Plasmacytoid dendritic cells,Treat
l6757,3.5114,-2.6999,Plasmacytoid dendritic cells,Control
l6758,4.2916,-2.1214,Plasmacytoid dendritic cells,Control
l6759,3.484,-2.4802,Plasmacytoid dendritic cells,Treat
l6760,4.4811,-3.1964,Plasmacytoid dendritic cells,Control
l6761,3.9267,-2.0909,Plasmacytoid dendritic cells,Control
l6762,3.7903,-3.1355,Plasmacytoid dendritic cells,Treat
l6763,4.3083,-2.7851,Plasmacytoid dendritic cells,Control
l6764,4.0346,-2.2931,Plasmacytoid dendritic cells,Control
l6765,3.8076,-3.0218,Plasmacytoid dendritic cells,Treat
l6766,3.8357,-2.4865,Plasmacytoid dendritic cells,Control
l6767,3.6343,-2.5534,Plasmacytoid dendritic cells,Control
l6768,4.6032,-2.1436,Plasmacytoid dendritic cells,Treat
l6769,3.1253,-1.762,Plasmacytoid dendritic cells,Control
l6770,3.6558,-2.465,Plasmacytoid dendritic cells,Control
l6771,3.5755,-2.0163,Plasmacytoid dendritic cells,Treat
l6772,3.9142,-1.5012,Plasmacytoid dendritic cells,Control
l6773,3.5999,-2.9473,Plasmacytoid dendritic cells,Control
l6774,3.6992,-1.6356,Plasmacytoid dendritic cells,Treat
l6775,3.7517,-3.1461,Plasmacytoid dendritic cells,Control
l6776,3.6361,-1.9525,Plasmacytoid dendritic cells,Control
l6777,3.4414,-2.815,Plasmacytoid dendritic cells,Treat
l6778,4.4093,-3.2302,Plasmacytoid dendritic cells,Control
l6779,3.5577,-2.7431,Plasmacytoid dendritic cells,Control
l6780,3.6697,-2.3717,Plasmacytoid dendritic cells,Treat
l6781,3.824,-2.7035,Plasmacytoid dendritic cells,Control
l6782,3.9872,-2.7428,Plasmacytoid dendritic cells,Control
l6783,3.8199,-2.3338,Plasmacytoid dendritic cells,Treat
l6784,3.7568,-1.4348,Plasmacytoid dendritic cells,Control
l6785,3.0007,-1.858,Plasmacytoid dendritic cells,Control
l6786,4.2527,-2.1985,Plasmacytoid dendritic cells,Treat
l6787,3.9683,-1.9988,Plasmacytoid dendritic cells,Control
l6788,3.4108,-3.2004,Plasmacytoid dendritic cells,Control
l6789,4.1472,-2.065,Plasmacytoid dendritic cells,Treat
l6790,2.9681,-2.5658,Plasmacytoid dendritic cells,Control
l6791,3.3183,-1.7794,Plasmacytoid dendritic cells,Control
l6792,3.0509,-2.6872,Plasmacytoid dendritic cells,Treat
l6793,3.19,-2.1483,Plasmacytoid dendritic cells,Control
l6794,3.8442,-3.0381,Plasmacytoid dendritic cells,Control
l6795,3.7346,-2.1543,Plasmacytoid dendritic cells,Treat
l6796,4.0394,-3.1643,Plasmacytoid dendritic cells,Control
l6797,3.7802,-1.9905,Plasmacytoid dendritic cells,Control
l6798,3.7721,-2.1929,Plasmacytoid dendritic cells,Treat
l6799,3.4744,-2.9562,Plasmacytoid dendritic cells,Control
l6800,4.3264,-2.4796,Plasmacytoid dendritic cells,Control
l6801,4.1143,-2.4349,Plasmacytoid dendritic cells,Treat
l6802,2.785,-2.3513,Plasmacytoid dendritic cells,Control
l6803,5.0415,-2.9218,Plasmacytoid dendritic cells,Control
l6804,4.0338,-2.2106,Plasmacytoid dendritic cells,Treat
l6805,3.5595,-2.7213,Plasmacytoid dendritic cells,Control
l6806,3.4187,-2.7483,Plasmacytoid dendritic cells,Control
l6807,4.2844,-2.646,Plasmacytoid dendritic cells,Treat
l6808,4.1448,-3.1002,Plasmacytoid dendritic cells,Control
l6809,4.0518,-2.7471,Plasmacytoid dendritic cells,Control
l6810,3.613,-2.1416,Plasmacytoid dendritic cells,Treat
l6811,3.3995,-2.2739,Plasmacytoid dendritic cells,Control
l6812,3.9657,-2.5828,Plasmacytoid dendritic cells,Control
l6813,3.1938,-2.2586,Plasmacytoid dendritic cells,Treat
l6814,3.9823,-1.3512,Plasmacytoid dendritic cells,Control
l6815,4.3243,-2.8001,Plasmacytoid dendritic cells,Control
l6816,4.3462,-1.7876,Plasmacytoid dendritic cells,Treat
l6817,2.7935,-2.3991,Plasmacytoid dendritic cells,Control
l6818,3.8245,-2.3436,Plasmacytoid dendritic cells,Control
l6819,4.2538,-2.1373,Plasmacytoid dendritic cells,Treat
l6820,3.5079,-2.5385,Plasmacytoid dendritic cells,Control
l6821,3.5089,-2.2144,Plasmacytoid dendritic cells,Control
l6822,3.8043,-1.4725,Plasmacytoid dendritic cells,Treat
l6823,3.3282,-2.6592,Plasmacytoid dendritic cells,Control
l6824,4.5021,-1.8583,Plasmacytoid dendritic cells,Control
l6825,3.7497,-1.1385,Plasmacytoid dendritic cells,Treat
l6826,4.9103,-2.9659,Plasmacytoid dendritic cells,Control
l6827,3.77,-1.3123,Plasmacytoid dendritic cells,Control
l6828,4.0199,-2.5412,Plasmacytoid dendritic cells,Treat
l6829,4.3054,-2.7739,Plasmacytoid dendritic cells,Control
l6830,3.6492,-3.2883,Plasmacytoid dendritic cells,Control
l6831,4.2831,-3.172,Plasmacytoid dendritic cells,Treat
l6832,3.5467,-3.2261,Plasmacytoid dendritic cells,Control
l6833,4.8957,-1.9324,Plasmacytoid dendritic cells,Control
l6834,4.3741,-1.9002,Plasmacytoid dendritic cells,Treat
l6835,3.853,-2.4056,Plasmacytoid dendritic cells,Control
l6836,3.3689,-2.671,Plasmacytoid dendritic cells,Control
l6837,3.8198,-2.392,Plasmacytoid dendritic cells,Treat
l6838,4.4306,-2.412,Plasmacytoid dendritic cells,Control
l6839,4.2122,-3.1488,Plasmacytoid dendritic cells,Control
l6840,3.5223,-2.7933,Plasmacytoid dendritic cells,Treat
l6841,3.6579,-1.8651,Plasmacytoid dendritic cells,Control
l6842,3.4952,-2.0928,Plasmacytoid dendritic cells,Control
l6843,3.7211,-2.6227,Plasmacytoid dendritic cells,Treat
l6844,4.2499,-2.7569,Plasmacytoid dendritic cells,Control
l6845,4.868,-2.3449,Plasmacytoid dendritic cells,Control
l6846,3.6089,-2.7052,Plasmacytoid dendritic cells,Treat
l6847,4.0026,-2.2595,Plasmacytoid dendritic cells,Control
l6848,3.7473,-3.1833,Plasmacytoid dendritic cells,Control
l6849,3.9042,-2.84,Plasmacytoid dendritic cells,Treat
l6850,3.4947,-2.3391,Plasmacytoid dendritic cells,Control
l6851,2.9792,-3.0538,Plasmacytoid dendritic cells,Control
l6852,3.381,-2.0608,Plasmacytoid dendritic cells,Treat
l6853,3.979,-1.8321,Plasmacytoid dendritic cells,Control
l6854,3.7259,-2.0577,Plasmacytoid dendritic cells,Control
l6855,4.0098,-2.3897,Plasmacytoid dendritic cells,Treat
l6856,3.6264,-1.8189,Plasmacytoid dendritic cells,Control
l6857,3.3544,-2.1671,Plasmacytoid dendritic cells,Control
l6858,4.0043,-2.0859,Plasmacytoid dendritic cells,Treat
l6859,4.1189,-3.5932,Plasmacytoid dendritic cells,Control
l6860,3.8289,-2.4289,Plasmacytoid dendritic cells,Control
l6861,3.795,-2.4169,Plasmacytoid dendritic cells,Treat
l6862,3.8704,-2.3438,Plasmacytoid dendritic cells,Control
l6863,4.5588,-1.5338,Plasmacytoid dendritic cells,Control
l6864,3.7708,-2.2249,Plasmacytoid dendritic cells,Treat
l6865,3.5369,-3.5876,Plasmacytoid dendritic cells,Control
l6866,3.8785,-2.6318,Plasmacytoid dendritic cells,Control
l6867,2.9404,-2.8712,Plasmacytoid dendritic cells,Treat
l6868,4.3214,-2.5699,Plasmacytoid dendritic cells,Control
l6869,3.6627,-1.9125,Plasmacytoid dendritic cells,Control
l6870,2.986,-3.0023,Plasmacytoid dendritic cells,Treat
l6871,4.0232,-2.4172,Plasmacytoid dendritic cells,Control
l6872,4.2695,-2.5672,Plasmacytoid dendritic cells,Control
l6873,3.8646,-2.3605,Plasmacytoid dendritic cells,Treat
l6874,4.1297,-2.553,Plasmacytoid dendritic cells,Control
l6875,3.5643,-2.788,Plasmacytoid dendritic cells,Control
l6876,3.6606,-2.7016,Plasmacytoid dendritic cells,Treat
l6877,3.6447,-1.9926,Plasmacytoid dendritic cells,Control
l6878,3.9181,-1.6982,Plasmacytoid dendritic cells,Control
l6879,4.6481,-2.7108,Plasmacytoid dendritic cells,Treat
l6880,3.1153,-2.6095,Plasmacytoid dendritic cells,Control
l6881,3.9641,-2.0231,Plasmacytoid dendritic cells,Control
l6882,2.8167,-2.6914,Plasmacytoid dendritic cells,Treat
l6883,3.4429,-3.1926,Plasmacytoid dendritic cells,Control
l6884,4.0943,-2.1425,Plasmacytoid dendritic cells,Control
l6885,3.5154,-2.4373,Plasmacytoid dendritic cells,Treat
l6886,4.7425,-1.6119,Plasmacytoid dendritic cells,Control
l6887,4.029,-2.3108,Plasmacytoid dendritic cells,Control
l6888,3.8457,-2.0965,Plasmacytoid dendritic cells,Treat
l6889,3.7292,-1.7505,Plasmacytoid dendritic cells,Control
l6890,3.6184,-2.6599,Plasmacytoid dendritic cells,Control
l6891,3.2267,-1.9776,Plasmacytoid dendritic cells,Treat
l6892,3.9306,-2.2725,Plasmacytoid dendritic cells,Control
l6893,4.3322,-1.987,Plasmacytoid dendritic cells,Control
l6894,3.4294,-1.8086,Plasmacytoid dendritic cells,Treat
l6895,4.638,-2.1291,Plasmacytoid dendritic cells,Control
l6896,4.39,-2.8669,Plasmacytoid dendritic cells,Control
l6897,3.7598,-2.67,Plasmacytoid dendritic cells,Treat
l6898,5.3488,-1.7304,Plasmacytoid dendritic cells,Control
l6899,4.42,-2.8823,Plasmacytoid dendritic cells,Control
l6900,3.3491,-2.3645,Plasmacytoid dendritic cells,Treat
l6901,4.3593,-1.7408,Plasmacytoid dendritic cells,Control
l6902,3.6545,-3.0367,Plasmacytoid dendritic cells,Control
l6903,3.3102,-2.3709,Plasmacytoid dendritic cells,Treat
l6904,4.1587,-2.4241,Plasmacytoid dendritic cells,Control
l6905,3.6597,-2.612,Plasmacytoid dendritic cells,Control
l6906,3.6365,-2.0464,Plasmacytoid dendritic cells,Treat
l6907,3.9221,-2.4155,Plasmacytoid dendritic cells,Control
l6908,3.0833,-2.4052,Plasmacytoid dendritic cells,Control
l6909,4.0439,-1.7531,Plasmacytoid dendritic cells,Treat
l6910,4.1149,-1.6279,Plasmacytoid dendritic cells,Control
l6911,3.9636,-2.2209,Plasmacytoid dendritic cells,Control
l6912,4.2457,-2.9016,Plasmacytoid dendritic cells,Treat
l6913,3.6299,-2.4272,Plasmacytoid dendritic cells,Control
l6914,3.8883,-2.6122,Plasmacytoid dendritic cells,Control
l6915,3.8115,-2.3443,Plasmacytoid dendritic cells,Treat
l6916,4.2839,-2.8834,Plasmacytoid dendritic cells,Control
l6917,3.5552,-2.3709,Plasmacytoid dendritic cells,Control
l6918,4.5403,-2.8283,Plasmacytoid dendritic cells,Treat
l6919,4.0439,-2.802,Plasmacytoid dendritic cells,Control
l6920,4.2326,-2.0963,Plasmacytoid dendritic cells,Control
l6921,4.156,-2.0842,Plasmacytoid dendritic cells,Treat
l6922,3.323,-2.0751,Plasmacytoid dendritic cells,Control
l6923,3.555,-2.7045,Plasmacytoid dendritic cells,Control
l6924,4.1125,-2.5856,Plasmacytoid dendritic cells,Treat
l6925,3.5194,-2.7379,Plasmacytoid dendritic cells,Control
l6926,3.2857,-3.4193,Plasmacytoid dendritic cells,Control
l6927,4.0219,-2.2555,Plasmacytoid dendritic cells,Treat
l6928,4.268,-2.3465,Plasmacytoid dendritic cells,Control
l6929,3.8328,-2.7179,Plasmacytoid dendritic cells,Control
l6930,3.4971,-2.2162,Plasmacytoid dendritic cells,Treat
l6931,1.4622,-4.3366,Hepatic stellate cell,Control
l6932,0.9315,-5.1165,Hepatic stellate cell,Control
l6933,1.8901,-3.6926,Hepatic stellate cell,Treat
l6934,1.2496,-4.9709,Hepatic stellate cell,Control
l6935,1.5704,-4.1585,Hepatic stellate cell,Control
l6936,1.2407,-5.1577,Hepatic stellate cell,Treat
l6937,1.5384,-5.0301,Hepatic stellate cell,Control
l6938,1.4957,-4.1007,Hepatic stellate cell,Control
l6939,1.5006,-5.0819,Hepatic stellate cell,Treat
l6940,1.2955,-4.5493,Hepatic stellate cell,Control
l6941,1.8234,-5.1217,Hepatic stellate cell,Control
l6942,2.0973,-4.3663,Hepatic stellate cell,Treat
l6943,2.8257,-5.4888,Hepatic stellate cell,Control
l6944,1.6995,-4.7704,Hepatic stellate cell,Control
l6945,1.074,-4.0935,Hepatic stellate cell,Treat
l6946,2.1701,-4.2625,Hepatic stellate cell,Control
l6947,1.5813,-5.1026,Hepatic stellate cell,Control
l6948,2.1173,-5.0222,Hepatic stellate cell,Treat
l6949,1.4489,-4.4265,Hepatic stellate cell,Control
l6950,1.7318,-3.8084,Hepatic stellate cell,Control
l6951,1.691,-4.7247,Hepatic stellate cell,Treat
l6952,2.1716,-4.4157,Hepatic stellate cell,Control
l6953,2.1912,-4.5689,Hepatic stellate cell,Control
l6954,2.1666,-4.3797,Hepatic stellate cell,Treat
l6955,1.5196,-5.1743,Hepatic stellate cell,Control
l6956,1.2619,-5.3938,Hepatic stellate cell,Control
l6957,1.2718,-4.2998,Hepatic stellate cell,Treat
l6958,2.0909,-4.3819,Hepatic stellate cell,Control
l6959,0.742,-4.8576,Hepatic stellate cell,Control
l6960,1.5173,-4.6531,Hepatic stellate cell,Treat
l6961,0.8687,-4.0495,Hepatic stellate cell,Control
l6962,1.1975,-4.3071,Hepatic stellate cell,Control
l6963,1.6662,-4.9624,Hepatic stellate cell,Treat
l6964,1.4657,-4.8252,Hepatic stellate cell,Control
l6965,1.8564,-4.3814,Hepatic stellate cell,Control
l6966,1.4865,-4.4867,Hepatic stellate cell,Treat
l6967,2.7577,-4.6689,Hepatic stellate cell,Control
l6968,1.6835,-4.1758,Hepatic stellate cell,Control
l6969,1.5543,-4.477,Hepatic stellate cell,Treat
l6970,0.7759,-4.3282,Hepatic stellate cell,Control
l6971,1.7958,-4.5487,Hepatic stellate cell,Control
l6972,1.4762,-5.0121,Hepatic stellate cell,Treat
l6973,1.8601,-5.3645,Hepatic stellate cell,Control
l6974,1.8479,-4.4309,Hepatic stellate cell,Control
l6975,1.931,-5.0054,Hepatic stellate cell,Treat
l6976,1.4513,-5.0295,Hepatic stellate cell,Control
l6977,2.1098,-4.3579,Hepatic stellate cell,Control
l6978,2.2905,-4.7779,Hepatic stellate cell,Treat
l6979,1.6233,-4.325,Hepatic stellate cell,Control
l6980,1.8505,-4.1545,Hepatic stellate cell,Control
l6981,2.03,-3.6288,Hepatic stellate cell,Treat
l6982,2.4245,-4.2717,Hepatic stellate cell,Control
l6983,1.7191,-5.6444,Hepatic stellate cell,Control
l6984,1.2762,-4.3198,Hepatic stellate cell,Treat
l6985,1.5933,-4.4302,Hepatic stellate cell,Control
l6986,2.1516,-4.8033,Hepatic stellate cell,Control
l6987,1.945,-5.7692,Hepatic stellate cell,Treat
l6988,0.3861,-6.0762,Hepatic stellate cell,Control
l6989,2.2096,-4.9914,Hepatic stellate cell,Control
l6990,1.7952,-3.5984,Hepatic stellate cell,Treat
l6991,1.458,-5.0338,Hepatic stellate cell,Control
l6992,1.3382,-5.0552,Hepatic stellate cell,Control
l6993,1.5575,-5.0491,Hepatic stellate cell,Treat
l6994,2.326,-3.6568,Hepatic stellate cell,Control
l6995,1.7397,-4.6826,Hepatic stellate cell,Control
l6996,1.9238,-4.4267,Hepatic stellate cell,Treat
l6997,1.9926,-5.2962,Hepatic stellate cell,Control
l6998,0.958,-4.2067,Hepatic stellate cell,Control
l6999,1.0078,-3.6449,Hepatic stellate cell,Treat
l7000,1.9342,-4.6298,Hepatic stellate cell,Control
l7001,1.413,-4.7759,Hepatic stellate cell,Control
l7002,1.6808,-4.8277,Hepatic stellate cell,Treat
l7003,1.0839,-4.0956,Hepatic stellate cell,Control
l7004,1.7527,-4.1884,Hepatic stellate cell,Control
l7005,1.4389,-5.8931,Hepatic stellate cell,Treat
l7006,1.3439,-5.1946,Hepatic stellate cell,Control
l7007,2.1668,-4.2046,Hepatic stellate cell,Control
l7008,1.7744,-5.0451,Hepatic stellate cell,Treat
l7009,1.9604,-5.736,Hepatic stellate cell,Control
l7010,1.6791,-4.7819,Hepatic stellate cell,Control
l7011,2.4375,-4.3392,Hepatic stellate cell,Treat
l7012,1.4004,-4.6866,Hepatic stellate cell,Control
l7013,1.0127,-4.6206,Hepatic stellate cell,Control
l7014,1.2488,-4.7745,Hepatic stellate cell,Treat
l7015,1.6031,-4.8323,Hepatic stellate cell,Control
l7016,2.1721,-4.4931,Hepatic stellate cell,Control
l7017,2.1345,-3.9057,Hepatic stellate cell,Treat
l7018,2.0337,-4.7917,Hepatic stellate cell,Control
l7019,1.181,-4.6912,Hepatic stellate cell,Control
l7020,1.8372,-4.8844,Hepatic stellate cell,Treat
l7021,1.9615,-5.15,Hepatic stellate cell,Control
l7022,1.7335,-3.519,Hepatic stellate cell,Control
l7023,1.4862,-4.6121,Hepatic stellate cell,Treat
l7024,1.7709,-3.7355,Hepatic stellate cell,Control
l7025,1.7293,-4.7172,Hepatic stellate cell,Control
l7026,1.5898,-5.2694,Hepatic stellate cell,Treat
l7027,2.4689,-5.4134,Hepatic stellate cell,Control
l7028,1.4862,-4.7168,Hepatic stellate cell,Control
l7029,2.6325,-4.0426,Hepatic stellate cell,Treat
l7030,1.3555,-4.5089,Hepatic stellate cell,Control
l7031,0.8659,-4.6456,Hepatic stellate cell,Control
l7032,1.7101,-4.8473,Hepatic stellate cell,Treat
l7033,1.2041,-4.6894,Hepatic stellate cell,Control
l7034,1.7705,-4.0596,Hepatic stellate cell,Control
l7035,2.4854,-4.8916,Hepatic stellate cell,Treat
l7036,1.8954,-3.3324,Hepatic stellate cell,Control
l7037,0.2956,-5.3208,Hepatic stellate cell,Control
l7038,1.6835,-4.8845,Hepatic stellate cell,Treat
l7039,2.3995,-5.0034,Hepatic stellate cell,Control
l7040,1.9685,-4.8251,Hepatic stellate cell,Control
l7041,1.1197,-4.2468,Hepatic stellate cell,Treat
l7042,1.7521,-4.4792,Hepatic stellate cell,Control
l7043,1.7529,-3.5702,Hepatic stellate cell,Control
l7044,1.8407,-4.5778,Hepatic stellate cell,Treat
l7045,0.8716,-4.0009,Hepatic stellate cell,Control
l7046,1.7543,-4.1153,Hepatic stellate cell,Control
l7047,2.0187,-4.5165,Hepatic stellate cell,Treat
l7048,1.1756,-4.4549,Hepatic stellate cell,Control
l7049,1.6278,-4.4957,Hepatic stellate cell,Control
l7050,1.4246,-4.6995,Hepatic stellate cell,Treat
l7051,1.7411,-4.5313,Hepatic stellate cell,Control
l7052,1.8124,-5.1281,Hepatic stellate cell,Control
l7053,2.0907,-4.4004,Hepatic stellate cell,Treat
l7054,1.3663,-4.376,Hepatic stellate cell,Control
l7055,1.9516,-5.5758,Hepatic stellate cell,Control
l7056,1.7862,-4.2947,Hepatic stellate cell,Treat
l7057,1.4011,-5.8514,Hepatic stellate cell,Control
l7058,1.0068,-4.9481,Hepatic stellate cell,Control
l7059,2.6387,-4.9329,Hepatic stellate cell,Treat
l7060,1.1478,-3.6079,Hepatic stellate cell,Control
l7061,2.0832,-4.0976,Hepatic stellate cell,Control
l7062,1.342,-3.8287,Hepatic stellate cell,Treat
l7063,1.1011,-4.7568,Hepatic stellate cell,Control
l7064,2.18,-4.4333,Hepatic stellate cell,Control
l7065,0.8438,-4.648,Hepatic stellate cell,Treat
l7066,1.6629,-4.591,Hepatic stellate cell,Control
l7067,2.6036,-4.2532,Hepatic stellate cell,Control
l7068,0.4616,-5.3403,Hepatic stellate cell,Treat
l7069,1.7488,-4.4272,Hepatic stellate cell,Control
l7070,1.7028,-4.592,Hepatic stellate cell,Control
l7071,1.4194,-4.0088,Hepatic stellate cell,Treat
l7072,0.4515,-4.9547,Hepatic stellate cell,Control
l7073,2.0199,-4.4413,Hepatic stellate cell,Control
l7074,1.2288,-5.2425,Hepatic stellate cell,Treat
l7075,2.2263,-4.222,Hepatic stellate cell,Control
l7076,1.2767,-4.9696,Hepatic stellate cell,Control
l7077,2.2891,-5.0562,Hepatic stellate cell,Treat
l7078,1.821,-5.086,Hepatic stellate cell,Control
l7079,1.1653,-4.1723,Hepatic stellate cell,Control
l7080,1.6185,-4.4993,Hepatic stellate cell,Treat
l7081,2.1076,-4.9314,Hepatic stellate cell,Control
l7082,2.3691,-5.2361,Hepatic stellate cell,Control
l7083,1.7134,-5.3472,Hepatic stellate cell,Treat
l7084,1.9438,-5.6588,Hepatic stellate cell,Control
l7085,1.638,-3.9719,Hepatic stellate cell,Control
l7086,1.3164,-3.3614,Hepatic stellate cell,Treat
l7087,2.4329,-4.7586,Hepatic stellate cell,Control
l7088,2.1556,-4.1146,Hepatic stellate cell,Control
l7089,2.1483,-3.9793,Hepatic stellate cell,Treat
l7090,1.682,-3.7643,Hepatic stellate cell,Control
l7091,1.7386,-4.0023,Hepatic stellate cell,Control
l7092,1.2177,-4.3149,Hepatic stellate cell,Treat
l7093,2.3816,-4.6299,Hepatic stellate cell,Control
l7094,2.314,-5.3243,Hepatic stellate cell,Control
l7095,1.7623,-5.1588,Hepatic stellate cell,Treat
l7096,1.5507,-4.4975,Hepatic stellate cell,Control
l7097,1.783,-3.4912,Hepatic stellate cell,Control
l7098,1.6146,-5.0057,Hepatic stellate cell,Treat
l7099,1.8713,-5.4668,Hepatic stellate cell,Control
l7100,1.6418,-3.9926,Hepatic stellate cell,Control
l7101,2.6656,-4.5394,Hepatic stellate cell,Treat
l7102,1.6527,-4.4471,Hepatic stellate cell,Control
l7103,1.4822,-5.4874,Hepatic stellate cell,Control
l7104,2.0021,-4.9882,Hepatic stellate cell,Treat
l7105,1.2425,-5.3884,Hepatic stellate cell,Control
l7106,1.9101,-4.6095,Hepatic stellate cell,Control
l7107,1.3264,-4.7102,Hepatic stellate cell,Treat
l7108,1.3926,-4.4938,Hepatic stellate cell,Control
l7109,1.0852,-5.4051,Hepatic stellate cell,Control
l7110,0.835,-5.387,Hepatic stellate cell,Treat
l7111,1.6749,-4.5946,Hepatic stellate cell,Control
l7112,1.3401,-4.641,Hepatic stellate cell,Control
l7113,1.1727,-4.4887,Hepatic stellate cell,Treat
l7114,2.335,-4.7328,Hepatic stellate cell,Control
l7115,1.8579,-5.1394,Hepatic stellate cell,Control
l7116,1.427,-4.805,Hepatic stellate cell,Treat
l7117,1.0128,-4.0917,Hepatic stellate cell,Control
l7118,1.2522,-4.2922,Hepatic stellate cell,Control
l7119,2.0481,-4.4694,Hepatic stellate cell,Treat
l7120,2.3261,-5.4563,Hepatic stellate cell,Control
l7121,1.367,-4.8157,Hepatic stellate cell,Control
l7122,1.4902,-4.6305,Hepatic stellate cell,Treat
l7123,0.971,-4.9167,Hepatic stellate cell,Control
l7124,1.4095,-4.2302,Hepatic stellate cell,Control
l7125,1.8618,-4.2338,Hepatic stellate cell,Treat
l7126,0.8571,-3.9459,Hepatic stellate cell,Control
l7127,2.0371,-4.4817,Hepatic stellate cell,Control
l7128,1.5041,-3.8369,Hepatic stellate cell,Treat
l7129,1.5639,-4.6071,Hepatic stellate cell,Control
l7130,1.9781,-4.4829,Hepatic stellate cell,Control
l7131,1.5754,-4.273,Hepatic stellate cell,Treat
l7132,1.3933,-5.5105,Hepatic stellate cell,Control
l7133,1.4645,-4.4552,Hepatic stellate cell,Control
l7134,0.8232,-5.4469,Hepatic stellate cell,Treat
l7135,1.8868,-4.0793,Hepatic stellate cell,Control
l7136,1.4181,-6.1636,Hepatic stellate cell,Control
l7137,1.7844,-4.5375,Hepatic stellate cell,Treat
l7138,1.8918,-4.4976,Hepatic stellate cell,Control
l7139,1.46,-3.8865,Hepatic stellate cell,Control
l7140,2.2877,-4.7153,Hepatic stellate cell,Treat
l7141,1.6478,-5.8856,Hepatic stellate cell,Control
l7142,0.9945,-4.7697,Hepatic stellate cell,Control
l7143,1.001,-3.8875,Hepatic stellate cell,Treat
l7144,0.8182,-5.0179,Hepatic stellate cell,Control
l7145,2.1873,-4.2583,Hepatic stellate cell,Control
l7146,1.7221,-4.9329,Hepatic stellate cell,Treat
l7147,1.6576,-4.6887,Hepatic stellate cell,Control
l7148,1.4161,-5.2131,Hepatic stellate cell,Control
l7149,2.8538,-4.5434,Hepatic stellate cell,Treat
l7150,2.0467,-5.0152,Hepatic stellate cell,Control
