"gene","avg_log2FC","pct.1","pct.2","pct_diff","p_val","p_val_adj","sig","size_value","source","nudge_x","nudge_y"
"SP5",12.4,0.77,0.01,0.84,1.04781948495656e-09,2.09563896991313e-08,"Up",0.84,"labeled",-0.1,0.25
"GBX2",10,0.57,0.13,0.44,8.58647817978635e-09,1.71729563595727e-07,"Up",0.44,"labeled",-0.18,0.55
"EOMES",7.7,0.435,0.265,0.17,8.1788242305629e-09,1.63576484611258e-07,"Up",0.17,"labeled",-0.22,0.95
"CDX2",6.1,0.365,0.335,0.03,7.19209819100797e-09,1.43841963820159e-07,"Up",0.03,"labeled",-0.2,1.25
"DLX5",6.5,0.44,0.26,0.18,4.57378300838172e-09,9.14756601676345e-08,"Up",0.18,"labeled",0.2,0.85
"MIXL1",5.9,0.38,0.32,0.06,8.37656832300126e-09,1.67531366460025e-07,"Up",0.06,"labeled",-0.1,-0.35
"WNT8A",6.6,0.495,0.205,0.29,8.91571563668549e-09,1.7831431273371e-07,"Up",0.29,"labeled",0.2,0.05
"WLS",5.7,0.64,0.0599999999999999,0.58,3.93638866953552e-10,7.87277733907104e-09,"Up",0.58,"labeled",0.16,0.55
"SEMA3C",5.6,0.51,0.19,0.32,8.34433728829026e-09,1.66886745765805e-07,"Up",0.32,"labeled",0.22,-0.35
"PLA2G2A",5.3,0.56,0.14,0.42,9.66664728242904e-09,1.93332945648581e-07,"Up",0.42,"labeled",0.18,-0.85
"MSX1",4.7,0.405,0.295,0.11,5.67957089049742e-09,1.13591417809948e-07,"Up",0.11,"labeled",-0.22,0.35
"MEIS2",4.7,0.61,0.09,0.52,2.15491848066449e-09,4.30983696132898e-08,"Up",0.52,"labeled",0.18,0.15
"NODAL",4.2,0.405,0.295,0.11,6.23242696747184e-11,1.24648539349437e-09,"Up",0.11,"labeled",-0.22,-0.35
"TFAP2A",3.7,0.56,0.14,0.42,4.87354022683576e-09,9.74708045367152e-08,"Up",0.42,"labeled",0.2,-0.95
"TBXT",3.8,0.385,0.315,0.07,5.77792902477086e-10,1.15558580495417e-08,"Up",0.07,"labeled",-0.18,-1.1
"ROR2",3.2,0.615,0.085,0.53,2.45314813219011e-11,4.90629626438022e-10,"Up",0.53,"labeled",0.18,-0.55
"PRTG",3.3,0.575,0.125,0.45,6.0770446434617e-10,1.21540892869234e-08,"Up",0.45,"labeled",0.2,-1.15
"OTX2",-2.3,0.075,0.625,-0.55,1.82385928928852e-10,3.64771857857704e-09,"Down",0.55,"labeled",-0.18,0.75
"PCDH7",-2.8,0.045,0.655,-0.61,4.39722622046247e-09,8.79445244092494e-08,"Down",0.61,"labeled",-0.12,0.3
"SFRP1",-2.5,0.15,0.55,-0.4,5.02274124184623e-09,1.00454824836925e-07,"Down",0.4,"labeled",0.18,0.7
"BMP2",-2.5,0.27,0.43,-0.16,8.87026259209961e-09,1.77405251841992e-07,"Down",0.16,"labeled",0.22,0.3
"FEZF1",-3,0.07,0.63,-0.56,8.03143061930314e-09,1.60628612386063e-07,"Down",0.56,"labeled",-0.12,0.1
"IDO1",-3,0.125,0.575,-0.45,2.71963131614029e-09,5.43926263228059e-08,"Down",0.45,"labeled",0.18,-0.3
"RSPO2",-3,0.33,0.37,-0.04,4.13100698962808e-09,8.26201397925615e-08,"Down",0.04,"labeled",0.24,0.65
"GPR176",-3.3,0.1,0.6,-0.5,4.67777997953817e-09,9.35555995907635e-08,"Down",0.5,"labeled",-0.18,-0.25
"HS3ST5",-3.6,0.015,0.685,-0.67,5.81032433547080e-09,1.16206486709416e-07,"Down",0.67,"labeled",-0.06,-0.1
"TLE6",-3.1,0.33,0.37,-0.04,7.41033187601715e-09,1.48206637520343e-07,"Down",0.04,"labeled",0.22,-0.55
"DRD2",-3.7,0.31,0.39,-0.08,3.63757283193991e-09,7.27514566387981e-08,"Down",0.08,"labeled",0.24,-0.1
"HESX1",-4.8,0.01,0.77,-0.76,9.98271115589887e-09,1.99654223117977e-07,"Down",0.76,"labeled",0.02,0.15
"SHISA2",-4.9,0.105,0.595,-0.49,3.44196459045634e-09,6.88392918091267e-08,"Down",0.49,"labeled",0.18,-0.4
"SORBS2",-5,0.1,0.6,-0.5,9.20989375561476e-09,1.84197875112295e-07,"Down",0.5,"labeled",-0.14,-0.6
"SIX3",-5.2,0.31,0.39,-0.08,7.560068895109e-09,1.5120137790218e-07,"Down",0.08,"labeled",0.22,0.05
"bg1",2.8169600571115,0.44325067630469,0.25674932369531,0.18650135260938,0.48281187704904,1,"NS",0.18650135260938,"background",NA,NA
"bg2",4.54894396283632,0.498098814764378,0.201901185235622,0.296197629528755,0.417490728014614,1,"NS",0.296197629528755,"background",NA,NA
"bg3",0.528578265470534,0.306994940820485,0.393005059179515,-0.0860101183590294,0.666199295248138,1,"NS",0.0860101183590294,"background",NA,NA
"bg4",0.263931939283405,0.283197333621542,0.416802666378458,-0.133605332756916,0.232948330057319,1,"NS",0.133605332756916,"background",NA,NA
"bg5",5.31003423260618,0.507369037564954,0.192630962435046,0.314738075129909,0.734918112639803,1,"NS",0.314738075129909,"background",NA,NA
"bg6",1.29255926918709,0.428806008228208,0.271193991771792,0.157612016456416,0.327611333563924,1,"NS",0.157612016456416,"background",NA,NA
"bg7",3.98696693544278,0.661073818390124,0.0389261816098756,0.622147636780249,0.710385262966855,1,"NS",0.622147636780249,"background",NA,NA
"bg8",0.337387611756613,0.353837383644012,0.346162616355988,0.00767476728802383,0.505587051558774,1,"NS",0.00767476728802383,"background",NA,NA
"bg9",-0.875508614149308,0.228831506031104,0.471168493968896,-0.242336987937792,0.0607416117887478,0.485932894309983,"NS",0.242336987937792,"background",NA,NA
"bg10",0.384287847959934,0.444418251840927,0.255581748159073,0.188836503681854,0.302918012960115,1,"NS",0.188836503681854,"background",NA,NA
"bg11",1.37659833734264,0.446532460524097,0.253467539475903,0.193064921048195,0.33573046988342,1,"NS",0.193064921048195,"background",NA,NA
"bg12",1.69475566395565,0.546568800515465,0.153431199484535,0.39313760103093,0.0153378503415734,0.122702802732587,"NS",0.39313760103093,"background",NA,NA
"bg13",-0.560100109520711,0.201652495669312,0.498347504330688,-0.296695008661376,0.529896520338254,1,"NS",0.296695008661376,"background",NA,NA
"bg14",-3.17604704857728,0.162566610848049,0.537433389151951,-0.374866778303902,0.453788796797395,1,"NS",0.374866778303902,"background",NA,NA
"bg15",4.62194856258835,0.59950896460173,0.10049103539827,0.49901792920346,0.526490086912178,1,"NS",0.49901792920346,"background",NA,NA
"bg16",6.33491237072149,0.545098822093847,0.154901177906153,0.390197644187693,0.0930537714711391,0.744430171769112,"NS",0.390197644187693,"background",NA,NA
"bg17",2.27378521702837,0.559601840855231,0.140398159144769,0.419203681710463,0.322174161901465,1,"NS",0.419203681710463,"background",NA,NA
"bg18",-1.05822629945257,0.349900573051772,0.350099426948228,-0.000198853896455214,0.115859780732542,0.926878245860338,"NS",0.000198853896455214,"background",NA,NA
"bg19",-2.64955533576966,0.268310373155892,0.431689626844108,-0.163379253688216,0.61304656146653,1,"NS",0.163379253688216,"background",NA,NA
"bg20",0.574533771410046,0.340664396593437,0.359335603406563,-0.0186712068131262,0.283259743324947,1,"NS",0.0186712068131262,"background",NA,NA
"bg21",-1.44240986230479,0.262017666740099,0.437982333259901,-0.175964666519803,0.762126910891151,1,"NS",0.175964666519803,"background",NA,NA
"bg22",-0.570996759233003,0.385238983387999,0.314761016612,0.070477966775999,0.326454514696496,1,"NS",0.070477966775999,"background",NA,NA
"bg23",-4.67925024517307,0.165471236449859,0.534528763550141,-0.369057527100282,0.478102137082256,1,"NS",0.369057527100282,"background",NA,NA
"bg24",0.401237545473453,0.339407988001452,0.360592011998548,-0.0211840239970955,0.453542644137517,1,"NS",0.0211840239970955,"background",NA,NA
"bg25",-0.445337130375711,0.234528739171817,0.465471260828182,-0.230942521656365,0.536459425717825,1,"NS",0.230942521656365,"background",NA,NA
"bg26",2.88418814109508,0.42436886050994,0.27563113949006,0.148737721019879,0.200676607151981,1,"NS",0.148737721019879,"background",NA,NA
"bg27",-2.32709849908292,0.190809423819432,0.509190576180568,-0.318381152361136,0.119136434735032,0.953091477880255,"NS",0.318381152361136,"background",NA,NA
"bg28",-1.26957157578177,0.282806964321553,0.417193035678447,-0.134386071356893,0.273968719943659,1,"NS",0.134386071356893,"background",NA,NA
"bg29",1.84004496832553,0.399372532075888,0.300627467924112,0.098745064151775,0.0845115192939993,0.676092154351994,"NS",0.098745064151775,"background",NA,NA
"bg30",3.17939190653421,0.530218779618464,0.169781220381536,0.360437559236928,0.710297205427196,1,"NS",0.360437559236928,"background",NA,NA
"bg31",1.44128712459875,0.403318471212144,0.296681528787856,0.106636942424287,0.538050588385202,1,"NS",0.106636942424287,"background",NA,NA
"bg32",2.29687306685435,0.565051467656089,0.13494853234391,0.430102935312179,0.281355325625045,1,"NS",0.430102935312179,"background",NA,NA
"bg33",-2.72981682762559,0.208623136865986,0.491376863134014,-0.282753726268028,0.784307208721526,1,"NS",0.282753726268028,"background",NA,NA
"bg34",5.70852700384591,0.591703530699975,0.108296469300025,0.48340706139995,0.685421973368851,1,"NS",0.48340706139995,"background",NA,NA
"bg35",3.45478237400224,0.614897986648598,0.0851020133514021,0.529795973297196,0.603157727500191,1,"NS",0.529795973297196,"background",NA,NA
"bg36",-1.02278099199591,0.244642247828512,0.455357752171488,-0.210715504342975,0.789821011671564,1,"NS",0.210715504342975,"background",NA,NA
"bg37",6.73554920828377,0.637671085541229,0.062328914458771,0.575342171082458,0.550436092939926,1,"NS",0.575342171082458,"background",NA,NA
"bg38",0.584984821375901,0.391008114092295,0.308991885907705,0.0820162281845895,0.797944920819951,1,"NS",0.0820162281845895,"background",NA,NA
"bg39",5.82583275567158,0.620390126320496,0.0796098736795042,0.540780252640991,0.346578989964211,1,"NS",0.540780252640991,"background",NA,NA
"bg40",-1.93212472825801,0.164129983105925,0.535870016894075,-0.37174003378815,0.0153886195044033,0.123108956035227,"NS",0.37174003378815,"background",NA,NA
"bg41",9.06058128671945,0.647654878388585,0.0523451216114151,0.59530975677717,0.435102889847709,1,"NS",0.59530975677717,"background",NA,NA
"bg42",-0.756857537504458,0.219208387023546,0.480791612976454,-0.261583225952907,0.687275740408106,1,"NS",0.261583225952907,"background",NA,NA
"bg43",1.80776996594555,0.403882664960239,0.296117335039761,0.107765329920479,0.535417231760919,1,"NS",0.107765329920479,"background",NA,NA
"bg44",-0.694482509907076,0.275762588456017,0.424237411543983,-0.148474823087965,0.419962561140768,1,"NS",0.148474823087965,"background",NA,NA
"bg45",0.0622500912515108,0.388543943146113,0.311456056853887,0.0770878862922252,0.430250190670602,1,"NS",0.0770878862922252,"background",NA,NA
"bg46",2.72621632469712,0.531843262396976,0.168156737603024,0.363686524793952,0.0688599230577238,0.55087938446179,"NS",0.363686524793952,"background",NA,NA
"bg47",5.18619418061384,0.550842813338377,0.149157186661623,0.401685626676754,0.520402321150759,1,"NS",0.401685626676754,"background",NA,NA
"bg48",-5.67370491605841,0.0968901166489798,0.60310988335102,-0.50621976670204,0.389414025914855,1,"NS",0.50621976670204,"background",NA,NA
"bg49",0.986310160991828,0.394498524466677,0.305501475533323,0.0889970489333535,0.686870784033323,1,"NS",0.0889970489333535,"background",NA,NA
"bg50",10.4585089351509,0.70264250086404,0.01,0.705285001728081,0.123694195001153,0.989553560009226,"NS",0.705285001728081,"background",NA,NA
"bg51",0.573540928968098,0.370223605661204,0.329776394338796,0.0404472113224075,0.570195789281745,1,"NS",0.0404472113224075,"background",NA,NA
"bg52",2.36829756715284,0.396637592749811,0.303362407250189,0.0932751854996221,0.312938625260489,1,"NS",0.0932751854996221,"background",NA,NA
"bg53",-0.942863830249732,0.277976794005011,0.422023205994989,-0.144046411989977,0.487116707334993,1,"NS",0.144046411989977,"background",NA,NA
"bg54",1.97512944925971,0.38678885400997,0.31321114599003,0.0735777080199393,0.272262959526386,1,"NS",0.0735777080199393,"background",NA,NA
"bg55",0.530964002215007,0.337618420529562,0.362381579470437,-0.024763158940875,0.730520586858271,1,"NS",0.024763158940875,"background",NA,NA
"bg56",0.851203846278904,0.387646164725122,0.312353835274878,0.0752923294502441,0.123688207757426,0.989505662059411,"NS",0.0752923294502441,"background",NA,NA
"bg57",-0.210962373587172,0.353218842345333,0.346781157654667,0.00643768469066576,0.350290657480713,1,"NS",0.00643768469066576,"background",NA,NA
"bg58",-1.48119825009289,0.283256542962287,0.416743457037713,-0.133486914075427,0.36773010396352,1,"NS",0.133486914075427,"background",NA,NA
"bg59",1.85003555200304,0.416705251826129,0.283294748173871,0.133410503652259,0.217761541983578,1,"NS",0.133410503652259,"background",NA,NA
"bg60",-1.2368731212648,0.326067184686742,0.373932815313258,-0.0478656306265158,0.392873333266238,1,"NS",0.0478656306265158,"background",NA,NA
"bg61",6.25408627508953,0.606157284897352,0.0938427151026477,0.512314569794704,0.334635237363167,1,"NS",0.512314569794704,"background",NA,NA
"bg62",-2.608124359407,0.179899280889574,0.520100719110426,-0.340201438220852,0.102123557602055,0.816988460816443,"NS",0.340201438220852,"background",NA,NA
"bg63",2.69922051236514,0.475023076131996,0.224976923868004,0.250046152263993,0.447151990145212,1,"NS",0.250046152263993,"background",NA,NA
"bg64",-0.41575314834703,0.243244350595544,0.456755649404456,-0.213511298808913,0.39881492760824,1,"NS",0.213511298808913,"background",NA,NA
"bg65",-3.17526438288079,0.155880515026256,0.544119484973744,-0.388238969947488,0.433914765382418,1,"NS",0.388238969947488,"background",NA,NA
"bg66",1.95872376814598,0.477669385383635,0.222330614616365,0.255338770767269,0.262848445336567,1,"NS",0.255338770767269,"background",NA,NA
"bg67",1.71693859136119,0.42624072875803,0.27375927124197,0.152481457516059,0.7637039602648,1,"NS",0.152481457516059,"background",NA,NA
"bg68",4.10849685500457,0.491631925505915,0.208368074494085,0.28326385101183,0.0176224585762247,0.140979668609798,"NS",0.28326385101183,"background",NA,NA
"bg69",-4.5538198639596,0.220528254760519,0.479471745239481,-0.258943490478961,0.462791484276298,1,"NS",0.258943490478961,"background",NA,NA
"bg70",3.89745701965632,0.51891385281503,0.18108614718497,0.33782770563006,0.707165201104945,1,"NS",0.33782770563006,"background",NA,NA
"bg71",-3.61708970380912,0.164120968395177,0.535879031604823,-0.371758063209646,0.577000858429819,1,"NS",0.371758063209646,"background",NA,NA
"bg72",3.1524002730818,0.517199440173679,0.182800559826321,0.334398880347358,0.0770466428278014,0.616373142622411,"NS",0.334398880347358,"background",NA,NA
"bg73",1.17302637290184,0.426588679737866,0.273411320262134,0.153177359475732,0.392254673366202,1,"NS",0.153177359475732,"background",NA,NA
"bg74",3.73558685767458,0.456274913997046,0.243725086002953,0.212549827994093,0.481784907553112,1,"NS",0.212549827994093,"background",NA,NA
"bg75",0.196663245919471,0.364020668655283,0.335979331344717,0.0280413373105654,0.41804451848031,1,"NS",0.0280413373105654,"background",NA,NA
"bg76",-1.9062362591938,0.202198117571703,0.497801882428297,-0.295603764856594,0.115006013617851,0.920048108942807,"NS",0.295603764856594,"background",NA,NA
"bg77",7.21840948699684,0.623367384652544,0.076632615347456,0.546734769305088,0.715356814252445,1,"NS",0.546734769305088,"background",NA,NA
"bg78",4.7574994415411,0.478183800307691,0.221816199692309,0.256367600615381,0.453292876137886,1,"NS",0.256367600615381,"background",NA,NA
"bg79",0.976385058702565,0.317236736225938,0.382763263774062,-0.0655265275481241,0.714524056439987,1,"NS",0.0655265275481241,"background",NA,NA
"bg80",-0.925188267897438,0.135171660527389,0.564828339472611,-0.429656678945222,0.499668631369714,1,"NS",0.429656678945222,"background",NA,NA
"bg81",-4.54008662344936,0.218074104470489,0.481925895529511,-0.263851791059022,0.625515664939536,1,"NS",0.263851791059022,"background",NA,NA
"bg82",-1.0152896016517,0.254832798633617,0.445167201366383,-0.190334402732767,0.728227988004684,1,"NS",0.190334402732767,"background",NA,NA
"bg83",-1.7665619866772,0.266927838495207,0.433072161504793,-0.166144323009587,0.44021698474884,1,"NS",0.166144323009587,"background",NA,NA
"bg84",5.38385567848667,0.598818081120704,0.101181918879296,0.497636162241409,0.167448903883342,1,"NS",0.497636162241409,"background",NA,NA
"bg85",-4.11772153609894,0.224659446564775,0.475340553435224,-0.250681106870449,0.649383607421769,1,"NS",0.250681106870449,"background",NA,NA
"bg86",0.273600067066307,0.42743119683612,0.27256880316388,0.154862393672239,0.681415801697411,1,"NS",0.154862393672239,"background",NA,NA
"bg87",-0.560177058501321,0.30877998611941,0.39122001388059,-0.0824400277611805,0.258030079795048,1,"NS",0.0824400277611805,"background",NA,NA
"bg88",1.16149455148301,0.243609897698612,0.456390102301388,-0.212780204602776,0.460029322104296,1,"NS",0.212780204602776,"background",NA,NA
"bg89",2.48204996902598,0.377371696459921,0.322628303540079,0.0547433929198418,0.40909327322687,1,"NS",0.0547433929198418,"background",NA,NA
"bg90",2.55631772990903,0.492772184434757,0.207227815565243,0.285544368869514,0.37892144081369,1,"NS",0.285544368869514,"background",NA,NA
"bg91",-1.18020972471308,0.344559024454876,0.355440975545123,-0.010881951090247,0.70488034842466,1,"NS",0.010881951090247,"background",NA,NA
"bg92",3.80116055678342,0.464445743826458,0.235554256173542,0.228891487652917,0.0952205269595142,0.761764215676114,"NS",0.228891487652917,"background",NA,NA
"bg93",-4.64406376499684,0.114625043893823,0.585374956106177,-0.470749912212354,0.63811795537849,1,"NS",0.470749912212354,"background",NA,NA
"bg94",3.73354279895628,0.543121749142568,0.156878250857432,0.386243498285136,0.315153182520298,1,"NS",0.386243498285136,"background",NA,NA
"bg95",-4.77460230840284,0.0987102661360509,0.601289733863949,-0.502579467727898,0.189792576599168,1,"NS",0.502579467727898,"background",NA,NA
"bg96",-1.33696037263704,0.312343516076793,0.387656483923207,-0.0753129678464138,0.738740796610247,1,"NS",0.0753129678464138,"background",NA,NA
"bg97",-0.486731066261103,0.314053809957706,0.385946190042294,-0.0718923800845882,0.544708821794717,1,"NS",0.0718923800845882,"background",NA,NA
"bg98",-3.7458319770976,0.229475606907495,0.470524393092505,-0.24104878618501,0.548861188325565,1,"NS",0.24104878618501,"background",NA,NA
"bg99",-2.19899540303936,0.288850409657918,0.411149590342082,-0.122299180684165,0.681682076102356,1,"NS",0.122299180684165,"background",NA,NA
"bg100",-1.24751172290842,0.3752922018439,0.3247077981561,0.0505844036878007,0.228322723663878,1,"NS",0.0505844036878007,"background",NA,NA
"bg101",-5.52248525687297,0.0580033419459056,0.641996658054094,-0.583993316108189,0.788352828969713,1,"NS",0.583993316108189,"background",NA,NA
"bg102",6.50986424104399,0.56338705533091,0.13661294466909,0.426774110661821,0.520284654622199,1,"NS",0.426774110661821,"background",NA,NA
"bg103",-2.12273701570493,0.197425577221445,0.502574422778555,-0.305148845557109,0.799351223058533,1,"NS",0.305148845557109,"background",NA,NA
"bg104",4.22073414642916,0.610292220649323,0.089707779350677,0.520584441298646,0.00639296067459509,0.0511436853967607,"NS",0.520584441298646,"background",NA,NA
"bg105",-3.93531536051217,0.157562220954454,0.542437779045546,-0.384875558091092,0.11590130263241,0.927210421059281,"NS",0.384875558091092,"background",NA,NA
"bg106",1.76835452904029,0.445068865274609,0.254931134725391,0.190137730549218,0.112403545322362,0.899228362578899,"NS",0.190137730549218,"background",NA,NA
"bg107",-1.36287136910966,0.30483788186486,0.39516211813514,-0.0903242362702804,0.715253527787048,1,"NS",0.0903242362702804,"background",NA,NA
"bg108",-4.19351668988917,0.240042705593641,0.459957294406359,-0.219914588812718,0.103319926991593,0.826559415932745,"NS",0.219914588812718,"background",NA,NA
"bg109",-2.33575504751308,0.188239150422869,0.511760849577131,-0.323521699154262,0.390542562571354,1,"NS",0.323521699154262,"background",NA,NA
"bg110",-0.911896615771286,0.262955402390188,0.437044597609812,-0.174089195219624,0.0478592288834043,0.382873831067234,"NS",0.174089195219624,"background",NA,NA
"bg111",5.10612982610673,0.576710741253886,0.123289258746114,0.453421482507771,0.640285247010179,1,"NS",0.453421482507771,"background",NA,NA
"bg112",-0.369054933348162,0.301969356569306,0.398030643430694,-0.0960612868613888,0.711595055658603,1,"NS",0.0960612868613888,"background",NA,NA
"bg113",4.43138942092586,0.559915822736529,0.140084177263471,0.419831645473058,0.0802492197577376,0.641993758061901,"NS",0.419831645473058,"background",NA,NA
"bg114",-1.50407757869101,0.393255598722174,0.306744401277826,0.0865111974443483,0.404157776742009,1,"NS",0.0865111974443483,"background",NA,NA
"bg115",5.95165417721853,0.56184200038117,0.13815799961883,0.42368400076234,0.0722991546138655,0.578393236910924,"NS",0.42368400076234,"background",NA,NA
"bg116",3.56303482168612,0.554812724930229,0.145187275069771,0.409625449860459,0.214889131296426,1,"NS",0.409625449860459,"background",NA,NA
"bg117",1.98992475979042,0.447073302270237,0.252926697729763,0.194146604540474,0.378862042943249,1,"NS",0.194146604540474,"background",NA,NA
"bg118",-0.0962943974655079,0.379961962196271,0.320038037803729,0.0599239243925422,0.595509695213521,1,"NS",0.0599239243925422,"background",NA,NA
"bg119",-2.1276892042346,0.248557646354395,0.451442353645604,-0.202884707291209,0.358494726565666,1,"NS",0.202884707291209,"background",NA,NA
"bg120",1.94663297217724,0.400634389969113,0.299365610030887,0.101268779938225,0.248206525462912,1,"NS",0.101268779938225,"background",NA,NA
"bg121",3.15970293675293,0.473322395086898,0.226677604913102,0.246644790173795,0.55065249820333,1,"NS",0.246644790173795,"background",NA,NA
"bg122",1.38216271032068,0.453734492209141,0.246265507790859,0.207468984418282,0.0515310843172483,0.412248674537987,"NS",0.207468984418282,"background",NA,NA
"bg123",-4.77558812169967,0.01,0.704941295487746,-0.694941295487746,0.359451066528214,1,"NS",0.694941295487746,"background",NA,NA
"bg124",3.7014685870264,0.515646172403236,0.184353827596764,0.331292344806472,0.593142107546097,1,"NS",0.331292344806472,"background",NA,NA
"bg125",-4.01555336323899,0.141967128805727,0.558032871194273,-0.416065742388546,0.78743193232175,1,"NS",0.416065742388546,"background",NA,NA
"bg126",-1.24837710476353,0.205696481224275,0.494303518775725,-0.28860703755145,0.242919418490957,1,"NS",0.28860703755145,"background",NA,NA
"bg127",-0.858588740395073,0.387135453522445,0.312864546477555,0.0742709070448893,0.0748562620596495,0.598850096477196,"NS",0.0742709070448893,"background",NA,NA
"bg128",-3.56335609568641,0.168099368341412,0.531900631658588,-0.363801263317176,0.177183828256326,1,"NS",0.363801263317176,"background",NA,NA
"bg129",0.559653726476355,0.479956376185303,0.220043623814697,0.259912752370605,0.494099917633459,1,"NS",0.259912752370605,"background",NA,NA
"bg130",0.309032671873402,0.332118563940419,0.36788143605958,-0.0357628721191609,0.41394367863331,1,"NS",0.0357628721191609,"background",NA,NA
"bg131",6.9677475321224,0.615701229213629,0.0842987707863709,0.531402458427258,0.558931429600576,1,"NS",0.531402458427258,"background",NA,NA
"bg132",-0.165772271071744,0.283230253254119,0.416769746745881,-0.133539493491763,0.644189272776479,1,"NS",0.133539493491763,"background",NA,NA
"bg133",-3.1941807474137,0.115816083181888,0.584183916818112,-0.468367833636223,0.567884210173506,1,"NS",0.468367833636223,"background",NA,NA
"bg134",1.26680870207658,0.450302245598348,0.249697754401652,0.200604491196695,0.728349312474253,1,"NS",0.200604491196695,"background",NA,NA
"bg135",1.58708549567765,0.527574386588721,0.172425613411279,0.355148773177443,0.778391803361941,1,"NS",0.355148773177443,"background",NA,NA
"bg136",-0.613252547685862,0.210829426182652,0.489170573817348,-0.278341147634697,0.44519467042922,1,"NS",0.278341147634697,"background",NA,NA
"bg137",2.2965959395285,0.33710893613844,0.36289106386156,-0.0257821277231198,0.657582108950475,1,"NS",0.0257821277231198,"background",NA,NA
"bg138",-2.89247159810883,0.188983286320148,0.511016713679852,-0.322033427359704,0.735810657500988,1,"NS",0.322033427359704,"background",NA,NA
"bg139",-1.33266320787504,0.265489332752235,0.434510667247765,-0.16902133449553,0.380207590582315,1,"NS",0.16902133449553,"background",NA,NA
"bg140",3.22053929365049,0.543622270133634,0.156377729866366,0.387244540267268,0.394009903887054,1,"NS",0.387244540267268,"background",NA,NA
"bg141",-5.54409815906149,0.0530825921017869,0.646917407898213,-0.593834815796426,0.115326897995779,0.922615183966234,"NS",0.593834815796426,"background",NA,NA
"bg142",1.44529117305315,0.301769551030619,0.398230448969381,-0.0964608979387622,0.417475715629756,1,"NS",0.0964608979387622,"background",NA,NA
"bg143",-0.862757555274289,0.260467478191923,0.439532521808077,-0.179065043616155,0.0141040982571431,0.112832786057144,"NS",0.179065043616155,"background",NA,NA
"bg144",3.4814119265932,0.520726840110766,0.179273159889234,0.341453680221531,0.358468549489276,1,"NS",0.341453680221531,"background",NA,NA
"bg145",-2.41200461479325,0.194090768016404,0.505909231983596,-0.311818463967193,0.746700730176875,1,"NS",0.311818463967193,"background",NA,NA
"bg146",6.26551850365099,0.555220480686371,0.144779519313629,0.410440961372742,0.209848491005832,1,"NS",0.410440961372742,"background",NA,NA
"bg147",3.33262228501939,0.553428380193985,0.146571619806015,0.406856760387971,0.679426737348782,1,"NS",0.406856760387971,"background",NA,NA
"bg148",2.04172208749183,0.328695758322406,0.371304241677594,-0.0426084833551887,0.0827123670645524,0.661698936516419,"NS",0.0426084833551887,"background",NA,NA
"bg149",4.94207648411085,0.601891707957893,0.0981082920421065,0.503783415915787,0.199177203124622,1,"NS",0.503783415915787,"background",NA,NA
"bg150",-4.96171919657971,0.202891155006758,0.497108844993242,-0.294217689986483,0.343317407690687,1,"NS",0.294217689986483,"background",NA,NA
"bg151",2.61467395027267,0.410846872291506,0.289153127708494,0.121693744583013,0.783465847129701,1,"NS",0.121693744583013,"background",NA,NA
"bg152",2.09846720857323,0.485847869855504,0.214152130144496,0.271695739711008,0.632423711182317,1,"NS",0.271695739711008,"background",NA,NA
"bg153",0.9224263779263,0.437888229575419,0.262111770424581,0.175776459150839,0.288938798406161,1,"NS",0.175776459150839,"background",NA,NA
"bg154",0.585755674787617,0.363465586878368,0.336534413121632,0.0269311737567369,0.591791436780477,1,"NS",0.0269311737567369,"background",NA,NA
"bg155",-5.00521980865213,0.152482250597191,0.547517749402809,-0.395035498805617,0.718503635254223,1,"NS",0.395035498805617,"background",NA,NA
"bg156",1.71906330747474,0.509267837504683,0.190732162495317,0.318535675009367,0.0953159383316524,0.76252750665322,"NS",0.318535675009367,"background",NA,NA
"bg157",3.14649445163937,0.446359768765753,0.253640231234247,0.192719537531505,0.481423134341138,1,"NS",0.192719537531505,"background",NA,NA
"bg158",-2.93638389286702,0.168840855180599,0.531159144819401,-0.362318289638801,0.248404682506342,1,"NS",0.362318289638801,"background",NA,NA
"bg159",4.8673588417255,0.514505579783036,0.185494420216964,0.329011159566071,0.398494600395206,1,"NS",0.329011159566071,"background",NA,NA
"bg160",-5.11358180047112,0.136972644594722,0.563027355405278,-0.426054710810556,0.397003084669355,1,"NS",0.426054710810556,"background",NA,NA
"bg161",2.61640917053181,0.529091442265315,0.170908557734685,0.35818288453063,0.0100378668145277,0.0803029345162213,"NS",0.35818288453063,"background",NA,NA
"bg162",-2.67907891326368,0.201673698140672,0.498326301859328,-0.296652603718657,0.735056626623031,1,"NS",0.296652603718657,"background",NA,NA
"bg163",2.93214365422537,0.380610681326436,0.319389318673563,0.061221362652873,0.342917855350301,1,"NS",0.061221362652873,"background",NA,NA
"bg164",-2.6219512863462,0.269074106750229,0.43092589324977,-0.161851786499541,0.487345700432314,1,"NS",0.161851786499541,"background",NA,NA
"bg165",-1.23150838315984,0.259895981250718,0.440104018749282,-0.180208037498565,0.0672615966822486,0.538092773457989,"NS",0.180208037498565,"background",NA,NA
"bg166",-2.42802050500464,0.166444264442799,0.533555735557201,-0.367111471114402,0.343314238454914,1,"NS",0.367111471114402,"background",NA,NA
"bg167",-5.39441729794675,0.0258319412229159,0.674168058777084,-0.648336117554168,0.522500866819872,1,"NS",0.648336117554168,"background",NA,NA
"bg168",5.59608932493758,0.635788419075694,0.0642115809243063,0.571576838151387,0.323730885081226,1,"NS",0.571576838151387,"background",NA,NA
"bg169",1.96163055028931,0.491496219890335,0.208503780109665,0.28299243978067,0.107553314785706,0.860426518285647,"NS",0.28299243978067,"background",NA,NA
"bg170",-3.35218200094513,0.188167111786938,0.511832888213062,-0.323665776426125,0.292029826459475,1,"NS",0.323665776426125,"background",NA,NA
"bg171",-1.89552141355693,0.213374011027305,0.486625988972695,-0.273251977945389,0.269100440240931,1,"NS",0.273251977945389,"background",NA,NA
"bg172",-2.7212970443214,0.213738849308689,0.486261150691311,-0.272522301382621,0.353717977986205,1,"NS",0.272522301382621,"background",NA,NA
"bg173",-3.47976774035137,0.20242355635114,0.49757644364886,-0.29515288729772,0.162987495193491,1,"NS",0.29515288729772,"background",NA,NA
"bg174",-2.34912242949582,0.161384972014725,0.538615027985275,-0.377230055970549,0.776033559321892,1,"NS",0.377230055970549,"background",NA,NA
"bg175",-2.98212281245143,0.213593477413292,0.486406522586708,-0.272813045173415,0.227713966974523,1,"NS",0.272813045173415,"background",NA,NA
"bg176",4.58454099614652,0.566757801738888,0.133242198261111,0.433515603477777,0.424376594443806,1,"NS",0.433515603477777,"background",NA,NA
"bg177",3.90847903308482,0.584484884268377,0.115515115731623,0.468969768536754,0.0611736975361127,0.489389580288902,"NS",0.468969768536754,"background",NA,NA
"bg178",-2.06220696836243,0.210028071173075,0.489971928826925,-0.279943857653851,0.640716116482392,1,"NS",0.279943857653851,"background",NA,NA
"bg179",-1.46308356070293,0.310487604161976,0.389512395838024,-0.0790247916760479,0.127964385629399,1,"NS",0.0790247916760479,"background",NA,NA
"bg180",2.48702569440669,0.328780050100976,0.371219949899024,-0.0424398997980473,0.198381066765403,1,"NS",0.0424398997980473,"background",NA,NA
"bg181",-3.23786111433473,0.228569393897429,0.47143060610257,-0.242861212205141,0.48726630843454,1,"NS",0.242861212205141,"background",NA,NA
"bg182",-0.122688650607979,0.382621654625445,0.317378345374555,0.0652433092508897,0.769329029509332,1,"NS",0.0652433092508897,"background",NA,NA
"bg183",-3.0087688068582,0.131686130590742,0.568313869409258,-0.436627738818515,0.793662496004021,1,"NS",0.436627738818515,"background",NA,NA
"bg184",0.0245306246408334,0.479657379956642,0.220342620043358,0.259314759913283,0.752675067583565,1,"NS",0.259314759913283,"background",NA,NA
"bg185",4.91505725641844,0.605140355720617,0.0948596442793831,0.510280711441234,0.434822069067275,1,"NS",0.510280711441234,"background",NA,NA
"bg186",-0.869720903334166,0.24526693021436,0.45473306978564,-0.20946613957128,0.0115774961009156,0.0926199688073248,"NS",0.20946613957128,"background",NA,NA
"bg187",-1.11286723892442,0.306985627876129,0.393014372123871,-0.0860287442477417,0.00121470549190417,0.00971764393523335,"NS",0.0860287442477417,"background",NA,NA
"bg188",8.00279021254279,0.626004577196137,0.0739954228038627,0.552009154392274,0.171104356345488,1,"NS",0.552009154392274,"background",NA,NA
"bg189",-5.18012185065209,0.11356416255331,0.58643583744669,-0.47287167489338,0.572286334658274,1,"NS",0.47287167489338,"background",NA,NA
"bg190",-1.38697411257361,0.290437401588417,0.409562598411583,-0.119125196823165,0.131898318221327,1,"NS",0.119125196823165,"background",NA,NA
"bg191",6.07528561161149,0.63685237671242,0.0631476232875797,0.573704753424841,0.215346947458107,1,"NS",0.573704753424841,"background",NA,NA
"bg192",2.53118241833971,0.406755771787289,0.293244228212711,0.113511543574579,0.516278998072492,1,"NS",0.113511543574579,"background",NA,NA
"bg193",-3.66439227365693,0.184191724073848,0.515808275926152,-0.331616551852304,0.775721141245915,1,"NS",0.331616551852304,"background",NA,NA
"bg194",4.03552272230077,0.613586456635906,0.0864135433640938,0.527172913271812,0.641430896535283,1,"NS",0.527172913271812,"background",NA,NA
"bg195",-0.475699497235256,0.274334738108907,0.425665261891093,-0.151330523782186,0.0279323609354906,0.223458887483925,"NS",0.151330523782186,"background",NA,NA
"bg196",5.52324798822378,0.612463599984427,0.0875364000155729,0.524927199968854,0.407993229555199,1,"NS",0.524927199968854,"background",NA,NA
"bg197",4.83819207460952,0.501167733869894,0.198832266130106,0.302335467739788,0.239718422086211,1,"NS",0.302335467739788,"background",NA,NA
"bg198",0.361048725787514,0.369694077461626,0.330305922538374,0.0393881549232515,0.269575734637445,1,"NS",0.0393881549232515,"background",NA,NA
"bg199",3.19713240756929,0.391347004579055,0.308652995420945,0.0826940091581096,0.0227678071723785,0.182142457379028,"NS",0.0826940091581096,"background",NA,NA
"bg200",2.65678936847127,0.477054830925853,0.222945169074147,0.254109661851707,0.00301672670198604,0.0241338136158884,"NS",0.254109661851707,"background",NA,NA
"bg201",1.3352404687915,0.410029023252403,0.289970976747597,0.120058046504806,0.0776377326461952,0.621101861169562,"NS",0.120058046504806,"background",NA,NA
"bg202",2.09829401737603,0.419862875675309,0.280137124324691,0.139725751350618,0.540247487703571,1,"NS",0.139725751350618,"background",NA,NA
"bg203",-0.734696165737043,0.359367019587421,0.340632980412579,0.0187340391748411,0.392840852878289,1,"NS",0.0187340391748411,"background",NA,NA
"bg204",-1.04576859281269,0.426208510731985,0.273791489268015,0.15241702146397,0.660356261050561,1,"NS",0.15241702146397,"background",NA,NA
"bg205",5.90262094663479,0.618575071734803,0.0814249282651972,0.537150143469606,0.294835352431051,1,"NS",0.537150143469606,"background",NA,NA
"bg206",-3.23843234037061,0.307759537522041,0.392240462477959,-0.0844809249559186,0.460995694197482,1,"NS",0.0844809249559186,"background",NA,NA
"bg207",2.8844335497811,0.523093769489347,0.176906230510653,0.346187538978693,0.775978247265331,1,"NS",0.346187538978693,"background",NA,NA
"bg208",1.15860939342791,0.253755874841798,0.446244125158202,-0.192488250316404,0.147903695376357,1,"NS",0.192488250316404,"background",NA,NA
"bg209",-2.03542507257322,0.249728594679912,0.450271405320088,-0.200542810640177,0.261483397484291,1,"NS",0.200542810640177,"background",NA,NA
"bg210",-3.47791869871354,0.160956627353008,0.539043372646992,-0.378086745293984,0.683548768809065,1,"NS",0.378086745293984,"background",NA,NA
"bg211",-2.3338158559009,0.211262541481461,0.488737458518539,-0.277474917037078,0.118188206870109,0.945505654960871,"NS",0.277474917037078,"background",NA,NA
"bg212",0.377314374170039,0.28707866037585,0.41292133962415,-0.1258426792483,0.162428564486327,1,"NS",0.1258426792483,"background",NA,NA
"bg213",-0.217114331359118,0.34280099840376,0.35719900159624,-0.0143980031924808,0.537769212858286,1,"NS",0.0143980031924808,"background",NA,NA
"bg214",1.6389452864552,0.34008216629658,0.35991783370342,-0.01983566740684,0.764710651749047,1,"NS",0.01983566740684,"background",NA,NA
"bg215",-0.406872236808296,0.288885685402476,0.411114314597524,-0.122228629195048,0.298934709233465,1,"NS",0.122228629195048,"background",NA,NA
"bg216",-1.16160488772501,0.282456328505693,0.417543671494307,-0.135087342988614,0.241379625496687,1,"NS",0.135087342988614,"background",NA,NA
"bg217",3.9597298088039,0.536245464693166,0.163754535306834,0.372490929386333,0.744258120768005,1,"NS",0.372490929386333,"background",NA,NA
"bg218",4.78692675535041,0.506054962444616,0.193945037555384,0.312109924889233,0.161878429729259,1,"NS",0.312109924889233,"background",NA,NA
"bg219",-1.65929261143641,0.279929250707702,0.420070749292298,-0.140141498584596,0.0071394382941071,0.0571155063528568,"NS",0.140141498584596,"background",NA,NA
"bg220",-1.44891829791861,0.237652356151567,0.462347643848433,-0.224695287696866,0.538641208659625,1,"NS",0.224695287696866,"background",NA,NA
"bg221",-2.79915456895623,0.200110388655161,0.499889611344839,-0.299779222689677,0.291658401365625,1,"NS",0.299779222689677,"background",NA,NA
"bg222",-2.7308021987546,0.149763193335777,0.550236806664223,-0.400473613328446,0.61866821423918,1,"NS",0.400473613328446,"background",NA,NA
"bg223",0.492729212648599,0.365935315347992,0.334064684652008,0.0318706306959849,0.325841781765921,1,"NS",0.0318706306959849,"background",NA,NA
"bg224",1.57346096547024,0.581596370060099,0.118403629939901,0.463192740120198,0.790476097319508,1,"NS",0.463192740120198,"background",NA,NA
"bg225",-1.4919119899525,0.29914638385137,0.40085361614863,-0.101707232297259,0.500174723683624,1,"NS",0.101707232297259,"background",NA,NA
"bg226",5.07759666488236,0.498587284333273,0.201412715666726,0.297174568666547,0.398781633889768,1,"NS",0.297174568666547,"background",NA,NA
"bg227",1.76923291873222,0.284860689754946,0.415139310245054,-0.130278620490107,0.587740687824786,1,"NS",0.130278620490107,"background",NA,NA
"bg228",0.304943119214524,0.277575802335119,0.422424197664881,-0.144848395329763,0.190789962220471,1,"NS",0.144848395329763,"background",NA,NA
"bg229",-0.232071523186323,0.259074138835851,0.440925861164149,-0.181851722328298,0.242077095859451,1,"NS",0.181851722328298,"background",NA,NA
"bg230",-0.572189588434399,0.232363856027407,0.467636143972593,-0.235272287945187,0.733440258336719,1,"NS",0.235272287945187,"background",NA,NA
"bg231",-1.27481186873897,0.313054253782481,0.386945746217519,-0.0738914924350383,0.732629335807171,1,"NS",0.0738914924350383,"background",NA,NA
"bg232",-3.98476670860691,0.166468936377427,0.533531063622573,-0.367062127245146,0.748056724053109,1,"NS",0.367062127245146,"background",NA,NA
"bg233",-3.30685162976701,0.106076900051605,0.593923099948395,-0.48784619989679,0.330350114901783,1,"NS",0.48784619989679,"background",NA,NA
"bg234",-1.30227020821596,0.270188270123669,0.429811729876331,-0.159623459752663,0.18547670291434,1,"NS",0.159623459752663,"background",NA,NA
"bg235",-0.38364387860806,0.310828623136606,0.389171376863394,-0.078342753726787,0.174666884679114,1,"NS",0.078342753726787,"background",NA,NA
"bg236",-3.50919004317392,0.155226529402692,0.544773470597308,-0.389546941194616,0.425102211028338,1,"NS",0.389546941194616,"background",NA,NA
"bg237",6.84879202421553,0.589405248861837,0.110594751138163,0.478810497723674,0.789424683632329,1,"NS",0.478810497723674,"background",NA,NA
"bg238",-0.747560495976339,0.28496217752156,0.41503782247844,-0.13007564495688,0.0632812627654057,0.506250102123246,"NS",0.13007564495688,"background",NA,NA
"bg239",10.3288447664701,0.668665819068912,0.0313341809310879,0.637331638137824,0.248193174340995,1,"NS",0.637331638137824,"background",NA,NA
"bg240",3.61346392450552,0.517976182707698,0.182023817292302,0.335952365415395,0.290885964140762,1,"NS",0.335952365415395,"background",NA,NA
"bg241",1.86119142242598,0.381068868944079,0.318931131055921,0.062137737888158,0.466088598787552,1,"NS",0.062137737888158,"background",NA,NA
"bg242",-4.07056455087736,0.154373079694186,0.545626920305814,-0.391253840611629,0.16136589048733,1,"NS",0.391253840611629,"background",NA,NA
"bg243",0.573127860860213,0.366583739130124,0.333416260869876,0.0331674782602479,0.487052675415296,1,"NS",0.0331674782602479,"background",NA,NA
"bg244",-3.56301394519183,0.0734077104058576,0.626592289594142,-0.553184579188285,0.609196980849141,1,"NS",0.553184579188285,"background",NA,NA
"bg245",3.35924457028169,0.53878705293765,0.16121294706235,0.3775741058753,0.321864039456472,1,"NS",0.3775741058753,"background",NA,NA
"bg246",-4.50349138241967,0.180108184714567,0.519891815285433,-0.339783630570866,0.759768125870964,1,"NS",0.339783630570866,"background",NA,NA
"bg247",0.984734011209894,0.441436231016855,0.258563768983145,0.18287246203371,0.507645397455199,1,"NS",0.18287246203371,"background",NA,NA
"bg248",2.10714617060537,0.468955489420279,0.231044510579721,0.237910978840558,0.103764218835859,0.830113750686869,"NS",0.237910978840558,"background",NA,NA
"bg249",-1.55436795802944,0.31531794777463,0.38468205222537,-0.0693641044507407,0.599266070794547,1,"NS",0.0693641044507407,"background",NA,NA
"bg250",2.35751996882588,0.44213916895573,0.25786083104427,0.184278337911461,0.641096453982173,1,"NS",0.184278337911461,"background",NA,NA
"bg251",-0.820499484852394,0.249671915889775,0.450328084110225,-0.20065616822045,0.468642705170205,1,"NS",0.20065616822045,"background",NA,NA
"bg252",-2.5149341176267,0.206410849404287,0.493589150595713,-0.287178301191426,0.227158000310184,1,"NS",0.287178301191426,"background",NA,NA
"bg253",-3.0640372455391,0.0631893517472509,0.636810648252749,-0.573621296505498,0.564302525227191,1,"NS",0.573621296505498,"background",NA,NA
"bg254",4.67077668761574,0.496515305220991,0.203484694779009,0.293030610441981,0.425950733165722,1,"NS",0.293030610441981,"background",NA,NA
"bg255",2.21351696305511,0.341959135277956,0.358040864722044,-0.016081729444089,0.538032285657944,1,"NS",0.016081729444089,"background",NA,NA
"bg256",1.67763215301219,0.415456892784092,0.284543107215908,0.130913785568183,0.738030721298652,1,"NS",0.130913785568183,"background",NA,NA
"bg257",0.519183546516929,0.367869730979908,0.332130269020091,0.0357394619598171,0.429774404220283,1,"NS",0.0357394619598171,"background",NA,NA
"bg258",-2.51067916013281,0.232966663259108,0.467033336740892,-0.234066673481784,0.668995549958665,1,"NS",0.234066673481784,"background",NA,NA
"bg259",-4.65567134019514,0.0412664391133942,0.658733560886606,-0.617467121773212,0.511294430149952,1,"NS",0.617467121773212,"background",NA,NA
"bg260",3.1582604816693,0.459610529770061,0.240389470229939,0.219221059540122,0.56724526463449,1,"NS",0.219221059540122,"background",NA,NA
"bg261",2.68330400018926,0.522292183080393,0.177707816919607,0.344584366160787,0.657680164390942,1,"NS",0.344584366160787,"background",NA,NA
"bg262",-1.4279341578551,0.18931839792337,0.51068160207663,-0.321363204153259,0.286171301403549,1,"NS",0.321363204153259,"background",NA,NA
"bg263",4.28845302582564,0.489925097136566,0.210074902863434,0.279850194273133,0.652308643495897,1,"NS",0.279850194273133,"background",NA,NA
"bg264",4.83557973312533,0.548189414224271,0.151810585775729,0.396378828448543,0.665615914210677,1,"NS",0.396378828448543,"background",NA,NA
"bg265",1.39031275251189,0.340044768716533,0.359955231283467,-0.0199104625669349,0.797157518834341,1,"NS",0.0199104625669349,"background",NA,NA
"bg266",4.65330300742533,0.524505031431151,0.175494968568849,0.349010062862302,0.272787689610617,1,"NS",0.349010062862302,"background",NA,NA
"bg267",3.60249067593178,0.540771908071239,0.159228091928761,0.381543816142478,0.280882010977715,1,"NS",0.381543816142478,"background",NA,NA
"bg268",-3.56289538788943,0.0451451143986699,0.65485488560133,-0.60970977120266,0.179584392830264,1,"NS",0.60970977120266,"background",NA,NA
"bg269",0.304929889112009,0.379995599171098,0.320004400828902,0.0599911983421958,0.0257905074623413,0.206324059698731,"NS",0.0599911983421958,"background",NA,NA
"bg270",-1.72723294732671,0.16457322165363,0.53542677834637,-0.37085355669274,0.251751899070805,1,"NS",0.37085355669274,"background",NA,NA
"bg271",-3.7399903245497,0.121019065489378,0.578980934510622,-0.457961869021244,0.511105344011448,1,"NS",0.457961869021244,"background",NA,NA
"bg272",-0.698798022117993,0.229222542942787,0.470777457057213,-0.241554914114427,0.372294820698444,1,"NS",0.241554914114427,"background",NA,NA
"bg273",-3.71795642227012,0.115356630769594,0.584643369230406,-0.469286738460812,0.762249457960948,1,"NS",0.469286738460812,"background",NA,NA
"bg274",0.117184235215968,0.279118531675625,0.420881468324375,-0.141762936648749,0.630008209380321,1,"NS",0.141762936648749,"background",NA,NA
"bg275",-0.86604329523525,0.288285001920316,0.411714998079684,-0.123429996159368,0.21542612068262,1,"NS",0.123429996159368,"background",NA,NA
"bg276",-0.378049320097676,0.377623231555121,0.322376768444879,0.0552464631102427,0.577237294654828,1,"NS",0.0552464631102427,"background",NA,NA
"bg277",0.247755976182338,0.23961292064431,0.46038707935569,-0.220774158711379,0.429234297501156,1,"NS",0.220774158711379,"background",NA,NA
"bg278",-0.787835860453395,0.264896817868161,0.435103182131839,-0.170206364263677,0.781609148603166,1,"NS",0.170206364263677,"background",NA,NA
"bg279",-1.29165730204878,0.265298910355298,0.434701089644702,-0.169402179289405,0.783654168864014,1,"NS",0.169402179289405,"background",NA,NA
"bg280",3.57587662797719,0.48278905112484,0.21721094887516,0.26557810224968,0.431364798390772,1,"NS",0.26557810224968,"background",NA,NA
"bg281",1.35673748709232,0.300334983526792,0.399665016473207,-0.0993300329464149,0.696218445877079,1,"NS",0.0993300329464149,"background",NA,NA
"bg282",3.62955593772688,0.475703034786952,0.224296965213048,0.251406069573903,0.717337026841473,1,"NS",0.251406069573903,"background",NA,NA
"bg283",-2.08758434264319,0.254446146746082,0.445553853253918,-0.191107706507837,0.25339645283157,1,"NS",0.191107706507837,"background",NA,NA
"bg284",0.392907780466362,0.406556999292766,0.293443000707234,0.113113998585532,0.197965058992384,1,"NS",0.113113998585532,"background",NA,NA
"bg285",-2.66176347178161,0.203201095196364,0.496798904803636,-0.293597809607272,0.573498534227954,1,"NS",0.293597809607272,"background",NA,NA
"bg286",-1.6830890200167,0.363354520933696,0.336645479066304,0.0267090418673922,0.489519430062501,1,"NS",0.0267090418673922,"background",NA,NA
"bg287",-2.35636221448657,0.228920787357773,0.471079212642227,-0.242158425284454,0.215243498214986,1,"NS",0.242158425284454,"background",NA,NA
"bg288",1.61489233239984,0.37565696404473,0.32434303595527,0.0513139280894608,0.245659544837894,1,"NS",0.0513139280894608,"background",NA,NA
"bg289",0.356392971807571,0.408347044569196,0.291652955430804,0.116694089138392,0.134195045862114,1,"NS",0.116694089138392,"background",NA,NA
"bg290",-3.3678173499453,0.137550104510602,0.562449895489398,-0.424899790978795,0.133663734348957,1,"NS",0.424899790978795,"background",NA,NA
"bg291",-1.94488020113978,0.22905903432706,0.47094096567294,-0.241881931345879,0.763693911577342,1,"NS",0.241881931345879,"background",NA,NA
"bg292",4.68770392702204,0.463953299938836,0.236046700061164,0.227906599877671,0.305214449647348,1,"NS",0.227906599877671,"background",NA,NA
"bg293",3.75515231251905,0.54183993633635,0.15816006366365,0.3836798726727,0.576255865157116,1,"NS",0.3836798726727,"background",NA,NA
"bg294",8.01491800510652,0.59717750144001,0.10282249855999,0.494355002880019,0.565249406036688,1,"NS",0.494355002880019,"background",NA,NA
"bg295",1.31869861067074,0.42853333360852,0.27146666639148,0.157066667217041,0.144906145453919,1,"NS",0.157066667217041,"background",NA,NA
"bg296",2.66917832926445,0.5650973027758,0.1349026972242,0.430194605551599,0.0945522425496019,0.756417940396816,"NS",0.430194605551599,"background",NA,NA
"bg297",0.273324848273639,0.337550327441309,0.362449672558691,-0.0248993451173816,0.175555033053504,1,"NS",0.0248993451173816,"background",NA,NA
"bg298",-0.517855147154018,0.377341318397556,0.322658681602444,0.054682636795112,0.146914668158628,1,"NS",0.054682636795112,"background",NA,NA
"bg299",-0.354262780836877,0.137977139904461,0.562022860095539,-0.424045720191078,0.425060602809768,1,"NS",0.424045720191078,"background",NA,NA
"bg300",1.45184018944043,0.362388942278644,0.337611057721356,0.0247778845572875,0.459599890098907,1,"NS",0.0247778845572875,"background",NA,NA
"bg301",-0.951410815917405,0.18717743067375,0.51282256932625,-0.3256451386525,0.226899236934492,1,"NS",0.3256451386525,"background",NA,NA
"bg302",4.56968941201549,0.516194013081699,0.183805986918301,0.332388026163398,0.689212703607045,1,"NS",0.332388026163398,"background",NA,NA
"bg303",-0.0887023793246353,0.334861230469277,0.365138769530723,-0.0302775390614454,0.291785075920401,1,"NS",0.0302775390614454,"background",NA,NA
"bg304",-0.779126032955351,0.239363958668535,0.460636041331465,-0.22127208266293,0.425466611751821,1,"NS",0.22127208266293,"background",NA,NA
"bg305",-1.71107913732296,0.257629226410088,0.442370773589912,-0.184741547179824,0.405838237966411,1,"NS",0.184741547179824,"background",NA,NA
"bg306",4.5497389089171,0.57382382256289,0.12617617743711,0.44764764512578,0.109443528966513,0.8755482317321,"NS",0.44764764512578,"background",NA,NA
"bg307",3.83479539311037,0.512676597665037,0.187323402334963,0.325353195330073,0.691742993283318,1,"NS",0.325353195330073,"background",NA,NA
"bg308",2.53045604196429,0.462124799450777,0.237875200549223,0.224249598901554,0.334737101244275,1,"NS",0.224249598901554,"background",NA,NA
"bg309",3.80700979391596,0.387555722225778,0.312444277774222,0.0751114444515556,0.792126481313258,1,"NS",0.0751114444515556,"background",NA,NA
"bg310",-0.979523898326321,0.246043308304662,0.453956691695337,-0.207913383390675,0.596356080777012,1,"NS",0.207913383390675,"background",NA,NA
"bg311",4.76300058614631,0.574785338511981,0.125214661488019,0.449570677023961,0.784076954329386,1,"NS",0.449570677023961,"background",NA,NA
"bg312",5.83742478276229,0.552264832391541,0.147735167608459,0.404529664783082,0.238843592650257,1,"NS",0.404529664783082,"background",NA,NA
"bg313",0.374350950723295,0.439981684475083,0.260018315524917,0.179963368950166,0.362814202195965,1,"NS",0.179963368950166,"background",NA,NA
"bg314",-1.80735053595996,0.172165220209842,0.527834779790158,-0.355669559580317,0.595791132502956,1,"NS",0.355669559580317,"background",NA,NA
"bg315",-1.81591794052552,0.23061273220207,0.46938726779793,-0.23877453559586,0.748273208752042,1,"NS",0.23877453559586,"background",NA,NA
"bg316",6.80863789761971,0.579712758634802,0.120287241365198,0.459425517269603,0.747030397854745,1,"NS",0.459425517269603,"background",NA,NA
"bg317",-0.215027352277147,0.36614964806097,0.333850351939029,0.032299296121941,0.104243517750409,0.833948142003268,"NS",0.032299296121941,"background",NA,NA
"bg318",2.87324543683089,0.462487772154974,0.237512227845026,0.224975544309947,0.388582543349592,1,"NS",0.224975544309947,"background",NA,NA
"bg319",1.7693243596063,0.435922791237764,0.264077208762236,0.171845582475528,0.694996843521949,1,"NS",0.171845582475528,"background",NA,NA
"bg320",-4.87924664399754,0.143931201980258,0.556068798019742,-0.412137596039484,0.193285448717186,1,"NS",0.412137596039484,"background",NA,NA
"bg321",4.67836131957993,0.626045924334565,0.0739540756654354,0.552091848669129,0.150238827212015,1,"NS",0.552091848669129,"background",NA,NA
"bg322",-0.440050813954761,0.2708898392745,0.4291101607255,-0.158220321451,0.478315507238731,1,"NS",0.158220321451,"background",NA,NA
"bg323",0.830403866667574,0.539303751314199,0.160696248685801,0.378607502628399,0.365578787244624,1,"NS",0.378607502628399,"background",NA,NA
"bg324",3.87113664119735,0.454243996316156,0.245756003683844,0.208487992632312,0.272196563330013,1,"NS",0.208487992632312,"background",NA,NA
"bg325",3.44384711334481,0.506651963652704,0.193348036347296,0.313303927305407,0.265800328015117,1,"NS",0.313303927305407,"background",NA,NA
"bg326",5.11522338658457,0.527760314836609,0.172239685163391,0.355520629673218,0.476615898517193,1,"NS",0.355520629673218,"background",NA,NA
"bg327",0.189472634411072,0.379668336564942,0.320331663435058,0.0593366731298834,0.480902309247991,1,"NS",0.0593366731298834,"background",NA,NA
"bg328",2.73331475391921,0.442095198845904,0.257904801154096,0.184190397691808,0.263743988842471,1,"NS",0.184190397691808,"background",NA,NA
"bg329",0.448487676334225,0.392022246394151,0.307977753605849,0.0840444927883014,0.28601079196413,1,"NS",0.0840444927883014,"background",NA,NA
"bg330",3.27497005325469,0.498692086115215,0.201307913884784,0.297384172230431,0.357637553396868,1,"NS",0.297384172230431,"background",NA,NA
"bg331",-2.44987397319044,0.127687085555561,0.572312914444439,-0.444625828888877,0.30576138279913,1,"NS",0.444625828888877,"background",NA,NA
"bg332",6.31418039012648,0.640141161594528,0.0598588384054716,0.580282323189057,0.471059945624322,1,"NS",0.580282323189057,"background",NA,NA
"bg333",6.13492653665709,0.567642598543841,0.132357401456159,0.435285197087681,0.16857110058004,1,"NS",0.435285197087681,"background",NA,NA
"bg334",-4.07968073565147,0.157019417397071,0.542980582602929,-0.385961165205859,0.0410059786452912,0.328047829162329,"NS",0.385961165205859,"background",NA,NA
"bg335",-5.11589863724521,0.174769841464998,0.525230158535002,-0.350460317070005,0.02709499158361,0.21675993266888,"NS",0.350460317070005,"background",NA,NA
"bg336",0.536565468156716,0.279993333270923,0.420006666729077,-0.140013333458153,0.2709584811721,1,"NS",0.140013333458153,"background",NA,NA
"bg337",-0.826322804478132,0.292145598429072,0.407854401570928,-0.115708803141856,0.61102532572858,1,"NS",0.115708803141856,"background",NA,NA
"bg338",3.70067436336905,0.524682627411301,0.175317372588699,0.349365254822601,0.137808211276075,1,"NS",0.349365254822601,"background",NA,NA
"bg339",3.64966645029538,0.474912250602098,0.225087749397902,0.249824501204196,0.458094401347218,1,"NS",0.249824501204196,"background",NA,NA
"bg340",-2.78569554058259,0.0940020855532545,0.605997914446745,-0.511995828893491,0.355418365808437,1,"NS",0.511995828893491,"background",NA,NA
"bg341",0.581317671220396,0.369142139272903,0.330857860727097,0.0382842785458065,0.62021131190029,1,"NS",0.0382842785458065,"background",NA,NA
"bg342",0.274431415996099,0.415306977566396,0.284693022433604,0.130613955132792,0.0918795286901295,0.735036229521036,"NS",0.130613955132792,"background",NA,NA
"bg343",0.544397890360669,0.298226972154491,0.401773027845509,-0.103546055691018,0.250933407470118,1,"NS",0.103546055691018,"background",NA,NA
"bg344",5.05466344430179,0.601652359811808,0.0983476401881923,0.503304719623615,0.697049981461372,1,"NS",0.503304719623615,"background",NA,NA
"bg345",4.63630572214136,0.472211229521241,0.227788770478759,0.244422459042483,0.232988159440923,1,"NS",0.244422459042483,"background",NA,NA
"bg346",3.00093130967165,0.487215022023183,0.212784977976817,0.274430044046365,0.139468186505372,1,"NS",0.274430044046365,"background",NA,NA
"bg347",-0.987672342166396,0.30629131187438,0.39370868812562,-0.0874173762512392,0.00718414133577608,0.0574731306862086,"NS",0.0874173762512392,"background",NA,NA
"bg348",-3.08395005094445,0.110770942415858,0.589229057584142,-0.478458115168284,0.581518130946206,1,"NS",0.478458115168284,"background",NA,NA
"bg349",0.155422598792878,0.285643409847077,0.414356590152923,-0.128713180305845,0.569665150459157,1,"NS",0.128713180305845,"background",NA,NA
"bg350",2.34585268176091,0.511140274477262,0.188859725522738,0.322280548954523,0.00674265522137284,0.0539412417709827,"NS",0.322280548954523,"background",NA,NA
"bg351",2.16577712859004,0.414480850610041,0.285519149389959,0.128961701220082,0.635520466221031,1,"NS",0.128961701220082,"background",NA,NA
"bg352",0.0651041390316238,0.315056830354184,0.384943169645816,-0.0698863392916327,0.326173919758527,1,"NS",0.0698863392916327,"background",NA,NA
"bg353",4.17845425145962,0.597093230152355,0.102906769847645,0.49418646030471,0.728648298876593,1,"NS",0.49418646030471,"background",NA,NA
"bg354",-0.0782533274843965,0.381141494567598,0.318858505432402,0.0622829891351966,0.358267596017569,1,"NS",0.0622829891351966,"background",NA,NA
"bg355",3.54943244062492,0.542904405795969,0.157095594204031,0.385808811591937,0.550471618852578,1,"NS",0.385808811591937,"background",NA,NA
"bg356",-5.07459219029293,0.128303439851818,0.571696560148182,-0.443393120296364,0.660404966191854,1,"NS",0.443393120296364,"background",NA,NA
"bg357",1.75992211613239,0.346196652094334,0.353803347905666,-0.00760669581133189,0.01759964644094,0.14079717152752,"NS",0.00760669581133189,"background",NA,NA
"bg358",-1.64199758821271,0.312145553686188,0.387854446313812,-0.0757088926276241,0.0308721651348751,0.246977321079001,"NS",0.0757088926276241,"background",NA,NA
"bg359",10.0596651820716,0.693575754325662,0.01,0.687151508651324,0.614385792027693,1,"NS",0.687151508651324,"background",NA,NA
"bg360",5.94851194927876,0.574578224591404,0.125421775408596,0.449156449182808,0.319619087037863,1,"NS",0.449156449182808,"background",NA,NA
"bg361",-0.780147920532559,0.358195509242043,0.341804490757957,0.0163910184840854,0.730850106826983,1,"NS",0.0163910184840854,"background",NA,NA
"bg362",3.30070591779803,0.445476711829626,0.254523288170374,0.190953423659253,0.742967837933451,1,"NS",0.190953423659253,"background",NA,NA
"bg363",1.48022456253845,0.269869724491974,0.430130275508026,-0.160260551016053,0.0450016616643407,0.360013293314725,"NS",0.160260551016053,"background",NA,NA
"bg364",-2.10029150247451,0.227564079489024,0.472435920510976,-0.244871841021953,0.0141597455427982,0.113277964342386,"NS",0.244871841021953,"background",NA,NA
"bg365",-3.44363952682091,0.169973965927928,0.530026034072072,-0.360052068144144,0.612531434337841,1,"NS",0.360052068144144,"background",NA,NA
"bg366",-2.17435288059449,0.230415472447509,0.469584527552491,-0.239169055104982,0.261750500846421,1,"NS",0.239169055104982,"background",NA,NA
"bg367",-2.12932761177841,0.177255198055083,0.522744801944917,-0.345489603889833,0.234154164552921,1,"NS",0.345489603889833,"background",NA,NA
"bg368",-1.4362481932222,0.240282801849738,0.459717198150261,-0.219434396300523,0.538410697915824,1,"NS",0.219434396300523,"background",NA,NA
"bg369",1.53892602367959,0.350844603449098,0.349155396550902,0.00168920689819652,0.424902520525735,1,"NS",0.00168920689819652,"background",NA,NA
"bg370",11.0328999428699,0.644418630041967,0.0555813699580333,0.588837260083933,0.0911025121093262,0.72882009687461,"NS",0.588837260083933,"background",NA,NA
"bg371",-3.6183312797038,0.18094078181215,0.51905921818785,-0.338118436375701,0.750735477059148,1,"NS",0.338118436375701,"background",NA,NA
"bg372",-3.64877729856141,0.178663202304434,0.521336797695566,-0.342673595391133,0.314465502446983,1,"NS",0.342673595391133,"background",NA,NA
"bg373",3.27753053233618,0.427657679372349,0.272342320627651,0.155315358744698,0.685922807683237,1,"NS",0.155315358744698,"background",NA,NA
"bg374",-2.16083516727735,0.154126443369931,0.545873556630069,-0.391747113260137,0.171544118690304,1,"NS",0.391747113260137,"background",NA,NA
"bg375",1.4073606693881,0.420828051377502,0.279171948622498,0.141656102755003,0.0726671198904514,0.581336959123611,"NS",0.141656102755003,"background",NA,NA
"bg376",-1.64985037558457,0.196996220323742,0.503003779676258,-0.306007559352516,0.117417382912012,0.939339063296095,"NS",0.306007559352516,"background",NA,NA
"bg377",-4.05817168789105,0.1330846315413,0.5669153684587,-0.4338307369174,0.116080149400979,0.928641195207834,"NS",0.4338307369174,"background",NA,NA
"bg378",3.18549167198183,0.446957351136243,0.253042648863757,0.193914702272487,0.0176018751005176,0.140815000804141,"NS",0.193914702272487,"background",NA,NA
"bg379",6.10746140628488,0.594005499158031,0.105994500841969,0.488010998316062,0.667336723288987,1,"NS",0.488010998316062,"background",NA,NA
"bg380",1.78425258373732,0.46045170093582,0.23954829906418,0.220903401871641,0.61603031286085,1,"NS",0.220903401871641,"background",NA,NA
"bg381",-1.86737142061111,0.280979719882508,0.419020280117492,-0.138040560234985,0.709220876888605,1,"NS",0.138040560234985,"background",NA,NA
"bg382",-3.09989020412631,0.17704542291937,0.52295457708063,-0.34590915416126,0.639460402427474,1,"NS",0.34590915416126,"background",NA,NA
"bg383",-0.787833596461442,0.267869228933039,0.432130771066961,-0.164261542133922,0.283303221161943,1,"NS",0.164261542133922,"background",NA,NA
"bg384",7.49762220306098,0.593058198371716,0.106941801628284,0.486116396743432,0.213879339594161,1,"NS",0.486116396743432,"background",NA,NA
"bg385",-0.55100072582908,0.345340213986729,0.354659786013271,-0.00931957202654288,0.246569754337659,1,"NS",0.00931957202654288,"background",NA,NA
"bg386",-2.19097511363139,0.301348769497889,0.398651230502111,-0.0973024610042225,0.523876537267352,1,"NS",0.0973024610042225,"background",NA,NA
"bg387",3.55954045748501,0.425832695188181,0.274167304811819,0.151665390376362,0.780596329049207,1,"NS",0.151665390376362,"background",NA,NA
"bg388",-0.694018831488522,0.322499452920822,0.377500547079178,-0.0550010941583555,0.463644311744953,1,"NS",0.0550010941583555,"background",NA,NA
"bg389",-1.79194981029719,0.191362593331028,0.508637406668972,-0.317274813337945,0.20866142450273,1,"NS",0.317274813337945,"background",NA,NA
"bg390",0.621763940752026,0.423821687102139,0.276178312897861,0.147643374204278,0.729144608714385,1,"NS",0.147643374204278,"background",NA,NA
"bg391",5.56392454757287,0.630716261516957,0.0692837384830426,0.561432523033915,0.390312215535436,1,"NS",0.561432523033915,"background",NA,NA
"bg392",-4.12362882235557,0.12654898192661,0.57345101807339,-0.44690203614678,0.576897755763726,1,"NS",0.44690203614678,"background",NA,NA
"bg393",-5.06083027446573,0.0618348516856845,0.638165148314315,-0.576330296628631,0.244663813596359,1,"NS",0.576330296628631,"background",NA,NA
"bg394",1.45632568639323,0.414121342199691,0.285878657800309,0.128242684399383,0.435164618881187,1,"NS",0.128242684399383,"background",NA,NA
"bg395",0.695854666323486,0.402454397343186,0.297545602656814,0.104908794686373,0.0585700568689499,0.468560454951599,"NS",0.104908794686373,"background",NA,NA
"bg396",5.79465647868245,0.623373081432674,0.0766269185673264,0.546746162865347,0.148904501748271,1,"NS",0.546746162865347,"background",NA,NA
"bg397",2.79338013476739,0.507023964683067,0.192976035316932,0.314047929366135,0.655758144001011,1,"NS",0.314047929366135,"background",NA,NA
"bg398",2.07735937372731,0.490081678610711,0.209918321389289,0.280163357221422,0.159426995907445,1,"NS",0.280163357221422,"background",NA,NA
"bg399",4.28548451446964,0.565936995802691,0.134063004197309,0.431873991605383,0.549798263963079,1,"NS",0.431873991605383,"background",NA,NA
"bg400",-3.55537546213852,0.22705166830691,0.47294833169309,-0.24589666338618,0.0730341663565487,0.584273330852389,"NS",0.24589666338618,"background",NA,NA
"bg401",2.84845651971552,0.392504411348246,0.307495588651754,0.0850088226964924,0.768842540284153,1,"NS",0.0850088226964924,"background",NA,NA
"bg402",2.07539795130817,0.384465618517227,0.315534381482773,0.0689312370344535,0.151330738322577,1,"NS",0.0689312370344535,"background",NA,NA
"bg403",-1.34537752112282,0.332201066153871,0.367798933846129,-0.0355978676922573,0.782291972319363,1,"NS",0.0355978676922573,"background",NA,NA
"bg404",3.41770455718626,0.599602331590706,0.100397668409293,0.499204663181413,0.227379486284917,1,"NS",0.499204663181413,"background",NA,NA
"bg405",0.330071018701001,0.384689219822641,0.315310780177359,0.0693784396452823,0.0689412369488273,0.551529895590618,"NS",0.0693784396452823,"background",NA,NA
"bg406",-1.2838475878246,0.272661194841568,0.427338805158432,-0.154677610316865,0.475518510633847,1,"NS",0.154677610316865,"background",NA,NA
"bg407",1.29039334836031,0.411724593029594,0.288275406970406,0.123449186059188,0.369578529847087,1,"NS",0.123449186059188,"background",NA,NA
"bg408",1.70665214445751,0.423320991232819,0.276679008767181,0.146641982465638,0.0216653865738772,0.173323092591017,"NS",0.146641982465638,"background",NA,NA
"bg409",2.05552304665922,0.462499246813268,0.237500753186732,0.224998493626536,0.225492021466373,1,"NS",0.224998493626536,"background",NA,NA
"bg410",3.32392718641607,0.46760258785404,0.23239741214596,0.23520517570808,0.418991348131094,1,"NS",0.23520517570808,"background",NA,NA
"bg411",0.299006078162346,0.363994948704551,0.336005051295449,0.0279898974091026,0.237410261868266,1,"NS",0.0279898974091026,"background",NA,NA
"bg412",-0.920170451096309,0.404174321742633,0.295825678257367,0.108348643485266,0.144986256464152,1,"NS",0.108348643485266,"background",NA,NA
"bg413",-2.31344299133549,0.240834573987021,0.459165426012979,-0.218330852025958,0.244272461718647,1,"NS",0.218330852025958,"background",NA,NA
"bg414",-0.0617316162501001,0.299451254894413,0.400548745105587,-0.101097490211174,0.585126951404149,1,"NS",0.101097490211174,"background",NA,NA
"bg415",-3.87986520999535,0.0824586538315356,0.617541346168464,-0.535082692336929,0.0111187060633674,0.0889496485069394,"NS",0.535082692336929,"background",NA,NA
"bg416",0.0944217638521492,0.314579330624439,0.385420669375561,-0.0708413387511215,0.468126974554732,1,"NS",0.0708413387511215,"background",NA,NA
"bg417",-5.2038576911654,0.114245203936577,0.585754796063423,-0.471509592126845,0.27037691933848,1,"NS",0.471509592126845,"background",NA,NA
"bg418",2.84115513683736,0.498332360706194,0.201667639293806,0.296664721412388,0.711876372213475,1,"NS",0.296664721412388,"background",NA,NA
"bg419",-1.45933709019804,0.28075346862187,0.41924653137813,-0.138493062756259,0.0914608908011578,0.731687126409262,"NS",0.138493062756259,"background",NA,NA
"bg420",-1.02114099433489,0.266671537008356,0.433328462991644,-0.166656925983289,0.262207984755514,1,"NS",0.166656925983289,"background",NA,NA
"bg421",-2.34848355866259,0.152605627922269,0.547394372077731,-0.394788744155462,0.613571466420544,1,"NS",0.394788744155462,"background",NA,NA
"bg422",2.88871087050658,0.47720365728251,0.22279634271749,0.25440731456502,0.208726717717247,1,"NS",0.25440731456502,"background",NA,NA
"bg423",-2.84642209520148,0.156555377337645,0.543444622662355,-0.386889245324711,0.0377754102719482,0.302203282175586,"NS",0.386889245324711,"background",NA,NA
"bg424",2.67227809579086,0.541320225681635,0.158679774318365,0.382640451363271,0.296643093743362,1,"NS",0.382640451363271,"background",NA,NA
"bg425",6.83855426638996,0.612765497555296,0.0872345024447044,0.525530995110591,0.464595703822793,1,"NS",0.525530995110591,"background",NA,NA
"bg426",-1.42404198770418,0.345843135765121,0.354156864234879,-0.00831372846975845,0.380188596561318,1,"NS",0.00831372846975845,"background",NA,NA
"bg427",-2.34032337724447,0.261431666108923,0.438568333891077,-0.177136667782153,0.3352962430974,1,"NS",0.177136667782153,"background",NA,NA
"bg428",9.4223659210622,0.572475280558196,0.127524719441804,0.444950561116392,0.307529099394567,1,"NS",0.444950561116392,"background",NA,NA
"bg429",-1.16904103608358,0.271066244569059,0.428933755430941,-0.157867510861882,0.659732251437381,1,"NS",0.157867510861882,"background",NA,NA
"bg430",-0.912938028696593,0.236252589063812,0.463747410936188,-0.227494821872376,0.380820587491849,1,"NS",0.227494821872376,"background",NA,NA
"bg431",3.80153114517791,0.533276442589239,0.166723557410761,0.366552885178478,0.159055119128665,1,"NS",0.366552885178478,"background",NA,NA
"bg432",10.8452130960834,0.688553448116421,0.011446551883579,0.677106896232842,0.459275752956979,1,"NS",0.677106896232842,"background",NA,NA
"bg433",1.9263660872043,0.439318991197232,0.260681008802768,0.178637982394463,0.491995303610805,1,"NS",0.178637982394463,"background",NA,NA
"bg434",-3.02350933088706,0.177322163567147,0.522677836432853,-0.345355672865705,0.59549892714154,1,"NS",0.345355672865705,"background",NA,NA
"bg435",3.46641926531759,0.493386870005846,0.206613129994154,0.286773740011691,0.446278970053419,1,"NS",0.286773740011691,"background",NA,NA
"bg436",0.377901698558902,0.469882485500409,0.230117514499591,0.239764971000818,0.432454489957308,1,"NS",0.239764971000818,"background",NA,NA
"bg437",3.39189708168754,0.444417222707804,0.255582777292196,0.188834445415609,0.435581267161295,1,"NS",0.188834445415609,"background",NA,NA
"bg438",1.85334840093559,0.477319536876574,0.222680463123426,0.254639073753149,0.559798425614368,1,"NS",0.254639073753149,"background",NA,NA
"bg439",-3.53399605142162,0.263729570099031,0.436270429900969,-0.172540859801939,0.0682875510032754,0.546300408026203,"NS",0.172540859801939,"background",NA,NA
"bg440",-3.3622805978851,0.177876301389797,0.522123698610203,-0.344247397220405,0.569900284090312,1,"NS",0.344247397220405,"background",NA,NA
"bg441",4.23067246125822,0.579612292051193,0.120387707948806,0.459224584102387,0.540682283374481,1,"NS",0.459224584102387,"background",NA,NA
"bg442",0.200868527132843,0.20472342077856,0.49527657922144,-0.290553158442881,0.512193014157703,1,"NS",0.290553158442881,"background",NA,NA
"bg443",2.02107804034563,0.463504163353029,0.236495836646971,0.227008326706057,0.686348630673951,1,"NS",0.227008326706057,"background",NA,NA
"bg444",-3.70797829886927,0.126095792068233,0.573904207931767,-0.447808415863533,0.741124752089381,1,"NS",0.447808415863533,"background",NA,NA
"bg445",7.97388708892105,0.620401972569605,0.0795980274303946,0.540803945139211,0.747512041698676,1,"NS",0.540803945139211,"background",NA,NA
"bg446",-0.640376845935398,0.228207406848226,0.471792593151774,-0.243585186303547,0.389246726877056,1,"NS",0.243585186303547,"background",NA,NA
"bg447",2.87187772407819,0.499936122230076,0.200063877769924,0.299872244460153,0.224923310329439,1,"NS",0.299872244460153,"background",NA,NA
"bg448",-0.355722874871765,0.330152726951769,0.369847273048231,-0.0396945460964629,0.236362646203954,1,"NS",0.0396945460964629,"background",NA,NA
"bg449",5.06011760515531,0.560401433085319,0.139598566914681,0.420802866170638,0.77649445244763,1,"NS",0.420802866170638,"background",NA,NA
"bg450",3.75461667201696,0.528326174951382,0.171673825048618,0.356652349902765,0.288907380631194,1,"NS",0.356652349902765,"background",NA,NA
"bg451",0.796187166753667,0.377085977712764,0.322914022287236,0.0541719554255285,0.418356213823194,1,"NS",0.0541719554255285,"background",NA,NA
"bg452",1.84346207087716,0.565212264553275,0.134787735446725,0.430424529106551,0.536434150709072,1,"NS",0.430424529106551,"background",NA,NA
"bg453",6.05794884453866,0.61539911141619,0.0846008885838099,0.53079822283238,0.0775091095955577,0.620072876764461,"NS",0.53079822283238,"background",NA,NA
"bg454",1.35320420728194,0.458608850037934,0.241391149962066,0.217217700075868,0.700942446102621,1,"NS",0.217217700075868,"background",NA,NA
"bg455",-5.15623099935083,0.0126541553172034,0.687345844682797,-0.674691689365593,0.548104960971512,1,"NS",0.674691689365593,"background",NA,NA
"bg456",-2.19370737492964,0.286197578491355,0.413802421508645,-0.127604843017291,0.681971469036769,1,"NS",0.127604843017291,"background",NA,NA
"bg457",8.99635829882667,0.674604656875363,0.0253953431246371,0.649209313750726,0.533943853380159,1,"NS",0.649209313750726,"background",NA,NA
"bg458",3.6387627289169,0.483518285659291,0.216481714340709,0.267036571318581,0.080829049636377,0.646632397091016,"NS",0.267036571318581,"background",NA,NA
"bg459",1.88755778513387,0.498889678808312,0.201110321191688,0.297779357616624,0.520403303584084,1,"NS",0.297779357616624,"background",NA,NA
"bg460",1.76622542126268,0.477421800163074,0.222578199836926,0.254843600326148,0.019136914613191,0.153095316905528,"NS",0.254843600326148,"background",NA,NA
"bg461",-3.84023213282189,0.130792174753126,0.569207825246874,-0.438415650493748,0.575608192313695,1,"NS",0.438415650493748,"background",NA,NA
"bg462",3.47387382595246,0.498193904622549,0.201806095377451,0.296387809245097,0.490576153093949,1,"NS",0.296387809245097,"background",NA,NA
"bg463",-2.94054264052071,0.157468327867725,0.542531672132274,-0.385063344264549,0.538035104223993,1,"NS",0.385063344264549,"background",NA,NA
"bg464",-3.6148288803148,0.067791875628628,0.632208124371372,-0.564416248742744,0.690058293513022,1,"NS",0.564416248742744,"background",NA,NA
"bg465",-2.28406006597642,0.190608710976136,0.509391289023864,-0.318782578047729,0.300436849228805,1,"NS",0.318782578047729,"background",NA,NA
"bg466",2.08211383510082,0.541109315157092,0.158890684842908,0.382218630314184,0.257845095841214,1,"NS",0.382218630314184,"background",NA,NA
"bg467",-3.97375798938316,0.0688739568619308,0.631126043138069,-0.562252086276138,0.327118733197916,1,"NS",0.562252086276138,"background",NA,NA
"bg468",-5.59474947703155,0.0150986709851534,0.684901329014847,-0.669802658029693,0.162605980857275,1,"NS",0.669802658029693,"background",NA,NA
"bg469",7.09593468257388,0.628334739797129,0.0716652602028706,0.556669479594259,0.360742048283806,1,"NS",0.556669479594259,"background",NA,NA
"bg470",1.87249698940834,0.56060326003826,0.13939673996174,0.42120652007652,0.349499403337017,1,"NS",0.42120652007652,"background",NA,NA
"bg471",0.558500920217621,0.38327691356793,0.31672308643207,0.0665538271358602,0.0151238902786281,0.120991122229025,"NS",0.0665538271358602,"background",NA,NA
"bg472",-3.13550700753314,0.159389942298639,0.540610057701361,-0.381220115402722,0.207213140307926,1,"NS",0.381220115402722,"background",NA,NA
"bg473",-1.23413010508531,0.141911936331978,0.558088063668022,-0.416176127336044,0.75798038482503,1,"NS",0.416176127336044,"background",NA,NA
"bg474",4.42985634874942,0.559053298545895,0.140946701454105,0.418106597091789,0.725590043467004,1,"NS",0.418106597091789,"background",NA,NA
"bg475",4.36335481438112,0.582851580691535,0.117148419308465,0.46570316138307,0.653983104268322,1,"NS",0.46570316138307,"background",NA,NA
"bg476",1.64075559154657,0.339461053164804,0.360538946835196,-0.0210778936703912,0.30826970213349,1,"NS",0.0210778936703912,"background",NA,NA
"bg477",-2.7631968312602,0.255100515134657,0.444899484865343,-0.189798969730686,0.00514558567595668,0.0411646854076535,"NS",0.189798969730686,"background",NA,NA
"bg478",1.50334101693835,0.430532202405205,0.269467797594795,0.16106440481041,0.790143549499102,1,"NS",0.16106440481041,"background",NA,NA
"bg479",3.36400832749081,0.522226012178765,0.177773987821235,0.344452024357531,0.0629546327989083,0.503637062391266,"NS",0.344452024357531,"background",NA,NA
"bg480",-0.252295310117826,0.363164872226265,0.336835127773735,0.0263297444525298,0.565156366568524,1,"NS",0.0263297444525298,"background",NA,NA
"bg481",-1.60619434635754,0.149667694853009,0.550332305146991,-0.400664610293982,0.746933060868643,1,"NS",0.400664610293982,"background",NA,NA
"bg482",0.358444981339466,0.31462519412078,0.38537480587922,-0.0707496117584407,0.329807795521803,1,"NS",0.0707496117584407,"background",NA,NA
"bg483",-0.0202372005012859,0.341413307394174,0.358586692605826,-0.0171733852116526,0.655836381486151,1,"NS",0.0171733852116526,"background",NA,NA
"bg484",-1.94718110119441,0.0762934225242938,0.623706577475706,-0.547413154951412,0.428897310406668,1,"NS",0.547413154951412,"background",NA,NA
"bg485",6.13847428007118,0.659426121453004,0.0405738785469963,0.618852242906007,0.632889661393361,1,"NS",0.618852242906007,"background",NA,NA
"bg486",2.91000882046928,0.273244033065848,0.426755966934152,-0.153511933868304,0.517403560906183,1,"NS",0.153511933868304,"background",NA,NA
"bg487",2.10395938296254,0.440298354773552,0.259701645226448,0.180596709547105,0.695102983713383,1,"NS",0.180596709547105,"background",NA,NA
"bg488",-3.72286858024991,0.144536616116414,0.555463383883586,-0.410926767767172,0.682003953145351,1,"NS",0.410926767767172,"background",NA,NA
"bg489",-2.38161266659825,0.188950984133525,0.511049015866475,-0.32209803173295,0.13035151629732,1,"NS",0.32209803173295,"background",NA,NA
"bg490",5.0402791915361,0.529079642892727,0.170920357107273,0.358159285785454,0.667910048755817,1,"NS",0.358159285785454,"background",NA,NA
"bg491",-5.21048062730873,0.0526478641155373,0.647352135884463,-0.594704271768925,0.67528824320063,1,"NS",0.594704271768925,"background",NA,NA
"bg492",3.84517258411988,0.574146121871187,0.125853878128813,0.448292243742373,0.6289002407589,1,"NS",0.448292243742373,"background",NA,NA
"bg493",2.58769609977588,0.491594923066512,0.208405076933488,0.283189846133025,0.455610899755731,1,"NS",0.283189846133025,"background",NA,NA
"bg494",1.36925933932266,0.310600705303745,0.389399294696255,-0.0787985893925109,0.148964215872576,1,"NS",0.0787985893925109,"background",NA,NA
"bg495",-0.728798279780983,0.250339341816555,0.449660658183445,-0.199321316366891,0.404705126976827,1,"NS",0.199321316366891,"background",NA,NA
"bg496",-2.50771814746748,0.180771808688872,0.519228191311128,-0.338456382622256,0.197504789816914,1,"NS",0.338456382622256,"background",NA,NA
"bg497",0.22647198163939,0.335810411994341,0.364189588005659,-0.0283791760113171,0.449319432462566,1,"NS",0.0283791760113171,"background",NA,NA
"bg498",4.52263716081248,0.608517039405482,0.0914829605945179,0.517034078810964,0.0307248858967796,0.245799087174237,"NS",0.517034078810964,"background",NA,NA
"bg499",1.1283352229562,0.433990057744795,0.266009942255205,0.167980115489589,0.721634301822633,1,"NS",0.167980115489589,"background",NA,NA
"bg500",-1.82303799475965,0.316330308586088,0.383669691413912,-0.0673393828278245,0.771577989422483,1,"NS",0.0673393828278245,"background",NA,NA
"bg501",-2.99521522753281,0.186191739227598,0.513808260772402,-0.327616521544804,0.55574554082891,1,"NS",0.327616521544804,"background",NA,NA
"bg502",-2.47507763232676,0.202874531227446,0.497125468772554,-0.294250937545108,0.147602609978523,1,"NS",0.294250937545108,"background",NA,NA
"bg503",-2.55565782906292,0.210299587576327,0.489700412423673,-0.279400824847346,0.143954457399668,1,"NS",0.279400824847346,"background",NA,NA
"bg504",1.24540675843521,0.477953421192244,0.222046578807756,0.255906842384487,0.410485466078389,1,"NS",0.255906842384487,"background",NA,NA
"bg505",-0.199019007828623,0.287226720870791,0.412773279129209,-0.125546558258419,0.674225980703719,1,"NS",0.125546558258419,"background",NA,NA
"bg506",-0.633151582289801,0.255392856371083,0.444607143628917,-0.189214287257834,0.313436441396829,1,"NS",0.189214287257834,"background",NA,NA
"bg507",0.0428809211871973,0.315049640806029,0.384950359193971,-0.0699007183879414,0.795276856450364,1,"NS",0.0699007183879414,"background",NA,NA
"bg508",-2.53506006555406,0.169856270528768,0.530143729471232,-0.360287458942464,0.644732852149056,1,"NS",0.360287458942464,"background",NA,NA
"bg509",4.05472438624587,0.596637150263412,0.103362849736587,0.493274300526825,0.318822888730094,1,"NS",0.493274300526825,"background",NA,NA
"bg510",5.81863372684079,0.598102737003591,0.101897262996409,0.496205474007181,0.279320682211546,1,"NS",0.496205474007181,"background",NA,NA
"bg511",2.23866363189641,0.45390055526726,0.24609944473274,0.207801110534519,0.479697235621978,1,"NS",0.207801110534519,"background",NA,NA
"bg512",-0.0320199073310246,0.237624922768317,0.462375077231682,-0.224750154463365,0.570801393664209,1,"NS",0.224750154463365,"background",NA,NA
"bg513",7.92397056039098,0.617768903554891,0.0822310964451086,0.535537807109783,0.4397775898166,1,"NS",0.535537807109783,"background",NA,NA
"bg514",-3.80292624539213,0.0859538496299439,0.614046150370056,-0.528092300740112,0.0333904689757619,0.267123751806095,"NS",0.528092300740112,"background",NA,NA
"bg515",0.293409063603824,0.496143950404896,0.203856049595104,0.292287900809792,0.304517049232498,1,"NS",0.292287900809792,"background",NA,NA
"bg516",5.04747019404825,0.582503035147226,0.117496964852774,0.465006070294453,0.165085687588435,1,"NS",0.465006070294453,"background",NA,NA
"bg517",-5.0863083821415,0.0879864100776797,0.61201358992232,-0.524027179844641,0.46053625435126,1,"NS",0.524027179844641,"background",NA,NA
"bg518",-4.63858342647586,0.10335157331053,0.59664842668947,-0.49329685337894,0.710793071393389,1,"NS",0.49329685337894,"background",NA,NA
"bg519",0.113601292147828,0.347847972633874,0.352152027366126,-0.00430405473225131,0.358405159192858,1,"NS",0.00430405473225131,"background",NA,NA
"bg520",-2.86260672269611,0.254096653643834,0.445903346356166,-0.191806692712333,0.774868268571561,1,"NS",0.191806692712333,"background",NA,NA
"bg521",-0.0114494045234494,0.286680533315134,0.413319466684866,-0.126638933369732,0.246184479184914,1,"NS",0.126638933369732,"background",NA,NA
"bg522",-4.35849030633715,0.183750265392005,0.516249734607995,-0.332499469215989,0.483283247479238,1,"NS",0.332499469215989,"background",NA,NA
"bg523",0.218069942395797,0.462798532062052,0.237201467937948,0.225597064124104,0.591929953926243,1,"NS",0.225597064124104,"background",NA,NA
"bg524",2.8723327607386,0.503629424830444,0.196370575169556,0.307258849660887,0.638765353453113,1,"NS",0.307258849660887,"background",NA,NA
"bg525",4.92256454696391,0.607654232492998,0.0923457675070016,0.515308464985997,0.179126790232956,1,"NS",0.515308464985997,"background",NA,NA
"bg526",0.959357422124038,0.310759133612945,0.389240866387055,-0.0784817327741094,0.460107116275933,1,"NS",0.0784817327741094,"background",NA,NA
"bg527",-1.83561364932386,0.307799128719156,0.392200871280844,-0.0844017425616882,0.737383483955404,1,"NS",0.0844017425616882,"background",NA,NA
"bg528",-2.04529009172112,0.272224674393342,0.427775325606658,-0.155550651213315,0.7452554622998,1,"NS",0.155550651213315,"background",NA,NA
"bg529",2.17964798324879,0.561286035758437,0.138713964241563,0.422572071516873,0.588377516695298,1,"NS",0.422572071516873,"background",NA,NA
"bg530",-1.62792380872834,0.207946747196787,0.492053252803213,-0.284106505606426,0.693596385468729,1,"NS",0.284106505606426,"background",NA,NA
"bg531",1.20660505883192,0.263842862768192,0.436157137231808,-0.172314274463615,0.296945642466424,1,"NS",0.172314274463615,"background",NA,NA
"bg532",1.57439131236899,0.314635979637925,0.385364020362075,-0.0707280407241492,0.575474664165638,1,"NS",0.0707280407241492,"background",NA,NA
"bg533",-1.08204223516514,0.363501160765532,0.336498839234468,0.0270023215310632,0.436813754416304,1,"NS",0.0270023215310632,"background",NA,NA
"bg534",-3.49326387275143,0.194260218054927,0.505739781945073,-0.311479563890146,0.721819131742232,1,"NS",0.311479563890146,"background",NA,NA
"bg535",3.30017280502448,0.499659109752591,0.200340890247409,0.299318219505183,0.302007853874937,1,"NS",0.299318219505183,"background",NA,NA
"bg536",2.89253881293543,0.479784192161915,0.220215807838085,0.259568384323831,0.663360801671632,1,"NS",0.259568384323831,"background",NA,NA
"bg537",4.55805352679899,0.54080543778734,0.15919456221266,0.381610875574681,0.366191228105454,1,"NS",0.381610875574681,"background",NA,NA
"bg538",-0.871927970967936,0.382499712074352,0.317500287925648,0.0649994241487042,0.556201538716909,1,"NS",0.0649994241487042,"background",NA,NA
"bg539",0.112164054689657,0.28823778637204,0.41176221362796,-0.123524427255919,0.491857707507908,1,"NS",0.123524427255919,"background",NA,NA
"bg540",-2.00342153364552,0.130466772180235,0.569533227819765,-0.43906645563953,0.657489269466372,1,"NS",0.43906645563953,"background",NA,NA
"bg541",-2.1564117990806,0.239172952086292,0.460827047913708,-0.221654095827417,0.0124723704508506,0.0997789636068046,"NS",0.221654095827417,"background",NA,NA
"bg542",0.0671866653748656,0.225956535684668,0.474043464315332,-0.248086928630665,0.134558480709093,1,"NS",0.248086928630665,"background",NA,NA
"bg543",-1.61596089122127,0.147928295918921,0.552071704081079,-0.404143408162157,0.16804910981236,1,"NS",0.404143408162157,"background",NA,NA
"bg544",-0.3140709568792,0.28303375661213,0.41696624338787,-0.133932486775739,0.365859754245961,1,"NS",0.133932486775739,"background",NA,NA
"bg545",-2.81276853060493,0.15911142154251,0.54088857845749,-0.381777156914981,0.30797290830058,1,"NS",0.381777156914981,"background",NA,NA
"bg546",-2.61632404116775,0.188950875657515,0.511049124342485,-0.322098248684971,0.0570667897076346,0.456534317661077,"NS",0.322098248684971,"background",NA,NA
"bg547",-2.41105857090752,0.209716522647984,0.490283477352016,-0.280566954704032,0.370724502323195,1,"NS",0.280566954704032,"background",NA,NA
"bg548",1.99045892564309,0.454498943415617,0.245501056584383,0.208997886831233,0.243272640570533,1,"NS",0.208997886831233,"background",NA,NA
"bg549",-0.161002503790606,0.266167699981139,0.433832300018861,-0.167664600037721,0.676510402162559,1,"NS",0.167664600037721,"background",NA,NA
"bg550",2.56442769641975,0.421537202321743,0.278462797678256,0.143074404643487,0.733492228706135,1,"NS",0.143074404643487,"background",NA,NA
"bg551",5.74494513934395,0.559537185577275,0.140462814422725,0.41907437115455,0.379166875949362,1,"NS",0.41907437115455,"background",NA,NA
"bg552",6.26080568052217,0.618670272513427,0.0813297274865735,0.537340545026853,0.30238225715002,1,"NS",0.537340545026853,"background",NA,NA
"bg553",-0.787861531517847,0.257668175123609,0.442331824876391,-0.184663649752782,0.692860116709955,1,"NS",0.184663649752782,"background",NA,NA
"bg554",-0.862247667781026,0.236126115464208,0.463873884535792,-0.227747769071585,0.373733375622192,1,"NS",0.227747769071585,"background",NA,NA
"bg555",-0.545964983602428,0.291815574700894,0.408184425299106,-0.116368850598212,0.618948732532095,1,"NS",0.116368850598212,"background",NA,NA
"bg556",-3.88474731974057,0.209889473540681,0.490110526459319,-0.280221052918639,0.198760773059679,1,"NS",0.280221052918639,"background",NA,NA
"bg557",9.45048160022136,0.628504489349321,0.0714955106506793,0.557008978698641,0.334645657927962,1,"NS",0.557008978698641,"background",NA,NA
"bg558",2.58663978873606,0.479664626396454,0.220335373603546,0.259329252792909,0.789129745837534,1,"NS",0.259329252792909,"background",NA,NA
"bg559",4.37705407994683,0.597202193904018,0.102797806095981,0.494404387808037,0.673214058752637,1,"NS",0.494404387808037,"background",NA,NA
"bg560",-2.01233494788607,0.205108785731062,0.494891214268938,-0.289782428537877,0.233350976290647,1,"NS",0.289782428537877,"background",NA,NA
"bg561",4.96949364079264,0.624354859388912,0.0756451406110882,0.548709718777824,0.0524403331493959,0.419522665195167,"NS",0.548709718777824,"background",NA,NA
"bg562",-3.05235296717222,0.237042635416199,0.462957364583801,-0.225914729167603,0.58942365880264,1,"NS",0.225914729167603,"background",NA,NA
"bg563",-0.757872518651601,0.395215649313066,0.304784350686934,0.0904312986261314,0.0280443512653001,0.224354810122401,"NS",0.0904312986261314,"background",NA,NA
"bg564",-1.32639402003289,0.257606639821466,0.442393360178534,-0.184786720357068,0.315976010147482,1,"NS",0.184786720357068,"background",NA,NA
"bg565",1.02345636571121,0.358561672323361,0.341438327676639,0.0171233446467212,0.759660579838092,1,"NS",0.0171233446467212,"background",NA,NA
"bg566",1.47591712675614,0.386432524380178,0.313567475619822,0.072865048760356,0.433019955585478,1,"NS",0.072865048760356,"background",NA,NA
"bg567",2.40750622618251,0.465390429766631,0.234609570233369,0.230780859533262,0.741774929663399,1,"NS",0.230780859533262,"background",NA,NA
"bg568",6.63350868019072,0.594278441830729,0.105721558169271,0.488556883661459,0.240383818168193,1,"NS",0.488556883661459,"background",NA,NA
"bg569",0.927815064091257,0.537468813097244,0.162531186902756,0.374937626194489,0.1760364400791,1,"NS",0.374937626194489,"background",NA,NA
"bg570",3.14957305533375,0.472669371754373,0.227330628245627,0.245338743508746,0.452357704162598,1,"NS",0.245338743508746,"background",NA,NA
"bg571",-0.360917809320255,0.418489240497174,0.281510759502826,0.136978480994348,0.289633771293564,1,"NS",0.136978480994348,"background",NA,NA
"bg572",-3.96703286005919,0.170164676555511,0.529835323444489,-0.359670646888978,0.0497493705118541,0.397994964094833,"NS",0.359670646888978,"background",NA,NA
"bg573",2.80866559345908,0.588534381257491,0.111465618742509,0.477068762514982,0.460460749857593,1,"NS",0.477068762514982,"background",NA,NA
"bg574",0.867973693205003,0.315719058089072,0.384280941910928,-0.0685618838218555,0.352754917443031,1,"NS",0.0685618838218555,"background",NA,NA
"bg575",-1.23849043465092,0.250949661102801,0.449050338897199,-0.198100677794397,0.637776401206153,1,"NS",0.198100677794397,"background",NA,NA
"bg576",3.46053817717376,0.506527203060926,0.193472796939074,0.313054406121852,0.126775739531266,1,"NS",0.313054406121852,"background",NA,NA
"bg577",-0.0256211240790032,0.348794222157161,0.351205777842839,-0.00241155568567768,0.708266452866374,1,"NS",0.00241155568567768,"background",NA,NA
"bg578",-3.1677151359534,0.135358201498843,0.564641798501157,-0.429283597002314,0.671320953081362,1,"NS",0.429283597002314,"background",NA,NA
"bg579",1.06930705268777,0.323445500052611,0.376554499947389,-0.0531089998947784,0.776643423643894,1,"NS",0.0531089998947784,"background",NA,NA
"bg580",3.07924149503661,0.504609237148302,0.195390762851697,0.309218474296605,0.323099651857745,1,"NS",0.309218474296605,"background",NA,NA
"bg581",-3.25821048229566,0.111030160948309,0.588969839051691,-0.477939678103382,0.74577871008357,1,"NS",0.477939678103382,"background",NA,NA
"bg582",5.90302530769723,0.628679903295254,0.0713200967047455,0.557359806590509,0.519120009215781,1,"NS",0.557359806590509,"background",NA,NA
"bg583",4.24064537780339,0.491810608792833,0.208189391207167,0.283621217585666,0.703946800133912,1,"NS",0.283621217585666,"background",NA,NA
"bg584",6.48976238914268,0.632203108390315,0.0677968916096853,0.56440621678063,0.720790715105832,1,"NS",0.56440621678063,"background",NA,NA
"bg585",0.647650514113669,0.38030635774091,0.31969364225909,0.060612715481821,0.72518819847214,1,"NS",0.060612715481821,"background",NA,NA
"bg586",-1.61995224546837,0.22673750626822,0.47326249373178,-0.24652498746356,0.600999544723891,1,"NS",0.24652498746356,"background",NA,NA
"bg587",3.92063687595728,0.562670345509971,0.137329654490029,0.425340691019942,0.177434330336982,1,"NS",0.425340691019942,"background",NA,NA
"bg588",-3.58588289115537,0.0692024588175364,0.630797541182464,-0.561595082364927,0.165326369986637,1,"NS",0.561595082364927,"background",NA,NA
"bg589",4.44213190864439,0.565893146703503,0.134106853296497,0.431786293407005,0.673490883200429,1,"NS",0.431786293407005,"background",NA,NA
"bg590",2.75923448383763,0.460263902124364,0.239736097875636,0.220527804248729,0.0472028490130324,0.377622792104259,"NS",0.220527804248729,"background",NA,NA
"bg591",-1.57437614498724,0.199170762527368,0.500829237472632,-0.301658474945265,0.515443201060407,1,"NS",0.301658474945265,"background",NA,NA
"bg592",0.755512469551212,0.411245753932304,0.288754246067696,0.122491507864608,0.112372419989202,0.898979359913617,"NS",0.122491507864608,"background",NA,NA
"bg593",-1.93279002664363,0.20954053235128,0.49045946764872,-0.280918935297439,0.713029645317001,1,"NS",0.280918935297439,"background",NA,NA
"bg594",6.07994652960237,0.608344097777635,0.0916559022223654,0.516688195555269,0.57694166407804,1,"NS",0.516688195555269,"background",NA,NA
"bg595",-0.930369360710837,0.405119712158244,0.294880287841756,0.110239424316487,0.0179160186203662,0.14332814896293,"NS",0.110239424316487,"background",NA,NA
"bg596",0.525794424014901,0.355921803617743,0.344078196382257,0.0118436072354867,0.183338815078605,1,"NS",0.0118436072354867,"background",NA,NA
"bg597",3.62354712998301,0.519259004020479,0.180740995979521,0.338518008040958,0.443765308633214,1,"NS",0.338518008040958,"background",NA,NA
"bg598",-3.59218909900825,0.141597206290609,0.558402793709391,-0.416805587418783,0.456032933281036,1,"NS",0.416805587418783,"background",NA,NA
"bg599",-5.69795521259411,0.103536725680588,0.596463274319412,-0.492926548638825,0.139026674718596,1,"NS",0.492926548638825,"background",NA,NA
"bg600",-3.19036828294952,0.200399981412341,0.499600018587658,-0.299200037175317,0.262832370338729,1,"NS",0.299200037175317,"background",NA,NA
"bg601",4.75229880494169,0.564337806714694,0.135662193285306,0.428675613429389,0.688711236784933,1,"NS",0.428675613429389,"background",NA,NA
"bg602",4.76797396839703,0.613999081671645,0.0860009183283547,0.527998163343291,0.329234859047225,1,"NS",0.527998163343291,"background",NA,NA
"bg603",-3.66555568321368,0.148233458780416,0.551766541219584,-0.403533082439169,0.756594992175698,1,"NS",0.403533082439169,"background",NA,NA
"bg604",-0.944819690343623,0.173464438314592,0.526535561685407,-0.353071123370815,0.639744001591113,1,"NS",0.353071123370815,"background",NA,NA
"bg605",-3.02927975911562,0.31078702257047,0.38921297742953,-0.078425954859061,0.470618877523113,1,"NS",0.078425954859061,"background",NA,NA
"bg606",1.80737459697354,0.396312244472042,0.303687755527958,0.0926244889440849,0.653261821291875,1,"NS",0.0926244889440849,"background",NA,NA
"bg607",-2.81278454808201,0.205942794361951,0.494057205638049,-0.288114411276098,0.631010385503527,1,"NS",0.288114411276098,"background",NA,NA
"bg608",2.7874229307434,0.467767215425581,0.232232784574419,0.235534430851162,0.045569811915746,0.364558495325968,"NS",0.235534430851162,"background",NA,NA
"bg609",-1.34979634654887,0.253691102872214,0.446308897127786,-0.192617794255571,0.198247076700674,1,"NS",0.192617794255571,"background",NA,NA
"bg610",2.68641578578214,0.394802078165389,0.305197921834611,0.0896041563307778,0.104089897250291,0.832719178002328,"NS",0.0896041563307778,"background",NA,NA
"bg611",-1.67204924436016,0.181622890015356,0.518377109984644,-0.336754219969289,0.285175822420977,1,"NS",0.336754219969289,"background",NA,NA
"bg612",-0.72201142321111,0.281206618387848,0.418793381612152,-0.137586763224303,0.627954896385083,1,"NS",0.137586763224303,"background",NA,NA
"bg613",0.0288462626056594,0.346441995543461,0.353558004456539,-0.00711600891307793,0.547937341029057,1,"NS",0.00711600891307793,"background",NA,NA
"bg614",4.57247880643474,0.6498301074327,0.0501698925673004,0.599660214865399,0.429144730686443,1,"NS",0.599660214865399,"background",NA,NA
"bg615",3.87954048468396,0.530308585248174,0.169691414751826,0.360617170496348,0.713878277399112,1,"NS",0.360617170496348,"background",NA,NA
"bg616",-3.92042802335961,0.106331963732475,0.593668036267525,-0.48733607253505,0.546230856948532,1,"NS",0.48733607253505,"background",NA,NA
"bg617",2.45144936297765,0.428320294059455,0.271679705940545,0.15664058811891,0.790875656543067,1,"NS",0.15664058811891,"background",NA,NA
"bg618",1.23448436145429,0.422672145425263,0.277327854574737,0.145344290850526,0.780070804795716,1,"NS",0.145344290850526,"background",NA,NA
"bg619",-0.884886165057954,0.340644081388795,0.359355918611205,-0.0187118372224108,0.630109609298408,1,"NS",0.0187118372224108,"background",NA,NA
"bg620",5.00285342341439,0.529103153468676,0.170896846531324,0.358206306937352,0.607107946049888,1,"NS",0.358206306937352,"background",NA,NA
"bg621",-5.49295056653966,0.120473543611599,0.579526456388401,-0.459052912776801,0.283933400515933,1,"NS",0.459052912776801,"background",NA,NA
"bg622",1.98744129842108,0.454337499553937,0.245662500446063,0.208674999107874,0.65788704036735,1,"NS",0.208674999107874,"background",NA,NA
"bg623",-4.25289055262522,0.165907996169259,0.534092003830741,-0.368184007661482,0.312782826329349,1,"NS",0.368184007661482,"background",NA,NA
"bg624",2.51253876860232,0.330885062299297,0.369114937700703,-0.0382298754014067,0.416006591049489,1,"NS",0.0382298754014067,"background",NA,NA
"bg625",-1.02357113317424,0.306207736940287,0.393792263059713,-0.0875845261194258,0.135417998807272,1,"NS",0.0875845261194258,"background",NA,NA
"bg626",-0.135391309858942,0.261536816083347,0.438463183916653,-0.176926367833307,0.0390538237269502,0.312430589815602,"NS",0.176926367833307,"background",NA,NA
"bg627",-0.0010093148610873,0.421976456304054,0.278023543695946,0.143952912608109,0.372077350403648,1,"NS",0.143952912608109,"background",NA,NA
"bg628",0.996361682660735,0.37096411069365,0.32903588930635,0.0419282213872996,0.55643274094048,1,"NS",0.0419282213872996,"background",NA,NA
"bg629",1.35733866059685,0.4108932900204,0.2891067099796,0.1217865800408,0.420104725251673,1,"NS",0.1217865800408,"background",NA,NA
"bg630",2.54766733128897,0.536814141998096,0.163185858001904,0.373628283996192,0.310227403958561,1,"NS",0.373628283996192,"background",NA,NA
"bg631",3.10027960391628,0.450392722397842,0.249607277602158,0.200785444795684,0.0335323512486648,0.268258809989318,"NS",0.200785444795684,"background",NA,NA
"bg632",10.4532281790609,0.650478980711728,0.0495210192882715,0.600957961423457,0.40490924001066,1,"NS",0.600957961423457,"background",NA,NA
"bg633",5.02071191631671,0.394858717887017,0.305141282112983,0.0897174357740342,0.66816984163085,1,"NS",0.0897174357740342,"background",NA,NA
"bg634",-0.797700566699899,0.376891758563717,0.323108241436283,0.0537835171274339,0.762180527640972,1,"NS",0.0537835171274339,"background",NA,NA
"bg635",1.52033600289983,0.356207925448978,0.343792074551022,0.0124158508979555,0.616460349841276,1,"NS",0.0124158508979555,"background",NA,NA
"bg636",0.608449898551461,0.434047998591556,0.265952001408444,0.168095997183111,0.723791411568178,1,"NS",0.168095997183111,"background",NA,NA
"bg637",1.78144061797156,0.311653963459559,0.388346036540441,-0.0766920730808816,0.660958462541457,1,"NS",0.0766920730808816,"background",NA,NA
"bg638",0.0641888125058243,0.350924902136859,0.349075097863141,0.00184980427371731,0.274094279610552,1,"NS",0.00184980427371731,"background",NA,NA
"bg639",1.73515996822419,0.470476218946957,0.229523781053043,0.240952437893914,0.550825762347085,1,"NS",0.240952437893914,"background",NA,NA
"bg640",0.481712406786263,0.36898396561409,0.33101603438591,0.0379679312281802,0.133788828750607,1,"NS",0.0379679312281802,"background",NA,NA
"bg641",-5.18390943273209,0.16984710977981,0.53015289022019,-0.36030578044038,0.204303145453567,1,"NS",0.36030578044038,"background",NA,NA
"bg642",0.85938694845305,0.370174880885511,0.329825119114489,0.0403497617710219,0.0565213003477547,0.452170402782038,"NS",0.0403497617710219,"background",NA,NA
"bg643",6.22546140329868,0.567146173025998,0.132853826974002,0.434292346051996,0.378982636308298,1,"NS",0.434292346051996,"background",NA,NA
"bg644",5.39488482506351,0.521266270592875,0.178733729407125,0.342532541185751,0.513915163594298,1,"NS",0.342532541185751,"background",NA,NA
"bg645",-0.518767613899547,0.345093817874209,0.354906182125791,-0.00981236425158223,0.577176288168412,1,"NS",0.00981236425158223,"background",NA,NA
"bg646",-3.1296679819516,0.245558643063637,0.454441356936363,-0.208882713872726,0.188156347756274,1,"NS",0.208882713872726,"background",NA,NA
"bg647",2.98702293550006,0.569452161723627,0.130547838276373,0.438904323447254,0.725764191633323,1,"NS",0.438904323447254,"background",NA,NA
"bg648",0.752746484878449,0.469131190376603,0.230868809623397,0.238262380753205,0.199307032776764,1,"NS",0.238262380753205,"background",NA,NA
"bg649",2.04954330959573,0.450399006050954,0.249600993949046,0.200798012101909,0.243862219067523,1,"NS",0.200798012101909,"background",NA,NA
"bg650",-3.61512095866306,0.0734602850715085,0.626539714928491,-0.553079429856983,0.494200516871177,1,"NS",0.553079429856983,"background",NA,NA
"bg651",-0.667101976794127,0.254852180059487,0.445147819940513,-0.190295639881025,0.475227872403339,1,"NS",0.190295639881025,"background",NA,NA
"bg652",1.1705100758947,0.500085055535661,0.199914944464339,0.300170111071323,0.29260392005113,1,"NS",0.300170111071323,"background",NA,NA
"bg653",0.746588142524637,0.370915690601614,0.329084309398386,0.0418313812032287,0.673798353763763,1,"NS",0.0418313812032287,"background",NA,NA
"bg654",3.90304476162339,0.514674904396226,0.185325095603774,0.329349808792451,0.196443341952749,1,"NS",0.329349808792451,"background",NA,NA
"bg655",4.83188332267311,0.573685205744986,0.126314794255014,0.447370411489972,0.637609353497159,1,"NS",0.447370411489972,"background",NA,NA
"bg656",1.55551877388937,0.340102025691799,0.359897974308201,-0.0197959486164023,0.605461384635186,1,"NS",0.0197959486164023,"background",NA,NA
"bg657",1.30767535943881,0.415968187706871,0.284031812293129,0.131936375413742,0.202095640468877,1,"NS",0.131936375413742,"background",NA,NA
"bg658",-1.21198864570035,0.194430387451834,0.505569612548165,-0.311139225096331,0.458663262983784,1,"NS",0.311139225096331,"background",NA,NA
"bg659",-5.22508523772983,0.148184485586511,0.551815514413489,-0.403631028826979,0.191257465237984,1,"NS",0.403631028826979,"background",NA,NA
"bg660",-1.22775259539837,0.350917032971344,0.349082967028656,0.00183406594268709,0.317973771291319,1,"NS",0.00183406594268709,"background",NA,NA
"bg661",3.31086208795768,0.534720734043062,0.165279265956938,0.369441468086124,0.18146407650155,1,"NS",0.369441468086124,"background",NA,NA
"bg662",-1.05510752752095,0.315848313818157,0.384151686181843,-0.0683033723636858,0.407858609215124,1,"NS",0.0683033723636858,"background",NA,NA
"bg663",3.07745163607858,0.517307180267977,0.182692819732023,0.334614360535953,0.379768345219549,1,"NS",0.334614360535953,"background",NA,NA
"bg664",4.22428020770228,0.445305576340981,0.254694423659019,0.190611152681962,0.414761337370146,1,"NS",0.190611152681962,"background",NA,NA
"bg665",-3.28293925954571,0.176121964083634,0.523878035916366,-0.347756071832732,0.115870729813352,0.926965838506818,"NS",0.347756071832732,"background",NA,NA
"bg666",8.94366326180308,0.678887044656957,0.0211129553430426,0.657774089313915,0.345380966380937,1,"NS",0.657774089313915,"background",NA,NA
"bg667",3.96814435916099,0.56854037430504,0.13145962569496,0.43708074861008,0.140586430586875,1,"NS",0.43708074861008,"background",NA,NA
"bg668",3.74992783811698,0.436499562393759,0.263500437606241,0.172999124787519,0.460793571516639,1,"NS",0.172999124787519,"background",NA,NA
"bg669",-1.21806947308095,0.362898748791095,0.337101251208905,0.0257974975821897,0.104482693664031,0.835861549312249,"NS",0.0257974975821897,"background",NA,NA
"bg670",5.3496075345183,0.49958249738781,0.20041750261219,0.29916499477562,0.0326556698672939,0.261245358938351,"NS",0.29916499477562,"background",NA,NA
"bg671",1.42630465966896,0.357982095683691,0.342017904316309,0.0159641913673828,0.402715761814965,1,"NS",0.0159641913673828,"background",NA,NA
"bg672",1.03895757943312,0.462076692678201,0.237923307321799,0.224153385356403,0.171316930472385,1,"NS",0.224153385356403,"background",NA,NA
"bg673",10.0313872573675,0.737690593156666,0.01,0.775381186313332,0.155538201671327,1,"NS",0.775381186313332,"background",NA,NA
"bg674",-0.304902638217131,0.250386810403681,0.449613189596319,-0.199226379192637,0.0185568475441542,0.148454780353233,"NS",0.199226379192637,"background",NA,NA
"bg675",1.03567847487306,0.41161185151845,0.28838814848155,0.123223703036901,0.581486112846993,1,"NS",0.123223703036901,"background",NA,NA
"bg676",1.96052430257101,0.346367734168857,0.353632265831143,-0.00726453166228523,0.110322904830799,0.882583238646388,"NS",0.00726453166228523,"background",NA,NA
"bg677",-1.24668549229471,0.264825214334122,0.435174785665878,-0.170349571331756,0.340608762555523,1,"NS",0.170349571331756,"background",NA,NA
"bg678",5.04727389897709,0.464734426587854,0.235265573412146,0.229468853175709,0.0795446230792441,0.636356984633952,"NS",0.229468853175709,"background",NA,NA
"bg679",2.82007595148068,0.548518360517786,0.151481639482214,0.397036721035572,0.735269141777884,1,"NS",0.397036721035572,"background",NA,NA
"bg680",1.15201049718519,0.304293827668512,0.395706172331488,-0.091412344662976,0.557548448852031,1,"NS",0.091412344662976,"background",NA,NA
"bg681",4.85925566105277,0.522775869532107,0.177224130467893,0.345551739064213,0.54508036539075,1,"NS",0.345551739064213,"background",NA,NA
"bg682",-3.00840801851074,0.153890461823508,0.546109538176492,-0.392219076352985,0.271571039977018,1,"NS",0.392219076352985,"background",NA,NA
"bg683",-5.26520253383775,0.168062758537056,0.531937241462944,-0.363874482925887,0.63435034757643,1,"NS",0.363874482925887,"background",NA,NA
"bg684",1.09665999251044,0.406173601913687,0.293826398086313,0.112347203827374,0.0138877309442032,0.111101847553626,"NS",0.112347203827374,"background",NA,NA
"bg685",-2.21004109905687,0.19522045188215,0.50477954811785,-0.3095590962357,0.708049722047523,1,"NS",0.3095590962357,"background",NA,NA
"bg686",-3.68671228041363,0.153198066905058,0.546801933094942,-0.393603866189883,0.196538829969941,1,"NS",0.393603866189883,"background",NA,NA
"bg687",0.609345782753399,0.385723231136287,0.314276768863713,0.0714464622725748,0.680456019032514,1,"NS",0.0714464622725748,"background",NA,NA
"bg688",-5.08290273651649,0.110170533290346,0.589829466709654,-0.479658933419308,0.505386118178489,1,"NS",0.479658933419308,"background",NA,NA
"bg689",1.48376576344735,0.399753353940183,0.300246646059817,0.0995067078803667,0.551835499170004,1,"NS",0.0995067078803667,"background",NA,NA
"bg690",4.66366957304229,0.602699666684748,0.0973003333152516,0.505399333369497,0.248641833093017,1,"NS",0.505399333369497,"background",NA,NA
"bg691",-1.96060149305467,0.172837318788336,0.527162681211664,-0.354325362423328,0.660603601708775,1,"NS",0.354325362423328,"background",NA,NA
"bg692",-2.72079116121403,0.213349142965902,0.486650857034098,-0.273301714068197,0.404987111757509,1,"NS",0.273301714068197,"background",NA,NA
"bg693",-1.26749393370784,0.262300935850766,0.437699064149233,-0.175398128298467,0.696935405849246,1,"NS",0.175398128298467,"background",NA,NA
"bg694",7.22164835775728,0.576565303897164,0.123434696102835,0.453130607794329,0.417177219048841,1,"NS",0.453130607794329,"background",NA,NA
"bg695",3.87560644448955,0.47267818898554,0.22732181101446,0.245356377971081,0.686615078088362,1,"NS",0.245356377971081,"background",NA,NA
"bg696",-0.38277758359678,0.335274075629223,0.364725924370777,-0.0294518487415541,0.129469635144342,1,"NS",0.0294518487415541,"background",NA,NA
"bg697",3.68977884234679,0.514477889487711,0.185522110512289,0.328955778975422,0.18483831026149,1,"NS",0.328955778975422,"background",NA,NA
"bg698",-1.22454777416529,0.231377247612813,0.468622752387187,-0.237245504774374,0.659549965501064,1,"NS",0.237245504774374,"background",NA,NA
"bg699",-3.36303990222332,0.257528290611747,0.442471709388253,-0.184943418776505,0.622057684924221,1,"NS",0.184943418776505,"background",NA,NA
"bg700",6.32008132901082,0.602348609069892,0.0976513909301081,0.504697218139784,0.149844730064739,1,"NS",0.504697218139784,"background",NA,NA
"bg701",3.16721010939592,0.533387962038225,0.166612037961775,0.36677592407645,0.705984010226559,1,"NS",0.36677592407645,"background",NA,NA
"bg702",3.02875943615699,0.393314526367241,0.306685473632759,0.0866290527344815,0.641415859222179,1,"NS",0.0866290527344815,"background",NA,NA
"bg703",-0.706920178081151,0.219481874754775,0.480518125245225,-0.26103625049045,0.231435732476879,1,"NS",0.26103625049045,"background",NA,NA
"bg704",3.27895500364079,0.503310658755712,0.196689341244287,0.306621317511425,0.668107738115592,1,"NS",0.306621317511425,"background",NA,NA
"bg705",3.35702685625268,0.532413766179377,0.167586233820623,0.364827532358754,0.562050754003227,1,"NS",0.364827532358754,"background",NA,NA
"bg706",-1.0092537369222,0.243585921704139,0.456414078295861,-0.212828156591721,0.759085396286799,1,"NS",0.212828156591721,"background",NA,NA
"bg707",2.54960147080459,0.541448829378787,0.158551170621213,0.382897658757574,0.597469286376378,1,"NS",0.382897658757574,"background",NA,NA
"bg708",-4.2374292509257,0.0866753729260972,0.613324627073903,-0.526649254147806,0.00821561540290713,0.0657249232232571,"NS",0.526649254147806,"background",NA,NA
"bg709",-0.375522617536229,0.221771357355659,0.478228642644341,-0.256457285288682,0.733993370902957,1,"NS",0.256457285288682,"background",NA,NA
"bg710",-5.63616749474473,0.0703446437836324,0.629655356216368,-0.559310712432735,0.143409075008007,1,"NS",0.559310712432735,"background",NA,NA
"bg711",4.66058116130142,0.587057358910663,0.112942641089337,0.474114717821326,0.0140628706593998,0.112502965275198,"NS",0.474114717821326,"background",NA,NA
"bg712",1.36051576902681,0.432611911921088,0.267388088078912,0.165223823842175,0.114043509867508,0.912348078940064,"NS",0.165223823842175,"background",NA,NA
"bg713",5.49189221446022,0.536575860346193,0.163424139653807,0.373151720692387,0.292537884012098,1,"NS",0.373151720692387,"background",NA,NA
"bg714",-1.87723604037562,0.166516437035178,0.533483562964822,-0.366967125929644,0.718127775537083,1,"NS",0.366967125929644,"background",NA,NA
"bg715",2.47804078684639,0.48182278430686,0.218177215693139,0.263645568613721,0.0154745049381163,0.12379603950493,"NS",0.263645568613721,"background",NA,NA
"bg716",4.94354470657016,0.575550794371065,0.124449205628935,0.45110158874213,0.16496564692352,1,"NS",0.45110158874213,"background",NA,NA
"bg717",6.53312820069394,0.633337487745705,0.0666625122542953,0.566674975491409,0.284271225497127,1,"NS",0.566674975491409,"background",NA,NA
"bg718",2.59982591121628,0.32851585650187,0.37148414349813,-0.0429682869962599,0.144729940893361,1,"NS",0.0429682869962599,"background",NA,NA
"bg719",2.85928310893939,0.506190836796493,0.193809163203507,0.312381673592986,0.688037671307568,1,"NS",0.312381673592986,"background",NA,NA
"bg720",-0.461095730491436,0.258239194557709,0.441760805442291,-0.183521610884583,0.182189555608667,1,"NS",0.183521610884583,"background",NA,NA
"bg721",-3.35299739260956,0.117116542831321,0.582883457168679,-0.465766914337358,0.491181108969962,1,"NS",0.465766914337358,"background",NA,NA
"bg722",8.56819643652192,0.694432277240103,0.01,0.688864554480207,0.0994504590290599,0.795603672232479,"NS",0.688864554480207,"background",NA,NA
"bg723",0.375230238622045,0.267132615935102,0.432867384064898,-0.165734768129796,0.623045422384283,1,"NS",0.165734768129796,"background",NA,NA
"bg724",6.44292765003136,0.584926672101237,0.115073327898763,0.469853344202475,0.350392100186087,1,"NS",0.469853344202475,"background",NA,NA
"bg725",1.98995920999721,0.411368497839773,0.288631502160227,0.122736995679546,0.220416837696452,1,"NS",0.122736995679546,"background",NA,NA
"bg726",2.65515257388713,0.470842618625198,0.229157381374802,0.241685237250396,0.0494414540305734,0.395531632244587,"NS",0.241685237250396,"background",NA,NA
"bg727",5.28852129887946,0.555840910572233,0.144159089427767,0.411681821144466,0.0640688913376071,0.512551130700856,"NS",0.411681821144466,"background",NA,NA
"bg728",-3.94729954796139,0.181803891298292,0.518196108701708,-0.336392217403415,0.265437998010311,1,"NS",0.336392217403415,"background",NA,NA
"bg729",-2.94686228298339,0.0935398448881689,0.606460155111831,-0.512920310223662,0.457606475399341,1,"NS",0.512920310223662,"background",NA,NA
"bg730",3.82517831281426,0.479888524459698,0.220111475540302,0.259777048919396,0.0747237795956898,0.597790236765519,"NS",0.259777048919396,"background",NA,NA
"bg731",-3.82145465124944,0.147864097251743,0.552135902748257,-0.404271805496513,0.187933308789041,1,"NS",0.404271805496513,"background",NA,NA
"bg732",2.81521270495226,0.505986678516105,0.194013321483895,0.31197335703221,0.171253492737887,1,"NS",0.31197335703221,"background",NA,NA
"bg733",1.9948572168388,0.335908844026661,0.364091155973339,-0.0281823119466781,0.209698315440444,1,"NS",0.0281823119466781,"background",NA,NA
"bg734",-5.42321062053781,0.0852235820053332,0.614776417994667,-0.529552835989334,0.662730149611132,1,"NS",0.529552835989334,"background",NA,NA
"bg735",4.68531324295499,0.494984948672422,0.205015051327578,0.289969897344844,0.0281089109568857,0.224871287655085,"NS",0.289969897344844,"background",NA,NA
"bg736",-1.83734736985913,0.17164950363916,0.52835049636084,-0.356700992721681,0.267943128575571,1,"NS",0.356700992721681,"background",NA,NA
"bg737",-1.89727470464606,0.289390042795231,0.410609957204769,-0.121219914409539,0.381722570298472,1,"NS",0.121219914409539,"background",NA,NA
"bg738",8.54777313780871,0.673804678247203,0.0261953217527967,0.647609356494407,0.112677466001594,0.901419728012756,"NS",0.647609356494407,"background",NA,NA
"bg739",1.06427717747364,0.348798051200495,0.351201948799505,-0.00240389759900956,0.195838189441245,1,"NS",0.00240389759900956,"background",NA,NA
"bg740",-0.912422891696649,0.373255050729785,0.326744949270215,0.0465101014595692,0.0549779649381526,0.439823719505221,"NS",0.0465101014595692,"background",NA,NA
"bg741",-3.00950237563561,0.197168305201968,0.502831694798032,-0.305663389596064,0.753125812494895,1,"NS",0.305663389596064,"background",NA,NA
"bg742",-1.92312317613401,0.215842662959239,0.484157337040761,-0.268314674081523,0.0734296421846375,0.5874371374771,"NS",0.268314674081523,"background",NA,NA
"bg743",4.06020775104725,0.606801821698989,0.0931981783010114,0.513603643397977,0.568383034787606,1,"NS",0.513603643397977,"background",NA,NA
"bg744",5.40458153833797,0.544680840418586,0.155319159581414,0.389361680837171,0.220550593733322,1,"NS",0.389361680837171,"background",NA,NA
"bg745",-0.425389965582953,0.344364890357619,0.355635109642381,-0.0112702192847618,0.298040475204587,1,"NS",0.0112702192847618,"background",NA,NA
"bg746",4.03277016788655,0.550113235527856,0.149886764472144,0.400226471055712,0.0306725849490613,0.24538067959249,"NS",0.400226471055712,"background",NA,NA
"bg747",-2.38526429693388,0.102375575014694,0.597624424985306,-0.495248849970612,0.746458861826686,1,"NS",0.495248849970612,"background",NA,NA
"bg748",0.332417193026432,0.299814953166444,0.400185046833556,-0.100370093667112,0.329351381108863,1,"NS",0.100370093667112,"background",NA,NA
"bg749",0.175228725245636,0.258961574526652,0.441038425473348,-0.182076850946696,0.0449965742558707,0.359972594046965,"NS",0.182076850946696,"background",NA,NA
"bg750",2.84244595479735,0.453431942711808,0.246568057288192,0.206863885423617,0.196006371943513,1,"NS",0.206863885423617,"background",NA,NA
"bg751",5.18040970496677,0.67474174021496,0.0252582597850405,0.649483480429919,0.124917073161574,0.999336585292593,"NS",0.649483480429919,"background",NA,NA
"bg752",0.592761410286958,0.48314816197201,0.21685183802799,0.266296323944021,0.22323443731037,1,"NS",0.266296323944021,"background",NA,NA
"bg753",4.31592245841403,0.635045060617355,0.0649549393826451,0.57009012123471,0.595014423618559,1,"NS",0.57009012123471,"background",NA,NA
"bg754",-4.49708690261795,0.119855241285448,0.580144758714552,-0.460289517429103,0.741558545049513,1,"NS",0.460289517429103,"background",NA,NA
"bg755",-3.08064706846459,0.182173029721982,0.517826970278018,-0.335653940556036,0.31695931689092,1,"NS",0.335653940556036,"background",NA,NA
"bg756",2.05412747201033,0.425211909920931,0.274788090079069,0.150423819841861,0.0245283500140067,0.196226800112054,"NS",0.150423819841861,"background",NA,NA
"bg757",-2.03662512359378,0.29892103896242,0.40107896103758,-0.10215792207516,0.111319059294416,0.890552474355325,"NS",0.10215792207516,"background",NA,NA
"bg758",2.05713897368265,0.443458719730722,0.256541280269278,0.186917439461445,0.251104826551629,1,"NS",0.186917439461445,"background",NA,NA
"bg759",0.494981534210568,0.298782656896614,0.401217343103386,-0.102434686206773,0.410551123542944,1,"NS",0.102434686206773,"background",NA,NA
"bg760",-2.48528280171189,0.238932969724107,0.461067030275893,-0.222134060551786,0.51629655090603,1,"NS",0.222134060551786,"background",NA,NA
"bg761",2.31020604775847,0.485423431068103,0.214576568931897,0.270846862136207,0.438407546269475,1,"NS",0.270846862136207,"background",NA,NA
"bg762",0.604352536963,0.389336295199016,0.310663704800984,0.0786725903980316,0.0549935329996515,0.439948263997212,"NS",0.0786725903980316,"background",NA,NA
"bg763",5.7845258206354,0.622868236529258,0.0771317634707421,0.545736473058516,0.469909816642292,1,"NS",0.545736473058516,"background",NA,NA
"bg764",5.92587631127542,0.621276992684115,0.0787230073158848,0.54255398536823,0.0562240440400783,0.449792352320626,"NS",0.54255398536823,"background",NA,NA
"bg765",-2.5469793558437,0.0892299539814304,0.61077004601857,-0.521540092037139,0.315664649847662,1,"NS",0.521540092037139,"background",NA,NA
"bg766",-2.10154400017507,0.289044280593764,0.410955719406236,-0.121911438812472,0.0354726821791846,0.283781457433477,"NS",0.121911438812472,"background",NA,NA
"bg767",0.863420477183609,0.404201781934873,0.295798218065127,0.108403563869746,0.441496246880386,1,"NS",0.108403563869746,"background",NA,NA
"bg768",-1.03007273449312,0.401547931165733,0.298452068834267,0.103095862331466,0.791884144349257,1,"NS",0.103095862331466,"background",NA,NA
"bg769",5.15216930441175,0.583756499713581,0.116243500286419,0.467512999427163,0.123388083771337,0.987104670170695,"NS",0.467512999427163,"background",NA,NA
"bg770",0.0983773235105634,0.198518398756147,0.501481601243853,-0.302963202487705,0.233665732412832,1,"NS",0.302963202487705,"background",NA,NA
"bg771",2.35797066562189,0.414065900668538,0.285934099331462,0.128131801337076,0.143865132240113,1,"NS",0.128131801337076,"background",NA,NA
"bg772",0.0696653439187859,0.270422587435196,0.429577412564804,-0.159154825129607,0.530981422891142,1,"NS",0.159154825129607,"background",NA,NA
"bg773",-4.91571889274158,0.0812385327715342,0.618761467228466,-0.537522934456932,0.320295193149941,1,"NS",0.537522934456932,"background",NA,NA
"bg774",3.58785217537475,0.462651976923577,0.237348023076423,0.225303953847153,0.567601920672925,1,"NS",0.225303953847153,"background",NA,NA
"bg775",-1.49275766295612,0.194781634017286,0.505218365982714,-0.310436731965427,0.618749589334708,1,"NS",0.310436731965427,"background",NA,NA
"bg776",-1.2017733543975,0.170087260367085,0.529912739632915,-0.359825479265831,0.311338402850088,1,"NS",0.359825479265831,"background",NA,NA
"bg777",3.19833606321397,0.469011928583735,0.230988071416265,0.23802385716747,0.0637761866671499,0.510209493337199,"NS",0.23802385716747,"background",NA,NA
"bg778",0.412232516216714,0.342151502201753,0.357848497798247,-0.0156969955964936,0.73139665061445,1,"NS",0.0156969955964936,"background",NA,NA
"bg779",-1.32900684800551,0.214693192658722,0.485306807341278,-0.270613614682557,0.284072346092667,1,"NS",0.270613614682557,"background",NA,NA
"bg780",-0.622550342579862,0.367152225550794,0.332847774449206,0.0343044511015873,0.088116159806028,0.704929278448224,"NS",0.0343044511015873,"background",NA,NA
"bg781",-4.5979928250384,0.0821587335228455,0.617841266477154,-0.535682532954309,0.258926330407383,1,"NS",0.535682532954309,"background",NA,NA
"bg782",-1.47884027780727,0.214510848049246,0.485489151950754,-0.270978303901509,0.442117311984068,1,"NS",0.270978303901509,"background",NA,NA
"bg783",-3.58130482369123,0.148238895374529,0.551761104625471,-0.403522209250943,0.612574969658628,1,"NS",0.403522209250943,"background",NA,NA
"bg784",1.28202518430662,0.269033524488222,0.430966475511778,-0.161932951023557,0.696658858588664,1,"NS",0.161932951023557,"background",NA,NA
"bg785",2.37005973378974,0.406247750381028,0.293752249618973,0.112495500762055,0.550142888216302,1,"NS",0.112495500762055,"background",NA,NA
"bg786",-1.70226818477714,0.278050744564692,0.421949255435308,-0.143898510870617,0.495341128100175,1,"NS",0.143898510870617,"background",NA,NA
"bg787",0.545175455030323,0.264477130769937,0.435522869230063,-0.171045738460125,0.467630607605213,1,"NS",0.171045738460125,"background",NA,NA
"bg788",-1.86691505724809,0.251434337135484,0.448565662864516,-0.197131325729032,0.291874062688323,1,"NS",0.197131325729032,"background",NA,NA
"bg789",2.66611365703688,0.470306890834335,0.229693109165665,0.240613781668671,0.0655038190155756,0.524030552124605,"NS",0.240613781668671,"background",NA,NA
"bg790",2.6354220321351,0.437733481054576,0.262266518945424,0.175466962109152,0.781330352777615,1,"NS",0.175466962109152,"background",NA,NA
"bg791",2.40151685407649,0.542024784678327,0.157975215321673,0.384049569356655,0.630139236890478,1,"NS",0.384049569356655,"background",NA,NA
"bg792",-2.3765874327412,0.23124029534589,0.46875970465411,-0.23751940930822,0.259817618996603,1,"NS",0.23751940930822,"background",NA,NA
"bg793",-0.576941951806017,0.319909397879543,0.380090602120457,-0.0601812042409142,0.691012437929632,1,"NS",0.0601812042409142,"background",NA,NA
"bg794",-2.21538132197875,0.229226052947578,0.470773947052422,-0.241547894104844,0.418452850213973,1,"NS",0.241547894104844,"background",NA,NA
"bg795",-3.23534637908001,0.106383004412335,0.593616995587665,-0.48723399117533,0.453423055157531,1,"NS",0.48723399117533,"background",NA,NA
"bg796",-2.17758478123665,0.359678824368705,0.340321175631295,0.0193576487374105,0.10586321507371,0.846905720589682,"NS",0.0193576487374105,"background",NA,NA
"bg797",-3.95125168844802,0.14019438288521,0.55980561711479,-0.419611234229579,0.561182671006303,1,"NS",0.419611234229579,"background",NA,NA
"bg798",5.57133298310673,0.644951042368875,0.0550489576311245,0.589902084737751,0.259464672988048,1,"NS",0.589902084737751,"background",NA,NA
"bg799",1.13084632154965,0.358753367303472,0.341246632696528,0.0175067346069438,0.395446080767782,1,"NS",0.0175067346069438,"background",NA,NA
"bg800",4.15963321764355,0.489490231017931,0.210509768982069,0.278980462035862,0.618443714551162,1,"NS",0.278980462035862,"background",NA,NA
"bg801",4.69530600691141,0.56874717894254,0.13125282105746,0.43749435788508,0.323462854723213,1,"NS",0.43749435788508,"background",NA,NA
"bg802",2.16384261110497,0.432324172479488,0.267675827520512,0.164648344958976,0.0512288397559896,0.409830718047917,"NS",0.164648344958976,"background",NA,NA
"bg803",-2.57199787976824,0.192979171646628,0.507020828353371,-0.314041656706743,0.226139288388658,1,"NS",0.314041656706743,"background",NA,NA
"bg804",1.03343479344251,0.385547935005677,0.314452064994323,0.0710958700113536,0.326551460085902,1,"NS",0.0710958700113536,"background",NA,NA
"bg805",-2.53619295436827,0.163355832087102,0.536644167912898,-0.373288335825797,0.409558574001305,1,"NS",0.373288335825797,"background",NA,NA
"bg806",3.70436796638308,0.486073985804129,0.213926014195871,0.272147971608259,0.461442226979416,1,"NS",0.272147971608259,"background",NA,NA
"bg807",-1.57630799110954,0.169479188092707,0.530520811907293,-0.361041623814586,0.0589400284972508,0.471520227978006,"NS",0.361041623814586,"background",NA,NA
"bg808",-0.527174304121395,0.318952593186771,0.381047406813229,-0.0620948136264578,0.756551255382597,1,"NS",0.0620948136264578,"background",NA,NA
"bg809",1.5045996622025,0.461440080077692,0.238559919922308,0.222880160155384,0.659711601548363,1,"NS",0.222880160155384,"background",NA,NA
"bg810",2.66513950321926,0.427744467377583,0.272255532622417,0.155488934755166,0.471509995521279,1,"NS",0.155488934755166,"background",NA,NA
"bg811",0.798723913156023,0.289636988497333,0.410363011502667,-0.120726023005335,0.106680305855814,0.853442446846515,"NS",0.120726023005335,"background",NA,NA
"bg812",-3.6168773434342,0.244911565475675,0.455088434524325,-0.21017686904865,0.797653744771844,1,"NS",0.21017686904865,"background",NA,NA
"bg813",-1.52440564501794,0.247168056528347,0.452831943471653,-0.205663886943306,0.195286491645966,1,"NS",0.205663886943306,"background",NA,NA
"bg814",3.72124071012126,0.501902595297906,0.198097404702094,0.303805190595812,0.785270872193389,1,"NS",0.303805190595812,"background",NA,NA
"bg815",0.0394956971087635,0.257147387680136,0.442852612319864,-0.185705224639727,0.540080663790694,1,"NS",0.185705224639727,"background",NA,NA
"bg816",-3.64547038703242,0.160606857717085,0.539393142282915,-0.378786284565829,0.51930918204505,1,"NS",0.378786284565829,"background",NA,NA
"bg817",1.60621988648824,0.456235881513734,0.243764118486266,0.212471763027468,0.404453128457302,1,"NS",0.212471763027468,"background",NA,NA
"bg818",-2.18130359729962,0.268132779142751,0.431867220857249,-0.163734441714499,0.551421037878375,1,"NS",0.163734441714499,"background",NA,NA
"bg819",-3.81920789819998,0.114685308729777,0.585314691270223,-0.470629382540446,0.574705341855297,1,"NS",0.470629382540446,"background",NA,NA
"bg820",5.451435635581,0.612625626907677,0.0873743730923229,0.525251253815354,0.702084099295083,1,"NS",0.525251253815354,"background",NA,NA
"bg821",-3.19374280958063,0.21308422238003,0.48691577761997,-0.273831555239941,0.734053144743433,1,"NS",0.273831555239941,"background",NA,NA
"bg822",-1.05754358032631,0.177122112480363,0.522877887519637,-0.345755775039274,0.534525703004794,1,"NS",0.345755775039274,"background",NA,NA
"bg823",1.27317557985067,0.495367546181901,0.204632453818099,0.290735092363801,0.624787677195156,1,"NS",0.290735092363801,"background",NA,NA
"bg824",2.01186755217749,0.40810496281965,0.29189503718035,0.116209925639299,0.526354699935531,1,"NS",0.116209925639299,"background",NA,NA
"bg825",-0.50189723941895,0.186582700424235,0.513417299575765,-0.32683459915153,0.604770633550826,1,"NS",0.32683459915153,"background",NA,NA
"bg826",1.97510791768683,0.383161431921196,0.316838568078804,0.0663228638423925,0.629396281780908,1,"NS",0.0663228638423925,"background",NA,NA
"bg827",0.276384934113159,0.391803240009911,0.308196759990089,0.0836064800198228,0.732013110503787,1,"NS",0.0836064800198228,"background",NA,NA
"bg828",2.83109972204416,0.542482251496143,0.157517748503857,0.384964502992286,0.372288154067006,1,"NS",0.384964502992286,"background",NA,NA
"bg829",2.49264173696918,0.509857133673186,0.190142866326814,0.319714267346372,0.759519067582209,1,"NS",0.319714267346372,"background",NA,NA
"bg830",4.13494277690146,0.531207315549704,0.168792684450296,0.362414631099408,0.780977826828603,1,"NS",0.362414631099408,"background",NA,NA
"bg831",-1.95564877642421,0.19603826136018,0.50396173863982,-0.30792347727964,0.371497034052154,1,"NS",0.30792347727964,"background",NA,NA
"bg832",1.73835588297885,0.40105924468856,0.29894075531144,0.10211848937712,0.608808081985219,1,"NS",0.10211848937712,"background",NA,NA
"bg833",2.56488402624125,0.322675764632417,0.377324235367583,-0.0546484707351651,0.416433292295784,1,"NS",0.0546484707351651,"background",NA,NA
"bg834",4.359464243298,0.522803457663743,0.177196542336257,0.345606915327486,0.287807042843429,1,"NS",0.345606915327486,"background",NA,NA
"bg835",-0.64820755064464,0.356806755838469,0.343193244161531,0.0136135116769377,0.644231597031001,1,"NS",0.0136135116769377,"background",NA,NA
"bg836",4.05669977404348,0.607264235588071,0.0927357644119288,0.514528471176142,0.222134274020325,1,"NS",0.514528471176142,"background",NA,NA
"bg837",-0.70009543581094,0.209564651291919,0.490435348708081,-0.280870697416162,0.686147711804137,1,"NS",0.280870697416162,"background",NA,NA
"bg838",4.20255331976448,0.544226996004868,0.155773003995132,0.388453992009736,0.590610285712872,1,"NS",0.388453992009736,"background",NA,NA
"bg839",2.45848687371684,0.570089877413659,0.129910122586341,0.440179754827318,0.268144330399577,1,"NS",0.440179754827318,"background",NA,NA
"bg840",-3.74448515660643,0.115439753459116,0.584560246540884,-0.469120493081768,0.676307711154921,1,"NS",0.469120493081768,"background",NA,NA
"bg841",-3.55257253635134,0.0782085917703378,0.621791408229662,-0.543582816459324,0.585012889983598,1,"NS",0.543582816459324,"background",NA,NA
"bg842",2.38809863515149,0.536857696546232,0.163142303453768,0.373715393092464,0.631119744415162,1,"NS",0.373715393092464,"background",NA,NA
"bg843",1.46917386229553,0.289576461048011,0.410423538951989,-0.120847077903979,0.054376188157592,0.435009505260736,"NS",0.120847077903979,"background",NA,NA
"bg844",0.113020535862642,0.336091560874401,0.363908439125599,-0.0278168782511975,0.0571523421446327,0.457218737157062,"NS",0.0278168782511975,"background",NA,NA
"bg845",3.31220309891024,0.548973102574179,0.151026897425821,0.397946205148358,0.643386787527939,1,"NS",0.397946205148358,"background",NA,NA
"bg846",1.22891135944617,0.468274920421641,0.231725079578359,0.236549840843281,0.548935861629667,1,"NS",0.236549840843281,"background",NA,NA
"bg847",3.17956710323668,0.614389046507981,0.0856109534920185,0.528778093015963,0.210823379815556,1,"NS",0.528778093015963,"background",NA,NA
"bg848",1.03240084091458,0.406827239844619,0.293172760155381,0.113654479689238,0.691195391533663,1,"NS",0.113654479689238,"background",NA,NA
"bg849",-0.304453305093003,0.186117756334396,0.513882243665604,-0.327764487331207,0.607205085842405,1,"NS",0.327764487331207,"background",NA,NA
"bg850",0.0821733043333763,0.466983773167412,0.233016226832588,0.233967546334823,0.342136273737997,1,"NS",0.233967546334823,"background",NA,NA
"bg851",6.72482927813475,0.610357564466479,0.0896424355335205,0.520715128932959,0.00412661051959731,0.0330128841567785,"NS",0.520715128932959,"background",NA,NA
"bg852",-3.39939683596252,0.270049862567019,0.429950137432981,-0.159900274865961,0.695006776125636,1,"NS",0.159900274865961,"background",NA,NA
"bg853",-0.999226337062604,0.302843283431546,0.397156716568454,-0.0943134331369081,0.713964534338098,1,"NS",0.0943134331369081,"background",NA,NA
"bg854",2.87287659289796,0.447487407151899,0.252512592848101,0.194974814303798,0.390993962314213,1,"NS",0.194974814303798,"background",NA,NA
"bg855",2.5219751468872,0.367626833563902,0.332373166436098,0.0352536671278036,0.124230802278267,0.993846418226138,"NS",0.0352536671278036,"background",NA,NA
"bg856",1.40594866922721,0.460020599823991,0.239979400176008,0.220041199647983,0.743412551139481,1,"NS",0.220041199647983,"background",NA,NA
"bg857",-3.25500315116813,0.140362024707736,0.559637975292264,-0.419275950584528,0.437438724697102,1,"NS",0.419275950584528,"background",NA,NA
"bg858",-3.22932174743635,0.150719987620717,0.549280012379283,-0.398560024758566,0.374293564089574,1,"NS",0.398560024758566,"background",NA,NA
"bg859",-1.76966517872259,0.264695506356144,0.435304493643856,-0.170608987287712,0.433750868119998,1,"NS",0.170608987287712,"background",NA,NA
"bg860",1.11003345655764,0.375519885080547,0.324480114919453,0.0510397701610945,0.401627240201691,1,"NS",0.0510397701610945,"background",NA,NA
"bg861",7.73005740333907,0.560034041596686,0.139965958403314,0.420068083193373,0.014210914301686,0.113687314413488,"NS",0.420068083193373,"background",NA,NA
"bg862",1.28430019267798,0.36560906391449,0.33439093608551,0.0312181278289794,0.0554168473531026,0.443334778824821,"NS",0.0312181278289794,"background",NA,NA
"bg863",-3.78806997213186,0.166004028511157,0.533995971488842,-0.367991942977685,0.562909672707319,1,"NS",0.367991942977685,"background",NA,NA
"bg864",-2.59959730908363,0.217431460326693,0.482568539673307,-0.265137079346614,0.363838296572212,1,"NS",0.265137079346614,"background",NA,NA
"bg865",1.53552170135475,0.44154963209611,0.25845036790389,0.18309926419222,0.76785633572517,1,"NS",0.18309926419222,"background",NA,NA
"bg866",-0.436956044685755,0.275678929430545,0.424321070569455,-0.14864214113891,0.710753013562877,1,"NS",0.14864214113891,"background",NA,NA
"bg867",-2.37175621754036,0.220143481863942,0.479856518136058,-0.259713036272116,0.421951181617798,1,"NS",0.259713036272116,"background",NA,NA
"bg868",4.13202013533135,0.614115635640485,0.085884364359515,0.52823127128097,0.486745578031521,1,"NS",0.52823127128097,"background",NA,NA
"bg869",-5.41306347064601,0.0680933807322412,0.631906619267759,-0.563813238535517,0.373103525358252,1,"NS",0.563813238535517,"background",NA,NA
"bg870",-4.79826416174812,0.0209454732968302,0.67905452670317,-0.65810905340634,0.629960647403728,1,"NS",0.65810905340634,"background",NA,NA
"bg871",-5.57167651423051,0.016715140826364,0.683284859173636,-0.666569718347272,0.702592373388587,1,"NS",0.666569718347272,"background",NA,NA
"bg872",1.34535624940033,0.485701052838794,0.214298947161206,0.271402105677587,0.752767484217649,1,"NS",0.271402105677587,"background",NA,NA
"bg873",1.55140398014743,0.328106904423402,0.371893095576597,-0.043786191153195,0.309700661941664,1,"NS",0.043786191153195,"background",NA,NA
"bg874",-0.355609049872617,0.250056853476903,0.449943146523097,-0.199886293046194,0.767189949396532,1,"NS",0.199886293046194,"background",NA,NA
"bg875",2.6541715835719,0.562422038477844,0.137577961522156,0.424844076955688,0.54872503936314,1,"NS",0.424844076955688,"background",NA,NA
"bg876",-4.77540767521565,0.120376431829286,0.579623568170714,-0.459247136341428,0.292538238960551,1,"NS",0.459247136341428,"background",NA,NA
"bg877",3.49525287252961,0.495401576758249,0.204598423241751,0.290803153516498,0.785267013896257,1,"NS",0.290803153516498,"background",NA,NA
"bg878",2.23091764045374,0.388312187280406,0.311687812719594,0.0766243745608114,0.59001232165168,1,"NS",0.0766243745608114,"background",NA,NA
"bg879",-5.36543929954238,0.151697090249083,0.548302909750917,-0.396605819501834,0.243121958998963,1,"NS",0.396605819501834,"background",NA,NA
"bg880",-0.248507473690635,0.320552738224643,0.379447261775357,-0.0588945235507136,0.54765891559259,1,"NS",0.0588945235507136,"background",NA,NA
"bg881",5.46817776188864,0.616046298249435,0.0839537017505647,0.532092596498871,0.377985300915549,1,"NS",0.532092596498871,"background",NA,NA
"bg882",3.82402120195118,0.607658123943399,0.0923418760566009,0.515316247886798,0.506346502841916,1,"NS",0.515316247886798,"background",NA,NA
"bg883",1.63200036417302,0.40164292528903,0.29835707471097,0.10328585057806,0.554816695047077,1,"NS",0.10328585057806,"background",NA,NA
"bg884",-2.71526993939586,0.14041371306192,0.55958628693808,-0.419172573876161,0.409245550764259,1,"NS",0.419172573876161,"background",NA,NA
"bg885",1.56001655742135,0.46176065810035,0.23823934189965,0.223521316200699,0.207203527492704,1,"NS",0.223521316200699,"background",NA,NA
"bg886",-0.242293217459165,0.438276008139617,0.261723991860383,0.176552016279234,0.47237225851696,1,"NS",0.176552016279234,"background",NA,NA
"bg887",2.76365591956299,0.482561540941577,0.217438459058423,0.265123081883154,0.112982493224787,0.903859945798293,"NS",0.265123081883154,"background",NA,NA
"bg888",-4.89496824760975,0.145171889648714,0.554828110351286,-0.409656220702573,0.520821709863609,1,"NS",0.409656220702573,"background",NA,NA
"bg889",-1.34340949328822,0.274230677171773,0.425769322828227,-0.151538645656454,0.646195139134768,1,"NS",0.151538645656454,"background",NA,NA
"bg890",-0.134291903200177,0.246596806723077,0.453403193276923,-0.206806386553846,0.211459189790534,1,"NS",0.206806386553846,"background",NA,NA
"bg891",2.11602077027452,0.387597587576844,0.312402412423156,0.0751951751536877,0.404580917341867,1,"NS",0.0751951751536877,"background",NA,NA
"bg892",-2.49076339050583,0.236364972680594,0.463635027319406,-0.227270054638812,0.598119816294406,1,"NS",0.227270054638812,"background",NA,NA
"bg893",7.5555107010784,0.626940597378925,0.0730594026210748,0.55388119475785,0.022583126636222,0.180665013089776,"NS",0.55388119475785,"background",NA,NA
"bg894",0.212426923052959,0.302690817102725,0.397309182897275,-0.0946183657945494,0.305704284652369,1,"NS",0.0946183657945494,"background",NA,NA
"bg895",5.763643687548,0.54789611776478,0.15210388223522,0.395792235529561,0.764078937819693,1,"NS",0.395792235529561,"background",NA,NA
"bg896",1.32453562190959,0.416445116985141,0.283554883014859,0.132890233970283,0.623269940489438,1,"NS",0.132890233970283,"background",NA,NA
"bg897",2.72928707134461,0.410516262644188,0.289483737355812,0.121032525288375,0.575995463958476,1,"NS",0.121032525288375,"background",NA,NA
"bg898",-3.99673734165309,0.15616890961377,0.54383109038623,-0.387662180772459,0.269262254878646,1,"NS",0.387662180772459,"background",NA,NA
"bg899",4.70615310451558,0.534674701875731,0.165325298124269,0.369349403751461,0.539875869880896,1,"NS",0.369349403751461,"background",NA,NA
"bg900",1.66399658186193,0.316678165675737,0.383321834324263,-0.0666436686485266,0.297409042927204,1,"NS",0.0666436686485266,"background",NA,NA
"bg901",3.2299314400785,0.473295510228398,0.226704489771602,0.246591020456796,0.410420896713156,1,"NS",0.246591020456796,"background",NA,NA
"bg902",3.11190053532612,0.509571961789352,0.190428038210647,0.319143923578705,0.695191581861116,1,"NS",0.319143923578705,"background",NA,NA
"bg903",-2.10016871689576,0.170222688506745,0.529777311493255,-0.35955462298651,0.352738974899752,1,"NS",0.35955462298651,"background",NA,NA
"bg904",-0.981087248836634,0.310812036253476,0.389187963746524,-0.0783759274930489,0.478776648344705,1,"NS",0.0783759274930489,"background",NA,NA
"bg905",-0.761558866295014,0.402416853831286,0.297583146168714,0.104833707662571,0.720487174833892,1,"NS",0.104833707662571,"background",NA,NA
"bg906",1.34596262159394,0.473419615663087,0.226580384336913,0.246839231326174,0.294604085840518,1,"NS",0.246839231326174,"background",NA,NA
"bg907",0.592020029295399,0.295879310418427,0.404120689581573,-0.108241379163146,0.720579776383471,1,"NS",0.108241379163146,"background",NA,NA
"bg908",-1.09086281899439,0.282682787731528,0.417317212268472,-0.134634424536944,0.0910031851422973,0.728025481138378,"NS",0.134634424536944,"background",NA,NA
"bg909",0.696634919789159,0.406334532900446,0.293665467099554,0.112669065800892,0.707328334707301,1,"NS",0.112669065800892,"background",NA,NA
"bg910",-0.0373724217190331,0.378761643115809,0.321238356884191,0.0575232862316186,0.783817850701744,1,"NS",0.0575232862316186,"background",NA,NA
"bg911",-3.31893154630716,0.149026931583013,0.550973068416987,-0.401946136833975,0.0223430413997266,0.178744331197813,"NS",0.401946136833975,"background",NA,NA
"bg912",-0.908166651217324,0.336698218425417,0.363301781574583,-0.0266035631491663,0.549244418618036,1,"NS",0.0266035631491663,"background",NA,NA
"bg913",-0.0900436941503859,0.27835362629712,0.421646373702879,-0.143292747405759,0.497607383006951,1,"NS",0.143292747405759,"background",NA,NA
"bg914",-3.87261235007446,0.160708671327932,0.539291328672068,-0.378582657344136,0.398445994594833,1,"NS",0.378582657344136,"background",NA,NA
"bg915",0.276272078938544,0.383236793760391,0.316763206239609,0.0664735875207828,0.0672747764689848,0.538198211751878,"NS",0.0664735875207828,"background",NA,NA
"bg916",0.590928846325909,0.352181871263391,0.347818128736609,0.00436374252678172,0.399722699348815,1,"NS",0.00436374252678172,"background",NA,NA
"bg917",-3.0218624251568,0.128844384434759,0.571155615565241,-0.442311231130482,0.53410192878102,1,"NS",0.442311231130482,"background",NA,NA
"bg918",1.17928461972544,0.433206345044566,0.266793654955434,0.166412690089131,0.625116064416943,1,"NS",0.166412690089131,"background",NA,NA
"bg919",-5.25663885099642,0.126034946051448,0.573965053948552,-0.447930107897105,0.0697994293852244,0.558395435081795,"NS",0.447930107897105,"background",NA,NA
"bg920",5.03220600982067,0.461742033240719,0.238257966759281,0.223484066481438,0.625594889694825,1,"NS",0.223484066481438,"background",NA,NA
"bg921",0.745021931186578,0.403485806515567,0.296514193484433,0.106971613031134,0.522596078580013,1,"NS",0.106971613031134,"background",NA,NA
"bg922",-4.64736880299172,0.05093694578455,0.64906305421545,-0.5981261084309,0.406614747424843,1,"NS",0.5981261084309,"background",NA,NA
"bg923",7.62430171555422,0.624810845851966,0.0751891541480337,0.549621691703932,0.686566730685998,1,"NS",0.549621691703932,"background",NA,NA
"bg924",4.73277819412899,0.505171927482066,0.194828072517934,0.310343854964132,0.266586225004401,1,"NS",0.310343854964132,"background",NA,NA
"bg925",0.469010864740597,0.469232085841297,0.230767914158703,0.238464171682595,0.427112913466292,1,"NS",0.238464171682595,"background",NA,NA
"bg926",7.38466581038444,0.646656989980892,0.0533430100191085,0.593313979961783,0.757949689783156,1,"NS",0.593313979961783,"background",NA,NA
"bg927",3.22097017879156,0.518624184229408,0.181375815770591,0.337248368458817,0.0174056120456662,0.13924489636533,"NS",0.337248368458817,"background",NA,NA
"bg928",6.35007000680601,0.563700023040775,0.136299976959225,0.42740004608155,0.469408571197884,1,"NS",0.42740004608155,"background",NA,NA
"bg929",-3.62409286132028,0.19302376978169,0.50697623021831,-0.31395246043662,0.0987955458324868,0.790364366659895,"NS",0.31395246043662,"background",NA,NA
"bg930",-2.98372889153749,0.132548624357756,0.567451375642244,-0.434902751284489,0.481741925304523,1,"NS",0.434902751284489,"background",NA,NA
"bg931",2.40789024739244,0.52804151286796,0.17195848713204,0.35608302573592,0.779707003466319,1,"NS",0.35608302573592,"background",NA,NA
"bg932",-2.04321455810349,0.228206055000753,0.471793944999247,-0.243587889998494,0.597459877451882,1,"NS",0.243587889998494,"background",NA,NA
"bg933",-0.183117898939885,0.30011221853306,0.39988778146694,-0.0997755629338802,0.442941445553675,1,"NS",0.0997755629338802,"background",NA,NA
"bg934",1.48480288165895,0.380721499263359,0.319278500736641,0.0614429985267185,0.296973984393524,1,"NS",0.0614429985267185,"background",NA,NA
"bg935",0.468715152307363,0.173323002382101,0.526676997617898,-0.353353995235797,0.0429382648216561,0.343506118573248,"NS",0.353353995235797,"background",NA,NA
"bg936",0.241685032590627,0.223340219765092,0.476659780234908,-0.253319560469816,0.774706102706026,1,"NS",0.253319560469816,"background",NA,NA
"bg937",0.219897439893634,0.414560750479534,0.285439249520466,0.129121500959067,0.326858677274082,1,"NS",0.129121500959067,"background",NA,NA
"bg938",1.91175842212055,0.433549852943589,0.266450147056411,0.167099705887179,0.797687733504688,1,"NS",0.167099705887179,"background",NA,NA
"bg939",-1.99814486146613,0.210404832718414,0.489595167281586,-0.279190334563172,0.0904878870504908,0.723903096403927,"NS",0.279190334563172,"background",NA,NA
"bg940",-3.7993977766174,0.143726589071019,0.556273410928981,-0.412546821857961,0.204459087629104,1,"NS",0.412546821857961,"background",NA,NA
"bg941",-0.641712198736821,0.443547586485652,0.256452413514348,0.187095172971304,0.614775782711571,1,"NS",0.187095172971304,"background",NA,NA
"bg942",6.49982706585783,0.56856804264402,0.13143195735598,0.437136085288039,0.0951690698515158,0.761352558812127,"NS",0.437136085288039,"background",NA,NA
"bg943",-2.37495173709,0.264181409811513,0.435818590188487,-0.171637180376975,0.264424982564989,1,"NS",0.171637180376975,"background",NA,NA
"bg944",-2.03323110831934,0.189532508301759,0.510467491698241,-0.320934983396482,0.776550638853107,1,"NS",0.320934983396482,"background",NA,NA
"bg945",0.682398219988731,0.348295401775871,0.351704598224129,-0.00340919644825874,0.615028205569368,1,"NS",0.00340919644825874,"background",NA,NA
"bg946",0.327984887380937,0.360823898671442,0.339176101328558,0.0216477973428845,0.0372225479183253,0.297780383346602,"NS",0.0216477973428845,"background",NA,NA
"bg947",1.25050575604176,0.328034437100009,0.371965562899991,-0.0439311257999823,0.566122651226819,1,"NS",0.0439311257999823,"background",NA,NA
"bg948",-4.44478869649744,0.142892993713502,0.557107006286498,-0.414214012572996,0.353613247728907,1,"NS",0.414214012572996,"background",NA,NA
"bg949",0.721947061912877,0.3313623315402,0.3686376684598,-0.0372753369195992,0.212566194209736,1,"NS",0.0372753369195992,"background",NA,NA
"bg950",2.9755965332655,0.445766910970092,0.254233089029907,0.191533821940185,0.0735531368998345,0.588425095198676,"NS",0.191533821940185,"background",NA,NA
"bg951",-2.01816925714081,0.295431223077509,0.404568776922491,-0.109137553844982,0.505222497731214,1,"NS",0.109137553844982,"background",NA,NA
"bg952",-3.64023583181599,0.140762989190047,0.559237010809953,-0.418474021619905,0.196393349286169,1,"NS",0.418474021619905,"background",NA,NA
"bg953",-3.02879534300577,0.139489220989045,0.560510779010954,-0.421021558021909,0.464027480460936,1,"NS",0.421021558021909,"background",NA,NA
"bg954",1.90818302628127,0.401665252051449,0.298334747948551,0.103330504102898,0.733135411936324,1,"NS",0.103330504102898,"background",NA,NA
"bg955",-1.3267489773605,0.233241790632379,0.466758209367621,-0.233516418735242,0.774236401538132,1,"NS",0.233516418735242,"background",NA,NA
"bg956",-3.71916574011452,0.180273514460719,0.519726485539281,-0.339452971078563,0.623169542538002,1,"NS",0.339452971078563,"background",NA,NA
"bg957",-0.690088104239091,0.164541859119225,0.535458140880775,-0.37091628176155,0.407339627137873,1,"NS",0.37091628176155,"background",NA,NA
"bg958",-5.11954890413732,0.165315548744047,0.534684451255953,-0.369368902511906,0.325285733247641,1,"NS",0.369368902511906,"background",NA,NA
"bg959",0.238117172198396,0.347725075986316,0.352274924013684,-0.00454984802736862,0.679653938216856,1,"NS",0.00454984802736862,"background",NA,NA
"bg960",0.879246785473103,0.350072606363265,0.349927393636735,0.000145212726529217,0.360786539435387,1,"NS",0.000145212726529217,"background",NA,NA
"bg961",1.83496628370027,0.416155073112848,0.283844926887152,0.132310146225695,0.192660840640077,1,"NS",0.132310146225695,"background",NA,NA
"bg962",2.18964079840867,0.46962144746841,0.23037855253159,0.239242894936819,0.35251100218622,1,"NS",0.239242894936819,"background",NA,NA
"bg963",3.43984008231944,0.45803804370187,0.24196195629813,0.216076087403739,0.590463334448636,1,"NS",0.216076087403739,"background",NA,NA
"bg964",6.13939850259683,0.533188858535286,0.166811141464714,0.366377717070573,0.616035803772043,1,"NS",0.366377717070573,"background",NA,NA
"bg965",3.32428882291795,0.50130693446114,0.19869306553886,0.30261386892228,0.736310585469008,1,"NS",0.30261386892228,"background",NA,NA
"bg966",-3.5364870555796,0.164785035630556,0.535214964369444,-0.370429928738888,0.47096537437127,1,"NS",0.370429928738888,"background",NA,NA
"bg967",5.60994709118373,0.636269215054714,0.0637307849452863,0.572538430109428,0.44908795695845,1,"NS",0.572538430109428,"background",NA,NA
"bg968",0.193665814740268,0.308751127269146,0.391248872730854,-0.0824977454617078,0.466810652307235,1,"NS",0.0824977454617078,"background",NA,NA
"bg969",4.53927910928449,0.64855646800807,0.0514435319919299,0.59711293601614,0.683344082425581,1,"NS",0.59711293601614,"background",NA,NA
"bg970",2.36813191882647,0.442521463929131,0.257478536070869,0.185042927858262,0.788967811953509,1,"NS",0.185042927858262,"background",NA,NA
"bg971",-1.79067876803372,0.310388075445879,0.389611924554121,-0.0792238491082414,0.312074693746632,1,"NS",0.0792238491082414,"background",NA,NA
"bg972",4.74605837940826,0.580326534435076,0.119673465564924,0.460653068870152,0.125075419052504,1,"NS",0.460653068870152,"background",NA,NA
"bg973",1.26081589909691,0.357402881132118,0.342597118867882,0.0148057622642353,0.37041807316523,1,"NS",0.0148057622642353,"background",NA,NA
"bg974",7.86892036025853,0.662779416096992,0.0372205839030078,0.625558832193984,0.158327829747228,1,"NS",0.625558832193984,"background",NA,NA
"bg975",1.01499476243693,0.196907795876985,0.503092204123015,-0.30618440824603,0.126906311449828,1,"NS",0.30618440824603,"background",NA,NA
"bg976",2.41012449615162,0.519262791865939,0.180737208134061,0.338525583731877,0.448244298247388,1,"NS",0.338525583731877,"background",NA,NA
"bg977",5.2633687906426,0.562394118796462,0.137605881203538,0.424788237592925,0.712223662672797,1,"NS",0.424788237592925,"background",NA,NA
"bg978",0.537024725995363,0.288430949574011,0.411569050425989,-0.123138100851978,0.33958700920199,1,"NS",0.123138100851978,"background",NA,NA
"bg979",-0.751449205624529,0.352568338099025,0.347431661900975,0.00513667619805,0.730783562921453,1,"NS",0.00513667619805,"background",NA,NA
"bg980",-0.222726283155137,0.293610476891191,0.406389523108809,-0.112779046217618,0.374719843416009,1,"NS",0.112779046217618,"background",NA,NA
"bg981",-3.17758156798424,0.219008591069572,0.480991408930428,-0.261982817860855,0.35426031671348,1,"NS",0.261982817860855,"background",NA,NA
"bg982",-3.16951816799496,0.165125592865473,0.534874407134527,-0.369748814269054,0.438488490515621,1,"NS",0.369748814269054,"background",NA,NA
"bg983",2.70158928874693,0.547885310465366,0.152114689534634,0.395770620930732,0.175002272087149,1,"NS",0.395770620930732,"background",NA,NA
"bg984",-1.93903687079831,0.224820323225731,0.475179676774269,-0.250359353548537,0.307907776933629,1,"NS",0.250359353548537,"background",NA,NA
"bg985",1.99477640658971,0.47469009075168,0.22530990924832,0.249380181503359,0.394257844125386,1,"NS",0.249380181503359,"background",NA,NA
"bg986",-1.49454161295318,0.23284536373879,0.46715463626121,-0.234309272522419,0.326331755178515,1,"NS",0.234309272522419,"background",NA,NA
"bg987",-1.73082241679792,0.309200545215909,0.390799454784091,-0.0815989095681818,0.0302306183148176,0.24184494651854,"NS",0.0815989095681818,"background",NA,NA
"bg988",2.01517061714745,0.482632921258974,0.217367078741026,0.265265842517947,0.732128088688478,1,"NS",0.265265842517947,"background",NA,NA
"bg989",-3.16069960212659,0.225315804584395,0.474684195415605,-0.24936839083121,0.250405510568526,1,"NS",0.24936839083121,"background",NA,NA
"bg990",2.68021931830178,0.5149144682725,0.1850855317275,0.329828936544999,0.497537166649941,1,"NS",0.329828936544999,"background",NA,NA
"bg991",4.43568052434999,0.561808827871116,0.138191172128884,0.423617655742232,0.25914581877389,1,"NS",0.423617655742232,"background",NA,NA
"bg992",-0.58821320366101,0.324796974094927,0.375203025905073,-0.0504060518101459,0.366142826195806,1,"NS",0.0504060518101459,"background",NA,NA
"bg993",0.5634705608315,0.326047162265158,0.373952837734842,-0.0479056754696847,0.510718734825496,1,"NS",0.0479056754696847,"background",NA,NA
"bg994",-1.16631357272588,0.250441228705953,0.449558771294047,-0.199117542588094,0.664761811494827,1,"NS",0.199117542588094,"background",NA,NA
"bg995",0.627865938102199,0.288519439683207,0.411480560316793,-0.122961120633586,0.398686138059245,1,"NS",0.122961120633586,"background",NA,NA
"bg996",2.25764903459733,0.476864413806733,0.223135586193267,0.253728827613467,0.784509247502079,1,"NS",0.253728827613467,"background",NA,NA
"bg997",-4.7027683544686,0.113676877268146,0.586323122731853,-0.472646245463707,0.0285883250250481,0.228706600200385,"NS",0.472646245463707,"background",NA,NA
"bg998",-2.2469005628252,0.249006265158625,0.450993734841375,-0.20198746968275,0.313697528494289,1,"NS",0.20198746968275,"background",NA,NA
"bg999",0.755792629377154,0.411583070828618,0.288416929171382,0.123166141657237,0.2312781930333,1,"NS",0.123166141657237,"background",NA,NA
"bg1000",1.16158628060698,0.310257299571136,0.389742700428864,-0.0794854008577276,0.238052111733938,1,"NS",0.0794854008577276,"background",NA,NA
"bg1001",3.85330488537233,0.543950583940863,0.156049416059137,0.387901167881727,0.168799325552536,1,"NS",0.387901167881727,"background",NA,NA
"bg1002",-1.08725892611167,0.149561420543322,0.550438579456678,-0.400877158913356,0.632872795946896,1,"NS",0.400877158913356,"background",NA,NA
"bg1003",-1.97188049203446,0.319616021075097,0.380383978924903,-0.0607679578498063,0.110182604943402,0.881460839547217,"NS",0.0607679578498063,"background",NA,NA
"bg1004",-0.23960918073636,0.44655962032083,0.25344037967917,0.19311924064166,0.240669167703949,1,"NS",0.19311924064166,"background",NA,NA
"bg1005",3.28370202387443,0.509255741471534,0.190744258528466,0.318511482943068,0.756751448914874,1,"NS",0.318511482943068,"background",NA,NA
"bg1006",-2.33123810596567,0.144007415983959,0.555992584016041,-0.411985168032081,0.543866184211569,1,"NS",0.411985168032081,"background",NA,NA
"bg1007",2.23321534250617,0.43351408314884,0.266485916851159,0.167028166297681,0.723260048896307,1,"NS",0.167028166297681,"background",NA,NA
"bg1008",3.32708504604394,0.466130148122114,0.233869851877886,0.232260296244228,0.207438722142251,1,"NS",0.232260296244228,"background",NA,NA
"bg1009",1.45322209927525,0.446380683960515,0.253619316039485,0.192761367921031,0.12548713209806,1,"NS",0.192761367921031,"background",NA,NA
"bg1010",8.57339270223736,0.647589964263936,0.0524100357360644,0.595179928527871,0.354634066831321,1,"NS",0.595179928527871,"background",NA,NA
"bg1011",-2.03923889910847,0.15137169888984,0.548628301110159,-0.397256602220319,0.694736280475743,1,"NS",0.397256602220319,"background",NA,NA
"bg1012",0.161087781297584,0.322520477875011,0.377479522124988,-0.0549590442499771,0.231917265073862,1,"NS",0.0549590442499771,"background",NA,NA
"bg1013",0.894283823310264,0.401362763606017,0.298637236393983,0.102725527212034,0.435537541902158,1,"NS",0.102725527212034,"background",NA,NA
"bg1014",2.79857878186325,0.463350880626372,0.236649119373628,0.226701761252745,0.0424011552589946,0.339209242071956,"NS",0.226701761252745,"background",NA,NA
"bg1015",3.0863622872748,0.489272744243191,0.210727255756808,0.278545488486383,0.47391629061522,1,"NS",0.278545488486383,"background",NA,NA
"bg1016",0.587594490512714,0.476828965031877,0.223171034968123,0.253657930063754,0.323042003057199,1,"NS",0.253657930063754,"background",NA,NA
"bg1017",-4.15142489006057,0.164644598350593,0.535355401649407,-0.370710803298815,0.153391609599115,1,"NS",0.370710803298815,"background",NA,NA
"bg1018",-2.19852906417096,0.183451688032363,0.516548311967638,-0.333096623935275,0.746592438529013,1,"NS",0.333096623935275,"background",NA,NA
"bg1019",4.56258747783434,0.479939950893696,0.220060049106304,0.259879901787392,0.289184078205377,1,"NS",0.259879901787392,"background",NA,NA
"bg1020",-2.76310581706735,0.220393338492631,0.479606661507369,-0.259213323014738,0.496616448220331,1,"NS",0.259213323014738,"background",NA,NA
"bg1021",-1.81600066776439,0.281657174726679,0.418342825273321,-0.136685650546643,0.609240100761177,1,"NS",0.136685650546643,"background",NA,NA
"bg1022",0.525365965895298,0.379490276126618,0.320509723873382,0.0589805522532366,0.0369245592039079,0.295396473631263,"NS",0.0589805522532366,"background",NA,NA
"bg1023",4.39795087803198,0.565704406448795,0.134295593551205,0.43140881289759,0.0918092606163118,0.734474084930494,"NS",0.43140881289759,"background",NA,NA
"bg1024",1.26749740750717,0.373144705449812,0.326855294550188,0.0462894108996241,0.566647175560007,1,"NS",0.0462894108996241,"background",NA,NA
"bg1025",-0.995547199118933,0.19678560776114,0.50321439223886,-0.306428784477721,0.430188334019389,1,"NS",0.306428784477721,"background",NA,NA
"bg1026",1.82898007446068,0.385497471094737,0.314502528905263,0.0709949421894733,0.674970274683321,1,"NS",0.0709949421894733,"background",NA,NA
"bg1027",2.93375338809988,0.525488751783698,0.174511248216302,0.350977503567395,0.0569871123372577,0.455896898698062,"NS",0.350977503567395,"background",NA,NA
"bg1028",5.79130575872555,0.56141222342666,0.13858777657334,0.422824446853319,0.126647139548557,1,"NS",0.422824446853319,"background",NA,NA
"bg1029",-2.05077623177073,0.213007626526636,0.486992373473364,-0.273984746946729,0.624644241185626,1,"NS",0.273984746946729,"background",NA,NA
"bg1030",-3.86943672720259,0.10255362669389,0.59744637330611,-0.49489274661222,0.174014041829156,1,"NS",0.49489274661222,"background",NA,NA
"bg1031",-1.75997895842354,0.173483169989919,0.526516830010081,-0.353033660020162,0.79067992312042,1,"NS",0.353033660020162,"background",NA,NA
"bg1032",3.20100720357412,0.472579090651479,0.227420909348521,0.245158181302958,0.355155361096375,1,"NS",0.245158181302958,"background",NA,NA
"bg1033",5.10949985036389,0.591311918474596,0.108688081525404,0.482623836949193,0.429538682356942,1,"NS",0.482623836949193,"background",NA,NA
"bg1034",3.59170919609554,0.576439309011177,0.123560690988823,0.452878618022354,0.605705333935795,1,"NS",0.452878618022354,"background",NA,NA
"bg1035",-4.66029938547038,0.0472319129048626,0.652768087095137,-0.605536174190275,0.0573247669134289,0.458598135307431,"NS",0.605536174190275,"background",NA,NA
"bg1036",3.82620540438756,0.43579619448587,0.264203805514129,0.171592388971741,0.158595492506633,1,"NS",0.171592388971741,"background",NA,NA
"bg1037",7.29530697920676,0.643516603799203,0.0564833962007973,0.587033207598405,0.0608264240056742,0.486611392045394,"NS",0.587033207598405,"background",NA,NA
"bg1038",2.39734873277372,0.386465001427913,0.313534998572087,0.0729300028558268,0.304024884738727,1,"NS",0.0729300028558268,"background",NA,NA
"bg1039",-1.03176794367771,0.2806505133208,0.4193494866792,-0.1386989733584,0.695482282784302,1,"NS",0.1386989733584,"background",NA,NA
"bg1040",0.855524670535041,0.438500667835208,0.261499332164791,0.177001335670417,0.339411302090157,1,"NS",0.177001335670417,"background",NA,NA
"bg1041",-1.84527394711212,0.216555691547108,0.483444308452892,-0.266888616905783,0.222856496642809,1,"NS",0.266888616905783,"background",NA,NA
"bg1042",-2.80524767497141,0.271964094895067,0.428035905104933,-0.156071810209867,0.470093885692302,1,"NS",0.156071810209867,"background",NA,NA
"bg1043",-0.905507176863178,0.335152238986653,0.364847761013347,-0.0296955220266938,0.403200106094824,1,"NS",0.0296955220266938,"background",NA,NA
"bg1044",0.744235044724616,0.444428962631797,0.255571037368203,0.188857925263595,0.370182589422446,1,"NS",0.188857925263595,"background",NA,NA
"bg1045",-3.09240513232645,0.174631233258395,0.525368766741605,-0.350737533483211,0.613154536674498,1,"NS",0.350737533483211,"background",NA,NA
"bg1046",2.57827081297386,0.438833624045141,0.261166375954859,0.177667248090283,0.549987562549766,1,"NS",0.177667248090283,"background",NA,NA
"bg1047",-3.310727163663,0.168152844779297,0.531847155220703,-0.363694310441406,0.187099944327259,1,"NS",0.363694310441406,"background",NA,NA
"bg1048",-4.57246242189428,0.163254284439263,0.536745715560737,-0.373491431121473,0.750842546478845,1,"NS",0.373491431121473,"background",NA,NA
"bg1049",0.657796258184383,0.448030974025872,0.251969025974128,0.196061948051743,0.429060721196234,1,"NS",0.196061948051743,"background",NA,NA
"bg1050",3.73451857078323,0.505885184913747,0.194114815086253,0.311770369827494,0.143671505254228,1,"NS",0.311770369827494,"background",NA,NA
"bg1051",8.62239398885054,0.656910278822229,0.0430897211777714,0.613820557644457,0.357951150727691,1,"NS",0.613820557644457,"background",NA,NA
"bg1052",0.9878756065453,0.295633605664788,0.404366394335212,-0.108732788670424,0.338486930184299,1,"NS",0.108732788670424,"background",NA,NA
"bg1053",8.94403461417911,0.603384957975449,0.096615042024551,0.506769915950898,0.67654287399305,1,"NS",0.506769915950898,"background",NA,NA
"bg1054",-2.30243331111986,0.143906165145852,0.556093834854148,-0.412187669708296,0.65014288736973,1,"NS",0.412187669708296,"background",NA,NA
"bg1055",1.48118129793028,0.411146794748239,0.288853205251761,0.122293589496478,0.123237131337635,0.985897050701082,"NS",0.122293589496478,"background",NA,NA
"bg1056",-0.24683190058742,0.222916474925902,0.477083525074098,-0.254167050148195,0.702538571909303,1,"NS",0.254167050148195,"background",NA,NA
"bg1057",1.53334067685257,0.566970083637527,0.133029916362473,0.433940167275054,0.47924097394105,1,"NS",0.433940167275054,"background",NA,NA
"bg1058",0.705281016003841,0.418388003933936,0.281611996066064,0.136776007867872,0.269927218064899,1,"NS",0.136776007867872,"background",NA,NA
"bg1059",1.77646128122414,0.459198623363332,0.240801376636668,0.218397246726665,0.713430549363606,1,"NS",0.218397246726665,"background",NA,NA
"bg1060",-2.3515365391881,0.201351546106121,0.498648453893879,-0.297296907787758,0.00711303835175931,0.0569043068140745,"NS",0.297296907787758,"background",NA,NA
"bg1061",2.24302356233079,0.544268365748331,0.155731634251669,0.388536731496662,0.607347201771103,1,"NS",0.388536731496662,"background",NA,NA
"bg1062",0.319431576680765,0.347433189155201,0.352566810844799,-0.00513362168959848,0.695448366045719,1,"NS",0.00513362168959848,"background",NA,NA
"bg1063",1.67213362000143,0.433546999990043,0.266453000009957,0.167093999980085,0.644147412298946,1,"NS",0.167093999980085,"background",NA,NA
"bg1064",-3.12908314161853,0.167729109259387,0.532270890740613,-0.364541781481226,0.53794969372917,1,"NS",0.364541781481226,"background",NA,NA
"bg1065",-1.46083457014628,0.210555650255903,0.489444349744097,-0.278888699488195,0.393824138228083,1,"NS",0.278888699488195,"background",NA,NA
"bg1066",-3.35302297681953,0.0847424384100103,0.61525756158999,-0.530515123179979,0.161571332159452,1,"NS",0.530515123179979,"background",NA,NA
"bg1067",0.286096200902602,0.34537075893248,0.35462924106752,-0.00925848213503987,0.02249404703849,0.17995237630792,"NS",0.00925848213503987,"background",NA,NA
"bg1068",-2.86099924703051,0.209543123907669,0.490456876092331,-0.280913752184663,0.344578499177471,1,"NS",0.280913752184663,"background",NA,NA
"bg1069",-3.32978016241409,0.119053297656539,0.580946702343461,-0.461893404686922,0.462862192315049,1,"NS",0.461893404686922,"background",NA,NA
"bg1070",-1.88510604075149,0.189645624024797,0.510354375975203,-0.320708751950406,0.742116652008379,1,"NS",0.320708751950406,"background",NA,NA
"bg1071",1.4664647118342,0.411109671080451,0.288890328919549,0.122219342160901,0.606219106567791,1,"NS",0.122219342160901,"background",NA,NA
"bg1072",1.36246396723558,0.320251222514722,0.379748777485278,-0.0594975549705565,0.725136919210432,1,"NS",0.0594975549705565,"background",NA,NA
"bg1073",2.08766493807944,0.51726697702985,0.182733022970149,0.334533954059701,0.00391361503093503,0.0313089202474803,"NS",0.334533954059701,"background",NA,NA
"bg1074",1.07549521724821,0.476607233705527,0.223392766294472,0.253214467411055,0.245907318763901,1,"NS",0.253214467411055,"background",NA,NA
"bg1075",4.29723791113448,0.60424150495895,0.0957584950410504,0.508483009917899,0.524711120236665,1,"NS",0.508483009917899,"background",NA,NA
"bg1076",0.916011038611844,0.309385751350988,0.390614248649012,-0.0812284972980245,0.69688146931096,1,"NS",0.0812284972980245,"background",NA,NA
"bg1077",5.43191342129679,0.619672329167714,0.0803276708322859,0.539344658335428,0.531862062468659,1,"NS",0.539344658335428,"background",NA,NA
"bg1078",-5.42296060436809,0.179760987515187,0.520239012484813,-0.340478024969626,0.42483116044593,1,"NS",0.340478024969626,"background",NA,NA
"bg1079",1.50528394700045,0.438995989079582,0.261004010920418,0.177991978159163,0.119254734143382,0.954037873147056,"NS",0.177991978159163,"background",NA,NA
"bg1080",-0.747750872296002,0.290805430773408,0.409194569226592,-0.118389138453184,0.578762294595595,1,"NS",0.118389138453184,"background",NA,NA
"bg1081",4.60573756485021,0.583219189496793,0.116780810503207,0.466438378993587,0.461822766881669,1,"NS",0.466438378993587,"background",NA,NA
"bg1082",5.63153358940423,0.677052036821698,0.0229479631783022,0.654104073643396,0.799134341367986,1,"NS",0.654104073643396,"background",NA,NA
"bg1083",2.28465274853021,0.292325940763825,0.407674059236175,-0.11534811847235,0.369874219023855,1,"NS",0.11534811847235,"background",NA,NA
"bg1084",-5.42135162339958,0.0690950251356499,0.63090497486435,-0.5618099497287,0.748340808573412,1,"NS",0.5618099497287,"background",NA,NA
"bg1085",6.20797458414019,0.603301533181497,0.0966984668185032,0.506603066362993,0.455766614228487,1,"NS",0.506603066362993,"background",NA,NA
"bg1086",3.51237158729075,0.441975809576021,0.258024190423979,0.183951619152042,0.14411108156736,1,"NS",0.183951619152042,"background",NA,NA
"bg1087",-3.99461431369865,0.1024413664989,0.5975586335011,-0.4951172670022,0.570602668107953,1,"NS",0.4951172670022,"background",NA,NA
"bg1088",-1.73276564716869,0.174531597778472,0.525468402221528,-0.350936804443057,0.264258132421644,1,"NS",0.350936804443057,"background",NA,NA
"bg1089",-3.32440078035879,0.240138095483428,0.459861904516572,-0.219723809033144,0.759636163737625,1,"NS",0.219723809033144,"background",NA,NA
"bg1090",4.5443992774842,0.502232301795844,0.197767698204156,0.304464603591689,0.433886679062853,1,"NS",0.304464603591689,"background",NA,NA
"bg1091",-2.2206800019454,0.233731751528191,0.466268248471809,-0.232536496943617,0.268483986118576,1,"NS",0.232536496943617,"background",NA,NA
"bg1092",1.45708564421598,0.4195633083038,0.2804366916962,0.139126616607601,0.488325061629759,1,"NS",0.139126616607601,"background",NA,NA
"bg1093",0.933012791507892,0.455263054723561,0.244736945276439,0.210526109447123,0.333104470626218,1,"NS",0.210526109447123,"background",NA,NA
"bg1094",-3.21285934359866,0.235591178666652,0.464408821333348,-0.228817642666696,0.605148233036278,1,"NS",0.228817642666696,"background",NA,NA
"bg1095",-2.75224453074963,0.231321461870736,0.468678538129263,-0.237357076258527,0.718054232933559,1,"NS",0.237357076258527,"background",NA,NA
"bg1096",-4.21144120525197,0.170214587950335,0.529785412049665,-0.35957082409933,0.554887142083375,1,"NS",0.35957082409933,"background",NA,NA
"bg1097",3.1912694567986,0.470090376358981,0.229909623641019,0.240180752717962,0.301064326658612,1,"NS",0.240180752717962,"background",NA,NA
"bg1098",8.15123861741692,0.613937867995442,0.0860621320045579,0.527875735990884,0.789241211930057,1,"NS",0.527875735990884,"background",NA,NA
"bg1099",1.31368200787233,0.310541564773448,0.389458435226552,-0.0789168704531049,0.760891582932323,1,"NS",0.0789168704531049,"background",NA,NA
"bg1100",3.17617301069941,0.546817546906731,0.153182453093269,0.393635093813462,0.778217872852692,1,"NS",0.393635093813462,"background",NA,NA
"bg1101",-2.57232964459938,0.273448139059208,0.426551860940792,-0.153103721881584,0.684673332386883,1,"NS",0.153103721881584,"background",NA,NA
"bg1102",-0.153970137599526,0.353485318585276,0.346514681414724,0.00697063717055153,0.411385745020816,1,"NS",0.00697063717055153,"background",NA,NA
"bg1103",-1.98135507536817,0.154431550641452,0.545568449358548,-0.391136898717096,0.603308283686405,1,"NS",0.391136898717096,"background",NA,NA
"bg1104",-4.29730878980775,0.106384201098774,0.593615798901226,-0.487231597802451,0.0553474240491632,0.442779392393306,"NS",0.487231597802451,"background",NA,NA
"bg1105",5.09057444223171,0.554163471857645,0.145836528142355,0.40832694371529,0.453036758876871,1,"NS",0.40832694371529,"background",NA,NA
"bg1106",3.00550143765416,0.488131364714208,0.211868635285792,0.276262729428415,0.507768534617498,1,"NS",0.276262729428415,"background",NA,NA
"bg1107",0.997846338105384,0.432211132862444,0.267788867137556,0.164422265724887,0.518966119155753,1,"NS",0.164422265724887,"background",NA,NA
"bg1108",-1.48031768885744,0.261445784361178,0.438554215638822,-0.177108431277644,0.0993992499012966,0.795193999210373,"NS",0.177108431277644,"background",NA,NA
"bg1109",3.35646471856358,0.522886955875742,0.177113044124258,0.345773911751485,0.630013873673044,1,"NS",0.345773911751485,"background",NA,NA
"bg1110",-2.99580144139926,0.234695751097579,0.465304248902421,-0.230608497804842,0.0559825771462638,0.44786061717011,"NS",0.230608497804842,"background",NA,NA
"bg1111",0.732572822190758,0.391342886942187,0.308657113057813,0.0826857738843736,0.152404020778369,1,"NS",0.0826857738843736,"background",NA,NA
"bg1112",1.54780864270391,0.478128131077627,0.221871868922373,0.256256262155254,0.724579586515436,1,"NS",0.256256262155254,"background",NA,NA
"bg1113",0.34807752424783,0.331120533122369,0.368879466877631,-0.0377589337552621,0.137118394628866,1,"NS",0.0377589337552621,"background",NA,NA
"bg1114",2.92768534795997,0.384693100947803,0.315306899052197,0.0693862018956056,0.680617200418375,1,"NS",0.0693862018956056,"background",NA,NA
"bg1115",0.292980268098485,0.412735949535541,0.287264050464459,0.125471899071082,0.0155507582093123,0.124406065674499,"NS",0.125471899071082,"background",NA,NA
"bg1116",-5.13419651693515,0.156962456921698,0.543037543078302,-0.386075086156605,0.0652658234729897,0.522126587783918,"NS",0.386075086156605,"background",NA,NA
"bg1117",-3.63046247398432,0.307806902316476,0.392193097683524,-0.0843861953670472,0.324569931694772,1,"NS",0.0843861953670472,"background",NA,NA
"bg1118",2.37040520524908,0.479964030938984,0.220035969061016,0.259928061877968,0.195519819095498,1,"NS",0.259928061877968,"background",NA,NA
"bg1119",0.172736701459425,0.417978572758077,0.282021427241923,0.135957145516155,0.528680688499939,1,"NS",0.135957145516155,"background",NA,NA
"bg1120",-0.916403300187429,0.38956834298522,0.31043165701478,0.0791366859704398,0.795617775696563,1,"NS",0.0791366859704398,"background",NA,NA
"bg1121",-0.198358556029835,0.28010090447106,0.41989909552894,-0.13979819105788,0.528423201301601,1,"NS",0.13979819105788,"background",NA,NA
"bg1122",0.849864266768033,0.303313813112464,0.396686186887536,-0.0933723737750713,0.174907605399843,1,"NS",0.0933723737750713,"background",NA,NA
"bg1123",-0.3636762600501,0.329382679029033,0.370617320970967,-0.041234641941934,0.477146371399518,1,"NS",0.041234641941934,"background",NA,NA
"bg1124",6.50718333450074,0.624017992408005,0.0759820075919954,0.548035984816009,0.121027503917459,0.968220031339675,"NS",0.548035984816009,"background",NA,NA
"bg1125",-1.27930959148026,0.316804687579425,0.383195312420575,-0.0663906248411506,0.179038617911749,1,"NS",0.0663906248411506,"background",NA,NA
"bg1126",1.45038676580756,0.431974300107141,0.268025699892859,0.163948600214282,0.746292779994197,1,"NS",0.163948600214282,"background",NA,NA
"bg1127",0.00328326042404181,0.436151494701715,0.263848505298285,0.172302989403429,0.221323941769311,1,"NS",0.172302989403429,"background",NA,NA
"bg1128",0.440739859952575,0.322752274809769,0.377247725190231,-0.0544954503804616,0.509686576719862,1,"NS",0.0544954503804616,"background",NA,NA
"bg1129",-2.1452879053873,0.204844115660756,0.495155884339243,-0.290311768678487,0.528136084278813,1,"NS",0.290311768678487,"background",NA,NA
"bg1130",1.93637201275379,0.395554650585843,0.304445349414157,0.091109301171686,0.571983507631812,1,"NS",0.091109301171686,"background",NA,NA
"bg1131",-4.54794563626527,0.127443535537429,0.572556464462571,-0.445112928925142,0.593442225207109,1,"NS",0.445112928925142,"background",NA,NA
"bg1132",-3.31140285679442,0.231736335965229,0.468263664034771,-0.236527328069542,0.580896076153964,1,"NS",0.236527328069542,"background",NA,NA
"bg1133",-4.84345950570486,0.194066680001325,0.505933319998675,-0.31186663999735,0.675969679678557,1,"NS",0.31186663999735,"background",NA,NA
"bg1134",2.72866914490184,0.48355381653426,0.21644618346574,0.267107633068521,0.20858246465656,1,"NS",0.267107633068521,"background",NA,NA
"bg1135",2.66205223976924,0.465192452861051,0.234807547138948,0.230384905722103,0.680107665960211,1,"NS",0.230384905722103,"background",NA,NA
"bg1136",8.29736151352878,0.616164588925126,0.0838354110748738,0.532329177850252,0.75953663399606,1,"NS",0.532329177850252,"background",NA,NA
"bg1137",-3.302864061521,0.158477261303847,0.541522738696153,-0.383045477392306,0.590890388224972,1,"NS",0.383045477392306,"background",NA,NA
"bg1138",-3.11551943127825,0.19517145039405,0.50482854960595,-0.309657099211901,0.216500925063621,1,"NS",0.309657099211901,"background",NA,NA
"bg1139",-1.74869892061047,0.158527970949267,0.541472029050733,-0.382944058101466,0.185291886016959,1,"NS",0.382944058101466,"background",NA,NA
"bg1140",-1.74343363288944,0.232409923686206,0.467590076313794,-0.235180152627587,0.604107468546834,1,"NS",0.235180152627587,"background",NA,NA
"bg1141",2.72969683279271,0.519129346056382,0.180870653943618,0.338258692112763,0.198864361826563,1,"NS",0.338258692112763,"background",NA,NA
"bg1142",3.88703642133025,0.503157438805173,0.196842561194827,0.306314877610346,0.279818989657564,1,"NS",0.306314877610346,"background",NA,NA
"bg1143",-0.66356778675285,0.196793636215394,0.503206363784606,-0.306412727569212,0.538141898874892,1,"NS",0.306412727569212,"background",NA,NA
"bg1144",0.746944108920682,0.353374284239296,0.346625715760704,0.00674856847859289,0.299497356109554,1,"NS",0.00674856847859289,"background",NA,NA
"bg1145",-1.25582158009823,0.194498146101012,0.505501853898988,-0.311003707797976,0.375750395696145,1,"NS",0.311003707797976,"background",NA,NA
"bg1146",5.05892033469793,0.484949772853298,0.215050227146702,0.269899545706597,0.449315245447448,1,"NS",0.269899545706597,"background",NA,NA
"bg1147",6.06218514717965,0.628463248506638,0.0715367514933619,0.556926497013276,0.744293666958111,1,"NS",0.556926497013276,"background",NA,NA
"bg1148",-1.03069283919034,0.227270589489233,0.472729410510767,-0.245458821021534,0.636648024536902,1,"NS",0.245458821021534,"background",NA,NA
"bg1149",2.59086649409162,0.419831683912485,0.280168316087515,0.13966336782497,0.524904442688683,1,"NS",0.13966336782497,"background",NA,NA
"bg1150",-0.255683125027758,0.319398116251408,0.380601883748592,-0.0612037674971841,0.763410640201531,1,"NS",0.0612037674971841,"background",NA,NA
"bg1151",0.818426097081971,0.367998632299077,0.332001367700923,0.0359972645981531,0.478644738672301,1,"NS",0.0359972645981531,"background",NA,NA
"bg1152",-3.20249526707729,0.195046781535221,0.504953218464779,-0.309906436929559,0.00585801056772471,0.0468640845417976,"NS",0.309906436929559,"background",NA,NA
"bg1153",4.51542324740325,0.645558497469005,0.0544415025309954,0.591116994938009,0.482131233438151,1,"NS",0.591116994938009,"background",NA,NA
"bg1154",4.11982280623022,0.510009670822199,0.189990329177801,0.320019341644399,0.159207941180794,1,"NS",0.320019341644399,"background",NA,NA
"bg1155",-1.27290412791383,0.270316089998512,0.429683910001488,-0.159367820002975,0.00535812203842215,0.0428649763073772,"NS",0.159367820002975,"background",NA,NA
"bg1156",2.49346315469312,0.514676469689267,0.185323530310733,0.329352939378534,0.364587158559822,1,"NS",0.329352939378534,"background",NA,NA
"bg1157",3.84285287569448,0.556560461347696,0.143439538652304,0.413120922695391,0.465634177332046,1,"NS",0.413120922695391,"background",NA,NA
"bg1158",-2.35836347895783,0.181125766586304,0.518874233413696,-0.337748466827391,0.698247777713928,1,"NS",0.337748466827391,"background",NA,NA
"bg1159",3.15449588452887,0.507258178949182,0.192741821050817,0.314516357898365,0.780499433702324,1,"NS",0.314516357898365,"background",NA,NA
"bg1160",-1.81609898617564,0.258030826036383,0.441969173963617,-0.183938347927234,0.368208521273918,1,"NS",0.183938347927234,"background",NA,NA
"bg1161",-0.643335885154354,0.159509347013518,0.540490652986482,-0.380981305972964,0.203300067820819,1,"NS",0.380981305972964,"background",NA,NA
"bg1162",-0.164581498772755,0.25183139974892,0.44816860025108,-0.19633720050216,0.139578686349327,1,"NS",0.19633720050216,"background",NA,NA
"bg1163",4.73161760332908,0.495400131015506,0.204599868984494,0.290800262031012,0.466789128999459,1,"NS",0.290800262031012,"background",NA,NA
"bg1164",3.35464779117035,0.462386085726738,0.237613914273262,0.224772171453475,0.660188758866163,1,"NS",0.224772171453475,"background",NA,NA
"bg1165",2.2774717853255,0.409045387758356,0.290954612241644,0.118090775516712,0.208594597643008,1,"NS",0.118090775516712,"background",NA,NA
"bg1166",-2.38553553517075,0.223694186392769,0.47630581360723,-0.252611627214461,0.0309107300611213,0.24728584048897,"NS",0.252611627214461,"background",NA,NA
"bg1167",3.5050494437024,0.527703071478174,0.172296928521826,0.355406142956347,0.382382552300347,1,"NS",0.355406142956347,"background",NA,NA
"bg1168",0.530187949279476,0.465675190232552,0.234324809767448,0.231350380465104,0.567899219395826,1,"NS",0.231350380465104,"background",NA,NA
"bg1169",2.05179723703085,0.459038707275899,0.240961292724101,0.218077414551797,0.256064206528245,1,"NS",0.218077414551797,"background",NA,NA
"bg1170",-1.40017414429246,0.315612714953208,0.384387285046792,-0.0687745700935837,0.683823629320366,1,"NS",0.0687745700935837,"background",NA,NA
"bg1171",1.00962180970629,0.243694733520913,0.456305266479087,-0.212610532958174,0.572674717098242,1,"NS",0.212610532958174,"background",NA,NA
"bg1172",-3.30993751029556,0.226157228333011,0.473842771666989,-0.247685543333978,0.361080544095254,1,"NS",0.247685543333978,"background",NA,NA
"bg1173",-1.53327190175573,0.224765047076368,0.475234952923632,-0.250469905847264,0.0785792843920644,0.628634275136515,"NS",0.250469905847264,"background",NA,NA
"bg1174",-1.91539236586587,0.176366740235076,0.523633259764924,-0.347266519529848,0.435208548403112,1,"NS",0.347266519529848,"background",NA,NA
"bg1175",1.08051823263221,0.435306414401374,0.264693585598626,0.170612828802748,0.195811791545246,1,"NS",0.170612828802748,"background",NA,NA
"bg1176",-3.29900519168019,0.17544406415187,0.52455593584813,-0.349111871696259,0.00690009495196864,0.0552007596157491,"NS",0.349111871696259,"background",NA,NA
"bg1177",-2.14073094408344,0.171298177178114,0.528701822821886,-0.357403645643771,0.34502902308316,1,"NS",0.357403645643771,"background",NA,NA
"bg1178",-4.15334083009031,0.184114862837053,0.515885137162947,-0.331770274325894,0.156783319175476,1,"NS",0.331770274325894,"background",NA,NA
"bg1179",-4.20810345374378,0.224514088124061,0.475485911875939,-0.250971823751878,0.638515621171566,1,"NS",0.250971823751878,"background",NA,NA
"bg1180",0.957651190823886,0.352523055756102,0.347476944243898,0.00504611151220493,0.213185126832221,1,"NS",0.00504611151220493,"background",NA,NA
"bg1181",2.30801883265195,0.495864750685331,0.204135249314669,0.291729501370663,0.387172910213703,1,"NS",0.291729501370663,"background",NA,NA
"bg1182",5.17995762794185,0.548696844111311,0.151303155888689,0.397393688222622,0.592044748125598,1,"NS",0.397393688222622,"background",NA,NA
"bg1183",2.15663731401278,0.312572812876335,0.387427187123665,-0.0748543742473307,0.329413870267803,1,"NS",0.0748543742473307,"background",NA,NA
"bg1184",6.86605239913677,0.646037074458065,0.0539629255419354,0.592074148916129,0.772780555155361,1,"NS",0.592074148916129,"background",NA,NA
"bg1185",1.83969937666086,0.347154818026797,0.352845181973203,-0.00569036394640529,0.272079750872916,1,"NS",0.00569036394640529,"background",NA,NA
"bg1186",-0.0302837580922263,0.313316674986724,0.386683325013276,-0.0733666500265525,0.0340026985045988,0.27202158803679,"NS",0.0733666500265525,"background",NA,NA
"bg1187",-1.07841457877038,0.138102503410479,0.561897496589521,-0.423794993179042,0.298657941525336,1,"NS",0.423794993179042,"background",NA,NA
"bg1188",-1.45350945933581,0.243629540528387,0.456370459471613,-0.212740918943226,0.177353523010155,1,"NS",0.212740918943226,"background",NA,NA
"bg1189",3.4167265790383,0.484150947259879,0.215849052740121,0.268301894519758,0.32356307947915,1,"NS",0.268301894519758,"background",NA,NA
"bg1190",3.12941695890808,0.441797288025607,0.258202711974392,0.183594576051215,0.390389426125679,1,"NS",0.183594576051215,"background",NA,NA
"bg1191",5.89559601540832,0.603765342040568,0.0962346579594318,0.507530684081136,0.318871551828226,1,"NS",0.507530684081136,"background",NA,NA
"bg1192",0.895419162997086,0.416726576834538,0.283273423165462,0.133453153669076,0.285479464452248,1,"NS",0.133453153669076,"background",NA,NA
"bg1193",-2.16089868381277,0.182286562154894,0.517713437845106,-0.335426875690212,0.129693252856145,1,"NS",0.335426875690212,"background",NA,NA
"bg1194",2.14975138814156,0.526539723218773,0.173460276781227,0.353079446437545,0.676304014519323,1,"NS",0.353079446437545,"background",NA,NA
"bg1195",1.68617924423645,0.348217117278207,0.351782882721793,-0.00356576544358614,0.349835200758884,1,"NS",0.00356576544358614,"background",NA,NA
"bg1196",-0.539012226845031,0.368201334213087,0.331798665786913,0.0364026684261737,0.432676422408083,1,"NS",0.0364026684261737,"background",NA,NA
"bg1197",0.342516804206352,0.366287328503089,0.33371267149691,0.032574657006179,0.0741418765799608,0.593135012639686,"NS",0.032574657006179,"background",NA,NA
"bg1198",1.7307176414701,0.407089935630875,0.292910064369125,0.11417987126175,0.20952270655334,1,"NS",0.11417987126175,"background",NA,NA
"bg1199",0.927353813892405,0.375248132849767,0.324751867150233,0.0504962656995332,0.772925810554763,1,"NS",0.0504962656995332,"background",NA,NA
"bg1200",-1.81783732581915,0.277828963255866,0.422171036744134,-0.144342073488268,0.212618090910604,1,"NS",0.144342073488268,"background",NA,NA
"bg1201",2.33132220451125,0.420105464310346,0.279894535689654,0.140210928620692,0.404230289660161,1,"NS",0.140210928620692,"background",NA,NA
"bg1202",2.15627144295068,0.362949774288705,0.337050225711295,0.0258995485774108,0.327493108010152,1,"NS",0.0258995485774108,"background",NA,NA
"bg1203",-0.961219634676659,0.172277968569065,0.527722031430935,-0.35544406286187,0.534764614009298,1,"NS",0.35544406286187,"background",NA,NA
"bg1204",-0.069916545469882,0.249344418558607,0.450655581441393,-0.201311162882786,0.510539899032796,1,"NS",0.201311162882786,"background",NA,NA
"bg1205",-0.322560692782525,0.361945173598849,0.338054826401151,0.0238903471976985,0.658428823976079,1,"NS",0.0238903471976985,"background",NA,NA
"bg1206",2.57687291086228,0.460547258178339,0.239452741821661,0.221094516356678,0.252461879506242,1,"NS",0.221094516356678,"background",NA,NA
"bg1207",1.77918625848618,0.440711489833505,0.259288510166495,0.18142297966701,0.599326422263402,1,"NS",0.18142297966701,"background",NA,NA
"bg1208",3.45007436771043,0.466122750775504,0.233877249224496,0.232245501551009,0.502056992451195,1,"NS",0.232245501551009,"background",NA,NA
"bg1209",-1.53719364077976,0.242365679452229,0.457634320547771,-0.215268641095541,0.0941534242902417,0.753227394321933,"NS",0.215268641095541,"background",NA,NA
"bg1210",4.95157993199234,0.513881436568703,0.186118563431297,0.327762873137407,0.158089642405976,1,"NS",0.327762873137407,"background",NA,NA
"bg1211",0.828823044946936,0.322138128509772,0.377861871490228,-0.0557237429804561,0.0966934979308862,0.77354798344709,"NS",0.0557237429804561,"background",NA,NA
"bg1212",-0.490730824626819,0.398097918037009,0.301902081962991,0.0961958360740187,0.561533295897534,1,"NS",0.0961958360740187,"background",NA,NA
"bg1213",0.662488262390101,0.266003081659117,0.433996918340883,-0.167993836681766,0.258442487110849,1,"NS",0.167993836681766,"background",NA,NA
"bg1214",-3.74427092877203,0.098445851758111,0.601554148241889,-0.503108296483778,0.3433938959199,1,"NS",0.503108296483778,"background",NA,NA
"bg1215",2.35318982965504,0.513983361967952,0.186016638032048,0.327966723935904,0.504160191702889,1,"NS",0.327966723935904,"background",NA,NA
"bg1216",-0.117600759303636,0.18914022426634,0.510859775733659,-0.321719551467319,0.292099518207135,1,"NS",0.321719551467319,"background",NA,NA
"bg1217",-2.53199016066845,0.281618960255848,0.418381039744152,-0.136762079488304,0.124720302612288,0.997762420898303,"NS",0.136762079488304,"background",NA,NA
"bg1218",-1.70946970850984,0.296511876565896,0.403488123434104,-0.106976246868209,0.705526320938487,1,"NS",0.106976246868209,"background",NA,NA
"bg1219",-0.156794616241336,0.25261107249346,0.44738892750654,-0.194777855013081,0.2396090603841,1,"NS",0.194777855013081,"background",NA,NA
"bg1220",5.91995995611816,0.628251579392729,0.0717484206072706,0.556503158785459,0.579945454061264,1,"NS",0.556503158785459,"background",NA,NA
"bg1221",-3.0780581280305,0.209845804643564,0.490154195356435,-0.280308390712871,0.279577882549027,1,"NS",0.280308390712871,"background",NA,NA
"bg1222",7.58800276867077,0.60697573523783,0.0930242647621699,0.51395147047566,0.692472851948347,1,"NS",0.51395147047566,"background",NA,NA
"bg1223",1.34205992619405,0.419642082154994,0.280357917845006,0.139284164309989,0.175186427827925,1,"NS",0.139284164309989,"background",NA,NA
"bg1224",-0.853739106722193,0.346492955133664,0.353507044866336,-0.00701408973267269,0.599695941462647,1,"NS",0.00701408973267269,"background",NA,NA
"bg1225",6.63912065011558,0.637379181687506,0.0626208183124938,0.574758363375012,0.373569863445358,1,"NS",0.574758363375012,"background",NA,NA
"bg1226",-4.58001840453024,0.0656170311940176,0.634382968805982,-0.568765937611965,0.381708585366607,1,"NS",0.568765937611965,"background",NA,NA
"bg1227",2.32696443480073,0.364114233724432,0.335885766275568,0.0282284674488634,0.320474818275077,1,"NS",0.0282284674488634,"background",NA,NA
"bg1228",2.6601549714119,0.339025334677399,0.360974665322601,-0.0219493306452023,0.791233112517744,1,"NS",0.0219493306452023,"background",NA,NA
"bg1229",4.04716360427858,0.446757684062624,0.253242315937377,0.193515368125247,0.628859070086852,1,"NS",0.193515368125247,"background",NA,NA
"bg1230",-2.42081245061945,0.255355048925188,0.444644951074812,-0.189289902149625,0.377306770624593,1,"NS",0.189289902149625,"background",NA,NA
"bg1231",1.07732922535341,0.435640553208845,0.264359446791155,0.17128110641769,0.370262274792185,1,"NS",0.17128110641769,"background",NA,NA
"bg1232",2.06369006086174,0.495574369435592,0.204425630564408,0.291148738871184,0.518777169378474,1,"NS",0.291148738871184,"background",NA,NA
"bg1233",1.37052822654936,0.378023571845686,0.321976428154314,0.0560471436913718,0.557250727651175,1,"NS",0.0560471436913718,"background",NA,NA
"bg1234",-0.0223259176214405,0.303339534823936,0.396660465176064,-0.0933209303521283,0.62240584545373,1,"NS",0.0933209303521283,"background",NA,NA
"bg1235",1.52081016555337,0.517136065775366,0.182863934224634,0.334272131550732,0.188747252845205,1,"NS",0.334272131550732,"background",NA,NA
"bg1236",3.30215818965291,0.527699393614137,0.172300606385863,0.355398787228274,0.0711330356504768,0.569064285203815,"NS",0.355398787228274,"background",NA,NA
"bg1237",2.20096990536463,0.340272765078248,0.359727234921752,-0.0194544698435041,0.281744869646849,1,"NS",0.0194544698435041,"background",NA,NA
"bg1238",-0.162064325943203,0.231135214526765,0.468864785473235,-0.237729570946471,0.461181696488755,1,"NS",0.237729570946471,"background",NA,NA
"bg1239",-2.59177882129926,0.108198836081607,0.591801163918393,-0.483602327836787,0.622748325319728,1,"NS",0.483602327836787,"background",NA,NA
"bg1240",3.80733131122596,0.540747171736798,0.159252828263202,0.381494343473596,0.439890137497336,1,"NS",0.381494343473596,"background",NA,NA
"bg1241",-3.36721306126914,0.210996837233263,0.489003162766737,-0.278006325533474,0.151139918182744,1,"NS",0.278006325533474,"background",NA,NA
"bg1242",1.9267148101538,0.446551754666003,0.253448245333997,0.193103509332005,0.721507824461442,1,"NS",0.193103509332005,"background",NA,NA
"bg1243",-1.60624891258627,0.197845637708773,0.502154362291227,-0.304308724582453,0.128473790795542,1,"NS",0.304308724582453,"background",NA,NA
"bg1244",5.32180021409042,0.639505066915113,0.0604949330848866,0.579010133830227,0.111452178916894,0.891617431335151,"NS",0.579010133830227,"background",NA,NA
"bg1245",-1.15522196199563,0.19351060054,0.50648939946,-0.31297879892,0.741869009792805,1,"NS",0.31297879892,"background",NA,NA
"bg1246",2.81441456773354,0.590212237968344,0.109787762031656,0.480424475936688,0.356947085080668,1,"NS",0.480424475936688,"background",NA,NA
"bg1247",-5.37862256569226,0.123795466169378,0.576204533830622,-0.452409067661243,0.188201162789017,1,"NS",0.452409067661243,"background",NA,NA
"bg1248",4.40603018122114,0.560795756026561,0.139204243973439,0.421591512053122,0.49710001042299,1,"NS",0.421591512053122,"background",NA,NA
"bg1249",-3.61649024412399,0.173448182726656,0.526551817273344,-0.353103634546688,0.125963634584332,1,"NS",0.353103634546688,"background",NA,NA
"bg1250",-3.50609324655895,0.172418670609241,0.527581329390759,-0.355162658781517,0.63633653587522,1,"NS",0.355162658781517,"background",NA,NA
"bg1251",-4.32620250604127,0.13773197368146,0.56226802631854,-0.424536052637079,0.373708956173155,1,"NS",0.424536052637079,"background",NA,NA
"bg1252",-0.334955756060881,0.252007800330294,0.447992199669706,-0.195984399339413,0.763544895547442,1,"NS",0.195984399339413,"background",NA,NA
"bg1253",3.30506226487861,0.463339636020123,0.236660363979877,0.226679272040246,0.686667514095083,1,"NS",0.226679272040246,"background",NA,NA
"bg1254",-2.38466816721847,0.179499814601463,0.520500185398537,-0.341000370797075,0.709499150709249,1,"NS",0.341000370797075,"background",NA,NA
"bg1255",-5.5418327568458,0.170052657177189,0.529947342822811,-0.359894685645623,0.165921079981606,1,"NS",0.359894685645623,"background",NA,NA
"bg1256",-3.87480033601931,0.0362328038166649,0.663767196183335,-0.62753439236667,0.286134282400599,1,"NS",0.62753439236667,"background",NA,NA
"bg1257",-2.56106820261868,0.242238033059745,0.457761966940255,-0.21552393388051,0.721588749174262,1,"NS",0.21552393388051,"background",NA,NA
"bg1258",-1.96397650301882,0.244308092557521,0.455691907442479,-0.211383814884958,0.28152415942424,1,"NS",0.211383814884958,"background",NA,NA
"bg1259",3.12959522025199,0.524338628189741,0.175661371810259,0.348677256379481,0.221649374249857,1,"NS",0.348677256379481,"background",NA,NA
"bg1260",-4.24305830585271,0.221092847478078,0.478907152521922,-0.257814305043845,0.17609079779312,1,"NS",0.257814305043845,"background",NA,NA
"bg1261",-2.4944046802099,0.247894483751604,0.452105516248396,-0.204211032496792,0.716693738020724,1,"NS",0.204211032496792,"background",NA,NA
"bg1262",-3.64245767261026,0.183192554782693,0.516807445217307,-0.333614890434613,0.258054970648373,1,"NS",0.333614890434613,"background",NA,NA
"bg1263",7.97485687404932,0.555499341701034,0.144500658298966,0.410998683402067,0.514658037966117,1,"NS",0.410998683402067,"background",NA,NA
"bg1264",1.5827749972475,0.45284911242807,0.24715088757193,0.205698224856141,0.687354106627172,1,"NS",0.205698224856141,"background",NA,NA
"bg1265",6.43690147188809,0.60186346948079,0.0981365305192102,0.503726938961579,0.376489551294595,1,"NS",0.503726938961579,"background",NA,NA
"bg1266",-0.812896360400621,0.17519910369297,0.52480089630703,-0.349601792614059,0.376628540402744,1,"NS",0.349601792614059,"background",NA,NA
"bg1267",-1.22575781731239,0.352692772636485,0.347307227363515,0.00538554527297081,0.712585469556507,1,"NS",0.00538554527297081,"background",NA,NA
"bg1268",-2.382663993983,0.175451271433229,0.524548728566771,-0.349097457133541,0.610905733772088,1,"NS",0.349097457133541,"background",NA,NA
"bg1269",3.92408099723778,0.536669062181854,0.163330937818146,0.373338124363708,0.470777508786647,1,"NS",0.373338124363708,"background",NA,NA
"bg1270",0.959883093712115,0.454229945109523,0.245770054890477,0.208459890219046,0.321223359358031,1,"NS",0.208459890219046,"background",NA,NA
"bg1271",-0.99843284555193,0.317693328545404,0.382306671454596,-0.0646133429091917,0.612634660528973,1,"NS",0.0646133429091917,"background",NA,NA
"bg1272",0.491555783344378,0.398504724274958,0.301495275725042,0.0970094485499163,0.715923829710577,1,"NS",0.0970094485499163,"background",NA,NA
"bg1273",-0.927764571304181,0.247230823159142,0.452769176840858,-0.205538353681715,0.746511126498226,1,"NS",0.205538353681715,"background",NA,NA
"bg1274",-1.69433082858061,0.237847844574669,0.462152155425331,-0.224304310850662,0.556314297171542,1,"NS",0.224304310850662,"background",NA,NA
"bg1275",-2.03775083539299,0.229425032178443,0.470574967821557,-0.241149935643114,0.779995786588872,1,"NS",0.241149935643114,"background",NA,NA
"bg1276",-2.04605356409424,0.177301751760851,0.522698248239149,-0.345396496478297,0.168671240691561,1,"NS",0.345396496478297,"background",NA,NA
"bg1277",2.42693319749588,0.403005565840762,0.296994434159238,0.106011131681524,0.734690642769914,1,"NS",0.106011131681524,"background",NA,NA
"bg1278",-2.22333617217056,0.199743124885959,0.500256875114041,-0.300513750228082,0.0792531443575863,0.63402515486069,"NS",0.300513750228082,"background",NA,NA
"bg1279",-3.28724378257382,0.202728785922998,0.497271214077002,-0.294542428154004,0.0124059794633649,0.0992478357069194,"NS",0.294542428154004,"background",NA,NA
"bg1280",7.81703295229202,0.687963566757859,0.0120364332421404,0.675927133515719,0.348552165160654,1,"NS",0.675927133515719,"background",NA,NA
"bg1281",1.81759675751589,0.343980536429035,0.356019463570965,-0.0120389271419303,0.200813995271456,1,"NS",0.0120389271419303,"background",NA,NA
"bg1282",-0.451884031633048,0.302039102207733,0.397960897792267,-0.0959217955845347,0.658445859269472,1,"NS",0.0959217955845347,"background",NA,NA
"bg1283",-4.44624119236343,0.119496809762142,0.580503190237858,-0.461006380475716,0.554023460224038,1,"NS",0.461006380475716,"background",NA,NA
"bg1284",0.247861916435678,0.368346280451006,0.331653719548994,0.0366925609020124,0.159022641531192,1,"NS",0.0366925609020124,"background",NA,NA
"bg1285",1.67871517838976,0.398240459881622,0.301759540118378,0.0964809197632432,0.538806011152221,1,"NS",0.0964809197632432,"background",NA,NA
"bg1286",2.59507637803867,0.395198410196401,0.304801589803599,0.0903968203928016,0.174072161661927,1,"NS",0.0903968203928016,"background",NA,NA
"bg1287",7.36851164488677,0.669415249619162,0.0305847503808377,0.638830499238325,0.190726239671465,1,"NS",0.638830499238325,"background",NA,NA
"bg1288",8.43952977777343,0.628144343241979,0.0718556567580212,0.556288686483957,0.690460814733058,1,"NS",0.556288686483957,"background",NA,NA
"bg1289",-4.63407877255888,0.096040751413336,0.603959248586664,-0.507918497173328,0.179329945203615,1,"NS",0.507918497173328,"background",NA,NA
"bg1290",4.4735260434409,0.526344604594579,0.173655395405421,0.352689209189158,0.291423201135127,1,"NS",0.352689209189158,"background",NA,NA
"bg1291",2.14673740678102,0.302821879088629,0.397178120911371,-0.0943562418227417,0.764476536083268,1,"NS",0.0943562418227417,"background",NA,NA
"bg1292",2.8495564329002,0.461921074329685,0.238078925670315,0.22384214865937,0.16037291232869,1,"NS",0.22384214865937,"background",NA,NA
"bg1293",-1.08216125692168,0.340209217972425,0.359790782027575,-0.0195815640551504,0.771937712193234,1,"NS",0.0195815640551504,"background",NA,NA
"bg1294",-0.290449529829769,0.273481207125444,0.426518792874556,-0.153037585749112,0.175853025302524,1,"NS",0.153037585749112,"background",NA,NA
"bg1295",3.99596485217163,0.57245833628748,0.12754166371252,0.44491667257496,0.775407583353808,1,"NS",0.44491667257496,"background",NA,NA
"bg1296",0.334583202876974,0.328593319093687,0.371406680906313,-0.0428133618126253,0.282925810312619,1,"NS",0.0428133618126253,"background",NA,NA
"bg1297",1.76718618618734,0.416957720902887,0.283042279097113,0.133915441805775,0.538094642548356,1,"NS",0.133915441805775,"background",NA,NA
"bg1298",0.128988964234886,0.488110692149013,0.211889307850987,0.276221384298026,0.509519959674217,1,"NS",0.276221384298026,"background",NA,NA
"bg1299",-3.16322138040009,0.25566637733118,0.44433362266882,-0.18866724533764,0.500799243209651,1,"NS",0.18866724533764,"background",NA,NA
"bg1300",-4.38689836240174,0.0932494167221766,0.606750583277823,-0.513501166555647,0.437342402141774,1,"NS",0.513501166555647,"background",NA,NA
"bg1301",-4.19576565890044,0.11074952272222,0.58925047727778,-0.47850095455556,0.314056174699683,1,"NS",0.47850095455556,"background",NA,NA
"bg1302",-4.32485420329813,0.109116986781316,0.590883013218684,-0.481766026437369,0.794033301240299,1,"NS",0.481766026437369,"background",NA,NA
"bg1303",4.01794822465321,0.579733398464718,0.120266601535282,0.459466796929436,0.345843479284551,1,"NS",0.459466796929436,"background",NA,NA
"bg1304",-5.6038011261025,0.0570983646099348,0.642901635390065,-0.58580327078013,0.284611980291316,1,"NS",0.58580327078013,"background",NA,NA
"bg1305",1.35647845738589,0.298308582289298,0.401691417710702,-0.103382835421403,0.245837109476095,1,"NS",0.103382835421403,"background",NA,NA
"bg1306",3.64862039452062,0.55498988948535,0.14501011051465,0.4099797789707,0.445029712228105,1,"NS",0.4099797789707,"background",NA,NA
"bg1307",-0.024867923747512,0.380021573382868,0.319978426617132,0.0600431467657363,0.133368191765156,1,"NS",0.0600431467657363,"background",NA,NA
"bg1308",0.620661590163791,0.340665987237848,0.359334012762152,-0.0186680255243048,0.662947746221442,1,"NS",0.0186680255243048,"background",NA,NA
"bg1309",0.372151924498154,0.274993486128385,0.425006513871615,-0.15001302774323,0.556105518649099,1,"NS",0.15001302774323,"background",NA,NA
"bg1310",-3.22597473604032,0.166852144936191,0.533147855063809,-0.366295710127619,0.00670696727512404,0.0536557382009923,"NS",0.366295710127619,"background",NA,NA
"bg1311",0.0458686606918579,0.187222570680453,0.512777429319547,-0.325554858639095,0.160617783602327,1,"NS",0.325554858639095,"background",NA,NA
"bg1312",6.86267028299045,0.57006105905901,0.12993894094099,0.440122118118019,0.187621859007981,1,"NS",0.440122118118019,"background",NA,NA
"bg1313",2.11017858368303,0.503366176117416,0.196633823882584,0.306732352234832,0.308824781240663,1,"NS",0.306732352234832,"background",NA,NA
"bg1314",0.898919850401296,0.356982342615174,0.343017657384826,0.0139646852303475,0.661750035357429,1,"NS",0.0139646852303475,"background",NA,NA
"bg1315",-4.0151467167298,0.110641241628221,0.589358758371779,-0.478717516743558,0.141197159770178,1,"NS",0.478717516743558,"background",NA,NA
"bg1316",-2.2439317980033,0.329329366080503,0.370670633919497,-0.0413412678389938,0.0998077174380887,0.79846173950471,"NS",0.0413412678389938,"background",NA,NA
"bg1317",0.696051262901161,0.328940866467006,0.371059133532994,-0.0421182670659889,0.14344833439053,1,"NS",0.0421182670659889,"background",NA,NA
"bg1318",2.0093767563447,0.498628443856001,0.201371556143999,0.297256887712003,0.0473166481289081,0.378533185031265,"NS",0.297256887712003,"background",NA,NA
"bg1319",-3.72836255464606,0.12709293025107,0.57290706974893,-0.44581413949786,0.042252797781257,0.338022382250056,"NS",0.44581413949786,"background",NA,NA
"bg1320",-1.6721108173999,0.158583863362016,0.541416136637984,-0.382832273275968,0.267104294410208,1,"NS",0.382832273275968,"background",NA,NA
"bg1321",-3.35443182393322,0.150645776083665,0.549354223916335,-0.398708447832669,0.707394258755259,1,"NS",0.398708447832669,"background",NA,NA
"bg1322",1.30660671105981,0.422831104739683,0.277168895260317,0.145662209479365,0.767662507453002,1,"NS",0.145662209479365,"background",NA,NA
"bg1323",5.24741679602224,0.623374974863748,0.0766250251362518,0.546749949727496,0.409122422903543,1,"NS",0.546749949727496,"background",NA,NA
"bg1324",1.91307502848735,0.520502034803796,0.179497965196204,0.341004069607591,0.0095137584481854,0.0761100675854832,"NS",0.341004069607591,"background",NA,NA
"bg1325",4.73780773692879,0.601492129878067,0.0985078701219327,0.502984259756134,0.306027100225212,1,"NS",0.502984259756134,"background",NA,NA
"bg1326",1.19642057303625,0.330162847457667,0.369837152542333,-0.0396743050846669,0.534025478316238,1,"NS",0.0396743050846669,"background",NA,NA
"bg1327",3.1435168198817,0.576754821135434,0.123245178864566,0.453509642270868,0.786220968374517,1,"NS",0.453509642270868,"background",NA,NA
"bg1328",-2.30001803052892,0.188438801331545,0.511561198668455,-0.323122397336909,0.551501354081556,1,"NS",0.323122397336909,"background",NA,NA
"bg1329",0.110114226709371,0.305074169807305,0.394925830192695,-0.0898516603853906,0.712730173557997,1,"NS",0.0898516603853906,"background",NA,NA
"bg1330",-0.215761890353504,0.376256958678672,0.323743041321328,0.0525139173573431,0.464996930820402,1,"NS",0.0525139173573431,"background",NA,NA
"bg1331",2.88121838099854,0.581962756222593,0.118037243777407,0.463925512445187,0.580524087012047,1,"NS",0.463925512445187,"background",NA,NA
"bg1332",8.55659648207275,0.702056129812555,0.01,0.70411225962511,0.245069586464204,1,"NS",0.70411225962511,"background",NA,NA
"bg1333",-4.60519105948142,0.053489880153977,0.646510119846023,-0.593020239692046,0.323444309410639,1,"NS",0.593020239692046,"background",NA,NA
"bg1334",3.91625475594521,0.530786516354592,0.169213483645408,0.361573032709185,0.0102841891353019,0.0822735130824149,"NS",0.361573032709185,"background",NA,NA
"bg1335",9.53121002796107,0.603954021045517,0.0960459789544827,0.507908042091034,0.417992534716614,1,"NS",0.507908042091034,"background",NA,NA
"bg1336",4.98937265940055,0.466339196776943,0.233660803223057,0.232678393553886,0.207752681118669,1,"NS",0.232678393553886,"background",NA,NA
"bg1337",-3.82881966378929,0.179983739898517,0.520016260101483,-0.340032520202966,0.684774500695523,1,"NS",0.340032520202966,"background",NA,NA
"bg1338",0.471300539022577,0.324126681865717,0.375873318134283,-0.0517466362685664,0.273430745519698,1,"NS",0.0517466362685664,"background",NA,NA
"bg1339",1.14432958588719,0.456773993079788,0.243226006920212,0.213547986159576,0.174038682283834,1,"NS",0.213547986159576,"background",NA,NA
"bg1340",1.30752830369384,0.405739541975561,0.294260458024439,0.111479083951122,0.469115507486276,1,"NS",0.111479083951122,"background",NA,NA
"bg1341",-0.0853814621056449,0.35715577303198,0.34284422696802,0.0143115460639598,0.59441910623014,1,"NS",0.0143115460639598,"background",NA,NA
"bg1342",2.5706192099864,0.374059584518725,0.325940415481275,0.0481191690374499,0.119164360695286,0.953314885562286,"NS",0.0481191690374499,"background",NA,NA
"bg1343",-2.05159884548029,0.202782221244617,0.497217778755383,-0.294435557510766,0.345212204203941,1,"NS",0.294435557510766,"background",NA,NA
"bg1344",0.623935986646863,0.384479435067613,0.315520564932387,0.0689588701352262,0.559497633774532,1,"NS",0.0689588701352262,"background",NA,NA
"bg1345",2.08412801020589,0.471384331028696,0.228615668971304,0.242768662057392,0.385120681969216,1,"NS",0.242768662057392,"background",NA,NA
"bg1346",4.91288796377542,0.622183318491292,0.0778166815087079,0.544366636982584,0.599728796890471,1,"NS",0.544366636982584,"background",NA,NA
"bg1347",-1.05138668597416,0.212834391521284,0.487165608478715,-0.274331216957431,0.0849247827276122,0.679398261820897,"NS",0.274331216957431,"background",NA,NA
"bg1348",5.6951020979066,0.548398095086143,0.151601904913857,0.396796190172286,0.707476264498197,1,"NS",0.396796190172286,"background",NA,NA
"bg1349",-4.46490575220913,0.158843096425385,0.541156903574615,-0.382313807149231,0.334462596239522,1,"NS",0.382313807149231,"background",NA,NA
"bg1350",0.452761626195938,0.289890884031385,0.410109115968615,-0.120218231937231,0.23503462200542,1,"NS",0.120218231937231,"background",NA,NA
"bg1351",0.30854074273294,0.289451753036387,0.410548246963613,-0.121096493927225,0.0388700426539872,0.310960341231897,"NS",0.121096493927225,"background",NA,NA
"bg1352",1.32948916815681,0.329131838066069,0.37086816193393,-0.041736323867861,0.246334176462842,1,"NS",0.041736323867861,"background",NA,NA
"bg1353",-3.45321017355675,0.0895769299232117,0.610423070076788,-0.520846140153577,0.601859947402729,1,"NS",0.520846140153577,"background",NA,NA
"bg1354",0.292228516385204,0.361076724243855,0.338923275756145,0.0221534484877091,0.302893938413821,1,"NS",0.0221534484877091,"background",NA,NA
"bg1355",2.7710329349261,0.461689095055161,0.238310904944839,0.223378190110322,0.0523924856141675,0.41913988491334,"NS",0.223378190110322,"background",NA,NA
"bg1356",-1.56769961330313,0.211508274958605,0.488491725041395,-0.27698345008279,0.195678968271241,1,"NS",0.27698345008279,"background",NA,NA
"bg1357",-2.15608690095645,0.242247239324435,0.457752760675565,-0.215505521351129,0.347980137822917,1,"NS",0.215505521351129,"background",NA,NA
"bg1358",-0.554764547657522,0.461453101325299,0.238546898674701,0.222906202650599,0.45540629876079,1,"NS",0.222906202650599,"background",NA,NA
"bg1359",-2.36165322060335,0.204652256412049,0.495347743587951,-0.290695487175902,0.513395040212665,1,"NS",0.290695487175902,"background",NA,NA
"bg1360",2.02401878789456,0.553705578387982,0.146294421612018,0.407411156775965,0.450840239435202,1,"NS",0.407411156775965,"background",NA,NA
"bg1361",1.51887539925314,0.466538321936817,0.233461678063183,0.233076643873634,0.167309693211457,1,"NS",0.233076643873634,"background",NA,NA
"bg1362",4.68614070111839,0.592515470934874,0.107484529065126,0.485030941869748,0.190520010713255,1,"NS",0.485030941869748,"background",NA,NA
"bg1363",-0.545719704372395,0.318706250878521,0.381293749121479,-0.0625874982429576,0.467900127890986,1,"NS",0.0625874982429576,"background",NA,NA
"bg1364",0.493384740344001,0.318816731750155,0.381183268249845,-0.0623665364996898,0.27739714584942,1,"NS",0.0623665364996898,"background",NA,NA
"bg1365",6.22679737159738,0.661916573713462,0.0380834262865378,0.623833147426924,0.593079554578289,1,"NS",0.623833147426924,"background",NA,NA
"bg1366",-0.815480596266587,0.390290234349051,0.309709765650949,0.0805804686981019,0.590210477020824,1,"NS",0.0805804686981019,"background",NA,NA
"bg1367",-0.736357067605203,0.232171954747106,0.467828045252894,-0.235656090505789,0.368325137467589,1,"NS",0.235656090505789,"background",NA,NA
"bg1368",1.87458606784373,0.454753994115421,0.245246005884579,0.209507988230843,0.444838742332766,1,"NS",0.209507988230843,"background",NA,NA
"bg1369",-0.379297719259847,0.178837749644118,0.521162250355882,-0.342324500711764,0.215350003028521,1,"NS",0.342324500711764,"background",NA,NA
"bg1370",9.1159596214065,0.676651931745623,0.0233480682543771,0.653303863491246,0.092214081373997,0.737712650991976,"NS",0.653303863491246,"background",NA,NA
"bg1371",-1.97296195857175,0.206757078243201,0.493242921756799,-0.286485843513597,0.466235018187203,1,"NS",0.286485843513597,"background",NA,NA
"bg1372",1.47619497954875,0.405089809148107,0.294910190851893,0.110179618296214,0.0125987733993679,0.100790187194943,"NS",0.110179618296214,"background",NA,NA
"bg1373",0.799445489118022,0.395410340315829,0.304589659684171,0.0908206806316584,0.69267717594211,1,"NS",0.0908206806316584,"background",NA,NA
"bg1374",-0.370604996550633,0.211448196560946,0.488551803439054,-0.277103606878108,0.0807576279800851,0.646061023840681,"NS",0.277103606878108,"background",NA,NA
"bg1375",1.71350948300662,0.442618371211395,0.257381628788605,0.185236742422791,0.197284738518531,1,"NS",0.185236742422791,"background",NA,NA
"bg1376",0.999463935065563,0.354682703782639,0.345317296217361,0.00936540756527743,0.210415871086065,1,"NS",0.00936540756527743,"background",NA,NA
"bg1377",-4.70857587689183,0.197278150979413,0.502721849020587,-0.305443698041174,0.456787003969774,1,"NS",0.305443698041174,"background",NA,NA
"bg1378",2.23707389196434,0.480535833847667,0.219464166152333,0.261071667695333,0.549287300409516,1,"NS",0.261071667695333,"background",NA,NA
"bg1379",2.68580436023069,0.522852375940451,0.177147624059549,0.345704751880903,0.572707050893223,1,"NS",0.345704751880903,"background",NA,NA
"bg1380",-2.6085382092832,0.163274019203794,0.536725980796206,-0.373451961592412,0.0365307729155757,0.292246183324605,"NS",0.373451961592412,"background",NA,NA
"bg1381",-4.71528737397167,0.165801914654207,0.534198085345793,-0.368396170691587,0.162093256885884,1,"NS",0.368396170691587,"background",NA,NA
"bg1382",-0.237745559385237,0.330165809870072,0.369834190129928,-0.0396683802598562,0.0583117554099299,0.466494043279439,"NS",0.0396683802598562,"background",NA,NA
"bg1383",-4.75287289228069,0.115872787636665,0.584127212363335,-0.46825442472667,0.00730679890839383,0.0584543912671506,"NS",0.46825442472667,"background",NA,NA
"bg1384",0.641928772154044,0.440229215494058,0.259770784505942,0.180458430988115,0.333373089774512,1,"NS",0.180458430988115,"background",NA,NA
"bg1385",9.4913926218258,0.620285207760579,0.0797147922394211,0.540570415521158,0.0487162273684517,0.389729818947613,"NS",0.540570415521158,"background",NA,NA
"bg1386",-2.64980176300301,0.207375702350987,0.492624297649013,-0.285248595298025,0.288578767939005,1,"NS",0.285248595298025,"background",NA,NA
"bg1387",-0.740043664061671,0.254569546887163,0.445430453112837,-0.190860906225675,0.577307047978975,1,"NS",0.190860906225675,"background",NA,NA
"bg1388",3.44140000889229,0.561665267175717,0.138334732824283,0.423330534351435,0.697262472618138,1,"NS",0.423330534351435,"background",NA,NA
"bg1389",-3.50264316079551,0.148449674897872,0.551550325102128,-0.403100650204257,0.712547933385475,1,"NS",0.403100650204257,"background",NA,NA
"bg1390",0.0948397566502619,0.252012800613019,0.447987199386981,-0.195974398773962,0.0119170096917078,0.0953360775336623,"NS",0.195974398773962,"background",NA,NA
"bg1391",-4.15881838746872,0.213704362965792,0.486295637034208,-0.272591274068416,0.126919697545702,1,"NS",0.272591274068416,"background",NA,NA
"bg1392",-0.0635344226598542,0.302927810987156,0.397072189012844,-0.0941443780256875,0.29206331160455,1,"NS",0.0941443780256875,"background",NA,NA
"bg1393",-1.16076408271417,0.346131350040859,0.353868649959141,-0.00773729991828122,0.0413714343544561,0.330971474835649,"NS",0.00773729991828122,"background",NA,NA
"bg1394",-1.7323490711997,0.158931157219888,0.541068842780112,-0.382137685560224,0.396324293934042,1,"NS",0.382137685560224,"background",NA,NA
"bg1395",-5.38272302345154,0.0561735390625752,0.643826460937425,-0.58765292187485,0.400130400249036,1,"NS",0.58765292187485,"background",NA,NA
"bg1396",-2.08502949809438,0.351685631746893,0.348314368253107,0.00337126349378611,0.513422917246586,1,"NS",0.00337126349378611,"background",NA,NA
"bg1397",1.48119228186773,0.271653702804191,0.428346297195809,-0.156692594391618,0.590984743123176,1,"NS",0.156692594391618,"background",NA,NA
"bg1398",-0.436428382395292,0.276434406943378,0.423565593056622,-0.147131186113245,0.787088456070051,1,"NS",0.147131186113245,"background",NA,NA
"bg1399",4.33946608566779,0.540937066651313,0.159062933348686,0.381874133302627,0.760470540211769,1,"NS",0.381874133302627,"background",NA,NA
"bg1400",8.12495866125772,0.589153055116373,0.110846944883627,0.478306110232745,0.639833553709323,1,"NS",0.478306110232745,"background",NA,NA
"bg1401",2.56409823283036,0.542647158286467,0.157352841713533,0.385294316572935,0.704435419793939,1,"NS",0.385294316572935,"background",NA,NA
"bg1402",0.883732512702467,0.362804242561468,0.337195757438532,0.025608485122936,0.559146903961431,1,"NS",0.025608485122936,"background",NA,NA
"bg1403",-0.920718959428217,0.141866293405356,0.558133706594644,-0.416267413189288,0.622944456478115,1,"NS",0.416267413189288,"background",NA,NA
"bg1404",-5.05665091419808,0.162120021906846,0.537879978093154,-0.375759956186308,0.324661228976212,1,"NS",0.375759956186308,"background",NA,NA
"bg1405",-1.87615714043719,0.191857045759803,0.508142954240197,-0.316285908480393,0.543435025460087,1,"NS",0.316285908480393,"background",NA,NA
"bg1406",-4.51043789261849,0.0783407395500497,0.62165926044995,-0.543318520899901,0.725200933085056,1,"NS",0.543318520899901,"background",NA,NA
"bg1407",1.79584431369483,0.510387011724533,0.189612988275467,0.320774023449065,0.0548311835208442,0.438649468166754,"NS",0.320774023449065,"background",NA,NA
"bg1408",-1.99440528526095,0.168329902034001,0.531670097965999,-0.363340195931998,0.287514818878844,1,"NS",0.363340195931998,"background",NA,NA
"bg1409",2.91237754185384,0.508605842780961,0.191394157219039,0.317211685561923,0.717686178919859,1,"NS",0.317211685561923,"background",NA,NA
"bg1410",-2.79255610238747,0.206876018171927,0.493123981828073,-0.286247963656146,0.136875161922304,1,"NS",0.286247963656146,"background",NA,NA
"bg1411",-1.53632697265988,0.223891427593901,0.476108572406099,-0.252217144812198,0.589797904508887,1,"NS",0.252217144812198,"background",NA,NA
"bg1412",-4.85210036233531,0.0960352188614325,0.603964781138567,-0.507929562277135,0.453476299843984,1,"NS",0.507929562277135,"background",NA,NA
"bg1413",4.01165996867948,0.485888944479626,0.214111055520374,0.271777888959252,0.0122771134553477,0.0982169076427817,"NS",0.271777888959252,"background",NA,NA
"bg1414",4.9814788253488,0.548221484411472,0.151778515588528,0.396442968822944,0.508822610418079,1,"NS",0.396442968822944,"background",NA,NA
"bg1415",2.35326376676699,0.364724818675315,0.335275181324685,0.0294496373506302,0.433948575524846,1,"NS",0.0294496373506302,"background",NA,NA
"bg1416",3.88621776303334,0.454337104390004,0.245662895609996,0.208674208780008,0.609877608647337,1,"NS",0.208674208780008,"background",NA,NA
"bg1417",6.72105461199008,0.52768666653347,0.17231333346653,0.35537333306694,0.772371128811268,1,"NS",0.35537333306694,"background",NA,NA
"bg1418",2.6657226285277,0.435805385476103,0.264194614523897,0.171610770952205,0.333070562445093,1,"NS",0.171610770952205,"background",NA,NA
"bg1419",1.37930456090974,0.452120739862841,0.247879260137159,0.204241479725683,0.30279819311481,1,"NS",0.204241479725683,"background",NA,NA
"bg1420",5.80351581590972,0.597455185334609,0.102544814665391,0.494910370669218,0.079405727731064,0.635245821848512,"NS",0.494910370669218,"background",NA,NA
"bg1421",0.033424726767276,0.287412088160803,0.412587911839197,-0.125175823678394,0.170811335979262,1,"NS",0.125175823678394,"background",NA,NA
"bg1422",0.0806650525852028,0.375204411076118,0.324795588923882,0.0504088221522362,0.241730063612107,1,"NS",0.0504088221522362,"background",NA,NA
"bg1423",-0.596014263168368,0.365521432128437,0.334478567871563,0.0310428642568747,0.483086711515905,1,"NS",0.0310428642568747,"background",NA,NA
"bg1424",1.56118379461433,0.300279074510789,0.399720925489211,-0.0994418509784225,0.404426109959604,1,"NS",0.0994418509784225,"background",NA,NA
"bg1425",0.689504767986228,0.450443063782447,0.249556936217553,0.200886127564894,0.0165052428778727,0.132041943022981,"NS",0.200886127564894,"background",NA,NA
"bg1426",0.203142760922467,0.354038810518736,0.345961189481264,0.00807762103747155,0.594137864460004,1,"NS",0.00807762103747155,"background",NA,NA
"bg1427",0.682410095486121,0.317393098726889,0.382606901273111,-0.0652138025462218,0.122535292020766,0.980282336166129,"NS",0.0652138025462218,"background",NA,NA
"bg1428",0.329724052355258,0.380763864300687,0.319236135699313,0.0615277286013733,0.159629571203375,1,"NS",0.0615277286013733,"background",NA,NA
"bg1429",0.577235354032767,0.362547759351933,0.337452240648067,0.0250955187038664,0.0641468953529838,0.513175162823871,"NS",0.0250955187038664,"background",NA,NA
"bg1430",1.12476358295164,0.398433248356147,0.301566751643853,0.0968664967122941,0.0296982711632736,0.237586169306189,"NS",0.0968664967122941,"background",NA,NA
"bg1431",-0.297393971746415,0.349528199052401,0.350471800947599,-0.000943601895197132,0.117781658994267,0.942253271954134,"NS",0.000943601895197132,"background",NA,NA
"bg1432",0.396335534251543,0.352652235189288,0.347347764810712,0.00530447037857695,0.617898287325865,1,"NS",0.00530447037857695,"background",NA,NA
"bg1433",-0.31231015353384,0.289170814678398,0.410829185321602,-0.121658370643204,0.217961017991649,1,"NS",0.121658370643204,"background",NA,NA
"bg1434",0.591653804672792,0.377844053184305,0.322155946815695,0.0556881063686094,0.563602166536497,1,"NS",0.0556881063686094,"background",NA,NA
"bg1435",1.7083967488424,0.293998252971554,0.406001747028446,-0.112003494056892,0.2569187748814,1,"NS",0.112003494056892,"background",NA,NA
"bg1436",-0.816252494545722,0.442897985360849,0.257102014639151,0.185795970721699,0.440889254887588,1,"NS",0.185795970721699,"background",NA,NA
"bg1437",-0.0936898660816902,0.385426500684055,0.314573499315945,0.0708530013681092,0.361148256465793,1,"NS",0.0708530013681092,"background",NA,NA
"bg1438",-1.6730837454248,0.284289839990902,0.415710160009098,-0.131420320018196,0.592814564536093,1,"NS",0.131420320018196,"background",NA,NA
"bg1439",0.945290784680508,0.349701436199383,0.350298563800617,-0.000597127601233755,0.0572430043139029,0.457944034511223,"NS",0.000597127601233755,"background",NA,NA
"bg1440",0.924051481338733,0.323303921282897,0.376696078717103,-0.0533921574342066,0.735075797746191,1,"NS",0.0533921574342066,"background",NA,NA
"bg1441",-1.02546687745028,0.320047271958616,0.379952728041384,-0.0599054560827683,0.33515608087345,1,"NS",0.0599054560827683,"background",NA,NA
"bg1442",-0.472715859869366,0.389579263712303,0.310420736287697,0.0791585274246066,0.736066993721295,1,"NS",0.0791585274246066,"background",NA,NA
"bg1443",1.16207095188518,0.346442095269156,0.353557904730844,-0.00711580946168836,0.585570327414433,1,"NS",0.00711580946168836,"background",NA,NA
"bg1444",0.662082396849274,0.421241937625505,0.278758062374495,0.14248387525101,0.100994847564027,0.807958780512214,"NS",0.14248387525101,"background",NA,NA
"bg1445",0.0319287599558433,0.288080737168116,0.411919262831884,-0.123838525663768,0.0822858248753473,0.658286599002779,"NS",0.123838525663768,"background",NA,NA
"bg1446",-1.47092711261748,0.301560217405645,0.398439782594355,-0.0968795651887106,0.243000549326884,1,"NS",0.0968795651887106,"background",NA,NA
"bg1447",0.612380899365722,0.30220118117729,0.39779881882271,-0.0955976376454202,0.304835497711552,1,"NS",0.0955976376454202,"background",NA,NA
"bg1448",0.333251643453188,0.373213362422625,0.326786637577375,0.0464267248452504,0.47865824457258,1,"NS",0.0464267248452504,"background",NA,NA
"bg1449",-0.421278256164851,0.353312875992769,0.346687124007231,0.00662575198553703,0.796869567273418,1,"NS",0.00662575198553703,"background",NA,NA
"bg1450",1.71665829885477,0.25599135740017,0.44400864259983,-0.188017285199659,0.617798699914478,1,"NS",0.188017285199659,"background",NA,NA
"bg1451",-0.524799193847161,0.356127323670647,0.343872676329353,0.0122546473412947,0.211366957141785,1,"NS",0.0122546473412947,"background",NA,NA
"bg1452",-0.332788662026848,0.37416661288851,0.32583338711149,0.04833322577702,0.628825805017259,1,"NS",0.04833322577702,"background",NA,NA
"bg1453",-0.769693548635656,0.354918977714897,0.345081022285103,0.0098379554297948,0.477971123338444,1,"NS",0.0098379554297948,"background",NA,NA
"bg1454",-0.772650994324677,0.401001125711776,0.298998874288224,0.102002251423552,0.290238217442762,1,"NS",0.102002251423552,"background",NA,NA
"bg1455",-1.60215085956222,0.345183301324585,0.354816698675415,-0.00963339735083058,0.647286281004315,1,"NS",0.00963339735083058,"background",NA,NA
"bg1456",1.79613478296015,0.427278941615846,0.272721058384154,0.154557883231693,0.181988912809873,1,"NS",0.154557883231693,"background",NA,NA
"bg1457",1.02659530988659,0.415127747946545,0.284872252053455,0.130255495893089,0.281331299633021,1,"NS",0.130255495893089,"background",NA,NA
"bg1458",-0.915029940172827,0.314894993206529,0.385105006793471,-0.0702100135869426,0.703801745276665,1,"NS",0.0702100135869426,"background",NA,NA
"bg1459",0.318161519962394,0.419543779313244,0.280456220686756,0.139087558626488,0.622307361210231,1,"NS",0.139087558626488,"background",NA,NA
"bg1460",-0.219844229280889,0.443063026820899,0.256936973179101,0.186126053641797,0.770131595495623,1,"NS",0.186126053641797,"background",NA,NA
"bg1461",-0.365153632995393,0.29563020211889,0.40436979788111,-0.108739595762221,0.400075546946609,1,"NS",0.108739595762221,"background",NA,NA
"bg1462",0.285608682380044,0.410500435996698,0.289499564003302,0.121000871993395,0.100899638780393,0.807197110243142,"NS",0.121000871993395,"background",NA,NA
"bg1463",-0.752510018618323,0.35411732754725,0.34588267245275,0.00823465509450057,0.619180726692546,1,"NS",0.00823465509450057,"background",NA,NA
"bg1464",-0.111577742446182,0.41800434133952,0.28199565866048,0.13600868267904,0.240962386938045,1,"NS",0.13600868267904,"background",NA,NA
"bg1465",-1.3817232895702,0.382621519864882,0.317378480135118,0.0652430397297644,0.268561994040618,1,"NS",0.0652430397297644,"background",NA,NA
"bg1466",0.248148105720057,0.322123835115587,0.377876164884413,-0.055752329768826,0.0759343043221161,0.607474434576929,"NS",0.055752329768826,"background",NA,NA
"bg1467",0.261844648779649,0.437439134942193,0.262560865057807,0.174878269884385,0.361148855859879,1,"NS",0.174878269884385,"background",NA,NA
"bg1468",0.599782065701816,0.361194855038575,0.338805144961425,0.0223897100771504,0.136507608333835,1,"NS",0.0223897100771504,"background",NA,NA
"bg1469",-1.02753904170307,0.352388207171639,0.347611792828361,0.00477641434327797,0.444239497443428,1,"NS",0.00477641434327797,"background",NA,NA
"bg1470",0.844278102799418,0.357790248458969,0.342209751541031,0.0155804969179375,0.671117570035858,1,"NS",0.0155804969179375,"background",NA,NA
"bg1471",-1.05298422437729,0.423218168011736,0.276781831988264,0.146436336023472,0.655915451277047,1,"NS",0.146436336023472,"background",NA,NA
"bg1472",0.544661293355261,0.382577592365064,0.317422407634937,0.065155184730127,0.721590379555943,1,"NS",0.065155184730127,"background",NA,NA
"bg1473",0.743594348625282,0.335081853600254,0.364918146399746,-0.0298362927994921,0.749448058182374,1,"NS",0.0298362927994921,"background",NA,NA
"bg1474",0.469579220821638,0.382088388734066,0.317911611265934,0.0641767774681325,0.472478761284147,1,"NS",0.0641767774681325,"background",NA,NA
"bg1475",-0.486826619789482,0.370835612411544,0.329164387588456,0.041671224823088,0.218845474753296,1,"NS",0.041671224823088,"background",NA,NA
"bg1476",0.215985823307603,0.399295748943138,0.300704251056862,0.0985914978862758,0.778780752082355,1,"NS",0.0985914978862758,"background",NA,NA
"bg1477",1.27597591699933,0.343817460382782,0.356182539617218,-0.0123650792344354,0.507279811523855,1,"NS",0.0123650792344354,"background",NA,NA
"bg1478",0.225394519898241,0.437137806513282,0.262862193486717,0.174275613026565,0.228690172888571,1,"NS",0.174275613026565,"background",NA,NA
"bg1479",0.807556369647461,0.345628910694249,0.354371089305751,-0.00874217861150207,0.359699822515482,1,"NS",0.00874217861150207,"background",NA,NA
"bg1480",-0.15781842518615,0.383769903259716,0.316230096740284,0.0675398065194323,0.318364931370365,1,"NS",0.0675398065194323,"background",NA,NA
"bg1481",1.12486212665227,0.333479195927022,0.366520804072978,-0.0330416081459555,0.730435842728941,1,"NS",0.0330416081459555,"background",NA,NA
"bg1482",0.251777625494502,0.32232601132047,0.37767398867953,-0.0553479773590605,0.400816982177319,1,"NS",0.0553479773590605,"background",NA,NA
"bg1483",1.35052048651276,0.343108765447589,0.356891234552411,-0.0137824691048217,0.526332677132683,1,"NS",0.0137824691048217,"background",NA,NA
"bg1484",0.270667262701813,0.257347667745594,0.442652332254406,-0.185304664508812,0.0501394173773006,0.401115339018405,"NS",0.185304664508812,"background",NA,NA
"bg1485",-1.03542807470029,0.398306342474499,0.301693657525501,0.0966126849489985,0.281227841832442,1,"NS",0.0966126849489985,"background",NA,NA
"bg1486",0.00252677069586901,0.277406516601294,0.422593483398706,-0.145186966797413,0.762019731526729,1,"NS",0.145186966797413,"background",NA,NA
"bg1487",0.549160619858377,0.278323204199004,0.421676795800996,-0.143353591601992,0.671544016418746,1,"NS",0.143353591601992,"background",NA,NA
"bg1488",-1.27149995261455,0.342676328665021,0.357323671334979,-0.0146473426699582,0.21601657501678,1,"NS",0.0146473426699582,"background",NA,NA
"bg1489",-1.37507235931261,0.309372143318199,0.390627856681801,-0.0812557133636015,0.188492701040814,1,"NS",0.0812557133636015,"background",NA,NA
"bg1490",-0.960937149759487,0.348792965884201,0.351207034115799,-0.00241406823159819,0.0397617150265724,0.318093720212579,"NS",0.00241406823159819,"background",NA,NA
"bg1491",0.160127728017843,0.416470156717338,0.283529843282662,0.132940313434676,0.46913253403618,1,"NS",0.132940313434676,"background",NA,NA
"bg1492",0.151744702298165,0.346467874033081,0.353532125966919,-0.00706425193383783,0.15706688355119,1,"NS",0.00706425193383783,"background",NA,NA
"bg1493",0.360486164633718,0.403868981451454,0.296131018548546,0.107737962902908,0.454825344692683,1,"NS",0.107737962902908,"background",NA,NA
"bg1494",3.49825437340589,0.412221167481848,0.287778832518152,0.124442334963696,0.209523622573353,1,"NS",0.124442334963696,"background",NA,NA
"bg1495",0.538414234510111,0.417595701615558,0.282404298384442,0.135191403231115,0.320156177625293,1,"NS",0.135191403231115,"background",NA,NA
"bg1496",-0.404705263835507,0.365821255704347,0.334178744295652,0.0316425114086949,0.141405218350003,1,"NS",0.0316425114086949,"background",NA,NA
"bg1497",-1.61935839432891,0.3809722410451,0.3190277589549,0.0619444820902005,0.0247407356908079,0.197925885526463,"NS",0.0619444820902005,"background",NA,NA
"bg1498",1.2412292082835,0.335887795055922,0.364112204944078,-0.0282244098881561,0.618765800321708,1,"NS",0.0282244098881561,"background",NA,NA
"bg1499",-1.66892836745206,0.334972750024065,0.365027249975935,-0.0300544999518697,0.589471503361361,1,"NS",0.0300544999518697,"background",NA,NA
"bg1500",0.771935860692899,0.333875670185516,0.366124329814484,-0.0322486596289684,0.0571464425218292,0.457171540174633,"NS",0.0322486596289684,"background",NA,NA
"bg1501",-1.17425437455093,0.284090074937576,0.415909925062424,-0.131819850124848,0.0957246625921689,0.765797300737351,"NS",0.131819850124848,"background",NA,NA
"bg1502",-2.4028772168796,0.355336766212535,0.344663233787465,0.0106735324250704,0.420399469387485,1,"NS",0.0106735324250704,"background",NA,NA
"bg1503",0.394851708850336,0.348287747084637,0.351712252915363,-0.0034245058307265,0.671871009891154,1,"NS",0.0034245058307265,"background",NA,NA
"bg1504",1.09702410303646,0.39099038099717,0.30900961900283,0.0819807619943409,0.100303687954089,0.802429503632709,"NS",0.0819807619943409,"background",NA,NA
"bg1505",0.0282559706441997,0.477726722085377,0.222273277914623,0.255453444170755,0.367066025543958,1,"NS",0.255453444170755,"background",NA,NA
"bg1506",-0.738630912308912,0.395284852619416,0.304715147380584,0.0905697052388326,0.0580599139011465,0.464479311209172,"NS",0.0905697052388326,"background",NA,NA
"bg1507",0.548937462497435,0.30821468820458,0.39178531179542,-0.0835706235908392,0.527270493734395,1,"NS",0.0835706235908392,"background",NA,NA
"bg1508",0.473555722609229,0.415720922043204,0.284279077956796,0.131441844086408,0.328265839723172,1,"NS",0.131441844086408,"background",NA,NA
"bg1509",0.79971523743292,0.381583766458372,0.318416233541628,0.0631675329167432,0.619517699276563,1,"NS",0.0631675329167432,"background",NA,NA
"bg1510",0.698183545096262,0.421125708323447,0.278874291676553,0.142251416646894,0.514845255788416,1,"NS",0.142251416646894,"background",NA,NA
"bg1511",-0.489972395435564,0.307285061449521,0.392714938550479,-0.0854298771009584,0.174583984681871,1,"NS",0.0854298771009584,"background",NA,NA
"bg1512",0.672688039372574,0.314451309702455,0.385548690297545,-0.0710973805950905,0.285341554141836,1,"NS",0.0710973805950905,"background",NA,NA
"bg1513",0.398142706616144,0.43889666276311,0.26110333723689,0.177793325526219,0.520427338319598,1,"NS",0.177793325526219,"background",NA,NA
"bg1514",1.21912112556873,0.34145890605899,0.35854109394101,-0.0170821878820201,0.115718736346345,0.925749890770763,"NS",0.0170821878820201,"background",NA,NA
"bg1515",-0.473469369045687,0.344144910875119,0.355855089124881,-0.011710178249762,0.344533910359256,1,"NS",0.011710178249762,"background",NA,NA
"bg1516",1.42166612887636,0.297676955893366,0.402323044106634,-0.104646088213269,0.0981909298363607,0.785527438690886,"NS",0.104646088213269,"background",NA,NA
"bg1517",0.349463169501946,0.265949093511431,0.434050906488569,-0.168101812977137,0.464837436555885,1,"NS",0.168101812977137,"background",NA,NA
"bg1518",0.139994074283612,0.280829028168616,0.419170971831384,-0.138341943662769,0.576004698757315,1,"NS",0.138341943662769,"background",NA,NA
"bg1519",0.503845645833469,0.38042007432773,0.31957992567227,0.0608401486554609,0.0722979561977554,0.578383649582043,"NS",0.0608401486554609,"background",NA,NA
"bg1520",-0.581206582233662,0.395113388902168,0.304886611097832,0.0902267778043367,0.193009237987921,1,"NS",0.0902267778043367,"background",NA,NA
"bg1521",-0.446445205843994,0.414607311838166,0.285392688161834,0.129214623676332,0.677748890985735,1,"NS",0.129214623676332,"background",NA,NA
"bg1522",0.510473257484394,0.409008086711823,0.290991913288177,0.118016173423647,0.493002268747659,1,"NS",0.118016173423647,"background",NA,NA
"bg1523",2.18095854525568,0.311733412384007,0.388266587615993,-0.0765331752319859,0.0798325411544647,0.638660329235718,"NS",0.0765331752319859,"background",NA,NA
"bg1524",0.148500353877612,0.35437536495068,0.34562463504932,0.0087507299013602,0.124966412484879,0.999731299879029,"NS",0.0087507299013602,"background",NA,NA
"bg1525",-1.61737583746471,0.401708301722874,0.298291698277126,0.103416603445749,0.134225508364383,1,"NS",0.103416603445749,"background",NA,NA
"bg1526",0.19438804861614,0.363322289027136,0.336677710972864,0.0266445780542717,0.399888651145156,1,"NS",0.0266445780542717,"background",NA,NA
"bg1527",-0.700218781707691,0.291021296627445,0.408978703372555,-0.11795740674511,0.590060652311193,1,"NS",0.11795740674511,"background",NA,NA
"bg1528",0.474882050893312,0.287264373224394,0.412735626775606,-0.125471253551212,0.0888302057778928,0.710641646223143,"NS",0.125471253551212,"background",NA,NA
"bg1529",-0.483983101092321,0.284448996979698,0.415551003020302,-0.131102006040605,0.547043224200141,1,"NS",0.131102006040605,"background",NA,NA
"bg1530",0.406434803671795,0.422325433253216,0.277674566746784,0.144650866506432,0.703542506776052,1,"NS",0.144650866506432,"background",NA,NA
"bg1531",0.950535063403892,0.394926158589346,0.305073841410654,0.0898523171786912,0.24839109456609,1,"NS",0.0898523171786912,"background",NA,NA
"bg1532",0.751683274073568,0.372083232673557,0.327916767326443,0.0441664653471135,0.117759550802875,0.942076406423002,"NS",0.0441664653471135,"background",NA,NA
"bg1533",-0.428371361296823,0.364032748630247,0.335967251369753,0.0280654972604946,0.256172500780551,1,"NS",0.0280654972604946,"background",NA,NA
"bg1534",-0.677929479943131,0.409950534596341,0.290049465403659,0.119901069192682,0.167293524825713,1,"NS",0.119901069192682,"background",NA,NA
"bg1535",-0.503834522658421,0.444441981569577,0.255558018430423,0.188883963139155,0.189945656677242,1,"NS",0.188883963139155,"background",NA,NA
"bg1536",-0.108494101281436,0.356816766115781,0.343183233884219,0.0136335322315618,0.472604462893214,1,"NS",0.0136335322315618,"background",NA,NA
"bg1537",0.998024602131224,0.308495725485475,0.391504274514525,-0.0830085490290499,0.305153535804711,1,"NS",0.0830085490290499,"background",NA,NA
"bg1538",0.592482129318654,0.277063269993331,0.422936730006669,-0.145873460013338,0.723457195601659,1,"NS",0.145873460013338,"background",NA,NA
"bg1539",1.14479918970702,0.304016340635186,0.395983659364814,-0.0919673187296276,0.147962798758643,1,"NS",0.0919673187296276,"background",NA,NA
"bg1540",1.3587768669242,0.352396702769499,0.347603297230501,0.00479340553899814,0.7451816198132,1,"NS",0.00479340553899814,"background",NA,NA
"bg1541",-0.51799064566815,0.409895018448952,0.290104981551048,0.119790036897904,0.264638638652163,1,"NS",0.119790036897904,"background",NA,NA
"bg1542",-0.350832615651687,0.315344180348915,0.384655819651085,-0.0693116393021694,0.708932181573007,1,"NS",0.0693116393021694,"background",NA,NA
"bg1543",0.203341121484736,0.335913483084612,0.364086516915388,-0.0281730338307768,0.120383872984443,0.963070983875543,"NS",0.0281730338307768,"background",NA,NA
"bg1544",-0.145396641774098,0.31886421206993,0.38113578793007,-0.0622715758601402,0.706266511059133,1,"NS",0.0622715758601402,"background",NA,NA
"bg1545",-1.2683341179729,0.393649157036911,0.306350842963089,0.0872983140738212,0.28271360378433,1,"NS",0.0872983140738212,"background",NA,NA
"bg1546",0.0307413654071487,0.393014595460398,0.306985404539602,0.0860291909207967,0.381912431631004,1,"NS",0.0860291909207967,"background",NA,NA
"bg1547",-0.401993384453134,0.349782033412429,0.350217966587571,-0.000435933175141303,0.525167056548176,1,"NS",0.000435933175141303,"background",NA,NA
"bg1548",-0.384391787830059,0.375415053267447,0.324584946732553,0.0508301065348947,0.209687445609132,1,"NS",0.0508301065348947,"background",NA,NA
"bg1549",0.0306996108332531,0.305979887478289,0.394020112521711,-0.0880402250434225,0.723345982326195,1,"NS",0.0880402250434225,"background",NA,NA
"bg1550",-2.54732175756277,0.425092722864996,0.274907277135004,0.150185445729993,0.67315407041763,1,"NS",0.150185445729993,"background",NA,NA
"bg1551",-0.0169720644022937,0.35630075311334,0.34369924688666,0.0126015062266807,0.162554791262839,1,"NS",0.0126015062266807,"background",NA,NA
"bg1552",-0.209894856302612,0.409139924696526,0.290860075303474,0.118279849393051,0.676533735372592,1,"NS",0.118279849393051,"background",NA,NA
"bg1553",-0.964241757956924,0.331094778700124,0.368905221299875,-0.037810442599751,0.257923319001915,1,"NS",0.037810442599751,"background",NA,NA
"bg1554",1.14669735055376,0.276754605017583,0.423245394982417,-0.146490789964835,0.101007438560482,0.808059508483857,"NS",0.146490789964835,"background",NA,NA
"bg1555",-0.771158350726326,0.368789210269819,0.331210789730181,0.0375784205396372,0.493264232054353,1,"NS",0.0375784205396372,"background",NA,NA
"bg1556",0.00446123491321465,0.377352685844164,0.322647314155836,0.0547053716883287,0.210596951165004,1,"NS",0.0547053716883287,"background",NA,NA
"bg1557",-0.0325245507460297,0.356242006771853,0.343757993228147,0.0124840135437063,0.0248349856671412,0.198679885337129,"NS",0.0124840135437063,"background",NA,NA
"bg1558",-0.0715891979443951,0.371126182624427,0.328873817375573,0.0422523652488537,0.0832582191862166,0.666065753489733,"NS",0.0422523652488537,"background",NA,NA
"bg1559",0.250699068293602,0.334048224902287,0.365951775097712,-0.031903550195425,0.126139064508956,1,"NS",0.031903550195425,"background",NA,NA
"bg1560",0.999319285815436,0.294590726753588,0.405409273246412,-0.110818546492823,0.202741635864601,1,"NS",0.110818546492823,"background",NA,NA
"bg1561",0.0499771232116563,0.346009139355737,0.353990860644263,-0.00798172128852524,0.619920054556336,1,"NS",0.00798172128852524,"background",NA,NA
"bg1562",0.170006933416981,0.363316673039312,0.336683326960688,0.0266333460786239,0.668630653646775,1,"NS",0.0266333460786239,"background",NA,NA
"bg1563",-0.432248476359492,0.310276086748199,0.389723913251801,-0.0794478265036023,0.629358742261306,1,"NS",0.0794478265036023,"background",NA,NA
"bg1564",0.263412138957184,0.346741981304116,0.353258018695884,-0.00651603739176794,0.137931793426163,1,"NS",0.00651603739176794,"background",NA,NA
"bg1565",-0.941151312926788,0.27023005207017,0.42976994792983,-0.15953989585966,0.04503698629071,0.36029589032568,"NS",0.15953989585966,"background",NA,NA
"bg1566",-0.0532143892308538,0.377248962903597,0.322751037096403,0.054497925807195,0.245113459246466,1,"NS",0.054497925807195,"background",NA,NA
"bg1567",0.755572402067947,0.394335375822689,0.305664624177311,0.088670751645378,0.360924564899411,1,"NS",0.088670751645378,"background",NA,NA
"bg1568",-0.351855193506031,0.315638058579017,0.384361941420983,-0.0687238828419663,0.135078791796695,1,"NS",0.0687238828419663,"background",NA,NA
"bg1569",0.953118751064583,0.404442239682064,0.295557760317936,0.108884479364129,0.0583411426490638,0.466729141192511,"NS",0.108884479364129,"background",NA,NA
"bg1570",0.319669454085705,0.438500113188871,0.261499886811128,0.177000226377743,0.61389883846743,1,"NS",0.177000226377743,"background",NA,NA
"bg1571",0.64671609530182,0.333319807154529,0.366680192845471,-0.0333603856909418,0.648533788829576,1,"NS",0.0333603856909418,"background",NA,NA
"bg1572",1.39622095219334,0.322757718734026,0.377242281265974,-0.0544845625319486,0.270701157309581,1,"NS",0.0544845625319486,"background",NA,NA
"bg1573",0.894090217715355,0.304423522624616,0.395576477375384,-0.0911529547507681,0.653875726594124,1,"NS",0.0911529547507681,"background",NA,NA
"bg1574",-1.1797109428289,0.391639624831391,0.308360375168609,0.0832792496627823,0.706010358824162,1,"NS",0.0832792496627823,"background",NA,NA
"bg1575",0.356231856614079,0.274070299742212,0.425929700257788,-0.151859400515576,0.179940452079056,1,"NS",0.151859400515576,"background",NA,NA
"bg1576",1.33608890707143,0.370473498560854,0.329526501439146,0.0409469971217082,0.234688937185565,1,"NS",0.0409469971217082,"background",NA,NA
"bg1577",1.19808525054847,0.311397891762838,0.388602108237162,-0.0772042164743238,0.791721298537916,1,"NS",0.0772042164743238,"background",NA,NA
"bg1578",0.597234659312302,0.403293358456855,0.296706641543145,0.106586716913711,0.341215533356648,1,"NS",0.106586716913711,"background",NA,NA
"bg1579",0.440363299139615,0.323905407030516,0.376094592969484,-0.0521891859389685,0.764622111829231,1,"NS",0.0521891859389685,"background",NA,NA
"bg1580",0.335683140306384,0.413764018121612,0.286235981878388,0.127528036243225,0.0223198106931522,0.178558485545218,"NS",0.127528036243225,"background",NA,NA
"bg1581",0.993824886514491,0.294647641361449,0.405352358638551,-0.110704717277103,0.42273689164524,1,"NS",0.110704717277103,"background",NA,NA
"bg1582",1.41722251523477,0.380446650350182,0.319553349649818,0.0608933007003645,0.504955135785043,1,"NS",0.0608933007003645,"background",NA,NA
"bg1583",1.63626936696394,0.305559746990719,0.394440253009281,-0.0888805060185626,0.371930100558559,1,"NS",0.0888805060185626,"background",NA,NA
"bg1584",-0.113725001425288,0.375310827758594,0.324689172241406,0.0506216555171878,0.193282286736649,1,"NS",0.0506216555171878,"background",NA,NA
"bg1585",0.348871476285682,0.319337530580517,0.380662469419483,-0.0613249388389655,0.19284234301094,1,"NS",0.0613249388389655,"background",NA,NA
"bg1586",-0.696220200819239,0.305568917910333,0.394431082089666,-0.088862164179333,0.332549009037903,1,"NS",0.088862164179333,"background",NA,NA
"bg1587",-0.381897101082629,0.507350222045525,0.192649777954474,0.314700444091051,0.733431730644312,1,"NS",0.314700444091051,"background",NA,NA
"bg1588",-0.638884911982457,0.311500312817228,0.388499687182772,-0.0769993743655432,0.0222156089518685,0.177724871614948,"NS",0.0769993743655432,"background",NA,NA
"bg1589",0.189124873868483,0.249550401744424,0.450449598255576,-0.200899196511152,0.356842759628315,1,"NS",0.200899196511152,"background",NA,NA
"bg1590",0.291611234993651,0.325749050947627,0.374250949052373,-0.0485018981047455,0.0909422097231727,0.727537677785382,"NS",0.0485018981047455,"background",NA,NA
"bg1591",1.84849575803526,0.387771422115906,0.312228577884094,0.075542844231812,0.477863429596415,1,"NS",0.075542844231812,"background",NA,NA
"bg1592",0.399058749647464,0.373965907565359,0.326034092434641,0.0479318151307171,0.575171439589467,1,"NS",0.0479318151307171,"background",NA,NA
"bg1593",0.762242136350778,0.31440747685124,0.38559252314876,-0.0711850462975191,0.347627415424446,1,"NS",0.0711850462975191,"background",NA,NA
"bg1594",-1.30100238724967,0.320488157894485,0.379511842105515,-0.0590236842110298,0.737878022213467,1,"NS",0.0590236842110298,"background",NA,NA
"bg1595",-0.32913603505924,0.409889958662095,0.290110041337905,0.119779917324189,0.230279548163526,1,"NS",0.119779917324189,"background",NA,NA
"bg1596",-1.08047152034478,0.411206311997011,0.288793688002989,0.122412623994022,0.0351826673408505,0.281461338726804,"NS",0.122412623994022,"background",NA,NA
"bg1597",-0.231784922194586,0.371815663285328,0.328184336714672,0.0436313265706563,0.418922645699931,1,"NS",0.0436313265706563,"background",NA,NA
"bg1598",0.757140532655434,0.395825274693186,0.304174725306814,0.0916505493863722,0.166163648927119,1,"NS",0.0916505493863722,"background",NA,NA
"bg1599",0.787083431975037,0.334010187032535,0.365989812967465,-0.0319796259349305,0.666858670786722,1,"NS",0.0319796259349305,"background",NA,NA
"bg1600",-0.460982792497119,0.328383375810115,0.371616624189885,-0.0432332483797697,0.310477675731992,1,"NS",0.0432332483797697,"background",NA,NA
"bg1601",0.0122766975869543,0.385887991589313,0.314112008410687,0.0717759831786254,0.673654353334103,1,"NS",0.0717759831786254,"background",NA,NA
"bg1602",0.775872963750928,0.374631316869904,0.325368683130096,0.0492626337398082,0.777774097060319,1,"NS",0.0492626337398082,"background",NA,NA
"bg1603",0.021529570483636,0.414002536164591,0.285997463835409,0.128005072329182,0.748158319304464,1,"NS",0.128005072329182,"background",NA,NA
"bg1604",0.60369917716395,0.391687875665363,0.308312124334637,0.0833757513307263,0.372042893243022,1,"NS",0.0833757513307263,"background",NA,NA
"bg1605",1.78847575736293,0.266997388231269,0.433002611768731,-0.166005223537461,0.369581953202141,1,"NS",0.166005223537461,"background",NA,NA
"bg1606",0.766091785531775,0.296880176682598,0.403119823317402,-0.106239646634803,0.110113530820934,0.880908246567473,"NS",0.106239646634803,"background",NA,NA
"bg1607",-0.162182233832109,0.325558343897325,0.374441656102675,-0.0488833122053504,0.258919438119512,1,"NS",0.0488833122053504,"background",NA,NA
"bg1608",0.621015949328497,0.302796430014689,0.397203569985311,-0.094407139970622,0.657221229620744,1,"NS",0.094407139970622,"background",NA,NA
"bg1609",-1.72802327555821,0.411004531901129,0.288995468098871,0.122009063802258,0.465669380665757,1,"NS",0.122009063802258,"background",NA,NA
"bg1610",-0.776546445301506,0.426938144595789,0.273061855404211,0.153876289191578,0.258357544671744,1,"NS",0.153876289191578,"background",NA,NA
"bg1611",0.202533501566162,0.259316962887206,0.440683037112794,-0.181366074225589,0.707466503973817,1,"NS",0.181366074225589,"background",NA,NA
"bg1612",0.332789480530421,0.348005192973939,0.351994807026061,-0.00398961405212162,0.0307464542242233,0.245971633793786,"NS",0.00398961405212162,"background",NA,NA
"bg1613",-1.20857367194358,0.353672870718857,0.346327129281143,0.00734574143771392,0.673479505130556,1,"NS",0.00734574143771392,"background",NA,NA
"bg1614",0.783469581491946,0.346816314239135,0.353183685760865,-0.00636737152172912,0.327211303866236,1,"NS",0.00636737152172912,"background",NA,NA
"bg1615",-0.501287846630173,0.284597694985276,0.415402305014724,-0.130804610029447,0.158996426132275,1,"NS",0.130804610029447,"background",NA,NA
"bg1616",0.898926602859582,0.329959477001792,0.370040522998207,-0.040081045996415,0.220191206191666,1,"NS",0.040081045996415,"background",NA,NA
"bg1617",-0.0894979260885214,0.386583958472419,0.313416041527581,0.0731679169448373,0.305103621271439,1,"NS",0.0731679169448373,"background",NA,NA
"bg1618",1.1861457829896,0.313989129895214,0.386010870104786,-0.0720217402095728,0.545601624495816,1,"NS",0.0720217402095728,"background",NA,NA
"bg1619",1.08684261125832,0.406328195119382,0.293671804880618,0.112656390238765,0.647295273031807,1,"NS",0.112656390238765,"background",NA,NA
"bg1620",0.985138881377095,0.350962498851394,0.349037501148606,0.00192499770278782,0.256839091558009,1,"NS",0.00192499770278782,"background",NA,NA
"bg1621",0.218682234296192,0.348869951069002,0.351130048930998,-0.00226009786199672,0.0840067900342401,0.672054320273921,"NS",0.00226009786199672,"background",NA,NA
"bg1622",0.369633222847678,0.42824188376357,0.27175811623643,0.15648376752714,0.717549813230522,1,"NS",0.15648376752714,"background",NA,NA
"bg1623",-0.466493565843737,0.453058116926473,0.246941883073527,0.206116233852946,0.338292247282574,1,"NS",0.206116233852946,"background",NA,NA
"bg1624",-0.444548308879486,0.407742781684057,0.292257218315943,0.115485563368115,0.468984963472467,1,"NS",0.115485563368115,"background",NA,NA
"bg1625",0.029025808713806,0.378954448199839,0.321045551800161,0.0579088963996779,0.776132520178566,1,"NS",0.0579088963996779,"background",NA,NA
"bg1626",1.50652513703562,0.388415143717808,0.311584856282192,0.0768302874356157,0.489107931139413,1,"NS",0.0768302874356157,"background",NA,NA
"bg1627",0.0325925657173985,0.363702475158988,0.336297524841012,0.0274049503179754,0.695556958506815,1,"NS",0.0274049503179754,"background",NA,NA
"bg1628",-1.11995932549156,0.32626536322608,0.37373463677392,-0.0474692735478403,0.456836659732973,1,"NS",0.0474692735478403,"background",NA,NA
"bg1629",-0.270078247152284,0.359308814488765,0.340691185511235,0.0186176289775295,0.403851125276182,1,"NS",0.0186176289775295,"background",NA,NA
"bg1630",0.207235677932886,0.349594615816129,0.350405384183871,-0.00081076836774125,0.114615551901748,0.916924415213987,"NS",0.00081076836774125,"background",NA,NA
"bg1631",-0.198614041059284,0.369321267003916,0.330678732996084,0.0386425340078317,0.124017389520537,0.992139116164297,"NS",0.0386425340078317,"background",NA,NA
"bg1632",0.416781112056604,0.409156005953939,0.290843994046061,0.118312011907878,0.679222186954459,1,"NS",0.118312011907878,"background",NA,NA
"bg1633",-0.0480365470998908,0.33050141697042,0.36949858302958,-0.0389971660591594,0.746898694677511,1,"NS",0.0389971660591594,"background",NA,NA
"bg1634",-0.409438995593227,0.334325425413365,0.365674574586635,-0.0313491491732701,0.0275444517601281,0.220355614081025,"NS",0.0313491491732701,"background",NA,NA
"bg1635",-0.0578095294605085,0.30977249287826,0.39022750712174,-0.0804550142434795,0.722091206615092,1,"NS",0.0804550142434795,"background",NA,NA
"bg1636",-0.262631033885461,0.336477901528417,0.363522098471583,-0.0270441969431667,0.507382131740684,1,"NS",0.0270441969431667,"background",NA,NA
"bg1637",1.12934767931048,0.425824263855106,0.274175736144894,0.151648527710212,0.599972582855262,1,"NS",0.151648527710212,"background",NA,NA
"bg1638",-0.39658185690585,0.407943732305978,0.292056267694022,0.115887464611956,0.727152217375115,1,"NS",0.115887464611956,"background",NA,NA
"bg1639",0.0610926245755826,0.341265717525148,0.358734282474852,-0.0174685649497042,0.753040216154419,1,"NS",0.0174685649497042,"background",NA,NA
"bg1640",-0.0871897949751351,0.294394108204111,0.405605891795889,-0.111211783591777,0.215376349393744,1,"NS",0.111211783591777,"background",NA,NA
"bg1641",0.291952957230316,0.314643073563253,0.385356926436747,-0.0707138528734941,0.336495200931793,1,"NS",0.0707138528734941,"background",NA,NA
"bg1642",-0.261822388083208,0.417127485708289,0.282872514291711,0.134254971416577,0.0747849851360079,0.598279881088063,"NS",0.134254971416577,"background",NA,NA
"bg1643",0.0204153086737094,0.367595534077602,0.332404465922398,0.0351910681552034,0.647882381958188,1,"NS",0.0351910681552034,"background",NA,NA
"bg1644",1.61622418840657,0.307452489830943,0.392547510169057,-0.0850950203381149,0.396484278578078,1,"NS",0.0850950203381149,"background",NA,NA
"bg1645",0.399990121016261,0.378517025058164,0.321482974941836,0.0570340501163278,0.193161496364046,1,"NS",0.0570340501163278,"background",NA,NA
"bg1646",-0.14407744801434,0.33860158595981,0.36139841404019,-0.0227968280803793,0.338205335326027,1,"NS",0.0227968280803793,"background",NA,NA
"bg1647",-0.444026411140611,0.318609832262271,0.381390167737729,-0.0627803354754581,0.413359427525662,1,"NS",0.0627803354754581,"background",NA,NA
"bg1648",-1.1294995517427,0.385569248613384,0.314430751386616,0.0711384972267688,0.108189492917387,0.865515943339095,"NS",0.0711384972267688,"background",NA,NA
"bg1649",0.00433273136962309,0.340115552210241,0.359884447789759,-0.0197688955795178,0.335648357730359,1,"NS",0.0197688955795178,"background",NA,NA
"bg1650",1.5862304031703,0.360104108467496,0.339895891532504,0.0202082169349918,0.563908986174967,1,"NS",0.0202082169349918,"background",NA,NA
"bg1651",0.395679225498165,0.381794587056407,0.318205412943593,0.0635891741128139,0.446089337725891,1,"NS",0.0635891741128139,"background",NA,NA
"bg1652",-0.86773757827532,0.3665277451895,0.3334722548105,0.0330554903790004,0.0453637758723926,0.362910206979141,"NS",0.0330554903790004,"background",NA,NA
"bg1653",-0.202134182965061,0.311577792325721,0.388422207674279,-0.0768444153485588,0.305825971139595,1,"NS",0.0768444153485588,"background",NA,NA
"bg1654",0.494638649107555,0.396144418840558,0.303855581159442,0.0922888376811159,0.0839699832934421,0.671759866347536,"NS",0.0922888376811159,"background",NA,NA
"bg1655",-0.422568674697975,0.409503228333283,0.290496771666717,0.119006456666566,0.695869017541641,1,"NS",0.119006456666566,"background",NA,NA
"bg1656",1.18479768659915,0.377795269003997,0.322204730996003,0.0555905380079934,0.795962843449321,1,"NS",0.0555905380079934,"background",NA,NA
"bg1657",-0.802703326956587,0.37818257739539,0.32181742260461,0.0563651547907795,0.555357733040815,1,"NS",0.0563651547907795,"background",NA,NA
"bg1658",1.36443912784001,0.364877031343015,0.335122968656985,0.0297540626860309,0.473023051297758,1,"NS",0.0297540626860309,"background",NA,NA
"bg1659",-0.81048248049476,0.299132299832892,0.400867700167108,-0.101735400334215,0.674047637336887,1,"NS",0.101735400334215,"background",NA,NA
"bg1660",0.226029392258378,0.353541386565283,0.346458613434717,0.0070827731305654,0.40098292616033,1,"NS",0.0070827731305654,"background",NA,NA
