cell,umap_1,umap_2,RNA_snn_res.0.5,newMainCellTypes
cell_00001,-0.72361,7.77322,0,Keratinocyte
cell_00002,0.85368,7.26579,0,Keratinocyte
cell_00003,0.20529,7.42109,0,Keratinocyte
cell_00004,-0.79983,6.61784,0,Keratinocyte
cell_00005,0.53908,6.20223,0,Keratinocyte
cell_00006,0.13993,7.19881,0,Keratinocyte
cell_00007,-0.14605,6.98939,0,Keratinocyte
cell_00008,0.45180,7.12274,0,Keratinocyte
cell_00009,-1.41647,6.24846,0,Keratinocyte
cell_00010,-0.37778,7.16018,0,Keratinocyte
cell_00011,-0.28401,7.32828,0,Keratinocyte
cell_00012,1.21440,6.89084,0,Keratinocyte
cell_00013,-0.54783,7.58114,0,Keratinocyte
cell_00014,-0.07443,8.04053,0,Keratinocyte
cell_00015,0.85378,7.92234,0,Keratinocyte
cell_00016,2.08189,7.59807,0,Keratinocyte
cell_00017,-0.63416,7.07646,0,Keratinocyte
cell_00018,0.56378,6.72063,0,Keratinocyte
cell_00019,0.66165,8.38681,0,Keratinocyte
cell_00020,0.51718,7.09010,0,Keratinocyte
cell_00021,1.49445,7.97865,0,Keratinocyte
cell_00022,0.66326,7.43259,0,Keratinocyte
cell_00023,-0.40855,7.16741,0,Keratinocyte
cell_00024,-0.50376,6.50966,0,Keratinocyte
cell_00025,0.56060,6.20889,0,Keratinocyte
cell_00026,0.77628,7.61294,0,Keratinocyte
cell_00027,-0.16365,7.54360,0,Keratinocyte
cell_00028,1.12887,7.05678,0,Keratinocyte
cell_00029,1.22892,6.79568,0,Keratinocyte
cell_00030,0.61249,7.21541,0,Keratinocyte
cell_00031,0.24465,7.67788,0,Keratinocyte
cell_00032,0.19062,6.99855,0,Keratinocyte
cell_00033,-0.81529,6.51108,0,Keratinocyte
cell_00034,0.88390,7.06789,0,Keratinocyte
cell_00035,-0.33333,7.09114,0,Keratinocyte
cell_00036,0.89012,7.69565,0,Keratinocyte
cell_00037,0.87050,6.73357,0,Keratinocyte
cell_00038,1.71882,6.54243,0,Keratinocyte
cell_00039,0.67299,7.35533,0,Keratinocyte
cell_00040,-0.72481,7.63166,0,Keratinocyte
cell_00041,-0.59543,7.47407,0,Keratinocyte
cell_00042,0.49012,7.89445,0,Keratinocyte
cell_00043,0.34516,6.06003,0,Keratinocyte
cell_00044,0.52040,7.38244,0,Keratinocyte
cell_00045,-1.13222,7.20897,0,Keratinocyte
cell_00046,0.85817,6.75493,0,Keratinocyte
cell_00047,0.94645,7.56117,0,Keratinocyte
cell_00048,0.92803,7.38613,0,Keratinocyte
cell_00049,0.13521,7.78330,0,Keratinocyte
cell_00050,0.43948,8.09691,0,Keratinocyte
cell_00051,0.19039,7.64636,0,Keratinocyte
cell_00052,0.07739,6.85392,0,Keratinocyte
cell_00053,-0.30166,7.54725,0,Keratinocyte
cell_00054,0.77820,7.87974,0,Keratinocyte
cell_00055,-0.27217,8.08931,0,Keratinocyte
cell_00056,0.17641,8.12388,0,Keratinocyte
cell_00057,-0.73700,7.56771,0,Keratinocyte
cell_00058,-1.52389,6.81215,0,Keratinocyte
cell_00059,-0.13951,6.61674,0,Keratinocyte
cell_00060,-0.61597,8.13699,0,Keratinocyte
cell_00061,0.45217,7.11672,0,Keratinocyte
cell_00062,1.36038,7.26911,0,Keratinocyte
cell_00063,-0.10014,7.17790,0,Keratinocyte
cell_00064,-0.10464,6.10922,0,Keratinocyte
cell_00065,-0.74974,7.61055,0,Keratinocyte
cell_00066,1.07995,6.40296,0,Keratinocyte
cell_00067,0.07624,6.57544,0,Keratinocyte
cell_00068,0.44814,6.70543,0,Keratinocyte
cell_00069,0.11424,7.17560,0,Keratinocyte
cell_00070,1.13557,6.65711,0,Keratinocyte
cell_00071,0.64565,6.94731,0,Keratinocyte
cell_00072,0.70385,7.06134,0,Keratinocyte
cell_00073,-0.00424,6.51477,0,Keratinocyte
cell_00074,-1.17587,7.34727,0,Keratinocyte
cell_00075,-0.34607,5.93179,0,Keratinocyte
cell_00076,-1.01073,7.57017,0,Keratinocyte
cell_00077,0.20730,7.04475,0,Keratinocyte
cell_00078,-0.52134,7.74684,0,Keratinocyte
cell_00079,0.18880,7.66529,0,Keratinocyte
cell_00080,-1.24083,7.01572,0,Keratinocyte
cell_00081,0.81192,8.29801,0,Keratinocyte
cell_00082,0.47840,6.80914,0,Keratinocyte
cell_00083,0.10661,7.78712,0,Keratinocyte
cell_00084,-0.12482,7.47306,0,Keratinocyte
cell_00085,0.69495,7.72910,0,Keratinocyte
cell_00086,0.29456,8.00015,0,Keratinocyte
cell_00087,-0.24463,7.08054,0,Keratinocyte
cell_00088,-0.49209,7.09275,0,Keratinocyte
cell_00089,-0.21829,6.76263,0,Keratinocyte
cell_00090,0.06211,7.44249,0,Keratinocyte
cell_00091,-0.22263,7.35004,0,Keratinocyte
cell_00092,1.24118,8.17031,0,Keratinocyte
cell_00093,1.03033,7.39814,0,Keratinocyte
cell_00094,-0.16723,6.87901,0,Keratinocyte
cell_00095,0.21787,7.77618,0,Keratinocyte
cell_00096,-0.03186,7.30644,0,Keratinocyte
cell_00097,-0.49728,7.34355,0,Keratinocyte
cell_00098,0.85139,8.23611,0,Keratinocyte
cell_00099,-0.73010,6.08645,0,Keratinocyte
cell_00100,1.53961,8.76541,0,Keratinocyte
cell_00101,0.77574,8.20131,0,Keratinocyte
cell_00102,0.63848,8.87070,0,Keratinocyte
cell_00103,-0.18667,6.85216,0,Keratinocyte
cell_00104,0.28588,9.14780,0,Keratinocyte
cell_00105,-0.97986,6.67735,0,Keratinocyte
cell_00106,-0.31067,6.49679,0,Keratinocyte
cell_00107,0.60675,8.11293,0,Keratinocyte
cell_00108,0.21476,7.23410,0,Keratinocyte
cell_00109,0.39146,7.16138,0,Keratinocyte
cell_00110,0.64384,6.92667,0,Keratinocyte
cell_00111,0.05287,7.67628,0,Keratinocyte
cell_00112,0.31603,6.50901,0,Keratinocyte
cell_00113,1.25762,7.79807,0,Keratinocyte
cell_00114,1.13612,7.34601,0,Keratinocyte
cell_00115,1.05075,8.30354,0,Keratinocyte
cell_00116,-1.12633,8.17167,0,Keratinocyte
cell_00117,0.40682,7.33085,0,Keratinocyte
cell_00118,0.26842,6.89359,0,Keratinocyte
cell_00119,0.62540,7.34478,0,Keratinocyte
cell_00120,0.36960,6.44032,0,Keratinocyte
cell_00121,-0.16850,7.66696,0,Keratinocyte
cell_00122,-0.26800,7.63266,0,Keratinocyte
cell_00123,0.18508,7.41189,0,Keratinocyte
cell_00124,0.40143,7.16326,0,Keratinocyte
cell_00125,-0.42800,8.50138,0,Keratinocyte
cell_00126,0.90684,7.24640,0,Keratinocyte
cell_00127,-0.79751,8.42010,0,Keratinocyte
cell_00128,-0.27164,7.20536,0,Keratinocyte
cell_00129,0.81639,9.00008,0,Keratinocyte
cell_00130,0.26010,8.85465,0,Keratinocyte
cell_00131,0.36837,7.32278,0,Keratinocyte
cell_00132,-0.78047,7.35825,0,Keratinocyte
cell_00133,0.08648,8.04750,0,Keratinocyte
cell_00134,-0.42939,7.44472,0,Keratinocyte
cell_00135,-0.22744,6.71583,0,Keratinocyte
cell_00136,0.99385,7.06721,0,Keratinocyte
cell_00137,1.30876,7.37777,0,Keratinocyte
cell_00138,0.01372,8.28234,0,Keratinocyte
cell_00139,-0.42255,7.29241,0,Keratinocyte
cell_00140,-0.44940,6.85676,0,Keratinocyte
cell_00141,0.17093,7.18072,0,Keratinocyte
cell_00142,0.27491,6.50308,0,Keratinocyte
cell_00143,-0.25500,7.11990,0,Keratinocyte
cell_00144,-0.20396,8.93625,0,Keratinocyte
cell_00145,0.42853,8.13729,0,Keratinocyte
cell_00146,0.71801,7.17090,0,Keratinocyte
cell_00147,0.56640,8.40709,0,Keratinocyte
cell_00148,0.86414,8.03309,0,Keratinocyte
cell_00149,1.02415,6.74572,0,Keratinocyte
cell_00150,0.40343,7.39981,0,Keratinocyte
cell_00151,0.18063,7.78603,0,Keratinocyte
cell_00152,-0.39716,8.08681,0,Keratinocyte
cell_00153,0.61178,8.04258,0,Keratinocyte
cell_00154,0.57385,8.32508,0,Keratinocyte
cell_00155,-0.25060,7.45478,0,Keratinocyte
cell_00156,0.47793,6.55927,0,Keratinocyte
cell_00157,0.52282,7.63747,0,Keratinocyte
cell_00158,0.05478,6.96178,0,Keratinocyte
cell_00159,-0.48679,7.78698,0,Keratinocyte
cell_00160,-0.05962,6.44644,0,Keratinocyte
cell_00161,0.19926,8.06068,0,Keratinocyte
cell_00162,-0.04490,6.92996,0,Keratinocyte
cell_00163,0.26283,7.35965,0,Keratinocyte
cell_00164,-0.80057,7.92862,0,Keratinocyte
cell_00165,-1.33622,9.36296,0,Keratinocyte
cell_00166,-0.96190,6.28888,0,Keratinocyte
cell_00167,-0.17590,7.19945,0,Keratinocyte
cell_00168,0.97606,7.22292,0,Keratinocyte
cell_00169,-0.02160,7.89486,0,Keratinocyte
cell_00170,1.03210,7.83627,0,Keratinocyte
cell_00171,1.02652,6.68587,0,Keratinocyte
cell_00172,-0.27152,6.56938,0,Keratinocyte
cell_00173,-0.43563,8.52233,0,Keratinocyte
cell_00174,-0.65103,7.71448,0,Keratinocyte
cell_00175,0.17392,7.73162,0,Keratinocyte
cell_00176,0.55369,6.84181,0,Keratinocyte
cell_00177,0.94754,8.35789,0,Keratinocyte
cell_00178,-0.16791,7.89846,0,Keratinocyte
cell_00179,-0.53382,7.80871,0,Keratinocyte
cell_00180,0.62498,6.43749,0,Keratinocyte
cell_00181,0.91510,7.66999,1,Keratinocyte
cell_00182,1.15429,7.89141,1,Keratinocyte
cell_00183,0.61212,6.94024,1,Keratinocyte
cell_00184,-0.15690,7.95413,1,Keratinocyte
cell_00185,-1.13565,7.77511,1,Keratinocyte
cell_00186,0.24646,8.36840,1,Keratinocyte
cell_00187,0.43585,8.95519,1,Keratinocyte
cell_00188,0.80097,7.60170,1,Keratinocyte
cell_00189,2.12794,8.31554,1,Keratinocyte
cell_00190,0.57623,7.75813,1,Keratinocyte
cell_00191,0.44493,7.33608,1,Keratinocyte
cell_00192,1.33976,6.97880,1,Keratinocyte
cell_00193,0.92889,7.93925,1,Keratinocyte
cell_00194,-0.55880,7.48629,1,Keratinocyte
cell_00195,-0.90084,7.10643,1,Keratinocyte
cell_00196,0.55040,7.72709,1,Keratinocyte
cell_00197,0.74020,7.88913,1,Keratinocyte
cell_00198,1.26178,6.88562,1,Keratinocyte
cell_00199,-0.20777,7.51207,1,Keratinocyte
cell_00200,0.33881,7.87253,1,Keratinocyte
cell_00201,0.32719,6.54356,1,Keratinocyte
cell_00202,0.07870,6.96576,1,Keratinocyte
cell_00203,2.00294,7.31280,1,Keratinocyte
cell_00204,-0.85366,6.75097,1,Keratinocyte
cell_00205,0.96936,9.12865,1,Keratinocyte
cell_00206,0.12635,7.42113,1,Keratinocyte
cell_00207,-0.72660,7.68000,1,Keratinocyte
cell_00208,0.83185,8.54129,1,Keratinocyte
cell_00209,0.07521,6.57195,1,Keratinocyte
cell_00210,0.86640,8.35608,1,Keratinocyte
cell_00211,0.70590,8.65596,1,Keratinocyte
cell_00212,1.43974,8.00180,1,Keratinocyte
cell_00213,0.12750,7.68655,1,Keratinocyte
cell_00214,0.92776,6.98418,1,Keratinocyte
cell_00215,1.20548,7.29185,1,Keratinocyte
cell_00216,-0.27981,9.03720,1,Keratinocyte
cell_00217,0.87892,7.43319,1,Keratinocyte
cell_00218,0.69054,8.22013,1,Keratinocyte
cell_00219,1.13941,8.82976,1,Keratinocyte
cell_00220,1.64214,7.57430,1,Keratinocyte
cell_00221,-0.39330,6.67091,1,Keratinocyte
cell_00222,-0.67181,8.40561,1,Keratinocyte
cell_00223,0.97237,7.08646,1,Keratinocyte
cell_00224,0.92586,7.71936,1,Keratinocyte
cell_00225,0.05699,7.30984,1,Keratinocyte
cell_00226,1.87168,7.70930,1,Keratinocyte
cell_00227,1.78282,8.39792,1,Keratinocyte
cell_00228,1.44662,6.84335,1,Keratinocyte
cell_00229,-0.43686,7.47319,1,Keratinocyte
cell_00230,-0.15911,7.99042,1,Keratinocyte
cell_00231,1.38751,8.25255,1,Keratinocyte
cell_00232,-0.10863,7.63264,1,Keratinocyte
cell_00233,0.58315,7.15339,1,Keratinocyte
cell_00234,0.89647,7.82598,1,Keratinocyte
cell_00235,-0.92362,7.33527,1,Keratinocyte
cell_00236,0.04748,8.57182,1,Keratinocyte
cell_00237,0.55816,6.77629,1,Keratinocyte
cell_00238,1.28586,7.98212,1,Keratinocyte
cell_00239,0.36202,7.28723,1,Keratinocyte
cell_00240,-0.07576,7.04762,1,Keratinocyte
cell_00241,-1.26883,8.08485,1,Keratinocyte
cell_00242,0.75471,7.80035,1,Keratinocyte
cell_00243,0.39684,7.78055,1,Keratinocyte
cell_00244,-0.09756,9.01404,1,Keratinocyte
cell_00245,0.75131,6.47234,1,Keratinocyte
cell_00246,1.76062,7.97844,1,Keratinocyte
cell_00247,-0.00502,7.73791,1,Keratinocyte
cell_00248,0.01584,8.48831,1,Keratinocyte
cell_00249,0.56552,7.27613,1,Keratinocyte
cell_00250,1.62184,7.66126,1,Keratinocyte
cell_00251,0.39477,8.87038,1,Keratinocyte
cell_00252,1.23384,7.82704,1,Keratinocyte
cell_00253,0.81045,7.48138,1,Keratinocyte
cell_00254,-0.02338,8.05438,1,Keratinocyte
cell_00255,-1.21206,7.46278,1,Keratinocyte
cell_00256,-0.19961,6.87637,1,Keratinocyte
cell_00257,1.98585,6.84166,1,Keratinocyte
cell_00258,1.62070,7.66956,1,Keratinocyte
cell_00259,0.70438,7.04398,1,Keratinocyte
cell_00260,0.90910,7.98526,1,Keratinocyte
cell_00261,1.15014,6.51494,1,Keratinocyte
cell_00262,-0.30314,6.46350,1,Keratinocyte
cell_00263,1.22190,9.22966,1,Keratinocyte
cell_00264,0.32746,7.72628,1,Keratinocyte
cell_00265,0.43513,8.12806,1,Keratinocyte
cell_00266,0.88625,7.71011,1,Keratinocyte
cell_00267,-0.53492,8.63963,1,Keratinocyte
cell_00268,1.45274,7.85136,1,Keratinocyte
cell_00269,-0.28963,8.42737,1,Keratinocyte
cell_00270,-1.24172,8.64967,1,Keratinocyte
cell_00271,1.14150,9.08991,1,Keratinocyte
cell_00272,0.17337,8.17507,1,Keratinocyte
cell_00273,1.39191,8.12745,1,Keratinocyte
cell_00274,0.59684,8.65903,1,Keratinocyte
cell_00275,0.84577,7.83097,1,Keratinocyte
cell_00276,0.90622,8.14553,1,Keratinocyte
cell_00277,0.48451,7.85944,1,Keratinocyte
cell_00278,-0.12955,7.11365,1,Keratinocyte
cell_00279,1.07359,7.73560,1,Keratinocyte
cell_00280,1.49007,7.81322,1,Keratinocyte
cell_00281,-0.32103,7.64751,1,Keratinocyte
cell_00282,-0.89510,8.10044,1,Keratinocyte
cell_00283,2.82181,8.58631,1,Keratinocyte
cell_00284,0.67526,6.86423,1,Keratinocyte
cell_00285,1.03107,7.32562,1,Keratinocyte
cell_00286,2.43309,7.75725,1,Keratinocyte
cell_00287,1.69296,7.72049,1,Keratinocyte
cell_00288,-0.93668,7.87375,1,Keratinocyte
cell_00289,-0.35265,7.57531,1,Keratinocyte
cell_00290,0.52876,8.03951,1,Keratinocyte
cell_00291,0.51420,8.04740,1,Keratinocyte
cell_00292,1.87729,8.01272,1,Keratinocyte
cell_00293,0.18305,8.16942,1,Keratinocyte
cell_00294,0.15470,7.51285,1,Keratinocyte
cell_00295,-0.06814,7.33522,1,Keratinocyte
cell_00296,0.13871,6.51235,1,Keratinocyte
cell_00297,0.09182,8.01580,1,Keratinocyte
cell_00298,-0.18094,7.63703,1,Keratinocyte
cell_00299,0.10671,8.67837,1,Keratinocyte
cell_00300,0.54297,9.32847,1,Keratinocyte
cell_00301,0.89878,6.92409,1,Keratinocyte
cell_00302,1.77617,8.40640,1,Keratinocyte
cell_00303,0.68313,6.61881,1,Keratinocyte
cell_00304,0.80000,8.00807,1,Keratinocyte
cell_00305,0.96672,6.75969,1,Keratinocyte
cell_00306,1.29271,7.42169,1,Keratinocyte
cell_00307,0.79014,8.09328,1,Keratinocyte
cell_00308,-0.25086,7.35770,1,Keratinocyte
cell_00309,1.71741,7.12207,1,Keratinocyte
cell_00310,0.66416,7.93793,1,Keratinocyte
cell_00311,-1.72031,8.31091,1,Keratinocyte
cell_00312,-0.42145,8.83206,1,Keratinocyte
cell_00313,-0.64029,7.75207,1,Keratinocyte
cell_00314,0.15285,6.81696,1,Keratinocyte
cell_00315,0.24554,7.91182,1,Keratinocyte
cell_00316,-0.26862,8.48530,1,Keratinocyte
cell_00317,0.03350,6.89698,1,Keratinocyte
cell_00318,1.15618,6.79737,1,Keratinocyte
cell_00319,1.63732,8.17515,1,Keratinocyte
cell_00320,-1.31982,8.37708,1,Keratinocyte
cell_00321,0.89115,7.52841,1,Keratinocyte
cell_00322,-0.58829,7.37298,1,Keratinocyte
cell_00323,-0.57449,7.85787,1,Keratinocyte
cell_00324,0.35626,7.98642,1,Keratinocyte
cell_00325,0.01163,6.37302,1,Keratinocyte
cell_00326,0.92661,7.81319,1,Keratinocyte
cell_00327,-0.11862,7.01538,1,Keratinocyte
cell_00328,0.43854,7.60588,1,Keratinocyte
cell_00329,0.73034,7.74208,1,Keratinocyte
cell_00330,0.85231,7.60632,1,Keratinocyte
cell_00331,-1.31667,7.24761,1,Keratinocyte
cell_00332,1.19874,7.39452,1,Keratinocyte
cell_00333,1.48917,7.49754,1,Keratinocyte
cell_00334,-0.08190,7.27849,1,Keratinocyte
cell_00335,0.54242,7.99553,1,Keratinocyte
cell_00336,0.64038,7.44385,1,Keratinocyte
cell_00337,0.08934,8.28661,1,Keratinocyte
cell_00338,-0.89994,8.65293,1,Keratinocyte
cell_00339,0.83426,7.58071,1,Keratinocyte
cell_00340,0.74140,7.37155,1,Keratinocyte
cell_00341,0.15464,7.31103,1,Keratinocyte
cell_00342,-0.90650,7.14871,1,Keratinocyte
cell_00343,0.21843,7.83349,1,Keratinocyte
cell_00344,-0.80910,8.23849,1,Keratinocyte
cell_00345,1.19999,8.15797,1,Keratinocyte
cell_00346,-0.15364,7.82408,1,Keratinocyte
cell_00347,0.95918,8.18635,1,Keratinocyte
cell_00348,-0.74083,7.25747,1,Keratinocyte
cell_00349,1.10214,9.39187,1,Keratinocyte
cell_00350,-0.11715,8.14265,1,Keratinocyte
cell_00351,0.92292,8.24419,1,Keratinocyte
cell_00352,-0.44639,8.77889,1,Keratinocyte
cell_00353,0.92363,8.00494,1,Keratinocyte
cell_00354,-0.18584,7.73506,1,Keratinocyte
cell_00355,2.20798,6.87847,1,Keratinocyte
cell_00356,-0.29038,7.86186,1,Keratinocyte
cell_00357,1.55626,6.39873,1,Keratinocyte
cell_00358,1.65315,7.24455,1,Keratinocyte
cell_00359,1.24418,8.03880,1,Keratinocyte
cell_00360,0.54908,6.45144,1,Keratinocyte
cell_00361,1.09452,9.11884,3,Keratinocyte
cell_00362,1.72089,10.21929,3,Keratinocyte
cell_00363,2.01412,8.42194,3,Keratinocyte
cell_00364,0.61520,8.78995,3,Keratinocyte
cell_00365,1.62742,8.73778,3,Keratinocyte
cell_00366,0.69908,8.54749,3,Keratinocyte
cell_00367,0.93335,8.95046,3,Keratinocyte
cell_00368,1.28685,8.20621,3,Keratinocyte
cell_00369,1.62389,8.74824,3,Keratinocyte
cell_00370,0.73655,8.34937,3,Keratinocyte
cell_00371,1.41571,7.99355,3,Keratinocyte
cell_00372,0.78346,9.39167,3,Keratinocyte
cell_00373,1.11192,9.16268,3,Keratinocyte
cell_00374,0.80990,8.47894,3,Keratinocyte
cell_00375,1.90412,8.38110,3,Keratinocyte
cell_00376,1.68620,7.95509,3,Keratinocyte
cell_00377,0.58215,8.23562,3,Keratinocyte
cell_00378,0.48662,8.73773,3,Keratinocyte
cell_00379,1.28000,7.41153,3,Keratinocyte
cell_00380,1.05741,9.44656,3,Keratinocyte
cell_00381,-0.01440,8.77276,3,Keratinocyte
cell_00382,3.11473,8.87818,3,Keratinocyte
cell_00383,0.68702,7.06553,3,Keratinocyte
cell_00384,1.53591,8.41680,3,Keratinocyte
cell_00385,-0.62976,7.18733,3,Keratinocyte
cell_00386,1.34053,8.72359,3,Keratinocyte
cell_00387,1.38835,6.82326,3,Keratinocyte
cell_00388,1.11449,9.47015,3,Keratinocyte
cell_00389,1.90822,9.25215,3,Keratinocyte
cell_00390,1.06759,8.87404,3,Keratinocyte
cell_00391,2.59231,8.22033,3,Keratinocyte
cell_00392,1.69036,8.96118,3,Keratinocyte
cell_00393,0.12910,8.94042,3,Keratinocyte
cell_00394,2.86208,7.78048,3,Keratinocyte
cell_00395,2.57358,8.09784,3,Keratinocyte
cell_00396,1.38442,7.17750,3,Keratinocyte
cell_00397,2.37420,8.61713,3,Keratinocyte
cell_00398,2.76309,7.09325,3,Keratinocyte
cell_00399,1.69488,8.42001,3,Keratinocyte
cell_00400,0.68603,8.83054,3,Keratinocyte
cell_00401,1.62123,9.20820,3,Keratinocyte
cell_00402,1.55860,8.48728,3,Keratinocyte
cell_00403,2.28851,8.91660,3,Keratinocyte
cell_00404,0.19546,7.93997,3,Keratinocyte
cell_00405,2.14884,8.45017,3,Keratinocyte
cell_00406,1.78808,9.01020,3,Keratinocyte
cell_00407,1.35481,8.56910,3,Keratinocyte
cell_00408,0.95156,9.03294,3,Keratinocyte
cell_00409,0.77871,7.86406,3,Keratinocyte
cell_00410,0.31482,8.04282,3,Keratinocyte
cell_00411,1.01030,8.82970,3,Keratinocyte
cell_00412,0.66251,8.94654,3,Keratinocyte
cell_00413,0.11841,7.83722,3,Keratinocyte
cell_00414,2.31287,8.54985,3,Keratinocyte
cell_00415,1.35098,9.45607,3,Keratinocyte
cell_00416,2.68497,8.34195,3,Keratinocyte
cell_00417,1.10853,7.99889,3,Keratinocyte
cell_00418,2.72921,8.77766,3,Keratinocyte
cell_00419,1.15933,7.44563,3,Keratinocyte
cell_00420,1.01515,8.29426,3,Keratinocyte
cell_00421,1.85517,6.90579,3,Keratinocyte
cell_00422,1.17315,9.00442,3,Keratinocyte
cell_00423,0.71246,8.42214,3,Keratinocyte
cell_00424,1.18385,9.20323,3,Keratinocyte
cell_00425,1.60855,8.54850,3,Keratinocyte
cell_00426,2.06914,8.08006,3,Keratinocyte
cell_00427,2.10524,7.75550,3,Keratinocyte
cell_00428,1.32611,9.65454,3,Keratinocyte
cell_00429,0.92145,9.65667,3,Keratinocyte
cell_00430,1.32224,7.59583,3,Keratinocyte
cell_00431,0.85980,7.67671,3,Keratinocyte
cell_00432,1.98147,8.33481,3,Keratinocyte
cell_00433,1.93409,9.03489,3,Keratinocyte
cell_00434,1.29657,8.77935,3,Keratinocyte
cell_00435,0.52870,8.08116,3,Keratinocyte
cell_00436,2.38464,8.83237,3,Keratinocyte
cell_00437,0.45163,7.95619,3,Keratinocyte
cell_00438,1.18788,8.96587,3,Keratinocyte
cell_00439,1.99051,7.67696,3,Keratinocyte
cell_00440,2.73167,8.38369,3,Keratinocyte
cell_00441,1.06191,8.22887,3,Keratinocyte
cell_00442,1.71059,9.53517,3,Keratinocyte
cell_00443,1.37896,7.13039,3,Keratinocyte
cell_00444,1.59499,9.11033,3,Keratinocyte
cell_00445,0.96182,9.41941,3,Keratinocyte
cell_00446,1.50314,8.74640,3,Keratinocyte
cell_00447,1.39016,8.81592,3,Keratinocyte
cell_00448,1.17098,9.16410,3,Keratinocyte
cell_00449,1.23514,8.58599,3,Keratinocyte
cell_00450,2.18186,8.94063,3,Keratinocyte
cell_00451,1.76553,8.23885,3,Keratinocyte
cell_00452,0.34826,8.13126,3,Keratinocyte
cell_00453,0.78795,9.65459,3,Keratinocyte
cell_00454,1.56445,8.48081,3,Keratinocyte
cell_00455,1.00928,7.70340,3,Keratinocyte
cell_00456,2.43482,8.35195,3,Keratinocyte
cell_00457,2.77339,8.40763,3,Keratinocyte
cell_00458,1.88721,8.37475,3,Keratinocyte
cell_00459,1.74408,9.42750,3,Keratinocyte
cell_00460,1.61987,10.30202,3,Keratinocyte
cell_00461,3.06696,8.53549,3,Keratinocyte
cell_00462,1.35791,7.81943,3,Keratinocyte
cell_00463,0.97958,8.58398,3,Keratinocyte
cell_00464,1.42622,8.68814,3,Keratinocyte
cell_00465,0.51442,8.08742,3,Keratinocyte
cell_00466,1.97672,8.46182,3,Keratinocyte
cell_00467,0.00826,7.29398,3,Keratinocyte
cell_00468,2.00986,8.55649,3,Keratinocyte
cell_00469,1.60192,8.41096,3,Keratinocyte
cell_00470,2.43372,8.76151,3,Keratinocyte
cell_00471,2.44780,7.97376,3,Keratinocyte
cell_00472,1.14498,7.94735,3,Keratinocyte
cell_00473,1.69386,9.14605,3,Keratinocyte
cell_00474,2.21258,8.23646,3,Keratinocyte
cell_00475,0.66239,9.35452,3,Keratinocyte
cell_00476,1.42063,8.81219,3,Keratinocyte
cell_00477,0.77173,8.74363,3,Keratinocyte
cell_00478,1.37404,7.97018,3,Keratinocyte
cell_00479,1.88295,9.21766,3,Keratinocyte
cell_00480,2.58553,7.95352,3,Keratinocyte
cell_00481,1.04777,8.38179,3,Keratinocyte
cell_00482,2.11759,8.57681,3,Keratinocyte
cell_00483,1.60737,10.24575,3,Keratinocyte
cell_00484,2.47022,9.19788,3,Keratinocyte
cell_00485,2.13883,8.64623,3,Keratinocyte
cell_00486,1.94854,8.71395,3,Keratinocyte
cell_00487,0.86108,9.09775,3,Keratinocyte
cell_00488,1.38284,7.71199,3,Keratinocyte
cell_00489,1.14079,8.07488,3,Keratinocyte
cell_00490,1.53005,8.80701,3,Keratinocyte
cell_00491,0.70760,8.66340,3,Keratinocyte
cell_00492,3.82366,8.74447,3,Keratinocyte
cell_00493,1.84147,10.91672,3,Keratinocyte
cell_00494,0.89723,8.85008,3,Keratinocyte
cell_00495,2.42798,9.51743,3,Keratinocyte
cell_00496,0.48412,8.41849,3,Keratinocyte
cell_00497,0.13925,8.46274,3,Keratinocyte
cell_00498,0.75231,9.11711,3,Keratinocyte
cell_00499,0.94198,7.32180,3,Keratinocyte
cell_00500,1.55958,9.54943,3,Keratinocyte
cell_00501,1.33425,7.48325,3,Keratinocyte
cell_00502,1.49617,8.92426,3,Keratinocyte
cell_00503,1.31020,8.46053,3,Keratinocyte
cell_00504,0.92345,8.57772,3,Keratinocyte
cell_00505,0.52082,7.61870,3,Keratinocyte
cell_00506,1.33181,8.68398,3,Keratinocyte
cell_00507,2.47868,9.11525,3,Keratinocyte
cell_00508,1.47891,8.06258,3,Keratinocyte
cell_00509,1.61361,8.51622,3,Keratinocyte
cell_00510,1.90076,7.72803,3,Keratinocyte
cell_00511,1.11773,8.23543,3,Keratinocyte
cell_00512,0.69137,7.30049,3,Keratinocyte
cell_00513,1.83028,8.61966,3,Keratinocyte
cell_00514,2.06670,7.34177,3,Keratinocyte
cell_00515,3.05607,8.98447,3,Keratinocyte
cell_00516,1.38562,9.65086,3,Keratinocyte
cell_00517,2.77171,9.08718,3,Keratinocyte
cell_00518,1.87356,8.16347,3,Keratinocyte
cell_00519,0.59226,8.53319,3,Keratinocyte
cell_00520,2.30015,8.97113,3,Keratinocyte
cell_00521,1.19640,8.38273,3,Keratinocyte
cell_00522,1.37244,8.29840,3,Keratinocyte
cell_00523,1.01095,8.45369,3,Keratinocyte
cell_00524,1.88069,8.89652,3,Keratinocyte
cell_00525,2.29478,8.34132,3,Keratinocyte
cell_00526,0.80824,8.39217,3,Keratinocyte
cell_00527,1.59659,7.97041,3,Keratinocyte
cell_00528,1.72279,8.64732,3,Keratinocyte
cell_00529,0.94793,9.74243,3,Keratinocyte
cell_00530,1.35423,7.74052,3,Keratinocyte
cell_00531,1.29293,8.46460,3,Keratinocyte
cell_00532,0.20025,7.45157,3,Keratinocyte
cell_00533,0.97609,8.66687,3,Keratinocyte
cell_00534,2.11636,9.51612,3,Keratinocyte
cell_00535,1.56399,8.45682,3,Keratinocyte
cell_00536,1.18311,7.76022,3,Keratinocyte
cell_00537,4.08302,7.94394,3,Keratinocyte
cell_00538,1.02107,7.92692,3,Keratinocyte
cell_00539,2.25765,8.64105,3,Keratinocyte
cell_00540,0.60373,9.38178,3,Keratinocyte
cell_00541,-1.67869,8.54962,7,Hair follicle
cell_00542,-1.39280,7.74339,7,Hair follicle
cell_00543,-1.36887,9.20256,7,Hair follicle
cell_00544,-1.96499,9.54637,7,Hair follicle
cell_00545,-1.17247,7.53393,7,Hair follicle
cell_00546,-1.11620,7.04479,7,Hair follicle
cell_00547,-3.21660,8.39238,7,Hair follicle
cell_00548,-2.55947,7.50485,7,Hair follicle
cell_00549,-2.31313,6.62604,7,Hair follicle
cell_00550,-1.91066,6.45472,7,Hair follicle
cell_00551,-1.49974,6.65025,7,Hair follicle
cell_00552,-1.08557,8.14783,7,Hair follicle
cell_00553,-2.76071,7.66114,7,Hair follicle
cell_00554,-1.69921,7.14271,7,Hair follicle
cell_00555,-2.23487,8.19318,7,Hair follicle
cell_00556,-1.68720,8.27056,7,Hair follicle
cell_00557,-1.76152,7.16881,7,Hair follicle
cell_00558,-1.37413,7.99401,7,Hair follicle
cell_00559,-3.04580,7.09347,7,Hair follicle
cell_00560,-2.03558,8.51042,7,Hair follicle
cell_00561,-2.17249,7.14719,7,Hair follicle
cell_00562,-2.20387,6.99810,7,Hair follicle
cell_00563,-1.85062,8.42790,7,Hair follicle
cell_00564,-2.01786,6.66939,7,Hair follicle
cell_00565,-1.46466,8.88307,7,Hair follicle
cell_00566,-2.01693,7.81952,7,Hair follicle
cell_00567,-3.15018,6.86408,7,Hair follicle
cell_00568,-0.92002,8.04407,7,Hair follicle
cell_00569,-2.30410,7.62438,7,Hair follicle
cell_00570,-1.28818,7.01611,7,Hair follicle
cell_00571,-2.16123,7.76892,7,Hair follicle
cell_00572,-2.05314,7.29213,7,Hair follicle
cell_00573,-2.94927,8.38344,7,Hair follicle
cell_00574,-2.52104,6.85096,7,Hair follicle
cell_00575,-1.60840,7.80686,7,Hair follicle
cell_00576,-1.94068,7.94268,7,Hair follicle
cell_00577,-1.43894,7.92874,7,Hair follicle
cell_00578,-2.15417,5.13713,7,Hair follicle
cell_00579,-2.66872,8.23138,7,Hair follicle
cell_00580,-1.26676,7.33073,7,Hair follicle
cell_00581,-4.16402,8.38831,7,Hair follicle
cell_00582,-2.80149,8.95685,7,Hair follicle
cell_00583,0.79889,7.57259,7,Hair follicle
cell_00584,-2.55184,7.34767,7,Hair follicle
cell_00585,-2.15106,6.91271,7,Hair follicle
cell_00586,-2.11968,7.51183,7,Hair follicle
cell_00587,-1.89348,6.90923,7,Hair follicle
cell_00588,-2.92574,7.22671,7,Hair follicle
cell_00589,-3.78722,7.20403,7,Hair follicle
cell_00590,-3.31392,6.66929,7,Hair follicle
cell_00591,-2.88633,8.26445,7,Hair follicle
cell_00592,-1.42005,6.77620,7,Hair follicle
cell_00593,-2.80288,6.73363,7,Hair follicle
cell_00594,-2.70471,6.87937,7,Hair follicle
cell_00595,-0.89321,7.69724,7,Hair follicle
cell_00596,0.01492,7.25690,7,Hair follicle
cell_00597,-2.47432,8.37236,7,Hair follicle
cell_00598,-1.35905,6.65417,7,Hair follicle
cell_00599,-1.36041,8.12435,7,Hair follicle
cell_00600,-2.36624,7.90494,7,Hair follicle
cell_00601,-1.58056,6.96110,7,Hair follicle
cell_00602,-2.08732,8.26606,7,Hair follicle
cell_00603,-1.49201,6.34022,7,Hair follicle
cell_00604,-0.82475,7.72061,7,Hair follicle
cell_00605,-1.98209,8.72050,7,Hair follicle
cell_00606,-1.78120,6.27065,7,Hair follicle
cell_00607,-3.00266,6.44602,7,Hair follicle
cell_00608,-2.06147,8.04262,7,Hair follicle
cell_00609,-0.75635,6.07438,7,Hair follicle
cell_00610,-3.04397,7.75073,7,Hair follicle
cell_00611,-2.72281,8.01760,7,Hair follicle
cell_00612,-1.86400,7.47707,7,Hair follicle
cell_00613,-1.86205,8.16295,7,Hair follicle
cell_00614,-2.11078,8.06615,7,Hair follicle
cell_00615,-0.70570,7.13015,7,Hair follicle
cell_00616,-0.91605,7.99006,7,Hair follicle
cell_00617,-2.03705,7.65650,7,Hair follicle
cell_00618,-1.17646,6.91288,7,Hair follicle
cell_00619,-2.44019,7.33882,7,Hair follicle
cell_00620,-2.58774,8.73114,7,Hair follicle
cell_00621,-2.30588,7.36234,7,Hair follicle
cell_00622,-0.88009,6.70662,7,Hair follicle
cell_00623,-1.67347,7.05159,7,Hair follicle
cell_00624,-1.68069,7.40765,7,Hair follicle
cell_00625,-2.55369,6.78462,7,Hair follicle
cell_00626,-2.03163,8.08523,7,Hair follicle
cell_00627,-2.29670,9.40777,7,Hair follicle
cell_00628,-1.63698,7.14132,7,Hair follicle
cell_00629,-1.97468,8.38611,7,Hair follicle
cell_00630,-1.70061,8.48519,7,Hair follicle
cell_00631,-2.05633,7.47485,7,Hair follicle
cell_00632,-2.16590,7.12798,7,Hair follicle
cell_00633,-1.40522,7.24756,7,Hair follicle
cell_00634,-1.25643,6.98617,7,Hair follicle
cell_00635,-3.52601,8.13959,7,Hair follicle
cell_00636,-1.95763,6.52139,7,Hair follicle
cell_00637,-1.43693,8.23471,7,Hair follicle
cell_00638,-0.76775,8.13746,7,Hair follicle
cell_00639,-2.68761,7.84579,7,Hair follicle
cell_00640,-1.79640,7.79512,7,Hair follicle
cell_00641,-4.35236,7.39742,7,Hair follicle
cell_00642,-1.17557,9.09543,7,Hair follicle
cell_00643,-2.51420,7.96800,7,Hair follicle
cell_00644,-1.85719,7.96003,7,Hair follicle
cell_00645,-1.16405,6.76130,7,Hair follicle
cell_00646,-1.98977,6.94859,7,Hair follicle
cell_00647,-2.75365,7.16650,7,Hair follicle
cell_00648,-2.12790,7.69662,7,Hair follicle
cell_00649,-2.33745,8.02544,7,Hair follicle
cell_00650,-3.49680,9.46409,7,Hair follicle
cell_00651,-2.53204,7.44435,7,Hair follicle
cell_00652,-3.97506,8.49509,7,Hair follicle
cell_00653,-1.79298,7.28714,7,Hair follicle
cell_00654,-0.99398,7.60058,7,Hair follicle
cell_00655,-1.97581,7.54867,7,Hair follicle
cell_00656,-1.85112,6.76369,7,Hair follicle
cell_00657,-1.78113,7.73470,7,Hair follicle
cell_00658,-2.98517,6.51077,7,Hair follicle
cell_00659,-2.15720,7.58258,7,Hair follicle
cell_00660,-2.90814,6.90123,7,Hair follicle
cell_00661,-1.99546,7.15652,7,Hair follicle
cell_00662,-0.81467,7.41963,7,Hair follicle
cell_00663,-3.35558,7.67337,7,Hair follicle
cell_00664,-1.82487,8.27850,7,Hair follicle
cell_00665,-2.44791,7.05984,7,Hair follicle
cell_00666,-2.03370,8.36990,7,Hair follicle
cell_00667,-3.18273,7.61984,7,Hair follicle
cell_00668,-2.96596,7.67497,7,Hair follicle
cell_00669,-2.71484,7.01879,7,Hair follicle
cell_00670,-0.97379,7.98967,7,Hair follicle
cell_00671,-2.12219,7.58061,7,Hair follicle
cell_00672,-2.36302,7.94624,7,Hair follicle
cell_00673,-2.81955,7.84209,7,Hair follicle
cell_00674,-1.64527,7.73738,7,Hair follicle
cell_00675,-1.92675,7.06174,7,Hair follicle
cell_00676,-2.34867,7.76624,7,Hair follicle
cell_00677,-2.03346,7.21404,7,Hair follicle
cell_00678,0.58025,7.21079,7,Hair follicle
cell_00679,-1.48201,8.41574,7,Hair follicle
cell_00680,-2.83335,6.74083,7,Hair follicle
cell_00681,-3.12550,7.86646,7,Hair follicle
cell_00682,-1.75606,7.27530,7,Hair follicle
cell_00683,-2.46274,8.00833,7,Hair follicle
cell_00684,-2.05108,6.51376,7,Hair follicle
cell_00685,-2.11298,7.80901,7,Hair follicle
cell_00686,-2.35467,7.96277,7,Hair follicle
cell_00687,-2.97117,7.42335,7,Hair follicle
cell_00688,-1.53049,7.69807,7,Hair follicle
cell_00689,-2.33181,8.50873,7,Hair follicle
cell_00690,0.05577,7.74312,7,Hair follicle
cell_00691,-1.51233,8.35873,7,Hair follicle
cell_00692,-2.11389,7.93325,7,Hair follicle
cell_00693,-2.59584,7.52335,7,Hair follicle
cell_00694,-2.34869,7.20777,7,Hair follicle
cell_00695,-1.93244,7.37785,7,Hair follicle
cell_00696,-0.68645,6.80845,7,Hair follicle
cell_00697,-2.23860,7.62689,7,Hair follicle
cell_00698,-0.73164,7.29392,7,Hair follicle
cell_00699,-1.86950,8.10893,7,Hair follicle
cell_00700,-1.25292,7.02429,7,Hair follicle
cell_00701,-3.96621,6.32306,7,Hair follicle
cell_00702,-1.11492,8.20882,7,Hair follicle
cell_00703,-1.91383,7.31487,7,Hair follicle
cell_00704,-1.56889,7.71185,7,Hair follicle
cell_00705,-2.04461,7.36234,7,Hair follicle
cell_00706,-1.65898,8.03234,7,Hair follicle
cell_00707,-1.93364,6.72573,7,Hair follicle
cell_00708,-2.00387,7.78534,7,Hair follicle
cell_00709,-2.89966,7.61230,7,Hair follicle
cell_00710,-2.43170,8.45662,7,Hair follicle
cell_00711,-2.26470,6.74876,7,Hair follicle
cell_00712,-1.84596,7.17546,7,Hair follicle
cell_00713,-1.96013,7.44356,7,Hair follicle
cell_00714,-1.31377,6.74540,7,Hair follicle
cell_00715,-2.02587,7.18859,7,Hair follicle
cell_00716,-2.25022,8.84717,7,Hair follicle
cell_00717,-1.02210,6.68287,7,Hair follicle
cell_00718,-3.62317,7.01424,7,Hair follicle
cell_00719,-1.34335,8.07038,7,Hair follicle
cell_00720,-1.47012,7.52944,7,Hair follicle
cell_00721,-7.23499,4.77453,9,Schwann
cell_00722,-7.00467,3.90725,9,Schwann
cell_00723,-6.54878,4.45831,9,Schwann
cell_00724,-7.01191,2.16708,9,Schwann
cell_00725,-7.91805,3.70449,9,Schwann
cell_00726,-7.59124,4.65224,9,Schwann
cell_00727,-8.21731,3.51045,9,Schwann
cell_00728,-7.56042,5.33770,9,Schwann
cell_00729,-8.51882,3.12442,9,Schwann
cell_00730,-7.34841,3.15278,9,Schwann
cell_00731,-6.76171,2.52814,9,Schwann
cell_00732,-5.18294,4.29778,9,Schwann
cell_00733,-6.96078,4.06516,9,Schwann
cell_00734,-6.80164,3.87544,9,Schwann
cell_00735,-6.47747,3.64583,9,Schwann
cell_00736,-6.80433,2.95507,9,Schwann
cell_00737,-5.84029,3.15264,9,Schwann
cell_00738,-6.59942,3.86526,9,Schwann
cell_00739,-7.76735,3.51578,9,Schwann
cell_00740,-7.89661,4.14643,9,Schwann
cell_00741,-7.33159,3.88013,9,Schwann
cell_00742,-8.96678,4.11631,9,Schwann
cell_00743,-6.84509,4.42367,9,Schwann
cell_00744,-6.75517,4.03597,9,Schwann
cell_00745,-7.29597,4.62830,9,Schwann
cell_00746,-6.79984,5.07238,9,Schwann
cell_00747,-8.09143,3.97304,9,Schwann
cell_00748,-6.11901,3.91267,9,Schwann
cell_00749,-6.79097,4.11012,9,Schwann
cell_00750,-7.52520,3.32983,9,Schwann
cell_00751,-7.61656,5.32748,9,Schwann
cell_00752,-7.42466,4.06320,9,Schwann
cell_00753,-7.53572,4.52860,9,Schwann
cell_00754,-7.19374,3.24968,9,Schwann
cell_00755,-7.43911,3.53828,9,Schwann
cell_00756,-7.53529,2.84329,9,Schwann
cell_00757,-6.82441,3.09112,9,Schwann
cell_00758,-6.64912,3.27057,9,Schwann
cell_00759,-7.69989,5.42645,9,Schwann
cell_00760,-7.39737,3.15622,9,Schwann
cell_00761,-7.95199,2.97655,9,Schwann
cell_00762,-6.82387,2.34586,9,Schwann
cell_00763,-6.73928,4.43654,9,Schwann
cell_00764,-6.82302,4.24452,9,Schwann
cell_00765,-6.48630,4.23249,9,Schwann
cell_00766,-7.84001,3.17491,9,Schwann
cell_00767,-6.78978,4.45621,9,Schwann
cell_00768,-6.51771,3.60692,9,Schwann
cell_00769,-7.86143,3.61346,9,Schwann
cell_00770,-7.65087,3.66144,9,Schwann
cell_00771,-6.07957,4.19381,9,Schwann
cell_00772,-6.51060,4.10403,9,Schwann
cell_00773,-7.20708,3.23084,9,Schwann
cell_00774,-6.23899,4.43682,9,Schwann
cell_00775,-7.13966,3.81028,9,Schwann
cell_00776,-8.71216,3.31201,9,Schwann
cell_00777,-6.81668,3.12006,9,Schwann
cell_00778,-6.86383,4.95010,9,Schwann
cell_00779,-7.56748,3.51805,9,Schwann
cell_00780,-8.21406,4.72600,9,Schwann
cell_00781,-8.32907,3.09275,9,Schwann
cell_00782,-7.25292,3.73905,9,Schwann
cell_00783,-7.35559,3.32012,9,Schwann
cell_00784,-7.53134,4.13505,9,Schwann
cell_00785,-7.13105,4.32521,9,Schwann
cell_00786,-5.66742,3.63616,9,Schwann
cell_00787,-8.18539,3.55920,9,Schwann
cell_00788,-7.57616,4.06529,9,Schwann
cell_00789,-7.84531,4.11254,9,Schwann
cell_00790,-7.27742,6.34921,9,Schwann
cell_00791,-6.76049,2.83621,9,Schwann
cell_00792,-7.00248,4.95070,9,Schwann
cell_00793,-6.34181,3.71001,9,Schwann
cell_00794,-6.17722,4.87500,9,Schwann
cell_00795,-7.64762,4.04517,9,Schwann
cell_00796,-5.71634,3.24175,9,Schwann
cell_00797,-6.21079,3.22973,9,Schwann
cell_00798,-6.52224,3.50503,9,Schwann
cell_00799,-8.21571,2.34894,9,Schwann
cell_00800,-7.02913,4.04473,9,Schwann
cell_00801,-7.28278,3.57838,9,Schwann
cell_00802,-6.85322,4.98396,9,Schwann
cell_00803,-7.16632,3.90265,9,Schwann
cell_00804,-6.55465,4.78917,9,Schwann
cell_00805,-6.71727,3.56873,9,Schwann
cell_00806,-7.52975,3.28793,9,Schwann
cell_00807,-6.83293,4.54850,9,Schwann
cell_00808,-7.34687,4.06430,9,Schwann
cell_00809,-7.85579,5.57049,9,Schwann
cell_00810,-6.29906,3.63876,9,Schwann
cell_00811,-7.62786,3.34314,9,Schwann
cell_00812,-7.24008,2.98987,9,Schwann
cell_00813,-7.41920,3.28696,9,Schwann
cell_00814,-6.50226,3.64011,9,Schwann
cell_00815,-7.05424,4.38198,9,Schwann
cell_00816,-7.23305,4.86321,9,Schwann
cell_00817,-8.45783,3.54580,9,Schwann
cell_00818,-7.35976,2.69908,9,Schwann
cell_00819,-6.89310,2.95366,9,Schwann
cell_00820,-6.98412,3.23785,9,Schwann
cell_00821,-7.70094,3.81082,9,Schwann
cell_00822,-6.97101,3.60341,9,Schwann
cell_00823,-8.12885,4.24898,9,Schwann
cell_00824,-5.84396,2.52766,9,Schwann
cell_00825,-7.47095,3.15324,9,Schwann
cell_00826,-7.01289,4.85549,9,Schwann
cell_00827,-7.35596,4.22235,9,Schwann
cell_00828,-6.98579,2.90436,9,Schwann
cell_00829,-7.58248,3.04436,9,Schwann
cell_00830,-5.32357,4.36310,9,Schwann
cell_00831,-7.32805,3.72348,9,Schwann
cell_00832,-6.28254,3.81602,9,Schwann
cell_00833,-6.01984,4.36121,9,Schwann
cell_00834,-6.67323,3.64795,9,Schwann
cell_00835,-7.87548,3.33776,9,Schwann
cell_00836,-7.83645,4.06380,9,Schwann
cell_00837,-7.07523,5.98215,9,Schwann
cell_00838,-6.40102,3.36074,9,Schwann
cell_00839,-7.68033,3.88249,9,Schwann
cell_00840,-7.14048,2.48404,9,Schwann
cell_00841,-6.68498,4.13047,9,Schwann
cell_00842,-7.71359,3.10145,9,Schwann
cell_00843,-8.28767,4.09022,9,Schwann
cell_00844,-6.52696,3.76084,9,Schwann
cell_00845,-7.64628,4.75816,9,Schwann
cell_00846,-8.33556,3.83658,9,Schwann
cell_00847,-7.00322,2.57911,9,Schwann
cell_00848,-6.67201,5.13489,9,Schwann
cell_00849,-6.58353,3.87219,9,Schwann
cell_00850,-6.83472,3.48812,9,Schwann
cell_00851,-8.34831,3.71509,9,Schwann
cell_00852,-6.51210,3.46178,9,Schwann
cell_00853,-6.78877,3.92528,9,Schwann
cell_00854,-7.40149,3.91084,9,Schwann
cell_00855,-7.08301,4.54412,9,Schwann
cell_00856,-8.80268,4.87723,9,Schwann
cell_00857,-7.22137,3.70495,9,Schwann
cell_00858,-7.76356,3.44335,9,Schwann
cell_00859,-7.78519,3.68722,9,Schwann
cell_00860,-7.66368,3.76423,9,Schwann
cell_00861,-7.27575,2.59200,9,Schwann
cell_00862,-7.06893,3.07966,9,Schwann
cell_00863,-5.85133,4.25523,9,Schwann
cell_00864,-6.78641,4.78336,9,Schwann
cell_00865,-7.08781,4.31198,9,Schwann
cell_00866,-7.96929,3.66265,9,Schwann
cell_00867,-7.71311,2.63761,9,Schwann
cell_00868,-5.45900,2.95940,9,Schwann
cell_00869,-6.93136,3.27704,9,Schwann
cell_00870,-6.95685,3.33778,9,Schwann
cell_00871,-8.05006,3.08077,9,Schwann
cell_00872,-7.30456,3.42034,9,Schwann
cell_00873,-6.63905,3.55082,9,Schwann
cell_00874,-7.74863,4.00540,9,Schwann
cell_00875,-7.27009,4.61263,9,Schwann
cell_00876,-7.81291,4.39331,9,Schwann
cell_00877,-7.47703,4.42430,9,Schwann
cell_00878,-7.30175,1.90165,9,Schwann
cell_00879,-7.25587,4.36740,9,Schwann
cell_00880,-7.48651,4.19106,9,Schwann
cell_00881,-6.85241,4.38818,9,Schwann
cell_00882,-8.36350,3.20686,9,Schwann
cell_00883,-8.19718,4.64763,9,Schwann
cell_00884,-6.24137,3.89314,9,Schwann
cell_00885,-6.61773,4.76896,9,Schwann
cell_00886,-7.82208,3.81371,9,Schwann
cell_00887,-8.59628,3.32790,9,Schwann
cell_00888,-6.72048,4.01546,9,Schwann
cell_00889,-6.54572,2.59272,9,Schwann
cell_00890,-6.81444,3.72506,9,Schwann
cell_00891,-7.58536,4.03769,9,Schwann
cell_00892,-7.44445,2.77912,9,Schwann
cell_00893,-7.68531,3.89714,9,Schwann
cell_00894,-7.29089,4.01319,9,Schwann
cell_00895,-8.24319,4.48657,9,Schwann
cell_00896,-6.41483,3.80757,9,Schwann
cell_00897,-6.31619,3.25971,9,Schwann
cell_00898,-6.60874,4.42784,9,Schwann
cell_00899,-7.28514,4.63434,9,Schwann
cell_00900,-8.75843,2.33070,9,Schwann
cell_00901,9.05583,-6.26332,11,Lymphoid
cell_00902,6.23828,-6.67238,11,Lymphoid
cell_00903,9.38912,-6.01767,11,Lymphoid
cell_00904,8.14042,-5.46792,11,Lymphoid
cell_00905,8.49456,-7.71195,11,Lymphoid
cell_00906,9.84136,-6.74060,11,Lymphoid
cell_00907,8.56534,-6.89015,11,Lymphoid
cell_00908,8.37020,-6.46282,11,Lymphoid
cell_00909,9.03727,-4.84862,11,Lymphoid
cell_00910,8.87934,-6.96038,11,Lymphoid
cell_00911,8.13159,-7.22644,11,Lymphoid
cell_00912,7.91304,-6.23972,11,Lymphoid
cell_00913,7.07925,-6.47569,11,Lymphoid
cell_00914,8.83936,-4.84846,11,Lymphoid
cell_00915,8.96571,-7.17222,11,Lymphoid
cell_00916,7.93282,-6.56185,11,Lymphoid
cell_00917,6.90890,-6.35445,11,Lymphoid
cell_00918,8.49240,-6.91369,11,Lymphoid
cell_00919,8.71654,-7.50573,11,Lymphoid
cell_00920,7.26934,-7.44921,11,Lymphoid
cell_00921,8.26288,-6.49696,11,Lymphoid
cell_00922,10.24067,-6.47561,11,Lymphoid
cell_00923,10.74222,-6.67995,11,Lymphoid
cell_00924,7.92789,-6.03842,11,Lymphoid
cell_00925,8.16278,-6.46837,11,Lymphoid
cell_00926,9.29121,-6.25674,11,Lymphoid
cell_00927,8.10617,-5.62022,11,Lymphoid
cell_00928,7.45261,-5.56166,11,Lymphoid
cell_00929,8.61437,-6.07338,11,Lymphoid
cell_00930,6.30992,-5.87588,11,Lymphoid
cell_00931,8.13160,-5.87137,11,Lymphoid
cell_00932,8.56886,-4.97590,11,Lymphoid
cell_00933,7.90913,-6.19640,11,Lymphoid
cell_00934,9.44688,-5.67016,11,Lymphoid
cell_00935,8.96592,-6.33475,11,Lymphoid
cell_00936,9.65936,-5.84351,11,Lymphoid
cell_00937,6.89800,-5.71421,11,Lymphoid
cell_00938,8.17694,-7.82613,11,Lymphoid
cell_00939,9.04823,-5.97160,11,Lymphoid
cell_00940,7.36722,-6.48792,11,Lymphoid
cell_00941,7.57846,-7.26112,11,Lymphoid
cell_00942,7.91341,-6.71120,11,Lymphoid
cell_00943,9.61756,-6.63690,11,Lymphoid
cell_00944,8.20636,-5.39268,11,Lymphoid
cell_00945,8.82037,-6.43091,11,Lymphoid
cell_00946,8.47806,-5.83362,11,Lymphoid
cell_00947,10.10095,-7.12727,11,Lymphoid
cell_00948,8.61798,-6.95280,11,Lymphoid
cell_00949,8.85508,-6.81896,11,Lymphoid
cell_00950,10.13153,-5.66494,11,Lymphoid
cell_00951,8.88341,-6.18371,11,Lymphoid
cell_00952,7.91522,-6.04461,11,Lymphoid
cell_00953,8.89195,-6.32608,11,Lymphoid
cell_00954,8.82015,-6.32301,11,Lymphoid
cell_00955,7.08130,-5.71660,11,Lymphoid
cell_00956,8.71838,-5.37273,11,Lymphoid
cell_00957,6.99980,-7.78798,11,Lymphoid
cell_00958,7.61189,-6.65944,11,Lymphoid
cell_00959,8.93329,-6.62196,11,Lymphoid
cell_00960,9.46976,-6.25467,11,Lymphoid
cell_00961,7.39859,-6.76999,11,Lymphoid
cell_00962,9.16119,-6.93852,11,Lymphoid
cell_00963,9.41102,-6.55729,11,Lymphoid
cell_00964,7.76186,-7.49918,11,Lymphoid
cell_00965,9.25250,-7.94165,11,Lymphoid
cell_00966,9.57131,-5.44539,11,Lymphoid
cell_00967,7.99894,-7.09067,11,Lymphoid
cell_00968,7.56349,-6.58590,11,Lymphoid
cell_00969,9.16212,-5.60438,11,Lymphoid
cell_00970,7.72708,-5.82404,11,Lymphoid
cell_00971,8.09113,-5.48623,11,Lymphoid
cell_00972,7.58072,-6.67311,11,Lymphoid
cell_00973,8.40070,-6.57986,11,Lymphoid
cell_00974,7.91358,-5.71123,11,Lymphoid
cell_00975,8.29174,-7.11843,11,Lymphoid
cell_00976,9.68807,-6.05509,11,Lymphoid
cell_00977,10.52534,-5.21057,11,Lymphoid
cell_00978,7.10045,-6.70002,11,Lymphoid
cell_00979,7.31175,-6.95378,11,Lymphoid
cell_00980,8.63027,-6.38282,11,Lymphoid
cell_00981,8.44652,-7.15320,11,Lymphoid
cell_00982,9.99370,-6.85516,11,Lymphoid
cell_00983,9.45997,-7.72775,11,Lymphoid
cell_00984,11.21028,-6.43234,11,Lymphoid
cell_00985,7.85833,-6.76194,11,Lymphoid
cell_00986,8.00082,-5.96736,11,Lymphoid
cell_00987,8.28331,-5.07369,11,Lymphoid
cell_00988,8.20864,-6.22511,11,Lymphoid
cell_00989,8.91637,-5.38216,11,Lymphoid
cell_00990,9.02215,-6.33472,11,Lymphoid
cell_00991,7.96523,-5.93887,11,Lymphoid
cell_00992,8.65322,-5.47752,11,Lymphoid
cell_00993,8.28482,-5.51296,11,Lymphoid
cell_00994,8.71553,-6.18487,11,Lymphoid
cell_00995,10.21354,-6.44646,11,Lymphoid
cell_00996,8.53486,-6.38005,11,Lymphoid
cell_00997,8.86628,-7.23762,11,Lymphoid
cell_00998,9.08262,-6.46137,11,Lymphoid
cell_00999,9.25863,-6.26232,11,Lymphoid
cell_01000,8.76027,-6.15849,11,Lymphoid
cell_01001,8.49714,-7.60524,11,Lymphoid
cell_01002,8.05334,-6.00673,11,Lymphoid
cell_01003,8.25365,-6.84669,11,Lymphoid
cell_01004,8.41102,-6.03778,11,Lymphoid
cell_01005,9.56317,-6.88094,11,Lymphoid
cell_01006,8.26739,-6.71005,11,Lymphoid
cell_01007,8.39790,-6.32861,11,Lymphoid
cell_01008,9.79373,-7.02393,11,Lymphoid
cell_01009,8.43412,-5.92964,11,Lymphoid
cell_01010,8.10663,-5.73066,11,Lymphoid
cell_01011,9.99973,-7.00284,11,Lymphoid
cell_01012,9.31843,-7.07564,11,Lymphoid
cell_01013,8.95609,-5.48178,11,Lymphoid
cell_01014,8.23213,-6.51009,11,Lymphoid
cell_01015,9.54805,-6.45053,11,Lymphoid
cell_01016,6.71228,-7.61052,11,Lymphoid
cell_01017,9.27760,-6.56322,11,Lymphoid
cell_01018,7.60736,-6.87068,11,Lymphoid
cell_01019,8.85113,-7.12938,11,Lymphoid
cell_01020,7.28444,-7.21277,11,Lymphoid
cell_01021,6.67168,-6.16646,11,Lymphoid
cell_01022,7.96014,-6.59814,11,Lymphoid
cell_01023,9.18761,-6.41098,11,Lymphoid
cell_01024,8.25486,-7.11800,11,Lymphoid
cell_01025,8.73803,-5.51864,11,Lymphoid
cell_01026,9.14554,-5.70582,11,Lymphoid
cell_01027,7.92807,-6.33931,11,Lymphoid
cell_01028,9.46358,-5.49457,11,Lymphoid
cell_01029,8.53065,-5.69677,11,Lymphoid
cell_01030,8.71471,-5.29958,11,Lymphoid
cell_01031,8.45108,-6.04267,11,Lymphoid
cell_01032,7.94029,-6.84490,11,Lymphoid
cell_01033,8.21600,-5.93227,11,Lymphoid
cell_01034,8.75459,-6.63034,11,Lymphoid
cell_01035,9.48628,-5.90798,11,Lymphoid
cell_01036,8.59933,-7.22250,11,Lymphoid
cell_01037,8.01245,-6.46283,11,Lymphoid
cell_01038,8.86427,-6.25502,11,Lymphoid
cell_01039,9.03008,-6.15021,11,Lymphoid
cell_01040,6.95678,-5.86305,11,Lymphoid
cell_01041,10.77916,-5.77623,11,Lymphoid
cell_01042,9.79312,-5.08041,11,Lymphoid
cell_01043,8.74225,-5.61517,11,Lymphoid
cell_01044,9.58591,-8.06504,11,Lymphoid
cell_01045,9.05389,-7.11876,11,Lymphoid
cell_01046,8.64356,-6.22554,11,Lymphoid
cell_01047,8.91367,-6.39106,11,Lymphoid
cell_01048,8.79164,-6.07653,11,Lymphoid
cell_01049,8.84506,-6.23447,11,Lymphoid
cell_01050,9.38702,-6.47224,11,Lymphoid
cell_01051,8.06733,-7.05798,11,Lymphoid
cell_01052,8.36255,-5.87713,11,Lymphoid
cell_01053,7.57235,-5.41115,11,Lymphoid
cell_01054,7.61697,-6.04382,11,Lymphoid
cell_01055,8.05693,-6.40365,11,Lymphoid
cell_01056,8.67294,-5.83570,11,Lymphoid
cell_01057,7.53230,-6.50781,11,Lymphoid
cell_01058,7.94850,-5.49694,11,Lymphoid
cell_01059,8.81784,-5.90438,11,Lymphoid
cell_01060,8.89712,-6.17189,11,Lymphoid
cell_01061,8.59866,-6.50918,11,Lymphoid
cell_01062,9.66000,-6.03592,11,Lymphoid
cell_01063,9.32256,-6.84709,11,Lymphoid
cell_01064,9.52932,-5.25802,11,Lymphoid
cell_01065,6.48185,-5.62181,11,Lymphoid
cell_01066,6.90356,-5.84984,11,Lymphoid
cell_01067,7.96862,-7.35477,11,Lymphoid
cell_01068,8.67208,-6.71923,11,Lymphoid
cell_01069,8.09053,-7.64919,11,Lymphoid
cell_01070,9.87177,-6.01913,11,Lymphoid
cell_01071,8.96958,-7.24050,11,Lymphoid
cell_01072,9.24168,-5.34748,11,Lymphoid
cell_01073,7.78673,-7.40906,11,Lymphoid
cell_01074,8.46216,-6.55362,11,Lymphoid
cell_01075,7.47652,-5.42483,11,Lymphoid
cell_01076,8.61997,-6.66691,11,Lymphoid
cell_01077,8.01486,-5.91967,11,Lymphoid
cell_01078,8.18242,-6.41726,11,Lymphoid
cell_01079,8.24507,-6.72387,11,Lymphoid
cell_01080,8.10046,-6.96140,11,Lymphoid
cell_01081,10.03854,-6.45568,14,Lymphoid
cell_01082,10.88994,-5.68740,14,Lymphoid
cell_01083,12.27359,-6.55757,14,Lymphoid
cell_01084,9.89888,-6.91138,14,Lymphoid
cell_01085,10.24904,-7.38595,14,Lymphoid
cell_01086,10.47205,-6.24190,14,Lymphoid
cell_01087,10.11826,-7.21505,14,Lymphoid
cell_01088,9.57112,-6.00081,14,Lymphoid
cell_01089,9.62015,-6.15956,14,Lymphoid
cell_01090,8.93317,-7.30446,14,Lymphoid
cell_01091,10.37984,-7.70950,14,Lymphoid
cell_01092,8.53221,-5.66914,14,Lymphoid
cell_01093,10.61730,-6.46713,14,Lymphoid
cell_01094,9.14808,-7.18436,14,Lymphoid
cell_01095,10.76455,-6.93272,14,Lymphoid
cell_01096,8.74581,-7.83208,14,Lymphoid
cell_01097,10.34740,-7.05686,14,Lymphoid
cell_01098,9.62246,-6.95503,14,Lymphoid
cell_01099,8.69109,-6.71314,14,Lymphoid
cell_01100,8.34661,-6.72733,14,Lymphoid
cell_01101,11.30115,-6.12118,14,Lymphoid
cell_01102,9.90679,-6.47409,14,Lymphoid
cell_01103,11.42140,-7.08201,14,Lymphoid
cell_01104,9.52504,-6.57594,14,Lymphoid
cell_01105,11.34094,-7.77014,14,Lymphoid
cell_01106,11.02650,-7.54625,14,Lymphoid
cell_01107,9.77490,-6.54552,14,Lymphoid
cell_01108,9.99417,-6.92995,14,Lymphoid
cell_01109,8.61428,-7.15314,14,Lymphoid
cell_01110,9.92817,-6.93197,14,Lymphoid
cell_01111,10.58893,-6.23760,14,Lymphoid
cell_01112,8.48238,-7.51958,14,Lymphoid
cell_01113,9.94088,-7.17728,14,Lymphoid
cell_01114,8.48260,-6.47250,14,Lymphoid
cell_01115,9.80856,-7.40679,14,Lymphoid
cell_01116,10.16002,-6.22352,14,Lymphoid
cell_01117,8.95017,-8.23862,14,Lymphoid
cell_01118,10.43519,-6.79537,14,Lymphoid
cell_01119,8.56313,-6.46952,14,Lymphoid
cell_01120,8.66123,-6.22790,14,Lymphoid
cell_01121,8.95575,-6.95431,14,Lymphoid
cell_01122,10.95362,-7.28701,14,Lymphoid
cell_01123,10.33058,-5.78665,14,Lymphoid
cell_01124,10.45899,-7.19401,14,Lymphoid
cell_01125,10.93978,-5.89774,14,Lymphoid
cell_01126,10.24482,-6.79399,14,Lymphoid
cell_01127,10.83950,-6.51532,14,Lymphoid
cell_01128,10.28235,-7.65699,14,Lymphoid
cell_01129,10.09254,-6.87678,14,Lymphoid
cell_01130,10.00453,-8.00699,14,Lymphoid
cell_01131,9.38219,-7.29767,14,Lymphoid
cell_01132,11.15723,-7.24393,14,Lymphoid
cell_01133,10.69214,-6.28629,14,Lymphoid
cell_01134,12.07271,-7.13621,14,Lymphoid
cell_01135,11.39478,-6.67432,14,Lymphoid
cell_01136,8.90510,-7.63527,14,Lymphoid
cell_01137,10.59077,-6.52737,14,Lymphoid
cell_01138,9.95722,-8.13305,14,Lymphoid
cell_01139,8.47193,-6.97059,14,Lymphoid
cell_01140,10.21628,-7.13196,14,Lymphoid
cell_01141,9.57364,-5.92880,14,Lymphoid
cell_01142,11.19985,-7.74587,14,Lymphoid
cell_01143,10.19433,-6.37887,14,Lymphoid
cell_01144,9.18255,-7.01732,14,Lymphoid
cell_01145,9.83020,-6.52275,14,Lymphoid
cell_01146,10.52222,-7.12416,14,Lymphoid
cell_01147,10.42262,-6.71975,14,Lymphoid
cell_01148,9.59990,-7.15650,14,Lymphoid
cell_01149,9.43435,-6.24795,14,Lymphoid
cell_01150,9.98259,-6.82547,14,Lymphoid
cell_01151,10.01918,-6.83677,14,Lymphoid
cell_01152,9.09701,-7.17555,14,Lymphoid
cell_01153,10.22990,-5.62530,14,Lymphoid
cell_01154,8.28024,-5.94101,14,Lymphoid
cell_01155,9.55404,-7.16483,14,Lymphoid
cell_01156,9.12329,-7.11937,14,Lymphoid
cell_01157,10.97407,-6.82250,14,Lymphoid
cell_01158,11.81409,-6.04568,14,Lymphoid
cell_01159,11.69865,-6.17554,14,Lymphoid
cell_01160,9.38614,-6.80276,14,Lymphoid
cell_01161,10.50208,-6.27601,14,Lymphoid
cell_01162,8.35037,-7.15270,14,Lymphoid
cell_01163,9.55248,-7.15527,14,Lymphoid
cell_01164,10.37492,-6.74458,14,Lymphoid
cell_01165,9.01664,-6.18844,14,Lymphoid
cell_01166,11.97069,-6.52214,14,Lymphoid
cell_01167,10.74021,-6.95728,14,Lymphoid
cell_01168,9.91120,-8.58606,14,Lymphoid
cell_01169,10.68297,-7.03629,14,Lymphoid
cell_01170,9.62151,-6.96168,14,Lymphoid
cell_01171,9.67908,-7.10939,14,Lymphoid
cell_01172,8.77236,-6.56349,14,Lymphoid
cell_01173,10.32713,-7.39142,14,Lymphoid
cell_01174,10.08345,-6.94297,14,Lymphoid
cell_01175,8.72593,-6.26940,14,Lymphoid
cell_01176,10.13509,-7.33668,14,Lymphoid
cell_01177,9.60943,-7.67765,14,Lymphoid
cell_01178,9.40964,-6.64230,14,Lymphoid
cell_01179,10.90804,-6.07203,14,Lymphoid
cell_01180,11.18196,-6.44826,14,Lymphoid
cell_01181,10.15259,-6.03723,14,Lymphoid
cell_01182,11.25469,-5.99797,14,Lymphoid
cell_01183,7.56972,-7.09997,14,Lymphoid
cell_01184,9.75499,-7.41283,14,Lymphoid
cell_01185,8.11597,-7.01811,14,Lymphoid
cell_01186,10.52052,-6.99047,14,Lymphoid
cell_01187,10.09646,-5.99695,14,Lymphoid
cell_01188,9.21279,-7.29850,14,Lymphoid
cell_01189,9.63761,-7.80294,14,Lymphoid
cell_01190,8.99935,-7.60724,14,Lymphoid
cell_01191,10.80967,-6.03872,14,Lymphoid
cell_01192,8.86804,-6.57991,14,Lymphoid
cell_01193,10.79346,-5.00141,14,Lymphoid
cell_01194,11.64307,-6.37729,14,Lymphoid
cell_01195,11.28834,-7.70780,14,Lymphoid
cell_01196,11.57337,-5.67492,14,Lymphoid
cell_01197,10.02055,-5.77334,14,Lymphoid
cell_01198,8.50418,-6.15155,14,Lymphoid
cell_01199,10.17266,-6.47863,14,Lymphoid
cell_01200,9.52583,-6.91176,14,Lymphoid
cell_01201,10.09496,-5.52663,14,Lymphoid
cell_01202,10.31749,-5.62868,14,Lymphoid
cell_01203,9.29623,-5.73189,14,Lymphoid
cell_01204,9.53824,-7.62082,14,Lymphoid
cell_01205,10.31531,-7.08521,14,Lymphoid
cell_01206,9.32583,-6.31902,14,Lymphoid
cell_01207,9.59361,-5.58922,14,Lymphoid
cell_01208,9.89779,-7.46142,14,Lymphoid
cell_01209,9.54189,-7.00723,14,Lymphoid
cell_01210,7.60936,-5.94283,14,Lymphoid
cell_01211,10.16427,-7.53876,14,Lymphoid
cell_01212,10.38866,-7.40894,14,Lymphoid
cell_01213,9.10470,-6.30936,14,Lymphoid
cell_01214,11.00001,-6.43780,14,Lymphoid
cell_01215,11.78073,-6.11087,14,Lymphoid
cell_01216,10.72107,-6.57483,14,Lymphoid
cell_01217,8.71668,-7.43681,14,Lymphoid
cell_01218,8.66859,-6.57434,14,Lymphoid
cell_01219,10.28580,-6.43400,14,Lymphoid
cell_01220,10.98107,-6.40061,14,Lymphoid
cell_01221,8.43879,-7.41385,14,Lymphoid
cell_01222,10.39355,-7.43325,14,Lymphoid
cell_01223,9.59733,-7.19957,14,Lymphoid
cell_01224,10.50834,-6.10044,14,Lymphoid
cell_01225,9.73038,-7.16224,14,Lymphoid
cell_01226,10.48762,-7.90063,14,Lymphoid
cell_01227,10.15721,-6.70489,14,Lymphoid
cell_01228,8.61486,-8.07013,14,Lymphoid
cell_01229,9.50145,-6.01819,14,Lymphoid
cell_01230,10.03694,-7.25674,14,Lymphoid
cell_01231,9.08144,-6.46525,14,Lymphoid
cell_01232,9.47596,-7.07460,14,Lymphoid
cell_01233,9.50280,-6.80203,14,Lymphoid
cell_01234,10.06691,-7.21312,14,Lymphoid
cell_01235,10.79984,-7.18103,14,Lymphoid
cell_01236,10.24060,-7.49703,14,Lymphoid
cell_01237,10.15252,-7.27610,14,Lymphoid
cell_01238,10.21324,-6.91389,14,Lymphoid
cell_01239,10.17862,-7.59302,14,Lymphoid
cell_01240,9.81728,-7.75005,14,Lymphoid
cell_01241,8.93599,-6.20907,14,Lymphoid
cell_01242,11.06636,-6.92707,14,Lymphoid
cell_01243,9.83597,-6.82161,14,Lymphoid
cell_01244,9.95585,-6.08398,14,Lymphoid
cell_01245,10.19701,-6.80565,14,Lymphoid
cell_01246,10.32710,-6.04506,14,Lymphoid
cell_01247,11.10223,-6.68206,14,Lymphoid
cell_01248,10.67380,-7.65009,14,Lymphoid
cell_01249,9.84503,-8.26505,14,Lymphoid
cell_01250,10.77709,-6.75049,14,Lymphoid
cell_01251,10.52961,-7.20367,14,Lymphoid
cell_01252,10.73231,-6.41564,14,Lymphoid
cell_01253,10.14915,-5.50741,14,Lymphoid
cell_01254,8.79827,-7.03338,14,Lymphoid
cell_01255,8.66345,-7.50837,14,Lymphoid
cell_01256,9.57903,-7.40547,14,Lymphoid
cell_01257,9.86101,-5.08287,14,Lymphoid
cell_01258,8.26468,-6.26950,14,Lymphoid
cell_01259,9.31816,-7.32456,14,Lymphoid
cell_01260,10.56349,-6.58849,14,Lymphoid
cell_01261,8.10974,-7.49408,15,Lymphoid
cell_01262,7.79800,-6.51344,15,Lymphoid
cell_01263,8.19077,-6.19873,15,Lymphoid
cell_01264,9.17021,-6.95471,15,Lymphoid
cell_01265,6.96128,-5.10518,15,Lymphoid
cell_01266,7.82409,-6.03433,15,Lymphoid
cell_01267,7.20003,-5.79805,15,Lymphoid
cell_01268,7.99315,-6.59171,15,Lymphoid
cell_01269,6.97127,-6.36587,15,Lymphoid
cell_01270,7.87106,-5.88845,15,Lymphoid
cell_01271,8.02253,-6.01826,15,Lymphoid
cell_01272,9.82909,-7.64235,15,Lymphoid
cell_01273,8.37667,-6.11595,15,Lymphoid
cell_01274,7.01323,-5.77592,15,Lymphoid
cell_01275,6.89918,-5.65229,15,Lymphoid
cell_01276,7.94280,-6.59445,15,Lymphoid
cell_01277,8.99077,-6.48634,15,Lymphoid
cell_01278,8.13227,-6.49528,15,Lymphoid
cell_01279,7.99968,-5.62613,15,Lymphoid
cell_01280,7.78680,-6.81537,15,Lymphoid
cell_01281,6.83519,-6.51562,15,Lymphoid
cell_01282,9.48804,-7.14997,15,Lymphoid
cell_01283,8.43055,-7.76296,15,Lymphoid
cell_01284,7.02647,-8.26093,15,Lymphoid
cell_01285,8.89924,-6.35842,15,Lymphoid
cell_01286,8.77553,-6.70739,15,Lymphoid
cell_01287,8.21744,-6.60027,15,Lymphoid
cell_01288,8.09497,-6.57551,15,Lymphoid
cell_01289,8.70145,-5.01023,15,Lymphoid
cell_01290,8.70974,-5.00793,15,Lymphoid
cell_01291,8.38606,-6.42053,15,Lymphoid
cell_01292,8.16394,-6.74632,15,Lymphoid
cell_01293,9.31077,-6.27740,15,Lymphoid
cell_01294,8.71357,-8.25473,15,Lymphoid
cell_01295,8.70370,-6.08899,15,Lymphoid
cell_01296,8.23145,-6.88959,15,Lymphoid
cell_01297,9.03056,-6.88020,15,Lymphoid
cell_01298,9.11724,-6.33601,15,Lymphoid
cell_01299,8.04216,-7.03759,15,Lymphoid
cell_01300,8.30262,-5.57700,15,Lymphoid
cell_01301,7.83210,-5.46531,15,Lymphoid
cell_01302,9.33764,-6.03587,15,Lymphoid
cell_01303,8.67234,-6.68700,15,Lymphoid
cell_01304,8.31241,-6.85948,15,Lymphoid
cell_01305,8.82301,-6.44158,15,Lymphoid
cell_01306,8.38641,-7.39576,15,Lymphoid
cell_01307,9.55672,-6.94602,15,Lymphoid
cell_01308,9.17577,-7.59064,15,Lymphoid
cell_01309,7.55473,-6.48400,15,Lymphoid
cell_01310,7.43708,-6.84981,15,Lymphoid
cell_01311,8.40827,-5.91542,15,Lymphoid
cell_01312,7.37064,-5.47073,15,Lymphoid
cell_01313,7.57855,-6.71867,15,Lymphoid
cell_01314,8.83673,-5.98063,15,Lymphoid
cell_01315,7.50161,-5.14199,15,Lymphoid
cell_01316,8.07954,-5.23690,15,Lymphoid
cell_01317,7.60840,-5.42013,15,Lymphoid
cell_01318,7.76630,-6.22667,15,Lymphoid
cell_01319,9.11965,-7.02863,15,Lymphoid
cell_01320,8.97212,-5.49170,15,Lymphoid
cell_01321,8.74697,-6.11054,15,Lymphoid
cell_01322,8.82102,-7.96623,15,Lymphoid
cell_01323,8.66964,-6.27045,15,Lymphoid
cell_01324,8.66927,-6.35853,15,Lymphoid
cell_01325,8.87845,-6.89456,15,Lymphoid
cell_01326,7.34844,-6.27236,15,Lymphoid
cell_01327,8.61786,-6.55170,15,Lymphoid
cell_01328,8.23003,-6.66033,15,Lymphoid
cell_01329,7.50988,-6.93512,15,Lymphoid
cell_01330,6.42547,-6.99089,15,Lymphoid
cell_01331,8.93232,-6.19424,15,Lymphoid
cell_01332,8.00142,-8.29917,15,Lymphoid
cell_01333,7.81604,-6.90962,15,Lymphoid
cell_01334,9.13087,-6.85036,15,Lymphoid
cell_01335,7.25177,-7.47007,15,Lymphoid
cell_01336,8.55511,-6.82133,15,Lymphoid
cell_01337,8.94810,-6.21040,15,Lymphoid
cell_01338,8.01915,-6.86025,15,Lymphoid
cell_01339,8.14545,-6.35175,15,Lymphoid
cell_01340,7.14384,-6.10319,15,Lymphoid
cell_01341,7.84527,-7.61079,15,Lymphoid
cell_01342,8.89011,-5.58046,15,Lymphoid
cell_01343,8.38432,-6.23693,15,Lymphoid
cell_01344,8.21888,-6.54958,15,Lymphoid
cell_01345,9.07878,-5.83548,15,Lymphoid
cell_01346,7.72962,-6.62108,15,Lymphoid
cell_01347,8.85875,-6.62787,15,Lymphoid
cell_01348,7.72032,-6.56766,15,Lymphoid
cell_01349,7.58933,-5.54501,15,Lymphoid
cell_01350,8.75201,-5.75998,15,Lymphoid
cell_01351,6.95444,-6.30059,15,Lymphoid
cell_01352,8.56686,-7.60558,15,Lymphoid
cell_01353,8.43611,-6.78402,15,Lymphoid
cell_01354,7.13794,-6.14658,15,Lymphoid
cell_01355,8.12380,-6.84924,15,Lymphoid
cell_01356,7.49715,-6.55883,15,Lymphoid
cell_01357,8.48332,-5.98112,15,Lymphoid
cell_01358,8.02637,-6.32704,15,Lymphoid
cell_01359,8.83760,-6.57131,15,Lymphoid
cell_01360,8.21312,-5.26076,15,Lymphoid
cell_01361,7.84362,-6.61411,15,Lymphoid
cell_01362,8.10417,-5.81130,15,Lymphoid
cell_01363,6.97423,-5.52386,15,Lymphoid
cell_01364,8.76166,-6.72505,15,Lymphoid
cell_01365,6.81983,-5.96639,15,Lymphoid
cell_01366,8.30246,-5.57380,15,Lymphoid
cell_01367,8.14724,-5.64764,15,Lymphoid
cell_01368,8.02455,-6.48137,15,Lymphoid
cell_01369,8.35475,-5.48208,15,Lymphoid
cell_01370,8.31249,-6.40141,15,Lymphoid
cell_01371,9.66537,-6.55700,15,Lymphoid
cell_01372,7.87982,-7.36950,15,Lymphoid
cell_01373,7.04725,-5.89344,15,Lymphoid
cell_01374,8.28080,-6.92073,15,Lymphoid
cell_01375,7.11914,-6.92678,15,Lymphoid
cell_01376,7.41516,-8.41671,15,Lymphoid
cell_01377,7.56905,-6.12533,15,Lymphoid
cell_01378,8.49710,-7.00212,15,Lymphoid
cell_01379,9.05341,-7.53887,15,Lymphoid
cell_01380,7.82311,-6.26894,15,Lymphoid
cell_01381,7.62164,-6.20664,15,Lymphoid
cell_01382,8.72489,-5.93991,15,Lymphoid
cell_01383,9.07206,-6.39838,15,Lymphoid
cell_01384,7.72831,-6.72742,15,Lymphoid
cell_01385,8.00686,-5.37531,15,Lymphoid
cell_01386,8.05691,-7.30661,15,Lymphoid
cell_01387,7.06071,-6.07065,15,Lymphoid
cell_01388,8.71302,-6.00757,15,Lymphoid
cell_01389,7.98519,-6.80889,15,Lymphoid
cell_01390,8.25408,-5.94851,15,Lymphoid
cell_01391,6.88240,-6.75784,15,Lymphoid
cell_01392,6.61606,-5.83233,15,Lymphoid
cell_01393,8.03761,-5.90854,15,Lymphoid
cell_01394,8.40064,-7.41521,15,Lymphoid
cell_01395,8.71558,-6.38290,15,Lymphoid
cell_01396,7.72745,-6.66631,15,Lymphoid
cell_01397,7.19210,-6.36776,15,Lymphoid
cell_01398,6.93369,-6.78780,15,Lymphoid
cell_01399,8.51813,-6.53743,15,Lymphoid
cell_01400,7.79484,-5.13605,15,Lymphoid
cell_01401,7.65749,-5.83715,15,Lymphoid
cell_01402,8.42925,-5.84682,15,Lymphoid
cell_01403,8.96157,-6.72989,15,Lymphoid
cell_01404,7.58520,-5.55476,15,Lymphoid
cell_01405,7.51673,-7.95128,15,Lymphoid
cell_01406,7.35371,-6.69177,15,Lymphoid
cell_01407,7.25137,-7.00482,15,Lymphoid
cell_01408,8.49382,-6.21395,15,Lymphoid
cell_01409,7.71407,-8.18036,15,Lymphoid
cell_01410,9.42314,-6.51065,15,Lymphoid
cell_01411,10.38044,-6.14518,15,Lymphoid
cell_01412,8.64879,-6.57507,15,Lymphoid
cell_01413,8.60755,-6.72334,15,Lymphoid
cell_01414,8.55592,-6.20825,15,Lymphoid
cell_01415,8.43515,-6.27630,15,Lymphoid
cell_01416,7.94236,-7.68127,15,Lymphoid
cell_01417,8.61910,-5.28268,15,Lymphoid
cell_01418,9.26191,-8.02950,15,Lymphoid
cell_01419,8.85599,-6.40618,15,Lymphoid
cell_01420,8.45966,-5.75628,15,Lymphoid
cell_01421,7.58956,-5.61249,15,Lymphoid
cell_01422,8.71973,-6.56338,15,Lymphoid
cell_01423,7.54048,-6.05593,15,Lymphoid
cell_01424,8.22691,-4.77413,15,Lymphoid
cell_01425,6.82338,-6.99540,15,Lymphoid
cell_01426,7.10729,-6.78401,15,Lymphoid
cell_01427,6.63500,-6.59164,15,Lymphoid
cell_01428,7.29320,-6.39618,15,Lymphoid
cell_01429,7.99548,-6.26889,15,Lymphoid
cell_01430,7.38059,-6.18564,15,Lymphoid
cell_01431,7.63193,-6.35284,15,Lymphoid
cell_01432,7.76564,-4.89639,15,Lymphoid
cell_01433,7.93078,-6.11964,15,Lymphoid
cell_01434,6.86466,-6.35305,15,Lymphoid
cell_01435,8.81322,-6.51378,15,Lymphoid
cell_01436,6.84673,-7.11254,15,Lymphoid
cell_01437,8.08005,-6.15775,15,Lymphoid
cell_01438,9.74686,-6.89075,15,Lymphoid
cell_01439,8.57395,-6.52250,15,Lymphoid
cell_01440,9.14382,-6.24556,15,Lymphoid
cell_01441,7.95096,0.43458,16,Myeloid
cell_01442,6.59959,-0.26805,16,Myeloid
cell_01443,8.67450,0.34773,16,Myeloid
cell_01444,8.22232,-0.34872,16,Myeloid
cell_01445,7.73912,-0.59795,16,Myeloid
cell_01446,6.53833,1.05456,16,Myeloid
cell_01447,6.14185,0.65430,16,Myeloid
cell_01448,7.64286,-0.42153,16,Myeloid
cell_01449,8.18767,0.15414,16,Myeloid
cell_01450,8.11676,0.42156,16,Myeloid
cell_01451,6.28332,0.65533,16,Myeloid
cell_01452,7.07914,-0.19734,16,Myeloid
cell_01453,8.25769,-0.30945,16,Myeloid
cell_01454,8.13058,0.51174,16,Myeloid
cell_01455,8.93961,0.42221,16,Myeloid
cell_01456,8.10759,-0.55482,16,Myeloid
cell_01457,7.06496,-0.56246,16,Myeloid
cell_01458,6.33030,0.86222,16,Myeloid
cell_01459,7.80838,-0.18628,16,Myeloid
cell_01460,7.79785,0.37205,16,Myeloid
cell_01461,8.88988,0.37389,16,Myeloid
cell_01462,8.70302,-0.37352,16,Myeloid
cell_01463,7.27762,0.03871,16,Myeloid
cell_01464,8.51387,0.11816,16,Myeloid
cell_01465,7.80361,-0.03547,16,Myeloid
cell_01466,7.81306,-0.55766,16,Myeloid
cell_01467,7.71037,0.73003,16,Myeloid
cell_01468,7.49509,-0.07883,16,Myeloid
cell_01469,8.80295,-0.99663,16,Myeloid
cell_01470,8.54047,0.23277,16,Myeloid
cell_01471,6.79041,0.35906,16,Myeloid
cell_01472,7.19612,0.04147,16,Myeloid
cell_01473,7.69944,-0.27636,16,Myeloid
cell_01474,7.74566,0.53816,16,Myeloid
cell_01475,6.71843,0.83713,16,Myeloid
cell_01476,7.40757,0.48461,16,Myeloid
cell_01477,8.12353,0.59785,16,Myeloid
cell_01478,6.80808,-0.02472,16,Myeloid
cell_01479,6.78277,1.46399,16,Myeloid
cell_01480,8.62377,2.13434,16,Myeloid
cell_01481,6.77260,-0.03419,16,Myeloid
cell_01482,6.91192,0.74714,16,Myeloid
cell_01483,6.58633,-0.26388,16,Myeloid
cell_01484,7.50483,-0.12607,16,Myeloid
cell_01485,8.46716,1.17504,16,Myeloid
cell_01486,7.14208,0.35669,16,Myeloid
cell_01487,8.41333,1.18079,16,Myeloid
cell_01488,8.88496,0.85792,16,Myeloid
cell_01489,7.44821,0.94209,16,Myeloid
cell_01490,8.89967,1.46951,16,Myeloid
cell_01491,6.78334,0.49761,16,Myeloid
cell_01492,8.96202,0.77972,16,Myeloid
cell_01493,7.96334,-0.69774,16,Myeloid
cell_01494,7.33787,1.06309,16,Myeloid
cell_01495,6.46305,-0.87609,16,Myeloid
cell_01496,7.48799,1.10307,16,Myeloid
cell_01497,8.44358,0.25852,16,Myeloid
cell_01498,8.12881,0.58243,16,Myeloid
cell_01499,7.21099,0.48696,16,Myeloid
cell_01500,7.63262,0.59446,16,Myeloid
cell_01501,7.30592,0.98480,16,Myeloid
cell_01502,7.44067,0.52811,16,Myeloid
cell_01503,8.18467,0.01966,16,Myeloid
cell_01504,9.39816,0.27000,16,Myeloid
cell_01505,7.83624,0.10910,16,Myeloid
cell_01506,6.92483,1.18456,16,Myeloid
cell_01507,7.61847,0.42760,16,Myeloid
cell_01508,7.13649,0.38227,16,Myeloid
cell_01509,6.20274,0.59616,16,Myeloid
cell_01510,6.51317,0.18685,16,Myeloid
cell_01511,7.67895,0.72825,16,Myeloid
cell_01512,5.88874,0.16960,16,Myeloid
cell_01513,7.39027,0.52359,16,Myeloid
cell_01514,7.15978,-0.51508,16,Myeloid
cell_01515,7.93877,0.48803,16,Myeloid
cell_01516,7.66821,-0.08637,16,Myeloid
cell_01517,9.16055,0.21795,16,Myeloid
cell_01518,8.23818,0.20157,16,Myeloid
cell_01519,8.58197,-0.09083,16,Myeloid
cell_01520,7.59675,0.68070,16,Myeloid
cell_01521,7.25967,-0.35551,16,Myeloid
cell_01522,6.94386,0.73924,16,Myeloid
cell_01523,7.83983,-0.86400,16,Myeloid
cell_01524,8.13300,0.44352,16,Myeloid
cell_01525,7.65931,0.72325,16,Myeloid
cell_01526,7.93398,0.26643,16,Myeloid
cell_01527,8.32674,-0.45530,16,Myeloid
cell_01528,7.97831,1.74024,16,Myeloid
cell_01529,6.86966,0.76988,16,Myeloid
cell_01530,7.35562,0.73985,16,Myeloid
cell_01531,6.94910,0.99117,16,Myeloid
cell_01532,9.36667,1.17634,16,Myeloid
cell_01533,8.88249,1.06289,16,Myeloid
cell_01534,8.25440,0.64259,16,Myeloid
cell_01535,8.01572,0.94572,16,Myeloid
cell_01536,7.47414,0.80709,16,Myeloid
cell_01537,7.70196,0.22494,16,Myeloid
cell_01538,8.54111,-0.75593,16,Myeloid
cell_01539,7.92836,-0.27130,16,Myeloid
cell_01540,7.37092,0.75948,16,Myeloid
cell_01541,8.67253,0.06440,16,Myeloid
cell_01542,7.33802,0.49459,16,Myeloid
cell_01543,8.22434,0.21918,16,Myeloid
cell_01544,6.12719,0.09642,16,Myeloid
cell_01545,7.56116,0.73264,16,Myeloid
cell_01546,7.80175,1.37970,16,Myeloid
cell_01547,6.48706,-0.34090,16,Myeloid
cell_01548,8.15832,1.31349,16,Myeloid
cell_01549,8.85341,0.61796,16,Myeloid
cell_01550,9.37523,1.87980,16,Myeloid
cell_01551,8.12206,0.15572,16,Myeloid
cell_01552,6.16385,0.36924,16,Myeloid
cell_01553,7.27183,0.25753,16,Myeloid
cell_01554,7.93049,0.14629,16,Myeloid
cell_01555,7.90980,0.50730,16,Myeloid
cell_01556,7.81125,0.84445,16,Myeloid
cell_01557,8.42787,0.75888,16,Myeloid
cell_01558,7.37122,1.32780,16,Myeloid
cell_01559,9.14246,1.34778,16,Myeloid
cell_01560,7.37154,-0.30632,16,Myeloid
cell_01561,7.48296,0.70366,16,Myeloid
cell_01562,7.65824,0.22259,16,Myeloid
cell_01563,8.47589,1.35212,16,Myeloid
cell_01564,7.81691,0.60804,16,Myeloid
cell_01565,7.55990,0.67000,16,Myeloid
cell_01566,8.64603,0.21034,16,Myeloid
cell_01567,7.90376,-0.57440,16,Myeloid
cell_01568,8.19439,1.74079,16,Myeloid
cell_01569,7.79419,0.93145,16,Myeloid
cell_01570,6.91497,1.70043,16,Myeloid
cell_01571,8.05638,0.39107,16,Myeloid
cell_01572,7.23455,-0.89759,16,Myeloid
cell_01573,7.05998,-0.13727,16,Myeloid
cell_01574,7.23923,0.14751,16,Myeloid
cell_01575,7.33899,-0.11749,16,Myeloid
cell_01576,7.43223,-1.10112,16,Myeloid
cell_01577,7.16352,0.68767,16,Myeloid
cell_01578,8.17136,0.79049,16,Myeloid
cell_01579,7.57381,0.23779,16,Myeloid
cell_01580,8.65175,0.00549,16,Myeloid
cell_01581,7.71763,0.99464,16,Myeloid
cell_01582,7.64774,0.59018,16,Myeloid
cell_01583,7.00126,0.33591,16,Myeloid
cell_01584,7.41957,-0.11556,16,Myeloid
cell_01585,8.51807,0.84647,16,Myeloid
cell_01586,8.63821,0.47280,16,Myeloid
cell_01587,7.23497,-0.03794,16,Myeloid
cell_01588,7.85520,2.11793,16,Myeloid
cell_01589,7.07407,0.79376,16,Myeloid
cell_01590,8.19571,-0.02754,16,Myeloid
cell_01591,8.07411,1.29943,16,Myeloid
cell_01592,7.66482,0.29845,16,Myeloid
cell_01593,8.04989,0.63787,16,Myeloid
cell_01594,8.01018,0.83227,16,Myeloid
cell_01595,7.72257,1.02496,16,Myeloid
cell_01596,7.00979,1.28026,16,Myeloid
cell_01597,7.11561,2.21835,16,Myeloid
cell_01598,6.68685,-0.24476,16,Myeloid
cell_01599,8.05947,0.54824,16,Myeloid
cell_01600,7.47640,0.93622,16,Myeloid
cell_01601,7.45837,0.24830,16,Myeloid
cell_01602,6.13492,-0.27173,16,Myeloid
cell_01603,7.57894,-0.02052,16,Myeloid
cell_01604,7.72896,0.54076,16,Myeloid
cell_01605,7.50125,-0.42792,16,Myeloid
cell_01606,6.76807,0.98299,16,Myeloid
cell_01607,8.19662,-0.11611,16,Myeloid
cell_01608,7.32844,0.73431,16,Myeloid
cell_01609,7.98578,1.33865,16,Myeloid
cell_01610,6.63793,2.33999,16,Myeloid
cell_01611,7.19394,-0.34122,16,Myeloid
cell_01612,7.78932,0.92411,16,Myeloid
cell_01613,9.42426,-0.89489,16,Myeloid
cell_01614,8.27989,0.50458,16,Myeloid
cell_01615,7.29699,0.26239,16,Myeloid
cell_01616,8.15823,0.78318,16,Myeloid
cell_01617,7.28162,0.34698,16,Myeloid
cell_01618,7.91310,0.20864,16,Myeloid
cell_01619,7.20394,0.70813,16,Myeloid
cell_01620,6.68174,0.89638,16,Myeloid
cell_01621,7.39275,1.65093,6,Myeloid
cell_01622,8.79295,1.26775,6,Myeloid
cell_01623,7.64308,1.65346,6,Myeloid
cell_01624,6.73147,0.36172,6,Myeloid
cell_01625,6.52147,-0.02864,6,Myeloid
cell_01626,8.74757,1.70400,6,Myeloid
cell_01627,8.63776,0.71912,6,Myeloid
cell_01628,7.27803,0.78262,6,Myeloid
cell_01629,8.75535,2.25055,6,Myeloid
cell_01630,7.39692,0.67886,6,Myeloid
cell_01631,8.56797,1.87712,6,Myeloid
cell_01632,7.14374,1.74835,6,Myeloid
cell_01633,7.80259,0.51714,6,Myeloid
cell_01634,8.05682,1.59899,6,Myeloid
cell_01635,5.15828,0.34467,6,Myeloid
cell_01636,7.18378,0.64496,6,Myeloid
cell_01637,7.22187,1.11597,6,Myeloid
cell_01638,7.34002,1.51680,6,Myeloid
cell_01639,5.62149,0.92460,6,Myeloid
cell_01640,8.34940,-0.08911,6,Myeloid
cell_01641,7.51871,0.35550,6,Myeloid
cell_01642,7.71458,2.15286,6,Myeloid
cell_01643,8.06535,1.91738,6,Myeloid
cell_01644,6.77633,1.17511,6,Myeloid
cell_01645,8.04869,1.68368,6,Myeloid
cell_01646,7.32694,1.05401,6,Myeloid
cell_01647,8.08927,0.38792,6,Myeloid
cell_01648,6.92635,1.68949,6,Myeloid
cell_01649,7.48643,1.20313,6,Myeloid
cell_01650,7.84312,1.10267,6,Myeloid
cell_01651,7.18116,0.97439,6,Myeloid
cell_01652,7.97424,1.17014,6,Myeloid
cell_01653,7.01957,1.40665,6,Myeloid
cell_01654,8.66447,1.08967,6,Myeloid
cell_01655,7.57845,0.18631,6,Myeloid
cell_01656,8.49630,0.06534,6,Myeloid
cell_01657,7.91572,1.50783,6,Myeloid
cell_01658,7.49176,1.73939,6,Myeloid
cell_01659,8.02098,0.82380,6,Myeloid
cell_01660,8.57138,0.74997,6,Myeloid
cell_01661,7.66259,1.41783,6,Myeloid
cell_01662,8.06252,2.27428,6,Myeloid
cell_01663,7.63947,1.77392,6,Myeloid
cell_01664,7.12435,-0.18218,6,Myeloid
cell_01665,7.85134,0.71248,6,Myeloid
cell_01666,6.61097,0.68618,6,Myeloid
cell_01667,7.05295,0.65595,6,Myeloid
cell_01668,7.47183,1.42086,6,Myeloid
cell_01669,7.87215,1.23289,6,Myeloid
cell_01670,6.56476,0.67682,6,Myeloid
cell_01671,6.96214,1.85848,6,Myeloid
cell_01672,5.14646,0.86985,6,Myeloid
cell_01673,8.35555,0.93505,6,Myeloid
cell_01674,8.19238,0.91888,6,Myeloid
cell_01675,7.69201,-0.04467,6,Myeloid
cell_01676,8.39470,2.72951,6,Myeloid
cell_01677,7.55481,0.87633,6,Myeloid
cell_01678,7.96728,1.39149,6,Myeloid
cell_01679,6.88084,1.41396,6,Myeloid
cell_01680,7.27495,1.38877,6,Myeloid
cell_01681,6.55065,0.83652,6,Myeloid
cell_01682,7.13871,2.18281,6,Myeloid
cell_01683,8.16940,1.21760,6,Myeloid
cell_01684,6.71371,0.94979,6,Myeloid
cell_01685,8.06710,1.09617,6,Myeloid
cell_01686,8.10643,2.51711,6,Myeloid
cell_01687,8.56698,1.61637,6,Myeloid
cell_01688,7.16604,0.61359,6,Myeloid
cell_01689,8.27946,0.99504,6,Myeloid
cell_01690,7.33250,1.65548,6,Myeloid
cell_01691,7.62451,1.66202,6,Myeloid
cell_01692,8.05072,0.14860,6,Myeloid
cell_01693,6.72305,2.44221,6,Myeloid
cell_01694,7.41504,0.27093,6,Myeloid
cell_01695,7.76447,2.01224,6,Myeloid
cell_01696,8.40409,1.25992,6,Myeloid
cell_01697,7.89778,0.48763,6,Myeloid
cell_01698,7.67965,0.14937,6,Myeloid
cell_01699,7.67674,0.12582,6,Myeloid
cell_01700,7.62149,1.66502,6,Myeloid
cell_01701,7.44962,1.82492,6,Myeloid
cell_01702,7.35886,-0.37195,6,Myeloid
cell_01703,7.62767,1.66086,6,Myeloid
cell_01704,6.80217,1.08545,6,Myeloid
cell_01705,6.97038,0.72150,6,Myeloid
cell_01706,8.98449,1.65766,6,Myeloid
cell_01707,5.89863,0.79837,6,Myeloid
cell_01708,7.59492,0.78694,6,Myeloid
cell_01709,7.11090,0.62414,6,Myeloid
cell_01710,7.71736,1.43812,6,Myeloid
cell_01711,8.64034,2.12706,6,Myeloid
cell_01712,7.39538,1.69905,6,Myeloid
cell_01713,7.58677,1.77900,6,Myeloid
cell_01714,6.67355,1.96305,6,Myeloid
cell_01715,9.45966,0.34630,6,Myeloid
cell_01716,7.93151,0.50012,6,Myeloid
cell_01717,8.22622,2.14224,6,Myeloid
cell_01718,9.33663,0.67515,6,Myeloid
cell_01719,7.16230,0.86127,6,Myeloid
cell_01720,7.99417,1.53802,6,Myeloid
cell_01721,7.81078,0.98719,6,Myeloid
cell_01722,8.93750,1.58980,6,Myeloid
cell_01723,8.52605,0.20239,6,Myeloid
cell_01724,6.11256,0.86606,6,Myeloid
cell_01725,7.94196,2.10975,6,Myeloid
cell_01726,6.73178,1.40679,6,Myeloid
cell_01727,7.28355,0.00637,6,Myeloid
cell_01728,8.51780,0.86037,6,Myeloid
cell_01729,8.28302,1.75733,6,Myeloid
cell_01730,7.65023,0.35381,6,Myeloid
cell_01731,7.86765,1.45870,6,Myeloid
cell_01732,7.91897,0.61066,6,Myeloid
cell_01733,6.48904,2.39331,6,Myeloid
cell_01734,7.46314,1.39027,6,Myeloid
cell_01735,8.60966,0.04911,6,Myeloid
cell_01736,8.20916,1.49596,6,Myeloid
cell_01737,6.50114,1.49415,6,Myeloid
cell_01738,7.50189,1.12048,6,Myeloid
cell_01739,7.26836,0.97617,6,Myeloid
cell_01740,7.87722,0.07221,6,Myeloid
cell_01741,7.17024,1.51878,6,Myeloid
cell_01742,7.85038,0.42008,6,Myeloid
cell_01743,7.26321,0.86362,6,Myeloid
cell_01744,8.62200,1.66966,6,Myeloid
cell_01745,7.54615,0.81956,6,Myeloid
cell_01746,7.79163,0.34690,6,Myeloid
cell_01747,7.71648,2.34623,6,Myeloid
cell_01748,7.73735,1.57518,6,Myeloid
cell_01749,7.78743,1.24250,6,Myeloid
cell_01750,6.35354,0.96519,6,Myeloid
cell_01751,6.47998,0.72664,6,Myeloid
cell_01752,7.20206,1.25875,6,Myeloid
cell_01753,7.59261,0.68999,6,Myeloid
cell_01754,7.50450,2.52023,6,Myeloid
cell_01755,7.43159,0.73438,6,Myeloid
cell_01756,6.25446,1.95505,6,Myeloid
cell_01757,8.92962,1.01783,6,Myeloid
cell_01758,7.49904,1.40564,6,Myeloid
cell_01759,7.89280,1.26053,6,Myeloid
cell_01760,7.00682,0.02350,6,Myeloid
cell_01761,7.68275,2.09109,6,Myeloid
cell_01762,7.46347,0.89097,6,Myeloid
cell_01763,6.86708,0.65660,6,Myeloid
cell_01764,8.88597,2.61700,6,Myeloid
cell_01765,6.72511,1.38407,6,Myeloid
cell_01766,6.82198,-0.40905,6,Myeloid
cell_01767,8.47410,1.38238,6,Myeloid
cell_01768,8.19562,0.34760,6,Myeloid
cell_01769,7.89749,1.31231,6,Myeloid
cell_01770,7.03770,1.47947,6,Myeloid
cell_01771,7.62006,1.37362,6,Myeloid
cell_01772,7.29660,0.70147,6,Myeloid
cell_01773,7.79406,1.44136,6,Myeloid
cell_01774,7.03074,1.76077,6,Myeloid
cell_01775,7.62244,0.44590,6,Myeloid
cell_01776,7.92865,1.09429,6,Myeloid
cell_01777,7.89991,0.63773,6,Myeloid
cell_01778,6.73783,1.96700,6,Myeloid
cell_01779,6.61942,0.37862,6,Myeloid
cell_01780,9.38976,1.72233,6,Myeloid
cell_01781,6.28931,1.01859,6,Myeloid
cell_01782,8.13818,1.25173,6,Myeloid
cell_01783,7.41223,1.71568,6,Myeloid
cell_01784,5.96623,1.90696,6,Myeloid
cell_01785,8.43589,1.47478,6,Myeloid
cell_01786,6.95488,1.52609,6,Myeloid
cell_01787,8.58062,0.59369,6,Myeloid
cell_01788,8.79356,2.15271,6,Myeloid
cell_01789,6.13753,2.26047,6,Myeloid
cell_01790,7.85155,0.44391,6,Myeloid
cell_01791,7.06978,1.66785,6,Myeloid
cell_01792,7.46045,1.49527,6,Myeloid
cell_01793,7.67664,1.36419,6,Myeloid
cell_01794,8.09249,2.05349,6,Myeloid
cell_01795,8.02692,0.24151,6,Myeloid
cell_01796,6.80686,1.30854,6,Myeloid
cell_01797,8.34627,1.81245,6,Myeloid
cell_01798,7.06623,2.11331,6,Myeloid
cell_01799,7.95674,1.05664,6,Myeloid
cell_01800,7.09271,1.28596,6,Myeloid
cell_01801,7.36217,1.75092,10,Myeloid
cell_01802,6.22271,1.08864,10,Myeloid
cell_01803,8.13861,0.02078,10,Myeloid
cell_01804,8.03687,1.21795,10,Myeloid
cell_01805,6.56352,1.96506,10,Myeloid
cell_01806,7.82795,0.91945,10,Myeloid
cell_01807,7.47633,0.63405,10,Myeloid
cell_01808,6.40942,2.18330,10,Myeloid
cell_01809,6.88544,1.20553,10,Myeloid
cell_01810,6.80434,0.90996,10,Myeloid
cell_01811,6.64702,0.98810,10,Myeloid
cell_01812,8.13132,1.32803,10,Myeloid
cell_01813,8.09274,1.83743,10,Myeloid
cell_01814,9.63131,1.58195,10,Myeloid
cell_01815,6.78536,1.38746,10,Myeloid
cell_01816,6.34670,1.55072,10,Myeloid
cell_01817,7.27359,0.72547,10,Myeloid
cell_01818,5.47772,0.89388,10,Myeloid
cell_01819,6.88115,1.00324,10,Myeloid
cell_01820,7.21688,1.89036,10,Myeloid
cell_01821,5.23060,0.96003,10,Myeloid
cell_01822,6.46074,1.29368,10,Myeloid
cell_01823,6.71769,1.53155,10,Myeloid
cell_01824,6.53679,-0.16685,10,Myeloid
cell_01825,7.76453,0.73106,10,Myeloid
cell_01826,7.47274,1.84009,10,Myeloid
cell_01827,6.32784,1.52938,10,Myeloid
cell_01828,6.96458,1.03246,10,Myeloid
cell_01829,6.04887,0.70819,10,Myeloid
cell_01830,7.29122,0.77642,10,Myeloid
cell_01831,5.93819,1.42572,10,Myeloid
cell_01832,6.64381,1.11928,10,Myeloid
cell_01833,6.00610,0.04138,10,Myeloid
cell_01834,8.19897,1.44971,10,Myeloid
cell_01835,7.00075,1.04790,10,Myeloid
cell_01836,7.02286,1.71233,10,Myeloid
cell_01837,6.93869,0.17799,10,Myeloid
cell_01838,7.78137,1.32202,10,Myeloid
cell_01839,7.28511,0.93456,10,Myeloid
cell_01840,7.48649,1.25602,10,Myeloid
cell_01841,7.52581,1.50643,10,Myeloid
cell_01842,6.99366,0.97137,10,Myeloid
cell_01843,7.72129,1.96112,10,Myeloid
cell_01844,5.96576,0.04758,10,Myeloid
cell_01845,6.87223,1.18917,10,Myeloid
cell_01846,8.26795,1.78427,10,Myeloid
cell_01847,5.88163,0.38091,10,Myeloid
cell_01848,7.56592,1.85691,10,Myeloid
cell_01849,7.22173,1.88571,10,Myeloid
cell_01850,8.28990,1.04466,10,Myeloid
cell_01851,6.73388,0.95355,10,Myeloid
cell_01852,7.65283,0.19559,10,Myeloid
cell_01853,6.80674,0.48784,10,Myeloid
cell_01854,7.55675,0.73659,10,Myeloid
cell_01855,6.10078,0.95363,10,Myeloid
cell_01856,6.60634,1.01218,10,Myeloid
cell_01857,7.30134,1.41671,10,Myeloid
cell_01858,5.61317,0.89426,10,Myeloid
cell_01859,7.74399,0.96397,10,Myeloid
cell_01860,8.39717,0.51906,10,Myeloid
cell_01861,7.57768,0.72126,10,Myeloid
cell_01862,7.31398,1.11770,10,Myeloid
cell_01863,7.30915,1.46622,10,Myeloid
cell_01864,7.56850,1.17055,10,Myeloid
cell_01865,6.46491,1.73871,10,Myeloid
cell_01866,7.78046,1.47074,10,Myeloid
cell_01867,6.30061,0.82969,10,Myeloid
cell_01868,6.18269,1.41275,10,Myeloid
cell_01869,8.66007,0.89950,10,Myeloid
cell_01870,6.45392,1.95237,10,Myeloid
cell_01871,5.68428,0.04031,10,Myeloid
cell_01872,6.77867,0.76171,10,Myeloid
cell_01873,7.57219,1.75826,10,Myeloid
cell_01874,5.90870,1.73441,10,Myeloid
cell_01875,7.57724,1.05858,10,Myeloid
cell_01876,7.60153,1.12542,10,Myeloid
cell_01877,8.58220,1.29181,10,Myeloid
cell_01878,6.80826,0.16842,10,Myeloid
cell_01879,7.98920,1.61982,10,Myeloid
cell_01880,7.11102,0.64519,10,Myeloid
cell_01881,6.35860,1.33970,10,Myeloid
cell_01882,5.57959,1.49971,10,Myeloid
cell_01883,7.02439,1.16018,10,Myeloid
cell_01884,7.84591,1.19957,10,Myeloid
cell_01885,5.05059,0.91565,10,Myeloid
cell_01886,5.63274,1.91294,10,Myeloid
cell_01887,6.03252,0.33486,10,Myeloid
cell_01888,7.04932,0.58291,10,Myeloid
cell_01889,6.59805,1.78340,10,Myeloid
cell_01890,7.34044,1.81912,10,Myeloid
cell_01891,6.75624,1.58201,10,Myeloid
cell_01892,8.87206,2.16627,10,Myeloid
cell_01893,6.52357,2.12580,10,Myeloid
cell_01894,7.48716,0.74010,10,Myeloid
cell_01895,7.54531,1.63278,10,Myeloid
cell_01896,6.45738,1.61166,10,Myeloid
cell_01897,7.47358,1.91096,10,Myeloid
cell_01898,7.02132,0.67603,10,Myeloid
cell_01899,7.36552,1.62069,10,Myeloid
cell_01900,7.24570,2.05821,10,Myeloid
cell_01901,7.52183,1.75826,10,Myeloid
cell_01902,8.27952,0.47334,10,Myeloid
cell_01903,6.51938,1.42500,10,Myeloid
cell_01904,6.69521,1.73069,10,Myeloid
cell_01905,8.20431,0.81920,10,Myeloid
cell_01906,7.36987,1.98921,10,Myeloid
cell_01907,7.24633,0.69108,10,Myeloid
cell_01908,7.95100,1.42094,10,Myeloid
cell_01909,6.06321,1.94286,10,Myeloid
cell_01910,5.96550,0.85965,10,Myeloid
cell_01911,6.31912,0.91267,10,Myeloid
cell_01912,7.67548,0.04002,10,Myeloid
cell_01913,6.90348,1.89961,10,Myeloid
cell_01914,6.69812,1.39833,10,Myeloid
cell_01915,8.56523,1.16040,10,Myeloid
cell_01916,9.42441,1.04015,10,Myeloid
cell_01917,8.13126,0.86734,10,Myeloid
cell_01918,7.77308,1.06650,10,Myeloid
cell_01919,8.68958,0.75580,10,Myeloid
cell_01920,6.92972,1.49246,10,Myeloid
cell_01921,8.01352,0.89433,10,Myeloid
cell_01922,6.48611,2.99494,10,Myeloid
cell_01923,8.03425,1.29662,10,Myeloid
cell_01924,6.97482,1.07968,10,Myeloid
cell_01925,7.14210,1.97901,10,Myeloid
cell_01926,7.58771,1.20388,10,Myeloid
cell_01927,6.99394,1.12713,10,Myeloid
cell_01928,7.52670,1.65515,10,Myeloid
cell_01929,8.15831,2.82761,10,Myeloid
cell_01930,6.56074,1.17895,10,Myeloid
cell_01931,7.34050,1.19124,10,Myeloid
cell_01932,6.76550,1.27022,10,Myeloid
cell_01933,6.84604,0.67695,10,Myeloid
cell_01934,7.94100,0.57628,10,Myeloid
cell_01935,8.11531,0.99697,10,Myeloid
cell_01936,6.08782,1.17874,10,Myeloid
cell_01937,6.89424,1.29905,10,Myeloid
cell_01938,6.38080,0.63548,10,Myeloid
cell_01939,6.62232,0.44074,10,Myeloid
cell_01940,6.35187,1.19269,10,Myeloid
cell_01941,7.35073,0.80806,10,Myeloid
cell_01942,7.81582,0.11191,10,Myeloid
cell_01943,5.38723,0.86086,10,Myeloid
cell_01944,7.64788,2.17527,10,Myeloid
cell_01945,5.86655,0.64188,10,Myeloid
cell_01946,6.66433,1.72931,10,Myeloid
cell_01947,6.72948,1.82345,10,Myeloid
cell_01948,6.70622,1.55245,10,Myeloid
cell_01949,6.88933,0.64513,10,Myeloid
cell_01950,7.92831,2.83278,10,Myeloid
cell_01951,8.09615,1.08100,10,Myeloid
cell_01952,7.43483,0.56382,10,Myeloid
cell_01953,7.00711,2.43421,10,Myeloid
cell_01954,7.50359,1.70302,10,Myeloid
cell_01955,8.60132,0.47001,10,Myeloid
cell_01956,7.89023,1.43568,10,Myeloid
cell_01957,6.82402,1.60296,10,Myeloid
cell_01958,7.07832,1.17885,10,Myeloid
cell_01959,7.39593,-0.18056,10,Myeloid
cell_01960,5.52109,1.81415,10,Myeloid
cell_01961,6.48529,2.20615,10,Myeloid
cell_01962,7.16249,0.44581,10,Myeloid
cell_01963,7.98637,0.77020,10,Myeloid
cell_01964,6.49612,1.06695,10,Myeloid
cell_01965,7.28609,1.49064,10,Myeloid
cell_01966,7.53653,1.55848,10,Myeloid
cell_01967,6.76806,1.12763,10,Myeloid
cell_01968,6.83062,1.76372,10,Myeloid
cell_01969,7.30431,1.29416,10,Myeloid
cell_01970,7.16972,1.43134,10,Myeloid
cell_01971,8.16202,2.46654,10,Myeloid
cell_01972,6.28983,0.73653,10,Myeloid
cell_01973,6.63010,1.59057,10,Myeloid
cell_01974,7.19281,1.08140,10,Myeloid
cell_01975,7.17446,2.25321,10,Myeloid
cell_01976,7.59526,1.16696,10,Myeloid
cell_01977,7.00704,0.61575,10,Myeloid
cell_01978,5.93738,1.75180,10,Myeloid
cell_01979,7.26173,1.52856,10,Myeloid
cell_01980,7.16858,0.52841,10,Myeloid
cell_01981,7.60756,2.80246,18,Myeloid
cell_01982,7.50968,1.15141,18,Myeloid
cell_01983,9.22170,1.55069,18,Myeloid
cell_01984,7.74346,2.30330,18,Myeloid
cell_01985,8.62496,1.36106,18,Myeloid
cell_01986,8.57777,0.80827,18,Myeloid
cell_01987,8.51875,1.99708,18,Myeloid
cell_01988,7.45908,1.94657,18,Myeloid
cell_01989,9.15266,0.99967,18,Myeloid
cell_01990,8.27463,0.96756,18,Myeloid
cell_01991,8.39147,1.95750,18,Myeloid
cell_01992,8.57011,1.06111,18,Myeloid
cell_01993,8.59386,0.99824,18,Myeloid
cell_01994,8.97731,2.12448,18,Myeloid
cell_01995,9.32961,0.17737,18,Myeloid
cell_01996,9.21868,1.39460,18,Myeloid
cell_01997,7.86875,0.33850,18,Myeloid
cell_01998,8.73305,1.18695,18,Myeloid
cell_01999,9.33657,0.83359,18,Myeloid
cell_02000,7.97668,1.82011,18,Myeloid
cell_02001,7.52145,1.11118,18,Myeloid
cell_02002,8.04106,0.42983,18,Myeloid
cell_02003,6.83356,1.19434,18,Myeloid
cell_02004,7.92624,1.27712,18,Myeloid
cell_02005,8.36415,1.58491,18,Myeloid
cell_02006,7.49869,0.87086,18,Myeloid
cell_02007,8.83274,0.54159,18,Myeloid
cell_02008,9.22934,1.44868,18,Myeloid
cell_02009,8.29803,2.66791,18,Myeloid
cell_02010,8.36230,1.57376,18,Myeloid
cell_02011,7.67616,1.45553,18,Myeloid
cell_02012,9.17222,1.79774,18,Myeloid
cell_02013,6.73176,0.21073,18,Myeloid
cell_02014,9.28998,0.25550,18,Myeloid
cell_02015,7.25619,1.30611,18,Myeloid
cell_02016,9.15141,0.76678,18,Myeloid
cell_02017,8.48373,1.51487,18,Myeloid
cell_02018,8.68515,1.80000,18,Myeloid
cell_02019,7.64056,1.20809,18,Myeloid
cell_02020,8.52103,1.54809,18,Myeloid
cell_02021,8.62543,1.38365,18,Myeloid
cell_02022,7.25025,1.96065,18,Myeloid
cell_02023,7.65231,0.48715,18,Myeloid
cell_02024,8.95435,1.70879,18,Myeloid
cell_02025,7.96581,1.28565,18,Myeloid
cell_02026,9.46229,2.05386,18,Myeloid
cell_02027,8.94351,0.16534,18,Myeloid
cell_02028,7.78633,1.10925,18,Myeloid
cell_02029,9.06475,0.84415,18,Myeloid
cell_02030,8.32832,1.45381,18,Myeloid
cell_02031,7.46129,2.63180,18,Myeloid
cell_02032,8.98724,0.06149,18,Myeloid
cell_02033,9.39211,1.90188,18,Myeloid
cell_02034,7.51452,1.30420,18,Myeloid
cell_02035,9.87302,1.02829,18,Myeloid
cell_02036,9.55824,0.47332,18,Myeloid
cell_02037,8.40590,0.36027,18,Myeloid
cell_02038,8.28659,0.86852,18,Myeloid
cell_02039,8.95312,1.30135,18,Myeloid
cell_02040,8.08242,1.68861,18,Myeloid
cell_02041,7.97882,0.88837,18,Myeloid
cell_02042,7.80896,1.19338,18,Myeloid
cell_02043,7.26250,2.90060,18,Myeloid
cell_02044,9.34836,1.76935,18,Myeloid
cell_02045,8.08264,1.68747,18,Myeloid
cell_02046,8.58442,2.26485,18,Myeloid
cell_02047,7.90833,1.39701,18,Myeloid
cell_02048,8.07997,1.29244,18,Myeloid
cell_02049,9.34150,1.54907,18,Myeloid
cell_02050,9.51379,0.88265,18,Myeloid
cell_02051,8.99226,1.66871,18,Myeloid
cell_02052,8.25807,1.24801,18,Myeloid
cell_02053,9.30216,1.49652,18,Myeloid
cell_02054,7.87143,1.28435,18,Myeloid
cell_02055,9.00097,0.94939,18,Myeloid
cell_02056,8.01911,2.09455,18,Myeloid
cell_02057,8.13227,1.05588,18,Myeloid
cell_02058,8.37322,0.01388,18,Myeloid
cell_02059,8.56511,0.66249,18,Myeloid
cell_02060,8.89285,1.25366,18,Myeloid
cell_02061,8.16019,1.10520,18,Myeloid
cell_02062,8.13161,1.74280,18,Myeloid
cell_02063,8.41755,0.95329,18,Myeloid
cell_02064,7.61480,2.08762,18,Myeloid
cell_02065,8.01917,0.12635,18,Myeloid
cell_02066,7.33504,1.54889,18,Myeloid
cell_02067,7.84444,0.85022,18,Myeloid
cell_02068,7.38689,1.33861,18,Myeloid
cell_02069,7.92640,1.60915,18,Myeloid
cell_02070,7.97105,0.96861,18,Myeloid
cell_02071,9.50847,1.46387,18,Myeloid
cell_02072,8.43804,1.44874,18,Myeloid
cell_02073,8.23510,1.17251,18,Myeloid
cell_02074,8.24878,1.63394,18,Myeloid
cell_02075,8.88819,1.21829,18,Myeloid
cell_02076,8.25067,-0.01445,18,Myeloid
cell_02077,8.29285,0.94704,18,Myeloid
cell_02078,7.07750,2.21564,18,Myeloid
cell_02079,8.63551,2.78882,18,Myeloid
cell_02080,8.31185,0.22516,18,Myeloid
cell_02081,9.40196,0.91025,18,Myeloid
cell_02082,9.66292,2.17676,18,Myeloid
cell_02083,8.39280,1.19524,18,Myeloid
cell_02084,8.06270,1.15026,18,Myeloid
cell_02085,8.12407,2.21676,18,Myeloid
cell_02086,7.29784,0.34389,18,Myeloid
cell_02087,7.83852,1.83650,18,Myeloid
cell_02088,7.83453,1.10916,18,Myeloid
cell_02089,8.04271,1.50509,18,Myeloid
cell_02090,9.02676,0.78901,18,Myeloid
cell_02091,10.49533,0.76923,18,Myeloid
cell_02092,8.26288,0.81934,18,Myeloid
cell_02093,7.96598,2.45731,18,Myeloid
cell_02094,9.17570,2.02705,18,Myeloid
cell_02095,8.35486,1.45841,18,Myeloid
cell_02096,6.71439,1.31175,18,Myeloid
cell_02097,8.35062,0.64145,18,Myeloid
cell_02098,8.05640,1.14842,18,Myeloid
cell_02099,7.87021,1.91524,18,Myeloid
cell_02100,8.98338,0.88400,18,Myeloid
cell_02101,9.08958,1.40526,18,Myeloid
cell_02102,7.73266,1.57366,18,Myeloid
cell_02103,9.49451,1.20367,18,Myeloid
cell_02104,8.12674,1.53660,18,Myeloid
cell_02105,7.82009,1.38507,18,Myeloid
cell_02106,8.71725,1.13057,18,Myeloid
cell_02107,6.91685,0.45532,18,Myeloid
cell_02108,9.12384,0.87442,18,Myeloid
cell_02109,7.65736,1.68351,18,Myeloid
cell_02110,9.58387,0.67956,18,Myeloid
cell_02111,9.41438,1.51453,18,Myeloid
cell_02112,10.05404,1.11173,18,Myeloid
cell_02113,9.15187,1.45607,18,Myeloid
cell_02114,8.06045,1.52431,18,Myeloid
cell_02115,7.97635,1.59334,18,Myeloid
cell_02116,8.50677,0.91835,18,Myeloid
cell_02117,7.84441,0.77559,18,Myeloid
cell_02118,8.97915,0.94900,18,Myeloid
cell_02119,8.85823,2.00531,18,Myeloid
cell_02120,8.66621,0.56046,18,Myeloid
cell_02121,9.13025,-0.78544,18,Myeloid
cell_02122,6.90104,0.84290,18,Myeloid
cell_02123,8.75649,0.76815,18,Myeloid
cell_02124,7.95800,1.29394,18,Myeloid
cell_02125,8.73112,0.35532,18,Myeloid
cell_02126,8.17768,-0.14174,18,Myeloid
cell_02127,8.01321,0.30466,18,Myeloid
cell_02128,8.23191,1.45477,18,Myeloid
cell_02129,8.43180,0.03554,18,Myeloid
cell_02130,7.76724,2.20188,18,Myeloid
cell_02131,8.65129,1.68791,18,Myeloid
cell_02132,8.95173,1.13268,18,Myeloid
cell_02133,8.37689,0.95028,18,Myeloid
cell_02134,8.77076,1.24354,18,Myeloid
cell_02135,7.24427,0.31858,18,Myeloid
cell_02136,8.83568,0.71174,18,Myeloid
cell_02137,8.65213,1.03405,18,Myeloid
cell_02138,8.54915,1.48088,18,Myeloid
cell_02139,8.38698,1.84902,18,Myeloid
cell_02140,8.05079,1.20104,18,Myeloid
cell_02141,8.18873,2.08515,18,Myeloid
cell_02142,8.03628,0.68845,18,Myeloid
cell_02143,8.60433,1.46339,18,Myeloid
cell_02144,9.08047,0.24330,18,Myeloid
cell_02145,8.08010,0.20387,18,Myeloid
cell_02146,8.53096,1.48173,18,Myeloid
cell_02147,9.21958,0.96235,18,Myeloid
cell_02148,7.48107,1.61982,18,Myeloid
cell_02149,8.22356,1.28691,18,Myeloid
cell_02150,8.40802,1.26140,18,Myeloid
cell_02151,9.08470,0.39484,18,Myeloid
cell_02152,9.80876,1.95849,18,Myeloid
cell_02153,7.66558,0.97385,18,Myeloid
cell_02154,8.98631,1.39052,18,Myeloid
cell_02155,7.82661,2.01841,18,Myeloid
cell_02156,8.43851,0.77276,18,Myeloid
cell_02157,7.59958,0.39202,18,Myeloid
cell_02158,7.99198,0.76889,18,Myeloid
cell_02159,8.98989,0.96004,18,Myeloid
cell_02160,7.97225,1.44340,18,Myeloid
cell_02161,-6.28065,-8.14070,22,Fibroblast
cell_02162,-5.81303,-8.12378,22,Fibroblast
cell_02163,-7.06154,-9.47685,22,Fibroblast
cell_02164,-4.04817,-8.36680,22,Fibroblast
cell_02165,-5.68831,-7.87471,22,Fibroblast
cell_02166,-5.09833,-7.11824,22,Fibroblast
cell_02167,-5.61367,-6.99994,22,Fibroblast
cell_02168,-4.75051,-8.08654,22,Fibroblast
cell_02169,-6.47955,-7.10647,22,Fibroblast
cell_02170,-5.33822,-7.19443,22,Fibroblast
cell_02171,-3.41364,-7.87269,22,Fibroblast
cell_02172,-5.53473,-8.22004,22,Fibroblast
cell_02173,-6.33012,-7.50415,22,Fibroblast
cell_02174,-5.56690,-8.40640,22,Fibroblast
cell_02175,-6.61059,-7.88658,22,Fibroblast
cell_02176,-5.39277,-8.62194,22,Fibroblast
cell_02177,-6.42162,-7.45838,22,Fibroblast
cell_02178,-6.15113,-7.25720,22,Fibroblast
cell_02179,-5.67949,-7.32787,22,Fibroblast
cell_02180,-6.27387,-7.65348,22,Fibroblast
cell_02181,-6.59641,-7.34214,22,Fibroblast
cell_02182,-7.24462,-7.72013,22,Fibroblast
cell_02183,-5.72245,-7.73803,22,Fibroblast
cell_02184,-6.55989,-8.11500,22,Fibroblast
cell_02185,-6.73969,-8.35162,22,Fibroblast
cell_02186,-7.40297,-8.85607,22,Fibroblast
cell_02187,-6.45938,-7.65258,22,Fibroblast
cell_02188,-5.95996,-7.46321,22,Fibroblast
cell_02189,-6.19385,-7.33311,22,Fibroblast
cell_02190,-6.14390,-9.00097,22,Fibroblast
cell_02191,-5.33923,-8.65925,22,Fibroblast
cell_02192,-5.52996,-7.27424,22,Fibroblast
cell_02193,-5.81291,-8.33503,22,Fibroblast
cell_02194,-6.64155,-7.59024,22,Fibroblast
cell_02195,-5.13838,-7.51498,22,Fibroblast
cell_02196,-6.17616,-8.37790,22,Fibroblast
cell_02197,-6.13740,-8.33739,22,Fibroblast
cell_02198,-6.41014,-7.58174,22,Fibroblast
cell_02199,-6.70114,-7.73339,22,Fibroblast
cell_02200,-7.09241,-7.25367,22,Fibroblast
cell_02201,-5.45576,-7.57541,22,Fibroblast
cell_02202,-6.11306,-7.67228,22,Fibroblast
cell_02203,-5.92129,-8.27777,22,Fibroblast
cell_02204,-6.59156,-8.37385,22,Fibroblast
cell_02205,-6.73415,-7.59105,22,Fibroblast
cell_02206,-5.16835,-7.72829,22,Fibroblast
cell_02207,-6.46752,-7.63915,22,Fibroblast
cell_02208,-6.77004,-7.70952,22,Fibroblast
cell_02209,-5.01039,-7.56915,22,Fibroblast
cell_02210,-4.64757,-8.27984,22,Fibroblast
cell_02211,-6.07285,-6.93499,22,Fibroblast
cell_02212,-6.53869,-7.27436,22,Fibroblast
cell_02213,-6.47518,-6.97885,22,Fibroblast
cell_02214,-5.99256,-7.59379,22,Fibroblast
cell_02215,-5.87949,-7.00185,22,Fibroblast
cell_02216,-6.08752,-7.22189,22,Fibroblast
cell_02217,-7.47401,-7.75096,22,Fibroblast
cell_02218,-5.28200,-7.21090,22,Fibroblast
cell_02219,-6.12846,-8.07349,22,Fibroblast
cell_02220,-6.33989,-7.70188,22,Fibroblast
cell_02221,-5.60164,-7.79825,22,Fibroblast
cell_02222,-6.62521,-7.23113,22,Fibroblast
cell_02223,-5.38074,-6.46255,22,Fibroblast
cell_02224,-7.52484,-7.40803,22,Fibroblast
cell_02225,-5.32501,-7.74056,22,Fibroblast
cell_02226,-5.40468,-7.76490,22,Fibroblast
cell_02227,-5.82627,-8.31343,22,Fibroblast
cell_02228,-5.79472,-8.27279,22,Fibroblast
cell_02229,-5.15593,-7.65328,22,Fibroblast
cell_02230,-6.22168,-7.37813,22,Fibroblast
cell_02231,-8.02870,-8.08800,22,Fibroblast
cell_02232,-4.98363,-7.81729,22,Fibroblast
cell_02233,-5.94294,-7.45822,22,Fibroblast
cell_02234,-5.47931,-8.28721,22,Fibroblast
cell_02235,-6.63699,-8.05446,22,Fibroblast
cell_02236,-6.75683,-7.48941,22,Fibroblast
cell_02237,-6.81088,-7.87981,22,Fibroblast
cell_02238,-4.67793,-8.07742,22,Fibroblast
cell_02239,-6.25477,-7.96457,22,Fibroblast
cell_02240,-6.73807,-7.69626,22,Fibroblast
cell_02241,-6.64950,-8.16014,22,Fibroblast
cell_02242,-5.75221,-8.17950,22,Fibroblast
cell_02243,-6.69030,-7.67506,22,Fibroblast
cell_02244,-6.61547,-8.07501,22,Fibroblast
cell_02245,-5.69632,-8.22800,22,Fibroblast
cell_02246,-6.96916,-7.18160,22,Fibroblast
cell_02247,-6.14100,-6.81166,22,Fibroblast
cell_02248,-5.78367,-7.51316,22,Fibroblast
cell_02249,-4.71292,-8.47991,22,Fibroblast
cell_02250,-6.40346,-7.12143,22,Fibroblast
cell_02251,-5.95460,-7.10311,22,Fibroblast
cell_02252,-6.82768,-8.56252,22,Fibroblast
cell_02253,-5.11421,-8.52825,22,Fibroblast
cell_02254,-6.37360,-8.37467,22,Fibroblast
cell_02255,-7.44027,-7.35938,22,Fibroblast
cell_02256,-6.71856,-7.67877,22,Fibroblast
cell_02257,-5.85102,-6.87132,22,Fibroblast
cell_02258,-5.67193,-7.84254,22,Fibroblast
cell_02259,-5.94474,-7.27846,22,Fibroblast
cell_02260,-6.15088,-7.27082,22,Fibroblast
cell_02261,-6.93864,-7.47199,22,Fibroblast
cell_02262,-7.76328,-7.93276,22,Fibroblast
cell_02263,-6.71466,-7.20206,22,Fibroblast
cell_02264,-7.38335,-7.12997,22,Fibroblast
cell_02265,-6.07034,-8.09634,22,Fibroblast
cell_02266,-6.56419,-8.26622,22,Fibroblast
cell_02267,-5.91132,-6.98599,22,Fibroblast
cell_02268,-6.79625,-7.41666,22,Fibroblast
cell_02269,-5.87935,-6.94878,22,Fibroblast
cell_02270,-6.03828,-6.70225,22,Fibroblast
cell_02271,-6.02328,-7.54540,22,Fibroblast
cell_02272,-6.47786,-7.99151,22,Fibroblast
cell_02273,-6.15129,-8.50446,22,Fibroblast
cell_02274,-6.76472,-7.67444,22,Fibroblast
cell_02275,-6.87906,-8.24609,22,Fibroblast
cell_02276,-6.25591,-8.26756,22,Fibroblast
cell_02277,-6.59581,-7.45294,22,Fibroblast
cell_02278,-6.09648,-7.98363,22,Fibroblast
cell_02279,-5.03293,-6.83312,22,Fibroblast
cell_02280,-6.20345,-7.68638,22,Fibroblast
cell_02281,-6.24207,-7.62194,22,Fibroblast
cell_02282,-4.69200,-8.35334,22,Fibroblast
cell_02283,-5.67186,-8.09380,22,Fibroblast
cell_02284,-5.52872,-8.57814,22,Fibroblast
cell_02285,-5.74350,-8.57202,22,Fibroblast
cell_02286,-5.34679,-7.56481,22,Fibroblast
cell_02287,-4.95214,-7.54213,22,Fibroblast
cell_02288,-4.96533,-6.89215,22,Fibroblast
cell_02289,-5.79990,-9.10071,22,Fibroblast
cell_02290,-5.56707,-8.04028,22,Fibroblast
cell_02291,-6.00757,-6.43812,22,Fibroblast
cell_02292,-5.77420,-8.35297,22,Fibroblast
cell_02293,-5.97164,-7.70309,22,Fibroblast
cell_02294,-5.53443,-7.27861,22,Fibroblast
cell_02295,-6.41330,-7.67468,22,Fibroblast
cell_02296,-5.66488,-8.87679,22,Fibroblast
cell_02297,-7.55579,-6.78337,22,Fibroblast
cell_02298,-5.32200,-8.05831,22,Fibroblast
cell_02299,-4.68213,-7.96738,22,Fibroblast
cell_02300,-6.33652,-7.52178,22,Fibroblast
cell_02301,-5.61121,-8.46419,22,Fibroblast
cell_02302,-7.29255,-7.80511,22,Fibroblast
cell_02303,-5.80867,-7.64274,22,Fibroblast
cell_02304,-6.44068,-8.24001,22,Fibroblast
cell_02305,-6.62574,-8.03854,22,Fibroblast
cell_02306,-5.60562,-7.18243,22,Fibroblast
cell_02307,-7.39033,-7.24271,22,Fibroblast
cell_02308,-7.49794,-8.42942,22,Fibroblast
cell_02309,-5.10449,-8.16815,22,Fibroblast
cell_02310,-7.67222,-8.73264,22,Fibroblast
cell_02311,-5.02360,-6.98487,22,Fibroblast
cell_02312,-4.53344,-9.65504,22,Fibroblast
cell_02313,-5.87182,-8.12222,22,Fibroblast
cell_02314,-4.94059,-6.91828,22,Fibroblast
cell_02315,-5.43418,-7.03593,22,Fibroblast
cell_02316,-6.65851,-8.10516,22,Fibroblast
cell_02317,-4.66470,-8.00261,22,Fibroblast
cell_02318,-7.36664,-8.13211,22,Fibroblast
cell_02319,-5.73328,-7.43774,22,Fibroblast
cell_02320,-6.00421,-6.43861,22,Fibroblast
cell_02321,-5.03035,-9.13869,22,Fibroblast
cell_02322,-5.27341,-8.01857,22,Fibroblast
cell_02323,-6.19498,-7.46653,22,Fibroblast
cell_02324,-6.03088,-8.07180,22,Fibroblast
cell_02325,-5.60971,-8.10984,22,Fibroblast
cell_02326,-5.23902,-8.07967,22,Fibroblast
cell_02327,-5.53171,-8.09965,22,Fibroblast
cell_02328,-6.76664,-8.87873,22,Fibroblast
cell_02329,-5.03220,-8.20269,22,Fibroblast
cell_02330,-6.49850,-7.59379,22,Fibroblast
cell_02331,-6.28617,-8.08300,22,Fibroblast
cell_02332,-4.42463,-7.65835,22,Fibroblast
cell_02333,-6.09514,-7.27987,22,Fibroblast
cell_02334,-6.31340,-8.41675,22,Fibroblast
cell_02335,-6.96171,-6.78201,22,Fibroblast
cell_02336,-5.97876,-8.28671,22,Fibroblast
cell_02337,-6.34890,-7.23599,22,Fibroblast
cell_02338,-5.42261,-7.33708,22,Fibroblast
cell_02339,-6.71128,-8.04240,22,Fibroblast
cell_02340,-5.98695,-7.52776,22,Fibroblast
cell_02341,-5.85633,-7.92730,2,Fibroblast
cell_02342,-5.44801,-8.57463,2,Fibroblast
cell_02343,-5.61702,-8.01097,2,Fibroblast
cell_02344,-7.60071,-5.72709,2,Fibroblast
cell_02345,-6.05210,-7.25984,2,Fibroblast
cell_02346,-5.96261,-8.56327,2,Fibroblast
cell_02347,-6.39982,-7.01118,2,Fibroblast
cell_02348,-5.27491,-7.19909,2,Fibroblast
cell_02349,-4.70278,-8.88300,2,Fibroblast
cell_02350,-6.38965,-7.71751,2,Fibroblast
cell_02351,-5.86262,-8.25556,2,Fibroblast
cell_02352,-6.76534,-6.36683,2,Fibroblast
cell_02353,-5.92009,-8.62409,2,Fibroblast
cell_02354,-6.94949,-8.40927,2,Fibroblast
cell_02355,-6.76699,-7.22914,2,Fibroblast
cell_02356,-5.54959,-8.55957,2,Fibroblast
cell_02357,-6.78398,-7.49021,2,Fibroblast
cell_02358,-6.36280,-7.55016,2,Fibroblast
cell_02359,-6.86409,-7.10129,2,Fibroblast
cell_02360,-5.19229,-7.62691,2,Fibroblast
cell_02361,-5.22057,-8.70403,2,Fibroblast
cell_02362,-6.57332,-7.44272,2,Fibroblast
cell_02363,-5.83184,-8.06537,2,Fibroblast
cell_02364,-4.95514,-6.76844,2,Fibroblast
cell_02365,-6.13498,-7.80061,2,Fibroblast
cell_02366,-5.45024,-7.59941,2,Fibroblast
cell_02367,-4.89596,-7.47153,2,Fibroblast
cell_02368,-7.32870,-8.60428,2,Fibroblast
cell_02369,-5.08593,-8.02948,2,Fibroblast
cell_02370,-7.66740,-7.70626,2,Fibroblast
cell_02371,-6.49226,-8.39661,2,Fibroblast
cell_02372,-5.14681,-7.58409,2,Fibroblast
cell_02373,-5.44693,-8.23920,2,Fibroblast
cell_02374,-6.27522,-6.96301,2,Fibroblast
cell_02375,-6.49485,-7.20890,2,Fibroblast
cell_02376,-6.87523,-7.26367,2,Fibroblast
cell_02377,-5.89973,-8.20528,2,Fibroblast
cell_02378,-6.11268,-9.27232,2,Fibroblast
cell_02379,-7.22710,-8.25767,2,Fibroblast
cell_02380,-5.89315,-7.92899,2,Fibroblast
cell_02381,-5.40427,-8.33636,2,Fibroblast
cell_02382,-4.99016,-8.51379,2,Fibroblast
cell_02383,-5.64173,-7.36966,2,Fibroblast
cell_02384,-5.43714,-7.70770,2,Fibroblast
cell_02385,-4.05982,-7.29139,2,Fibroblast
cell_02386,-5.41927,-8.29332,2,Fibroblast
cell_02387,-4.97910,-7.60228,2,Fibroblast
cell_02388,-5.85773,-7.92700,2,Fibroblast
cell_02389,-6.20012,-6.90453,2,Fibroblast
cell_02390,-8.36407,-7.93130,2,Fibroblast
cell_02391,-7.35850,-7.42343,2,Fibroblast
cell_02392,-5.01630,-7.75227,2,Fibroblast
cell_02393,-6.45110,-7.92823,2,Fibroblast
cell_02394,-5.78414,-8.50831,2,Fibroblast
cell_02395,-4.46700,-7.57791,2,Fibroblast
cell_02396,-5.72453,-7.17933,2,Fibroblast
cell_02397,-5.67426,-7.82421,2,Fibroblast
cell_02398,-5.83313,-7.61519,2,Fibroblast
cell_02399,-4.69917,-7.46337,2,Fibroblast
cell_02400,-4.41594,-8.31730,2,Fibroblast
cell_02401,-6.12614,-7.91590,2,Fibroblast
cell_02402,-6.99911,-8.37390,2,Fibroblast
cell_02403,-6.74383,-7.76334,2,Fibroblast
cell_02404,-5.43118,-8.17279,2,Fibroblast
cell_02405,-6.90403,-6.62471,2,Fibroblast
cell_02406,-6.36979,-7.45335,2,Fibroblast
cell_02407,-5.97239,-8.13471,2,Fibroblast
cell_02408,-5.85726,-7.98348,2,Fibroblast
cell_02409,-7.67849,-7.70309,2,Fibroblast
cell_02410,-7.25656,-7.85707,2,Fibroblast
cell_02411,-5.77364,-7.98501,2,Fibroblast
cell_02412,-4.71915,-7.82956,2,Fibroblast
cell_02413,-7.15871,-7.47982,2,Fibroblast
cell_02414,-5.45992,-8.32856,2,Fibroblast
cell_02415,-7.70091,-7.96574,2,Fibroblast
cell_02416,-7.59671,-7.00246,2,Fibroblast
cell_02417,-6.49772,-8.26483,2,Fibroblast
cell_02418,-6.25985,-8.60941,2,Fibroblast
cell_02419,-5.68112,-7.58039,2,Fibroblast
cell_02420,-5.53494,-7.33454,2,Fibroblast
cell_02421,-4.99415,-7.41370,2,Fibroblast
cell_02422,-6.54886,-7.41189,2,Fibroblast
cell_02423,-4.88020,-8.39542,2,Fibroblast
cell_02424,-5.51570,-8.92998,2,Fibroblast
cell_02425,-7.59063,-7.95560,2,Fibroblast
cell_02426,-5.23714,-6.83789,2,Fibroblast
cell_02427,-5.80451,-6.95855,2,Fibroblast
cell_02428,-6.13746,-7.68895,2,Fibroblast
cell_02429,-6.23929,-9.00918,2,Fibroblast
cell_02430,-5.88604,-8.15014,2,Fibroblast
cell_02431,-6.76129,-7.67588,2,Fibroblast
cell_02432,-4.54534,-8.44774,2,Fibroblast
cell_02433,-5.84862,-7.37385,2,Fibroblast
cell_02434,-5.33142,-8.52492,2,Fibroblast
cell_02435,-4.82582,-7.70635,2,Fibroblast
cell_02436,-5.87806,-8.09975,2,Fibroblast
cell_02437,-6.91455,-8.15780,2,Fibroblast
cell_02438,-5.61039,-8.02508,2,Fibroblast
cell_02439,-5.79499,-7.59642,2,Fibroblast
cell_02440,-6.70756,-8.29698,2,Fibroblast
cell_02441,-5.57871,-7.59369,2,Fibroblast
cell_02442,-6.66021,-6.97273,2,Fibroblast
cell_02443,-6.16851,-5.40229,2,Fibroblast
cell_02444,-6.11551,-8.32917,2,Fibroblast
cell_02445,-6.83139,-6.73271,2,Fibroblast
cell_02446,-5.87433,-7.63926,2,Fibroblast
cell_02447,-4.91163,-7.42949,2,Fibroblast
cell_02448,-7.11413,-8.26718,2,Fibroblast
cell_02449,-5.98517,-8.82609,2,Fibroblast
cell_02450,-6.08512,-8.82674,2,Fibroblast
cell_02451,-6.05414,-8.57372,2,Fibroblast
cell_02452,-4.89635,-8.19255,2,Fibroblast
cell_02453,-6.05487,-7.52310,2,Fibroblast
cell_02454,-4.23864,-8.82384,2,Fibroblast
cell_02455,-4.64125,-8.18888,2,Fibroblast
cell_02456,-6.56470,-7.66719,2,Fibroblast
cell_02457,-6.50445,-8.07841,2,Fibroblast
cell_02458,-5.67208,-7.70674,2,Fibroblast
cell_02459,-5.98885,-6.83954,2,Fibroblast
cell_02460,-5.98722,-7.33207,2,Fibroblast
cell_02461,-4.47559,-7.94880,2,Fibroblast
cell_02462,-6.77148,-8.82904,2,Fibroblast
cell_02463,-6.85297,-7.82762,2,Fibroblast
cell_02464,-4.68048,-7.03424,2,Fibroblast
cell_02465,-7.08837,-7.57006,2,Fibroblast
cell_02466,-6.69514,-8.76693,2,Fibroblast
cell_02467,-5.36940,-6.84936,2,Fibroblast
cell_02468,-7.02915,-7.54198,2,Fibroblast
cell_02469,-6.39685,-7.04978,2,Fibroblast
cell_02470,-5.88542,-6.98243,2,Fibroblast
cell_02471,-5.86567,-7.46275,2,Fibroblast
cell_02472,-6.44328,-7.48886,2,Fibroblast
cell_02473,-7.29383,-6.77494,2,Fibroblast
cell_02474,-5.16498,-6.92535,2,Fibroblast
cell_02475,-7.91879,-6.65452,2,Fibroblast
cell_02476,-6.86351,-7.92205,2,Fibroblast
cell_02477,-7.23416,-9.51471,2,Fibroblast
cell_02478,-7.13255,-8.24500,2,Fibroblast
cell_02479,-5.50225,-7.45400,2,Fibroblast
cell_02480,-6.18702,-7.84669,2,Fibroblast
cell_02481,-6.28663,-7.84081,2,Fibroblast
cell_02482,-6.71262,-8.51210,2,Fibroblast
cell_02483,-5.10938,-6.73183,2,Fibroblast
cell_02484,-4.76299,-8.34502,2,Fibroblast
cell_02485,-5.36220,-6.98285,2,Fibroblast
cell_02486,-5.72896,-7.62657,2,Fibroblast
cell_02487,-7.27515,-6.82275,2,Fibroblast
cell_02488,-6.98918,-7.37625,2,Fibroblast
cell_02489,-6.45429,-8.32833,2,Fibroblast
cell_02490,-5.58690,-8.04596,2,Fibroblast
cell_02491,-6.56006,-8.28255,2,Fibroblast
cell_02492,-6.18242,-7.39365,2,Fibroblast
cell_02493,-6.81981,-7.40627,2,Fibroblast
cell_02494,-5.95785,-8.87307,2,Fibroblast
cell_02495,-5.46903,-8.23587,2,Fibroblast
cell_02496,-5.27234,-8.09450,2,Fibroblast
cell_02497,-5.36182,-8.14021,2,Fibroblast
cell_02498,-5.05724,-7.96928,2,Fibroblast
cell_02499,-6.80013,-6.79459,2,Fibroblast
cell_02500,-6.88942,-8.58145,2,Fibroblast
cell_02501,-4.45232,-7.67854,2,Fibroblast
cell_02502,-6.43910,-7.18694,2,Fibroblast
cell_02503,-5.99657,-9.21075,2,Fibroblast
cell_02504,-6.31180,-8.57662,2,Fibroblast
cell_02505,-6.28066,-7.98242,2,Fibroblast
cell_02506,-4.56866,-8.16436,2,Fibroblast
cell_02507,-6.24599,-7.44484,2,Fibroblast
cell_02508,-7.04045,-7.76528,2,Fibroblast
cell_02509,-7.01464,-9.48942,2,Fibroblast
cell_02510,-4.45963,-9.31763,2,Fibroblast
cell_02511,-4.55024,-8.49047,2,Fibroblast
cell_02512,-6.27618,-8.72927,2,Fibroblast
cell_02513,-6.91705,-8.16355,2,Fibroblast
cell_02514,-5.22917,-8.79956,2,Fibroblast
cell_02515,-6.75580,-8.26178,2,Fibroblast
cell_02516,-7.11902,-8.52950,2,Fibroblast
cell_02517,-6.38115,-7.25383,2,Fibroblast
cell_02518,-5.02543,-8.70883,2,Fibroblast
cell_02519,-4.49143,-6.91846,2,Fibroblast
cell_02520,-6.05227,-7.19421,2,Fibroblast
cell_02521,-7.46572,-8.58629,5,Fibroblast
cell_02522,-6.44321,-8.05356,5,Fibroblast
cell_02523,-5.99417,-8.28042,5,Fibroblast
cell_02524,-6.53181,-8.83340,5,Fibroblast
cell_02525,-5.48525,-7.12067,5,Fibroblast
cell_02526,-7.67645,-9.88061,5,Fibroblast
cell_02527,-7.80516,-8.26230,5,Fibroblast
cell_02528,-7.38824,-7.13314,5,Fibroblast
cell_02529,-7.48898,-8.64629,5,Fibroblast
cell_02530,-6.40664,-7.97263,5,Fibroblast
cell_02531,-6.30932,-8.11546,5,Fibroblast
cell_02532,-6.23276,-8.18396,5,Fibroblast
cell_02533,-4.66494,-7.91310,5,Fibroblast
cell_02534,-6.33503,-9.40366,5,Fibroblast
cell_02535,-5.83163,-6.89592,5,Fibroblast
cell_02536,-7.90679,-8.16702,5,Fibroblast
cell_02537,-6.41692,-7.64243,5,Fibroblast
cell_02538,-6.57662,-8.99188,5,Fibroblast
cell_02539,-8.41155,-7.71355,5,Fibroblast
cell_02540,-6.61157,-8.62239,5,Fibroblast
cell_02541,-6.47428,-8.11690,5,Fibroblast
cell_02542,-6.20664,-8.11621,5,Fibroblast
cell_02543,-7.30557,-8.76728,5,Fibroblast
cell_02544,-7.98343,-8.63549,5,Fibroblast
cell_02545,-6.03690,-8.29550,5,Fibroblast
cell_02546,-6.66502,-8.43610,5,Fibroblast
cell_02547,-7.50216,-9.61284,5,Fibroblast
cell_02548,-6.20383,-8.75139,5,Fibroblast
cell_02549,-7.80113,-7.65987,5,Fibroblast
cell_02550,-6.47737,-8.06501,5,Fibroblast
cell_02551,-8.22087,-8.73383,5,Fibroblast
cell_02552,-6.58992,-8.87327,5,Fibroblast
cell_02553,-5.57476,-7.54257,5,Fibroblast
cell_02554,-8.73560,-8.25986,5,Fibroblast
cell_02555,-6.74300,-9.29759,5,Fibroblast
cell_02556,-6.12851,-6.82091,5,Fibroblast
cell_02557,-7.26197,-8.39085,5,Fibroblast
cell_02558,-7.24500,-9.15575,5,Fibroblast
cell_02559,-5.86937,-7.88812,5,Fibroblast
cell_02560,-8.23253,-7.47581,5,Fibroblast
cell_02561,-7.39400,-7.76598,5,Fibroblast
cell_02562,-7.68699,-8.63969,5,Fibroblast
cell_02563,-5.90601,-8.46359,5,Fibroblast
cell_02564,-6.31605,-8.92699,5,Fibroblast
cell_02565,-8.28650,-8.15180,5,Fibroblast
cell_02566,-7.17573,-8.24503,5,Fibroblast
cell_02567,-6.48674,-8.05144,5,Fibroblast
cell_02568,-7.09740,-9.23713,5,Fibroblast
cell_02569,-7.32172,-7.77125,5,Fibroblast
cell_02570,-6.32726,-6.18321,5,Fibroblast
cell_02571,-6.91368,-7.77119,5,Fibroblast
cell_02572,-8.05203,-8.14219,5,Fibroblast
cell_02573,-6.38935,-8.50640,5,Fibroblast
cell_02574,-6.23921,-9.70367,5,Fibroblast
cell_02575,-6.06975,-8.10234,5,Fibroblast
cell_02576,-7.68693,-8.54923,5,Fibroblast
cell_02577,-4.86295,-7.52191,5,Fibroblast
cell_02578,-6.02400,-8.28022,5,Fibroblast
cell_02579,-7.98434,-8.70616,5,Fibroblast
cell_02580,-8.61618,-7.76733,5,Fibroblast
cell_02581,-6.28722,-8.43178,5,Fibroblast
cell_02582,-6.96108,-8.30201,5,Fibroblast
cell_02583,-6.11645,-8.53309,5,Fibroblast
cell_02584,-7.29025,-7.51207,5,Fibroblast
cell_02585,-7.84207,-7.90137,5,Fibroblast
cell_02586,-7.20591,-8.54794,5,Fibroblast
cell_02587,-6.58096,-7.66934,5,Fibroblast
cell_02588,-5.24533,-8.27925,5,Fibroblast
cell_02589,-7.19962,-8.20489,5,Fibroblast
cell_02590,-4.47153,-9.48221,5,Fibroblast
cell_02591,-7.79612,-7.51701,5,Fibroblast
cell_02592,-6.35282,-8.63786,5,Fibroblast
cell_02593,-6.30502,-7.55200,5,Fibroblast
cell_02594,-7.06983,-9.78544,5,Fibroblast
cell_02595,-6.76039,-8.93933,5,Fibroblast
cell_02596,-7.34025,-7.59389,5,Fibroblast
cell_02597,-4.52134,-8.54766,5,Fibroblast
cell_02598,-9.11168,-7.36229,5,Fibroblast
cell_02599,-5.10137,-8.22942,5,Fibroblast
cell_02600,-8.10509,-8.50275,5,Fibroblast
cell_02601,-6.99008,-8.08468,5,Fibroblast
cell_02602,-6.33063,-7.38643,5,Fibroblast
cell_02603,-6.63273,-8.06875,5,Fibroblast
cell_02604,-7.41972,-8.76959,5,Fibroblast
cell_02605,-8.17121,-7.58586,5,Fibroblast
cell_02606,-7.74475,-7.88096,5,Fibroblast
cell_02607,-6.47526,-8.46521,5,Fibroblast
cell_02608,-7.28261,-8.56269,5,Fibroblast
cell_02609,-7.45109,-9.75159,5,Fibroblast
cell_02610,-7.37353,-8.03090,5,Fibroblast
cell_02611,-5.74332,-7.63281,5,Fibroblast
cell_02612,-6.50069,-9.49987,5,Fibroblast
cell_02613,-6.44874,-8.40846,5,Fibroblast
cell_02614,-6.94151,-8.26401,5,Fibroblast
cell_02615,-8.36855,-8.55220,5,Fibroblast
cell_02616,-5.74036,-8.79640,5,Fibroblast
cell_02617,-5.99558,-7.48214,5,Fibroblast
cell_02618,-5.84516,-7.69899,5,Fibroblast
cell_02619,-8.74907,-7.78455,5,Fibroblast
cell_02620,-7.12752,-8.88155,5,Fibroblast
cell_02621,-8.00424,-7.69035,5,Fibroblast
cell_02622,-6.58047,-8.60401,5,Fibroblast
cell_02623,-7.33010,-8.05173,5,Fibroblast
cell_02624,-7.21962,-9.70888,5,Fibroblast
cell_02625,-6.73075,-7.13455,5,Fibroblast
cell_02626,-7.98927,-7.80066,5,Fibroblast
cell_02627,-6.63758,-8.83045,5,Fibroblast
cell_02628,-6.50539,-8.46325,5,Fibroblast
cell_02629,-5.60713,-8.49419,5,Fibroblast
cell_02630,-7.27787,-7.29360,5,Fibroblast
cell_02631,-7.08697,-8.32959,5,Fibroblast
cell_02632,-9.31913,-6.35946,5,Fibroblast
cell_02633,-6.23579,-7.72414,5,Fibroblast
cell_02634,-7.44187,-8.59599,5,Fibroblast
cell_02635,-6.91896,-7.62553,5,Fibroblast
cell_02636,-5.67445,-8.79884,5,Fibroblast
cell_02637,-7.27923,-7.90099,5,Fibroblast
cell_02638,-5.88268,-8.91515,5,Fibroblast
cell_02639,-7.24937,-8.78444,5,Fibroblast
cell_02640,-6.23858,-7.99918,5,Fibroblast
cell_02641,-6.34746,-7.68895,5,Fibroblast
cell_02642,-6.92124,-8.17805,5,Fibroblast
cell_02643,-5.40260,-9.95394,5,Fibroblast
cell_02644,-6.91300,-7.49697,5,Fibroblast
cell_02645,-6.17133,-8.48560,5,Fibroblast
cell_02646,-7.59066,-8.18307,5,Fibroblast
cell_02647,-6.76577,-9.56117,5,Fibroblast
cell_02648,-5.52050,-9.44812,5,Fibroblast
cell_02649,-6.86193,-9.08444,5,Fibroblast
cell_02650,-7.67478,-6.92396,5,Fibroblast
cell_02651,-7.44410,-8.06821,5,Fibroblast
cell_02652,-7.23219,-9.24527,5,Fibroblast
cell_02653,-7.68526,-8.77982,5,Fibroblast
cell_02654,-6.20743,-7.58034,5,Fibroblast
cell_02655,-8.22907,-7.78400,5,Fibroblast
cell_02656,-6.56396,-8.83106,5,Fibroblast
cell_02657,-6.88086,-7.99600,5,Fibroblast
cell_02658,-6.94123,-7.67892,5,Fibroblast
cell_02659,-6.16038,-8.36311,5,Fibroblast
cell_02660,-7.36017,-8.01004,5,Fibroblast
cell_02661,-6.28579,-6.98939,5,Fibroblast
cell_02662,-7.81447,-8.20583,5,Fibroblast
cell_02663,-7.46735,-9.04897,5,Fibroblast
cell_02664,-6.62110,-7.71543,5,Fibroblast
cell_02665,-6.50745,-8.41030,5,Fibroblast
cell_02666,-5.87824,-8.36281,5,Fibroblast
cell_02667,-7.01457,-9.04051,5,Fibroblast
cell_02668,-7.17738,-7.65158,5,Fibroblast
cell_02669,-6.85603,-7.97571,5,Fibroblast
cell_02670,-5.54314,-8.47254,5,Fibroblast
cell_02671,-6.64991,-8.25458,5,Fibroblast
cell_02672,-6.14642,-9.12041,5,Fibroblast
cell_02673,-5.04372,-8.83253,5,Fibroblast
cell_02674,-4.80847,-7.99347,5,Fibroblast
cell_02675,-6.37830,-8.76389,5,Fibroblast
cell_02676,-6.90942,-7.40729,5,Fibroblast
cell_02677,-5.74618,-8.20448,5,Fibroblast
cell_02678,-6.90947,-8.55555,5,Fibroblast
cell_02679,-7.06927,-9.30882,5,Fibroblast
cell_02680,-7.03955,-7.60793,5,Fibroblast
cell_02681,-6.68967,-7.92324,5,Fibroblast
cell_02682,-7.43293,-9.04597,5,Fibroblast
cell_02683,-7.30772,-7.63114,5,Fibroblast
cell_02684,-7.44878,-8.37149,5,Fibroblast
cell_02685,-7.56219,-9.30270,5,Fibroblast
cell_02686,-7.02066,-8.62884,5,Fibroblast
cell_02687,-5.64715,-7.53241,5,Fibroblast
cell_02688,-6.95876,-8.08671,5,Fibroblast
cell_02689,-5.21216,-7.54343,5,Fibroblast
cell_02690,-5.94618,-8.08554,5,Fibroblast
cell_02691,-6.51991,-8.66587,5,Fibroblast
cell_02692,-5.65489,-7.41710,5,Fibroblast
cell_02693,-6.57033,-7.89690,5,Fibroblast
cell_02694,-5.68089,-9.82779,5,Fibroblast
cell_02695,-7.71477,-8.42971,5,Fibroblast
cell_02696,-6.08316,-8.25536,5,Fibroblast
cell_02697,-7.41319,-8.16485,5,Fibroblast
cell_02698,-8.15002,-8.02696,5,Fibroblast
cell_02699,-7.84818,-7.88328,5,Fibroblast
cell_02700,-5.67000,-8.06415,5,Fibroblast
cell_02701,-4.55756,-8.59098,8,Fibroblast
cell_02702,-4.64318,-9.51107,8,Fibroblast
cell_02703,-6.31816,-7.96860,8,Fibroblast
cell_02704,-7.49018,-8.70470,8,Fibroblast
cell_02705,-6.28128,-8.75117,8,Fibroblast
cell_02706,-5.93851,-8.06819,8,Fibroblast
cell_02707,-4.03758,-8.25426,8,Fibroblast
cell_02708,-6.54892,-8.63588,8,Fibroblast
cell_02709,-6.58074,-8.27048,8,Fibroblast
cell_02710,-3.49956,-8.58067,8,Fibroblast
cell_02711,-5.77348,-8.16855,8,Fibroblast
cell_02712,-5.14232,-8.88773,8,Fibroblast
cell_02713,-5.55368,-8.77731,8,Fibroblast
cell_02714,-5.22085,-8.79881,8,Fibroblast
cell_02715,-4.95634,-8.11233,8,Fibroblast
cell_02716,-5.31525,-8.20098,8,Fibroblast
cell_02717,-5.41825,-8.00178,8,Fibroblast
cell_02718,-5.01692,-9.73385,8,Fibroblast
cell_02719,-6.34742,-9.58147,8,Fibroblast
cell_02720,-4.75899,-8.06389,8,Fibroblast
cell_02721,-6.09233,-7.84183,8,Fibroblast
cell_02722,-4.65638,-9.21089,8,Fibroblast
cell_02723,-6.16868,-9.15735,8,Fibroblast
cell_02724,-5.05131,-9.61783,8,Fibroblast
cell_02725,-5.54444,-8.58074,8,Fibroblast
cell_02726,-4.45194,-9.38669,8,Fibroblast
cell_02727,-4.35625,-9.17453,8,Fibroblast
cell_02728,-5.90260,-9.38277,8,Fibroblast
cell_02729,-4.52598,-8.50959,8,Fibroblast
cell_02730,-5.45261,-10.09991,8,Fibroblast
cell_02731,-6.25247,-8.16972,8,Fibroblast
cell_02732,-6.22632,-10.29689,8,Fibroblast
cell_02733,-7.13167,-8.61846,8,Fibroblast
cell_02734,-5.49626,-7.61952,8,Fibroblast
cell_02735,-5.83609,-8.25263,8,Fibroblast
cell_02736,-6.36954,-8.44412,8,Fibroblast
cell_02737,-6.05619,-9.40790,8,Fibroblast
cell_02738,-5.67641,-8.78492,8,Fibroblast
cell_02739,-6.23574,-8.82624,8,Fibroblast
cell_02740,-5.85688,-7.88191,8,Fibroblast
cell_02741,-4.60472,-8.41563,8,Fibroblast
cell_02742,-5.66912,-9.39394,8,Fibroblast
cell_02743,-6.41846,-8.19076,8,Fibroblast
cell_02744,-6.27443,-9.42684,8,Fibroblast
cell_02745,-4.68240,-7.42285,8,Fibroblast
cell_02746,-6.70968,-8.50870,8,Fibroblast
cell_02747,-4.31472,-8.68342,8,Fibroblast
cell_02748,-5.04434,-8.75883,8,Fibroblast
cell_02749,-5.94770,-9.26147,8,Fibroblast
cell_02750,-6.25891,-9.23410,8,Fibroblast
cell_02751,-4.60654,-8.50887,8,Fibroblast
cell_02752,-5.54835,-8.28516,8,Fibroblast
cell_02753,-5.42934,-8.41015,8,Fibroblast
cell_02754,-3.71267,-9.26298,8,Fibroblast
cell_02755,-4.60385,-9.60537,8,Fibroblast
cell_02756,-6.68285,-7.82234,8,Fibroblast
cell_02757,-4.18949,-8.62002,8,Fibroblast
cell_02758,-6.50740,-9.54368,8,Fibroblast
cell_02759,-4.08968,-8.85794,8,Fibroblast
cell_02760,-4.54552,-8.61376,8,Fibroblast
cell_02761,-7.05731,-8.07743,8,Fibroblast
cell_02762,-5.44370,-8.79743,8,Fibroblast
cell_02763,-5.72949,-8.17431,8,Fibroblast
cell_02764,-6.68705,-7.69370,8,Fibroblast
cell_02765,-5.18048,-8.09763,8,Fibroblast
cell_02766,-6.11412,-7.72307,8,Fibroblast
cell_02767,-5.04626,-9.53336,8,Fibroblast
cell_02768,-5.25148,-8.21647,8,Fibroblast
cell_02769,-5.69255,-8.14803,8,Fibroblast
cell_02770,-5.15668,-10.22330,8,Fibroblast
cell_02771,-4.65420,-9.36982,8,Fibroblast
cell_02772,-4.67682,-9.79638,8,Fibroblast
cell_02773,-4.72808,-8.32619,8,Fibroblast
cell_02774,-4.66026,-9.05042,8,Fibroblast
cell_02775,-5.86814,-9.21272,8,Fibroblast
cell_02776,-4.47182,-7.79428,8,Fibroblast
cell_02777,-7.06457,-8.44223,8,Fibroblast
cell_02778,-4.17519,-8.19252,8,Fibroblast
cell_02779,-5.47358,-8.83435,8,Fibroblast
cell_02780,-5.04476,-7.71062,8,Fibroblast
cell_02781,-6.35808,-9.96871,8,Fibroblast
cell_02782,-3.99821,-9.30606,8,Fibroblast
cell_02783,-5.96635,-7.95288,8,Fibroblast
cell_02784,-5.56472,-8.65159,8,Fibroblast
cell_02785,-5.58964,-8.19916,8,Fibroblast
cell_02786,-6.08394,-8.78089,8,Fibroblast
cell_02787,-6.21243,-8.60842,8,Fibroblast
cell_02788,-5.04047,-8.57678,8,Fibroblast
cell_02789,-5.71371,-7.87855,8,Fibroblast
cell_02790,-4.96930,-7.80507,8,Fibroblast
cell_02791,-5.74260,-8.55058,8,Fibroblast
cell_02792,-6.26487,-8.88221,8,Fibroblast
cell_02793,-4.41993,-8.92644,8,Fibroblast
cell_02794,-6.17587,-9.37266,8,Fibroblast
cell_02795,-6.92231,-8.37224,8,Fibroblast
cell_02796,-5.11365,-9.52044,8,Fibroblast
cell_02797,-4.59890,-8.55277,8,Fibroblast
cell_02798,-4.96453,-8.22223,8,Fibroblast
cell_02799,-5.40750,-8.34268,8,Fibroblast
cell_02800,-4.71492,-8.92683,8,Fibroblast
cell_02801,-5.75202,-8.38236,8,Fibroblast
cell_02802,-6.12329,-9.57614,8,Fibroblast
cell_02803,-5.62394,-8.96637,8,Fibroblast
cell_02804,-5.12103,-8.90200,8,Fibroblast
cell_02805,-4.66504,-8.76388,8,Fibroblast
cell_02806,-4.30314,-8.79799,8,Fibroblast
cell_02807,-5.37568,-9.03819,8,Fibroblast
cell_02808,-6.00839,-7.96750,8,Fibroblast
cell_02809,-6.16332,-8.65646,8,Fibroblast
cell_02810,-5.58829,-9.04495,8,Fibroblast
cell_02811,-4.78763,-9.35983,8,Fibroblast
cell_02812,-4.95985,-8.83192,8,Fibroblast
cell_02813,-5.12338,-8.75059,8,Fibroblast
cell_02814,-6.67853,-8.94185,8,Fibroblast
cell_02815,-5.88651,-9.23804,8,Fibroblast
cell_02816,-5.48947,-8.46272,8,Fibroblast
cell_02817,-5.84143,-7.76796,8,Fibroblast
cell_02818,-5.75521,-7.95892,8,Fibroblast
cell_02819,-6.70221,-8.12021,8,Fibroblast
cell_02820,-6.52533,-8.05451,8,Fibroblast
cell_02821,-4.86339,-9.27716,8,Fibroblast
cell_02822,-5.52537,-7.68108,8,Fibroblast
cell_02823,-3.95946,-7.73777,8,Fibroblast
cell_02824,-3.37895,-8.91724,8,Fibroblast
cell_02825,-5.34963,-8.79640,8,Fibroblast
cell_02826,-5.74043,-8.09082,8,Fibroblast
cell_02827,-4.75961,-8.67338,8,Fibroblast
cell_02828,-4.84798,-8.25410,8,Fibroblast
cell_02829,-5.19993,-8.60914,8,Fibroblast
cell_02830,-5.14905,-7.78200,8,Fibroblast
cell_02831,-6.26146,-9.07289,8,Fibroblast
cell_02832,-5.52840,-8.84131,8,Fibroblast
cell_02833,-5.91609,-8.67432,8,Fibroblast
cell_02834,-5.08451,-9.69402,8,Fibroblast
cell_02835,-3.23930,-8.42868,8,Fibroblast
cell_02836,-6.52861,-8.81315,8,Fibroblast
cell_02837,-4.99641,-9.02805,8,Fibroblast
cell_02838,-4.29867,-9.00904,8,Fibroblast
cell_02839,-5.42762,-8.96059,8,Fibroblast
cell_02840,-3.86470,-7.90445,8,Fibroblast
cell_02841,-7.24812,-8.65451,8,Fibroblast
cell_02842,-6.21901,-9.40381,8,Fibroblast
cell_02843,-4.61430,-8.10057,8,Fibroblast
cell_02844,-6.74769,-8.80835,8,Fibroblast
cell_02845,-5.46831,-9.77574,8,Fibroblast
cell_02846,-6.57092,-8.01571,8,Fibroblast
cell_02847,-6.14071,-9.25856,8,Fibroblast
cell_02848,-5.34554,-8.00776,8,Fibroblast
cell_02849,-5.62427,-10.15579,8,Fibroblast
cell_02850,-6.25710,-8.09494,8,Fibroblast
cell_02851,-6.12007,-8.43768,8,Fibroblast
cell_02852,-5.85956,-8.46042,8,Fibroblast
cell_02853,-5.52965,-7.94470,8,Fibroblast
cell_02854,-4.46999,-9.34209,8,Fibroblast
cell_02855,-5.79864,-8.81223,8,Fibroblast
cell_02856,-6.01012,-8.51594,8,Fibroblast
cell_02857,-6.25259,-8.86339,8,Fibroblast
cell_02858,-5.43378,-8.86630,8,Fibroblast
cell_02859,-6.65829,-9.33585,8,Fibroblast
cell_02860,-4.65637,-8.16440,8,Fibroblast
cell_02861,-5.76419,-9.42323,8,Fibroblast
cell_02862,-4.03636,-8.59622,8,Fibroblast
cell_02863,-6.11951,-9.60676,8,Fibroblast
cell_02864,-6.39657,-8.62289,8,Fibroblast
cell_02865,-5.98937,-8.67201,8,Fibroblast
cell_02866,-5.49352,-8.32273,8,Fibroblast
cell_02867,-3.86740,-8.10823,8,Fibroblast
cell_02868,-5.80019,-7.98433,8,Fibroblast
cell_02869,-4.18800,-8.56675,8,Fibroblast
cell_02870,-5.04313,-8.67438,8,Fibroblast
cell_02871,-7.22481,-8.61879,8,Fibroblast
cell_02872,-5.53181,-8.32613,8,Fibroblast
cell_02873,-5.08290,-7.91188,8,Fibroblast
cell_02874,-4.53335,-9.47761,8,Fibroblast
cell_02875,-4.26948,-8.64992,8,Fibroblast
cell_02876,-6.17536,-8.45466,8,Fibroblast
cell_02877,-3.92942,-8.61846,8,Fibroblast
cell_02878,-4.39379,-9.52431,8,Fibroblast
cell_02879,-7.01835,-8.66856,8,Fibroblast
cell_02880,-6.96568,-8.10309,8,Fibroblast
cell_02881,0.77972,-5.46170,13,Endothelial
cell_02882,1.73778,-4.39270,13,Endothelial
cell_02883,2.08815,-5.45825,13,Endothelial
cell_02884,1.81298,-5.45474,13,Endothelial
cell_02885,1.77605,-5.48660,13,Endothelial
cell_02886,0.35794,-4.62102,13,Endothelial
cell_02887,2.88092,-6.06202,13,Endothelial
cell_02888,2.58382,-5.73405,13,Endothelial
cell_02889,1.96745,-4.96334,13,Endothelial
cell_02890,2.30983,-5.07283,13,Endothelial
cell_02891,1.53754,-4.61902,13,Endothelial
cell_02892,2.60548,-5.50342,13,Endothelial
cell_02893,2.70595,-4.89384,13,Endothelial
cell_02894,0.94331,-4.91042,13,Endothelial
cell_02895,1.91330,-5.53831,13,Endothelial
cell_02896,0.90884,-5.37351,13,Endothelial
cell_02897,2.02081,-4.54184,13,Endothelial
cell_02898,2.15708,-4.74618,13,Endothelial
cell_02899,0.91505,-5.49292,13,Endothelial
cell_02900,0.87258,-4.75369,13,Endothelial
cell_02901,1.82636,-7.06752,13,Endothelial
cell_02902,0.34011,-5.74677,13,Endothelial
cell_02903,0.84747,-5.39365,13,Endothelial
cell_02904,-0.82653,-5.77859,13,Endothelial
cell_02905,1.99350,-5.13707,13,Endothelial
cell_02906,2.07631,-4.23554,13,Endothelial
cell_02907,2.31338,-3.79679,13,Endothelial
cell_02908,1.41256,-5.29212,13,Endothelial
cell_02909,1.43848,-5.90872,13,Endothelial
cell_02910,0.65073,-6.36701,13,Endothelial
cell_02911,1.95377,-6.06303,13,Endothelial
cell_02912,1.78250,-4.13610,13,Endothelial
cell_02913,-0.20438,-5.19538,13,Endothelial
cell_02914,0.87571,-6.25114,13,Endothelial
cell_02915,1.75414,-5.06971,13,Endothelial
cell_02916,1.26781,-5.07059,13,Endothelial
cell_02917,1.50008,-5.75973,13,Endothelial
cell_02918,-0.14539,-4.90738,13,Endothelial
cell_02919,-0.20073,-4.32280,13,Endothelial
cell_02920,0.75123,-5.60315,13,Endothelial
cell_02921,2.38866,-4.78337,13,Endothelial
cell_02922,0.66066,-6.34159,13,Endothelial
cell_02923,1.61797,-5.43945,13,Endothelial
cell_02924,-0.67721,-5.67994,13,Endothelial
cell_02925,1.92428,-5.70222,13,Endothelial
cell_02926,0.20283,-6.11338,13,Endothelial
cell_02927,1.10735,-4.58343,13,Endothelial
cell_02928,2.47794,-6.21615,13,Endothelial
cell_02929,1.43683,-5.31581,13,Endothelial
cell_02930,1.50308,-6.90383,13,Endothelial
cell_02931,-0.17695,-5.61053,13,Endothelial
cell_02932,0.99759,-4.89488,13,Endothelial
cell_02933,1.04363,-5.24811,13,Endothelial
cell_02934,1.16486,-4.70309,13,Endothelial
cell_02935,1.49365,-5.42982,13,Endothelial
cell_02936,1.09905,-6.84707,13,Endothelial
cell_02937,0.23227,-6.57357,13,Endothelial
cell_02938,1.75054,-5.69210,13,Endothelial
cell_02939,2.26955,-4.95533,13,Endothelial
cell_02940,2.85660,-5.29238,13,Endothelial
cell_02941,0.90522,-5.56500,13,Endothelial
cell_02942,1.92144,-5.37152,13,Endothelial
cell_02943,0.71793,-6.41117,13,Endothelial
cell_02944,1.21403,-5.23816,13,Endothelial
cell_02945,1.75607,-4.83895,13,Endothelial
cell_02946,1.48135,-4.52237,13,Endothelial
cell_02947,1.18961,-6.71590,13,Endothelial
cell_02948,1.09441,-5.10765,13,Endothelial
cell_02949,2.37774,-5.93650,13,Endothelial
cell_02950,2.04550,-4.96151,13,Endothelial
cell_02951,2.10139,-4.58556,13,Endothelial
cell_02952,1.56935,-5.35078,13,Endothelial
cell_02953,1.70319,-6.20491,13,Endothelial
cell_02954,1.29001,-5.02174,13,Endothelial
cell_02955,2.27913,-4.50807,13,Endothelial
cell_02956,1.44102,-5.77606,13,Endothelial
cell_02957,1.16537,-5.08750,13,Endothelial
cell_02958,2.19081,-4.76541,13,Endothelial
cell_02959,1.36213,-5.90482,13,Endothelial
cell_02960,3.78396,-4.86985,13,Endothelial
cell_02961,1.27948,-4.18787,13,Endothelial
cell_02962,1.08495,-5.79904,13,Endothelial
cell_02963,3.45083,-6.15882,13,Endothelial
cell_02964,2.17038,-4.33592,13,Endothelial
cell_02965,2.71661,-5.19725,13,Endothelial
cell_02966,0.88810,-4.74428,13,Endothelial
cell_02967,2.67996,-5.63260,13,Endothelial
cell_02968,1.44746,-4.78475,13,Endothelial
cell_02969,1.64522,-5.06445,13,Endothelial
cell_02970,0.86888,-4.59235,13,Endothelial
cell_02971,2.15888,-5.17915,13,Endothelial
cell_02972,2.64928,-5.27873,13,Endothelial
cell_02973,0.15800,-5.94082,13,Endothelial
cell_02974,2.33772,-3.71728,13,Endothelial
cell_02975,1.99952,-5.04047,13,Endothelial
cell_02976,0.59571,-5.97813,13,Endothelial
cell_02977,1.41054,-5.50640,13,Endothelial
cell_02978,1.34373,-4.33186,13,Endothelial
cell_02979,2.05943,-5.71293,13,Endothelial
cell_02980,0.35530,-5.38289,13,Endothelial
cell_02981,2.33238,-3.96428,13,Endothelial
cell_02982,1.02114,-5.69408,13,Endothelial
cell_02983,2.50157,-5.32199,13,Endothelial
cell_02984,1.26916,-5.38990,13,Endothelial
cell_02985,3.73211,-5.23351,13,Endothelial
cell_02986,2.11610,-3.79365,13,Endothelial
cell_02987,0.44391,-5.55927,13,Endothelial
cell_02988,2.34581,-5.53887,13,Endothelial
cell_02989,0.16349,-4.92404,13,Endothelial
cell_02990,1.79429,-6.23698,13,Endothelial
cell_02991,1.24619,-3.93000,13,Endothelial
cell_02992,2.19730,-6.25448,13,Endothelial
cell_02993,2.66743,-4.19776,13,Endothelial
cell_02994,1.49902,-6.04904,13,Endothelial
cell_02995,1.70305,-5.51360,13,Endothelial
cell_02996,2.23596,-3.95081,13,Endothelial
cell_02997,1.24237,-4.80445,13,Endothelial
cell_02998,2.27655,-6.61978,13,Endothelial
cell_02999,0.70670,-6.78492,13,Endothelial
cell_03000,0.56288,-5.55942,13,Endothelial
cell_03001,3.01183,-5.46676,13,Endothelial
cell_03002,2.87145,-4.00730,13,Endothelial
cell_03003,0.75325,-3.81558,13,Endothelial
cell_03004,1.79619,-6.04613,13,Endothelial
cell_03005,0.98235,-5.33567,13,Endothelial
cell_03006,1.50671,-5.49182,13,Endothelial
cell_03007,1.43767,-4.66289,13,Endothelial
cell_03008,2.15793,-7.23592,13,Endothelial
cell_03009,1.55986,-4.49209,13,Endothelial
cell_03010,2.30234,-5.44698,13,Endothelial
cell_03011,0.40434,-5.67243,13,Endothelial
cell_03012,2.24267,-5.17668,13,Endothelial
cell_03013,0.40809,-4.62655,13,Endothelial
cell_03014,1.64583,-6.08182,13,Endothelial
cell_03015,1.64143,-5.71385,13,Endothelial
cell_03016,0.67499,-5.57771,13,Endothelial
cell_03017,1.98003,-4.71271,13,Endothelial
cell_03018,1.09018,-3.26361,13,Endothelial
cell_03019,0.29971,-5.69880,13,Endothelial
cell_03020,1.64006,-5.96360,13,Endothelial
cell_03021,0.96961,-3.92651,13,Endothelial
cell_03022,1.90302,-5.28460,13,Endothelial
cell_03023,2.20154,-4.86187,13,Endothelial
cell_03024,0.75060,-5.24653,13,Endothelial
cell_03025,2.16183,-4.96864,13,Endothelial
cell_03026,1.29375,-5.85326,13,Endothelial
cell_03027,1.13456,-4.76888,13,Endothelial
cell_03028,1.56271,-6.48064,13,Endothelial
cell_03029,1.50290,-5.03963,13,Endothelial
cell_03030,1.74445,-6.07302,13,Endothelial
cell_03031,1.09312,-4.68765,13,Endothelial
cell_03032,2.63133,-5.64685,13,Endothelial
cell_03033,2.68562,-4.95408,13,Endothelial
cell_03034,1.30714,-5.11669,13,Endothelial
cell_03035,1.43743,-5.06619,13,Endothelial
cell_03036,-0.17132,-4.92049,13,Endothelial
cell_03037,1.81965,-4.98779,13,Endothelial
cell_03038,2.02399,-4.84601,13,Endothelial
cell_03039,2.50241,-4.94922,13,Endothelial
cell_03040,0.85485,-5.16909,13,Endothelial
cell_03041,1.96198,-5.26571,13,Endothelial
cell_03042,1.13422,-5.55878,13,Endothelial
cell_03043,0.85307,-4.71920,13,Endothelial
cell_03044,1.03200,-4.75546,13,Endothelial
cell_03045,0.46971,-4.40384,13,Endothelial
cell_03046,2.81338,-7.16186,13,Endothelial
cell_03047,1.24096,-4.37109,13,Endothelial
cell_03048,1.51917,-5.72912,13,Endothelial
cell_03049,1.25068,-4.96797,13,Endothelial
cell_03050,1.54825,-5.99671,13,Endothelial
cell_03051,1.58152,-5.87938,13,Endothelial
cell_03052,0.84380,-5.90746,13,Endothelial
cell_03053,2.01037,-5.84845,13,Endothelial
cell_03054,2.31899,-5.32031,13,Endothelial
cell_03055,0.87441,-5.13773,13,Endothelial
cell_03056,0.74104,-4.73747,13,Endothelial
cell_03057,0.62675,-5.25463,13,Endothelial
cell_03058,2.44198,-5.95263,13,Endothelial
cell_03059,2.15638,-5.38818,13,Endothelial
cell_03060,0.79731,-4.63831,13,Endothelial
cell_03061,0.32508,-6.09572,20,Endothelial
cell_03062,0.02405,-6.85579,20,Endothelial
cell_03063,0.73015,-5.82296,20,Endothelial
cell_03064,0.10860,-5.96571,20,Endothelial
cell_03065,-1.25265,-5.57913,20,Endothelial
cell_03066,-1.51780,-5.65122,20,Endothelial
cell_03067,-0.37624,-4.33149,20,Endothelial
cell_03068,-0.77980,-4.15687,20,Endothelial
cell_03069,0.76820,-4.80917,20,Endothelial
cell_03070,0.68040,-5.74755,20,Endothelial
cell_03071,-0.64101,-6.19486,20,Endothelial
cell_03072,0.82950,-6.33762,20,Endothelial
cell_03073,0.66585,-4.34486,20,Endothelial
cell_03074,-0.98887,-5.32580,20,Endothelial
cell_03075,0.11905,-5.58465,20,Endothelial
cell_03076,-0.50993,-5.98839,20,Endothelial
cell_03077,1.59208,-4.86521,20,Endothelial
cell_03078,-0.79823,-6.24505,20,Endothelial
cell_03079,-0.49613,-6.55627,20,Endothelial
cell_03080,-1.89083,-5.08095,20,Endothelial
cell_03081,1.45998,-5.97301,20,Endothelial
cell_03082,0.11229,-5.89015,20,Endothelial
cell_03083,0.75437,-4.53803,20,Endothelial
cell_03084,0.25973,-4.92551,20,Endothelial
cell_03085,0.86844,-5.29565,20,Endothelial
cell_03086,0.11293,-4.69032,20,Endothelial
cell_03087,0.30516,-5.87047,20,Endothelial
cell_03088,0.92137,-5.68175,20,Endothelial
cell_03089,1.42443,-5.95103,20,Endothelial
cell_03090,0.51845,-5.50245,20,Endothelial
cell_03091,1.25829,-7.32927,20,Endothelial
cell_03092,1.04224,-5.79772,20,Endothelial
cell_03093,0.08581,-5.78893,20,Endothelial
cell_03094,-0.30071,-6.39187,20,Endothelial
cell_03095,0.66269,-5.48577,20,Endothelial
cell_03096,-0.32175,-4.93433,20,Endothelial
cell_03097,0.56764,-4.35571,20,Endothelial
cell_03098,1.28793,-7.05669,20,Endothelial
cell_03099,0.91292,-5.27434,20,Endothelial
cell_03100,0.38478,-5.36840,20,Endothelial
cell_03101,0.25012,-5.33462,20,Endothelial
cell_03102,-0.58009,-6.40889,20,Endothelial
cell_03103,-1.40995,-6.55349,20,Endothelial
cell_03104,0.63647,-5.59004,20,Endothelial
cell_03105,-1.99104,-4.79292,20,Endothelial
cell_03106,0.63432,-4.98140,20,Endothelial
cell_03107,-0.00846,-5.39886,20,Endothelial
cell_03108,-0.27813,-5.46177,20,Endothelial
cell_03109,-1.44908,-4.79677,20,Endothelial
cell_03110,0.19729,-5.39380,20,Endothelial
cell_03111,0.77882,-6.05539,20,Endothelial
cell_03112,0.47519,-5.15899,20,Endothelial
cell_03113,0.65049,-5.78414,20,Endothelial
cell_03114,0.92769,-6.00506,20,Endothelial
cell_03115,1.16470,-5.51449,20,Endothelial
cell_03116,-0.05242,-5.85099,20,Endothelial
cell_03117,0.33051,-5.04865,20,Endothelial
cell_03118,2.61732,-4.49586,20,Endothelial
cell_03119,0.53344,-5.48417,20,Endothelial
cell_03120,0.52902,-5.72283,20,Endothelial
cell_03121,0.09119,-5.58135,20,Endothelial
cell_03122,-0.38674,-6.56673,20,Endothelial
cell_03123,0.63698,-4.60267,20,Endothelial
cell_03124,-0.97085,-5.78631,20,Endothelial
cell_03125,0.36246,-5.44168,20,Endothelial
cell_03126,0.71025,-5.16255,20,Endothelial
cell_03127,0.46066,-4.37711,20,Endothelial
cell_03128,1.03713,-5.83558,20,Endothelial
cell_03129,-0.60327,-4.88688,20,Endothelial
cell_03130,0.87367,-4.91020,20,Endothelial
cell_03131,0.21320,-5.99095,20,Endothelial
cell_03132,1.25025,-5.15116,20,Endothelial
cell_03133,-0.28264,-3.96206,20,Endothelial
cell_03134,1.28353,-5.04529,20,Endothelial
cell_03135,0.24206,-4.44036,20,Endothelial
cell_03136,-0.12344,-5.33786,20,Endothelial
cell_03137,0.95873,-5.85433,20,Endothelial
cell_03138,-0.26365,-4.83650,20,Endothelial
cell_03139,-0.14863,-5.23823,20,Endothelial
cell_03140,1.59518,-5.90764,20,Endothelial
cell_03141,-0.57538,-6.43699,20,Endothelial
cell_03142,0.32562,-5.06062,20,Endothelial
cell_03143,0.87268,-5.38803,20,Endothelial
cell_03144,0.88227,-5.55748,20,Endothelial
cell_03145,1.50579,-5.62075,20,Endothelial
cell_03146,0.19919,-4.88025,20,Endothelial
cell_03147,1.45319,-5.54186,20,Endothelial
cell_03148,-0.35541,-5.63809,20,Endothelial
cell_03149,0.39901,-5.00358,20,Endothelial
cell_03150,-0.24024,-5.92675,20,Endothelial
cell_03151,0.05433,-5.90013,20,Endothelial
cell_03152,0.68932,-5.88855,20,Endothelial
cell_03153,2.60613,-4.45679,20,Endothelial
cell_03154,0.10716,-4.85329,20,Endothelial
cell_03155,-0.08113,-5.21799,20,Endothelial
cell_03156,-0.31724,-5.34246,20,Endothelial
cell_03157,0.21778,-5.94534,20,Endothelial
cell_03158,-0.30658,-5.77491,20,Endothelial
cell_03159,0.40540,-5.86981,20,Endothelial
cell_03160,-0.07509,-5.37045,20,Endothelial
cell_03161,0.33848,-5.55780,20,Endothelial
cell_03162,1.72339,-5.60229,20,Endothelial
cell_03163,-0.09747,-5.21769,20,Endothelial
cell_03164,0.29591,-5.71958,20,Endothelial
cell_03165,1.38860,-6.13785,20,Endothelial
cell_03166,0.93688,-6.09193,20,Endothelial
cell_03167,-1.27412,-4.98149,20,Endothelial
cell_03168,0.69473,-5.91638,20,Endothelial
cell_03169,0.96527,-5.06706,20,Endothelial
cell_03170,0.12496,-5.31488,20,Endothelial
cell_03171,-0.01429,-6.44836,20,Endothelial
cell_03172,-0.86020,-5.89406,20,Endothelial
cell_03173,1.44418,-4.85034,20,Endothelial
cell_03174,1.01067,-5.55307,20,Endothelial
cell_03175,0.76429,-6.95803,20,Endothelial
cell_03176,-0.16659,-6.47115,20,Endothelial
cell_03177,-0.15065,-5.36734,20,Endothelial
cell_03178,1.14121,-5.47428,20,Endothelial
cell_03179,1.89454,-5.91607,20,Endothelial
cell_03180,0.34173,-5.19896,20,Endothelial
cell_03181,0.64672,-5.51344,20,Endothelial
cell_03182,-0.79360,-5.60522,20,Endothelial
cell_03183,-0.15750,-6.31583,20,Endothelial
cell_03184,-1.35962,-5.19745,20,Endothelial
cell_03185,-1.74171,-6.14624,20,Endothelial
cell_03186,-0.71167,-6.29650,20,Endothelial
cell_03187,0.10657,-5.29026,20,Endothelial
cell_03188,-0.96158,-6.09524,20,Endothelial
cell_03189,-0.28908,-5.96650,20,Endothelial
cell_03190,-0.64351,-6.80747,20,Endothelial
cell_03191,-0.11928,-5.77129,20,Endothelial
cell_03192,0.83396,-5.05636,20,Endothelial
cell_03193,0.36126,-4.88559,20,Endothelial
cell_03194,-0.07031,-5.74420,20,Endothelial
cell_03195,-0.86566,-5.84565,20,Endothelial
cell_03196,0.24555,-5.52059,20,Endothelial
cell_03197,-1.22887,-6.41134,20,Endothelial
cell_03198,1.00866,-5.20691,20,Endothelial
cell_03199,0.80082,-4.58837,20,Endothelial
cell_03200,-1.06092,-5.11715,20,Endothelial
cell_03201,0.19184,-5.61443,20,Endothelial
cell_03202,1.54324,-5.56233,20,Endothelial
cell_03203,-0.36384,-5.90312,20,Endothelial
cell_03204,0.64410,-5.55352,20,Endothelial
cell_03205,0.62781,-5.64637,20,Endothelial
cell_03206,-0.62188,-6.51675,20,Endothelial
cell_03207,-0.91752,-5.93736,20,Endothelial
cell_03208,0.44517,-6.07851,20,Endothelial
cell_03209,-0.78317,-4.86605,20,Endothelial
cell_03210,-0.82288,-4.63674,20,Endothelial
cell_03211,0.68376,-5.18180,20,Endothelial
cell_03212,-1.42417,-5.64994,20,Endothelial
cell_03213,0.80730,-4.53203,20,Endothelial
cell_03214,-0.44409,-5.59991,20,Endothelial
cell_03215,-0.66263,-5.76422,20,Endothelial
cell_03216,0.49358,-6.91023,20,Endothelial
cell_03217,1.10227,-5.57364,20,Endothelial
cell_03218,0.55085,-5.42283,20,Endothelial
cell_03219,-0.59464,-6.46304,20,Endothelial
cell_03220,1.30911,-5.04788,20,Endothelial
cell_03221,0.60502,-5.93080,20,Endothelial
cell_03222,0.74976,-6.20896,20,Endothelial
cell_03223,0.64978,-5.19736,20,Endothelial
cell_03224,0.60477,-5.72248,20,Endothelial
cell_03225,-0.34201,-5.85557,20,Endothelial
cell_03226,-0.30498,-5.14279,20,Endothelial
cell_03227,0.54920,-6.46769,20,Endothelial
cell_03228,1.47604,-6.29762,20,Endothelial
cell_03229,-0.58861,-6.18691,20,Endothelial
cell_03230,1.29155,-4.15845,20,Endothelial
cell_03231,-0.30304,-6.18243,20,Endothelial
cell_03232,0.87441,-7.12922,20,Endothelial
cell_03233,-0.66761,-4.84870,20,Endothelial
cell_03234,0.04468,-4.95723,20,Endothelial
cell_03235,0.78037,-5.42219,20,Endothelial
cell_03236,0.04892,-5.15844,20,Endothelial
cell_03237,-0.57094,-5.15433,20,Endothelial
cell_03238,-0.76836,-5.46492,20,Endothelial
cell_03239,1.87858,-5.51841,20,Endothelial
cell_03240,-0.35205,-6.49712,20,Endothelial
cell_03241,-8.71538,-2.03555,17,Pericyte & Smooth muscle
cell_03242,-9.49656,-2.58073,17,Pericyte & Smooth muscle
cell_03243,-8.65928,-0.92437,17,Pericyte & Smooth muscle
cell_03244,-7.97847,-1.03776,17,Pericyte & Smooth muscle
cell_03245,-9.79180,-2.45569,17,Pericyte & Smooth muscle
cell_03246,-8.07425,-2.42845,17,Pericyte & Smooth muscle
cell_03247,-10.85766,-1.79733,17,Pericyte & Smooth muscle
cell_03248,-9.95865,-2.61269,17,Pericyte & Smooth muscle
cell_03249,-10.19874,-1.57426,17,Pericyte & Smooth muscle
cell_03250,-8.80875,-1.84207,17,Pericyte & Smooth muscle
cell_03251,-10.78606,-1.63557,17,Pericyte & Smooth muscle
cell_03252,-9.35824,-1.90713,17,Pericyte & Smooth muscle
cell_03253,-8.91299,-1.10957,17,Pericyte & Smooth muscle
cell_03254,-9.17475,-2.81501,17,Pericyte & Smooth muscle
cell_03255,-8.72972,-2.35598,17,Pericyte & Smooth muscle
cell_03256,-8.43264,-2.45508,17,Pericyte & Smooth muscle
cell_03257,-10.11994,-1.67391,17,Pericyte & Smooth muscle
cell_03258,-8.19318,-2.01533,17,Pericyte & Smooth muscle
cell_03259,-10.53858,-2.30529,17,Pericyte & Smooth muscle
cell_03260,-8.78234,-2.87377,17,Pericyte & Smooth muscle
cell_03261,-8.66533,-1.57219,17,Pericyte & Smooth muscle
cell_03262,-9.18313,-2.52559,17,Pericyte & Smooth muscle
cell_03263,-8.61257,-1.50339,17,Pericyte & Smooth muscle
cell_03264,-8.98204,-3.09572,17,Pericyte & Smooth muscle
cell_03265,-9.61775,-3.20461,17,Pericyte & Smooth muscle
cell_03266,-10.24352,-2.49058,17,Pericyte & Smooth muscle
cell_03267,-9.11474,-2.10782,17,Pericyte & Smooth muscle
cell_03268,-9.59812,-1.48613,17,Pericyte & Smooth muscle
cell_03269,-9.31481,-1.83822,17,Pericyte & Smooth muscle
cell_03270,-8.43454,-0.83615,17,Pericyte & Smooth muscle
cell_03271,-9.20832,-2.74151,17,Pericyte & Smooth muscle
cell_03272,-10.12962,-1.08993,17,Pericyte & Smooth muscle
cell_03273,-8.77428,-1.98700,17,Pericyte & Smooth muscle
cell_03274,-9.72689,-1.87178,17,Pericyte & Smooth muscle
cell_03275,-9.63630,-2.53096,17,Pericyte & Smooth muscle
cell_03276,-9.26047,-3.73917,17,Pericyte & Smooth muscle
cell_03277,-10.21204,-3.64639,17,Pericyte & Smooth muscle
cell_03278,-8.62983,-2.89531,17,Pericyte & Smooth muscle
cell_03279,-8.48892,-2.41724,17,Pericyte & Smooth muscle
cell_03280,-10.29223,-2.42156,17,Pericyte & Smooth muscle
cell_03281,-9.13570,-1.88910,17,Pericyte & Smooth muscle
cell_03282,-9.05292,-3.01560,17,Pericyte & Smooth muscle
cell_03283,-7.47395,-2.28921,17,Pericyte & Smooth muscle
cell_03284,-9.44605,-2.55806,17,Pericyte & Smooth muscle
cell_03285,-8.51253,-2.16701,17,Pericyte & Smooth muscle
cell_03286,-8.47738,-1.19763,17,Pericyte & Smooth muscle
cell_03287,-8.74306,-2.32395,17,Pericyte & Smooth muscle
cell_03288,-10.09489,-4.61232,17,Pericyte & Smooth muscle
cell_03289,-8.27863,-2.63986,17,Pericyte & Smooth muscle
cell_03290,-7.57992,-2.48135,17,Pericyte & Smooth muscle
cell_03291,-8.74313,-1.74911,17,Pericyte & Smooth muscle
cell_03292,-9.17640,-3.28456,17,Pericyte & Smooth muscle
cell_03293,-8.64718,-2.49246,17,Pericyte & Smooth muscle
cell_03294,-8.59582,-2.82318,17,Pericyte & Smooth muscle
cell_03295,-9.99360,-2.23572,17,Pericyte & Smooth muscle
cell_03296,-9.51192,-0.54521,17,Pericyte & Smooth muscle
cell_03297,-9.49037,-2.75118,17,Pericyte & Smooth muscle
cell_03298,-9.06664,-2.26732,17,Pericyte & Smooth muscle
cell_03299,-8.75379,-2.42661,17,Pericyte & Smooth muscle
cell_03300,-9.41265,-3.51873,17,Pericyte & Smooth muscle
cell_03301,-9.54986,-1.61082,17,Pericyte & Smooth muscle
cell_03302,-9.49190,-0.80196,17,Pericyte & Smooth muscle
cell_03303,-8.46853,-1.80523,17,Pericyte & Smooth muscle
cell_03304,-8.57637,-3.07265,17,Pericyte & Smooth muscle
cell_03305,-9.02320,-1.37206,17,Pericyte & Smooth muscle
cell_03306,-8.90456,-2.68266,17,Pericyte & Smooth muscle
cell_03307,-8.87263,-1.79743,17,Pericyte & Smooth muscle
cell_03308,-8.89205,-1.99402,17,Pericyte & Smooth muscle
cell_03309,-8.54422,-2.46755,17,Pericyte & Smooth muscle
cell_03310,-9.00613,-2.84171,17,Pericyte & Smooth muscle
cell_03311,-9.33451,-1.75455,17,Pericyte & Smooth muscle
cell_03312,-9.27257,-2.29274,17,Pericyte & Smooth muscle
cell_03313,-9.58932,-1.89685,17,Pericyte & Smooth muscle
cell_03314,-8.48805,-2.25857,17,Pericyte & Smooth muscle
cell_03315,-10.00648,-2.09107,17,Pericyte & Smooth muscle
cell_03316,-8.87570,-1.92338,17,Pericyte & Smooth muscle
cell_03317,-9.16184,-1.34779,17,Pericyte & Smooth muscle
cell_03318,-8.55106,-1.91149,17,Pericyte & Smooth muscle
cell_03319,-8.17903,-0.70170,17,Pericyte & Smooth muscle
cell_03320,-10.26576,-2.17474,17,Pericyte & Smooth muscle
cell_03321,-7.04265,-1.29225,17,Pericyte & Smooth muscle
cell_03322,-10.89540,-1.97092,17,Pericyte & Smooth muscle
cell_03323,-7.64424,-3.47743,17,Pericyte & Smooth muscle
cell_03324,-8.30114,-1.74073,17,Pericyte & Smooth muscle
cell_03325,-8.09306,-2.05454,17,Pericyte & Smooth muscle
cell_03326,-10.10423,-2.23007,17,Pericyte & Smooth muscle
cell_03327,-8.45984,-2.62141,17,Pericyte & Smooth muscle
cell_03328,-8.68334,-2.76791,17,Pericyte & Smooth muscle
cell_03329,-9.13199,-2.62025,17,Pericyte & Smooth muscle
cell_03330,-9.12824,-1.56895,17,Pericyte & Smooth muscle
cell_03331,-7.22432,-2.74456,17,Pericyte & Smooth muscle
cell_03332,-10.31193,-2.38342,17,Pericyte & Smooth muscle
cell_03333,-8.74044,-1.79196,17,Pericyte & Smooth muscle
cell_03334,-8.37446,-2.48977,17,Pericyte & Smooth muscle
cell_03335,-10.47307,-1.50371,17,Pericyte & Smooth muscle
cell_03336,-9.17807,-1.24631,17,Pericyte & Smooth muscle
cell_03337,-8.58332,-1.94183,17,Pericyte & Smooth muscle
cell_03338,-7.96890,-2.21274,17,Pericyte & Smooth muscle
cell_03339,-8.79079,-1.69559,17,Pericyte & Smooth muscle
cell_03340,-9.44263,-1.76360,17,Pericyte & Smooth muscle
cell_03341,-8.79591,-1.67964,17,Pericyte & Smooth muscle
cell_03342,-9.61261,-1.90016,17,Pericyte & Smooth muscle
cell_03343,-8.57119,-2.04268,17,Pericyte & Smooth muscle
cell_03344,-10.42122,-3.46645,17,Pericyte & Smooth muscle
cell_03345,-9.03573,-3.09674,17,Pericyte & Smooth muscle
cell_03346,-8.57650,-1.34719,17,Pericyte & Smooth muscle
cell_03347,-9.72211,-2.48143,17,Pericyte & Smooth muscle
cell_03348,-8.56059,-2.64676,17,Pericyte & Smooth muscle
cell_03349,-7.21557,-2.54982,17,Pericyte & Smooth muscle
cell_03350,-9.12235,-1.37666,17,Pericyte & Smooth muscle
cell_03351,-9.01663,-1.62396,17,Pericyte & Smooth muscle
cell_03352,-10.35132,-1.88303,17,Pericyte & Smooth muscle
cell_03353,-8.66993,-3.21767,17,Pericyte & Smooth muscle
cell_03354,-8.45584,-2.70418,17,Pericyte & Smooth muscle
cell_03355,-10.11217,-2.54776,17,Pericyte & Smooth muscle
cell_03356,-9.05196,-2.79811,17,Pericyte & Smooth muscle
cell_03357,-9.57525,-2.40289,17,Pericyte & Smooth muscle
cell_03358,-8.72577,-2.26976,17,Pericyte & Smooth muscle
cell_03359,-9.08403,-1.49070,17,Pericyte & Smooth muscle
cell_03360,-8.93348,-2.22020,17,Pericyte & Smooth muscle
cell_03361,-8.44785,-2.15838,17,Pericyte & Smooth muscle
cell_03362,-8.16693,-2.26593,17,Pericyte & Smooth muscle
cell_03363,-8.07649,-1.61988,17,Pericyte & Smooth muscle
cell_03364,-7.81713,-3.60537,17,Pericyte & Smooth muscle
cell_03365,-8.13008,-1.81421,17,Pericyte & Smooth muscle
cell_03366,-9.61038,-2.05539,17,Pericyte & Smooth muscle
cell_03367,-9.07531,-2.07626,17,Pericyte & Smooth muscle
cell_03368,-8.11735,-2.29840,17,Pericyte & Smooth muscle
cell_03369,-10.20186,-2.17709,17,Pericyte & Smooth muscle
cell_03370,-9.22698,-2.26260,17,Pericyte & Smooth muscle
cell_03371,-8.85057,-1.71312,17,Pericyte & Smooth muscle
cell_03372,-8.70622,-2.40886,17,Pericyte & Smooth muscle
cell_03373,-10.08238,-2.46419,17,Pericyte & Smooth muscle
cell_03374,-8.69107,-2.54876,17,Pericyte & Smooth muscle
cell_03375,-9.38962,-2.94211,17,Pericyte & Smooth muscle
cell_03376,-10.43476,-1.85443,17,Pericyte & Smooth muscle
cell_03377,-9.39942,-2.67999,17,Pericyte & Smooth muscle
cell_03378,-8.57586,-0.93698,17,Pericyte & Smooth muscle
cell_03379,-9.14090,-2.40145,17,Pericyte & Smooth muscle
cell_03380,-10.72434,-3.17011,17,Pericyte & Smooth muscle
cell_03381,-8.39489,-2.76290,17,Pericyte & Smooth muscle
cell_03382,-9.42125,-2.35989,17,Pericyte & Smooth muscle
cell_03383,-9.26635,-2.93204,17,Pericyte & Smooth muscle
cell_03384,-8.93582,-1.56892,17,Pericyte & Smooth muscle
cell_03385,-9.13733,-2.80120,17,Pericyte & Smooth muscle
cell_03386,-7.32418,-1.64280,17,Pericyte & Smooth muscle
cell_03387,-10.43102,-2.59492,17,Pericyte & Smooth muscle
cell_03388,-10.45559,-1.53520,17,Pericyte & Smooth muscle
cell_03389,-8.82616,-2.71310,17,Pericyte & Smooth muscle
cell_03390,-7.78796,-1.18989,17,Pericyte & Smooth muscle
cell_03391,-9.22314,-1.77190,17,Pericyte & Smooth muscle
cell_03392,-10.11322,-2.89801,17,Pericyte & Smooth muscle
cell_03393,-8.82878,-2.24164,17,Pericyte & Smooth muscle
cell_03394,-7.42169,-1.82202,17,Pericyte & Smooth muscle
cell_03395,-9.60618,-2.80689,17,Pericyte & Smooth muscle
cell_03396,-9.09389,-1.95215,17,Pericyte & Smooth muscle
cell_03397,-9.33500,-1.99360,17,Pericyte & Smooth muscle
cell_03398,-8.09320,-2.12026,17,Pericyte & Smooth muscle
cell_03399,-8.59663,-1.77289,17,Pericyte & Smooth muscle
cell_03400,-9.20674,-1.55182,17,Pericyte & Smooth muscle
cell_03401,-8.88972,-0.99833,17,Pericyte & Smooth muscle
cell_03402,-8.72254,-1.51857,17,Pericyte & Smooth muscle
cell_03403,-7.79708,-1.08183,17,Pericyte & Smooth muscle
cell_03404,-8.04145,-2.33617,17,Pericyte & Smooth muscle
cell_03405,-7.98544,-2.88951,17,Pericyte & Smooth muscle
cell_03406,-9.52086,-3.13189,17,Pericyte & Smooth muscle
cell_03407,-10.52664,-2.37597,17,Pericyte & Smooth muscle
cell_03408,-9.62686,-1.21014,17,Pericyte & Smooth muscle
cell_03409,-8.14346,-1.90641,17,Pericyte & Smooth muscle
cell_03410,-8.71720,-2.25320,17,Pericyte & Smooth muscle
cell_03411,-9.99786,-2.17434,17,Pericyte & Smooth muscle
cell_03412,-9.19445,-2.17169,17,Pericyte & Smooth muscle
cell_03413,-7.91040,-3.10644,17,Pericyte & Smooth muscle
cell_03414,-9.67130,-2.02335,17,Pericyte & Smooth muscle
cell_03415,-8.75625,-0.63689,17,Pericyte & Smooth muscle
cell_03416,-8.81103,-1.03859,17,Pericyte & Smooth muscle
cell_03417,-9.57532,-2.73435,17,Pericyte & Smooth muscle
cell_03418,-10.28218,-2.35394,17,Pericyte & Smooth muscle
cell_03419,-8.07913,-2.56777,17,Pericyte & Smooth muscle
cell_03420,-9.41787,-2.49227,17,Pericyte & Smooth muscle
cell_03421,10.31422,4.75105,12,Mast
cell_03422,11.02530,5.78817,12,Mast
cell_03423,10.76663,6.15748,12,Mast
cell_03424,10.72366,5.60084,12,Mast
cell_03425,11.20994,6.69919,12,Mast
cell_03426,9.58402,4.20313,12,Mast
cell_03427,10.68800,5.54158,12,Mast
cell_03428,11.24757,6.45504,12,Mast
cell_03429,11.04101,5.47966,12,Mast
cell_03430,11.04058,5.88731,12,Mast
cell_03431,11.94857,5.47096,12,Mast
cell_03432,11.41489,6.51756,12,Mast
cell_03433,12.41603,4.24902,12,Mast
cell_03434,10.49029,5.92045,12,Mast
cell_03435,10.95225,5.93274,12,Mast
cell_03436,11.60811,4.64727,12,Mast
cell_03437,11.37212,4.98086,12,Mast
cell_03438,9.45496,6.26310,12,Mast
cell_03439,10.39112,5.15631,12,Mast
cell_03440,9.49401,5.27720,12,Mast
cell_03441,12.57424,5.85524,12,Mast
cell_03442,11.27411,5.44138,12,Mast
cell_03443,11.27204,6.02865,12,Mast
cell_03444,11.07704,6.36589,12,Mast
cell_03445,10.04301,5.69928,12,Mast
cell_03446,10.39531,4.98252,12,Mast
cell_03447,11.72426,6.53982,12,Mast
cell_03448,11.67364,6.26162,12,Mast
cell_03449,11.48185,6.06912,12,Mast
cell_03450,11.81065,5.87095,12,Mast
cell_03451,12.48453,6.26104,12,Mast
cell_03452,10.94632,5.08265,12,Mast
cell_03453,11.52221,5.06900,12,Mast
cell_03454,11.06176,5.64769,12,Mast
cell_03455,11.93782,6.04888,12,Mast
cell_03456,11.15227,6.96328,12,Mast
cell_03457,10.64055,5.58105,12,Mast
cell_03458,11.78317,5.09053,12,Mast
cell_03459,11.35468,4.95099,12,Mast
cell_03460,10.32029,5.51076,12,Mast
cell_03461,12.53127,5.68469,12,Mast
cell_03462,12.70072,6.10340,12,Mast
cell_03463,10.73263,5.64756,12,Mast
cell_03464,10.73115,5.05225,12,Mast
cell_03465,11.53419,5.36643,12,Mast
cell_03466,9.92892,6.15479,12,Mast
cell_03467,10.07469,5.98575,12,Mast
cell_03468,11.75356,6.15861,12,Mast
cell_03469,11.19813,4.88325,12,Mast
cell_03470,10.81507,6.53527,12,Mast
cell_03471,11.15394,5.27380,12,Mast
cell_03472,10.98480,6.28875,12,Mast
cell_03473,9.77597,5.81713,12,Mast
cell_03474,11.41854,5.31395,12,Mast
cell_03475,11.51295,5.90878,12,Mast
cell_03476,11.93540,4.93937,12,Mast
cell_03477,11.17190,5.38541,12,Mast
cell_03478,11.39033,4.49908,12,Mast
cell_03479,9.02401,4.97870,12,Mast
cell_03480,10.87822,5.30322,12,Mast
cell_03481,9.74899,5.51794,12,Mast
cell_03482,11.14341,5.80401,12,Mast
cell_03483,10.97658,5.41282,12,Mast
cell_03484,12.78808,5.50772,12,Mast
cell_03485,9.99942,5.30270,12,Mast
cell_03486,11.14079,5.34257,12,Mast
cell_03487,10.15513,5.33972,12,Mast
cell_03488,10.94748,6.61248,12,Mast
cell_03489,11.35959,5.43645,12,Mast
cell_03490,10.68175,5.97456,12,Mast
cell_03491,10.69651,4.98760,12,Mast
cell_03492,10.39052,5.97167,12,Mast
cell_03493,10.95517,6.02531,12,Mast
cell_03494,10.36765,5.83178,12,Mast
cell_03495,11.68434,4.60371,12,Mast
cell_03496,11.37278,5.41913,12,Mast
cell_03497,11.89502,6.25411,12,Mast
cell_03498,10.82962,5.21105,12,Mast
cell_03499,10.12878,5.78697,12,Mast
cell_03500,10.49560,6.49490,12,Mast
cell_03501,10.52121,6.32370,12,Mast
cell_03502,10.69362,5.21077,12,Mast
cell_03503,10.86443,5.12625,12,Mast
cell_03504,10.75493,5.40469,12,Mast
cell_03505,10.83607,6.27922,12,Mast
cell_03506,11.40351,4.92304,12,Mast
cell_03507,10.53689,4.81230,12,Mast
cell_03508,11.46182,5.20011,12,Mast
cell_03509,10.52123,5.75254,12,Mast
cell_03510,10.76090,4.90471,12,Mast
cell_03511,11.63172,5.04015,12,Mast
cell_03512,11.76443,5.10754,12,Mast
cell_03513,11.82167,5.21626,12,Mast
cell_03514,11.58197,5.32387,12,Mast
cell_03515,9.48624,5.34798,12,Mast
cell_03516,10.93571,4.30889,12,Mast
cell_03517,11.16035,4.37913,12,Mast
cell_03518,11.22289,3.77718,12,Mast
cell_03519,11.68484,5.43025,12,Mast
cell_03520,9.90677,5.04483,12,Mast
cell_03521,10.60610,5.59491,12,Mast
cell_03522,9.67605,5.72048,12,Mast
cell_03523,10.52113,4.46952,12,Mast
cell_03524,10.48664,6.15150,12,Mast
cell_03525,11.08784,5.16222,12,Mast
cell_03526,9.24805,5.90933,12,Mast
cell_03527,11.17911,5.72428,12,Mast
cell_03528,10.07505,4.94466,12,Mast
cell_03529,11.93434,5.14031,12,Mast
cell_03530,11.15051,5.95954,12,Mast
cell_03531,11.80261,6.55664,12,Mast
cell_03532,9.66357,5.52345,12,Mast
cell_03533,9.39861,5.97922,12,Mast
cell_03534,10.10539,5.60526,12,Mast
cell_03535,10.05040,6.42465,12,Mast
cell_03536,11.07432,6.51374,12,Mast
cell_03537,11.51810,5.62464,12,Mast
cell_03538,11.87743,5.42388,12,Mast
cell_03539,11.31963,4.71354,12,Mast
cell_03540,11.30403,5.49147,12,Mast
cell_03541,10.87570,6.43541,12,Mast
cell_03542,11.10756,5.52872,12,Mast
cell_03543,11.34796,5.25114,12,Mast
cell_03544,10.66560,5.03101,12,Mast
cell_03545,11.48097,4.90070,12,Mast
cell_03546,10.95598,4.41499,12,Mast
cell_03547,11.74084,5.58050,12,Mast
cell_03548,10.19740,3.79083,12,Mast
cell_03549,12.25662,5.69238,12,Mast
cell_03550,11.40351,4.88733,12,Mast
cell_03551,11.20803,5.80089,12,Mast
cell_03552,12.21039,4.65908,12,Mast
cell_03553,11.28432,6.19502,12,Mast
cell_03554,10.91496,5.43496,12,Mast
cell_03555,11.06050,5.42720,12,Mast
cell_03556,10.56852,5.03464,12,Mast
cell_03557,13.10780,5.54584,12,Mast
cell_03558,11.63501,4.68232,12,Mast
cell_03559,10.30745,4.68969,12,Mast
cell_03560,12.55024,4.03995,12,Mast
cell_03561,11.55860,5.30470,12,Mast
cell_03562,10.24250,5.06539,12,Mast
cell_03563,11.00868,4.35062,12,Mast
cell_03564,10.09483,5.65165,12,Mast
cell_03565,11.17511,5.68519,12,Mast
cell_03566,10.90101,4.59731,12,Mast
cell_03567,11.44479,6.14785,12,Mast
cell_03568,10.98615,5.58500,12,Mast
cell_03569,12.10362,5.89921,12,Mast
cell_03570,11.57296,4.60769,12,Mast
cell_03571,11.30798,5.94681,12,Mast
cell_03572,11.47572,4.39793,12,Mast
cell_03573,12.58293,6.57385,12,Mast
cell_03574,11.09605,5.11521,12,Mast
cell_03575,10.68633,5.76354,12,Mast
cell_03576,10.80787,5.40489,12,Mast
cell_03577,10.42729,6.02944,12,Mast
cell_03578,10.62842,5.61796,12,Mast
cell_03579,11.52360,4.45647,12,Mast
cell_03580,10.89374,7.22876,12,Mast
cell_03581,12.11269,6.13420,12,Mast
cell_03582,11.37526,4.85094,12,Mast
cell_03583,11.70634,5.98963,12,Mast
cell_03584,11.56635,4.91464,12,Mast
cell_03585,10.68138,6.02299,12,Mast
cell_03586,9.99894,6.49733,12,Mast
cell_03587,11.33021,5.01737,12,Mast
cell_03588,10.87459,6.17217,12,Mast
cell_03589,11.78092,5.84907,12,Mast
cell_03590,11.43340,6.34939,12,Mast
cell_03591,10.79110,5.50452,12,Mast
cell_03592,9.98917,6.06604,12,Mast
cell_03593,11.33072,5.63387,12,Mast
cell_03594,12.05944,6.76268,12,Mast
cell_03595,11.45994,4.85399,12,Mast
cell_03596,11.18182,5.95857,12,Mast
cell_03597,12.10563,5.08344,12,Mast
cell_03598,10.60196,5.98857,12,Mast
cell_03599,12.26399,6.08009,12,Mast
cell_03600,10.75595,5.90217,12,Mast
cell_03601,12.26718,4.88787,24,Mast
cell_03602,11.46875,5.34333,24,Mast
cell_03603,13.43819,5.95400,24,Mast
cell_03604,11.34181,4.97706,24,Mast
cell_03605,12.10454,5.23985,24,Mast
cell_03606,12.13296,5.94499,24,Mast
cell_03607,10.96277,5.90486,24,Mast
cell_03608,11.85031,5.85995,24,Mast
cell_03609,11.28982,5.60330,24,Mast
cell_03610,12.65120,4.58723,24,Mast
cell_03611,11.94210,4.89061,24,Mast
cell_03612,11.74853,6.18577,24,Mast
cell_03613,12.04164,6.35767,24,Mast
cell_03614,11.94571,6.07676,24,Mast
cell_03615,11.59286,5.56300,24,Mast
cell_03616,12.59898,5.25978,24,Mast
cell_03617,12.11958,5.60273,24,Mast
cell_03618,11.23018,6.10120,24,Mast
cell_03619,11.52449,5.53325,24,Mast
cell_03620,12.17396,5.42449,24,Mast
cell_03621,12.25707,5.77005,24,Mast
cell_03622,12.29735,5.80208,24,Mast
cell_03623,11.80412,5.10961,24,Mast
cell_03624,11.44254,6.47869,24,Mast
cell_03625,12.33815,5.62494,24,Mast
cell_03626,11.39691,5.76312,24,Mast
cell_03627,11.85838,4.76982,24,Mast
cell_03628,12.31172,5.80590,24,Mast
cell_03629,13.24184,5.09241,24,Mast
cell_03630,11.57744,5.79876,24,Mast
cell_03631,12.06562,4.61860,24,Mast
cell_03632,12.04764,5.68734,24,Mast
cell_03633,10.16412,4.72294,24,Mast
cell_03634,13.07380,4.87891,24,Mast
cell_03635,12.06834,5.20236,24,Mast
cell_03636,12.10695,5.38093,24,Mast
cell_03637,11.13949,5.26340,24,Mast
cell_03638,11.53282,5.46736,24,Mast
cell_03639,12.27383,6.03805,24,Mast
cell_03640,11.84019,4.57690,24,Mast
cell_03641,11.29013,5.49892,24,Mast
cell_03642,11.43866,5.36387,24,Mast
cell_03643,11.88589,4.48961,24,Mast
cell_03644,11.35279,6.19603,24,Mast
cell_03645,11.69701,5.11334,24,Mast
cell_03646,11.26995,5.70632,24,Mast
cell_03647,11.35053,5.65870,24,Mast
cell_03648,11.56932,5.77307,24,Mast
cell_03649,10.88566,5.39537,24,Mast
cell_03650,12.27381,5.76994,24,Mast
cell_03651,11.57169,4.93238,24,Mast
cell_03652,11.32321,4.49281,24,Mast
cell_03653,11.25879,4.87944,24,Mast
cell_03654,13.19774,5.57024,24,Mast
cell_03655,12.24779,5.02787,24,Mast
cell_03656,12.82653,5.06986,24,Mast
cell_03657,11.89868,4.98112,24,Mast
cell_03658,12.11819,5.91244,24,Mast
cell_03659,12.29152,4.72707,24,Mast
cell_03660,12.09994,5.71201,24,Mast
cell_03661,12.59130,4.71310,24,Mast
cell_03662,11.58279,5.32796,24,Mast
cell_03663,12.47621,5.06820,24,Mast
cell_03664,11.46822,5.62280,24,Mast
cell_03665,11.88989,5.32445,24,Mast
cell_03666,12.33701,6.01743,24,Mast
cell_03667,11.74082,5.75021,24,Mast
cell_03668,12.26336,4.38924,24,Mast
cell_03669,12.07481,6.28744,24,Mast
cell_03670,12.52476,5.43431,24,Mast
cell_03671,11.28415,4.95464,24,Mast
cell_03672,11.59015,5.06037,24,Mast
cell_03673,11.62484,6.09234,24,Mast
cell_03674,12.26097,5.40554,24,Mast
cell_03675,10.33591,5.22639,24,Mast
cell_03676,12.48316,5.37416,24,Mast
cell_03677,11.45048,5.67932,24,Mast
cell_03678,12.06281,5.92978,24,Mast
cell_03679,12.57170,5.64904,24,Mast
cell_03680,11.47040,5.67538,24,Mast
cell_03681,11.87202,4.48264,24,Mast
cell_03682,11.80299,5.69983,24,Mast
cell_03683,11.55240,4.47261,24,Mast
cell_03684,12.26758,6.80541,24,Mast
cell_03685,11.45478,5.44577,24,Mast
cell_03686,11.52073,6.51577,24,Mast
cell_03687,12.35934,4.40316,24,Mast
cell_03688,11.34030,5.00472,24,Mast
cell_03689,11.45254,5.30284,24,Mast
cell_03690,12.79250,4.52512,24,Mast
cell_03691,10.38587,5.53831,24,Mast
cell_03692,11.28214,4.53667,24,Mast
cell_03693,12.31780,4.85291,24,Mast
cell_03694,11.52384,4.46137,24,Mast
cell_03695,11.90074,5.43768,24,Mast
cell_03696,11.90523,4.09900,24,Mast
cell_03697,12.84711,4.83455,24,Mast
cell_03698,12.00946,5.99692,24,Mast
cell_03699,11.11245,6.00353,24,Mast
cell_03700,12.38440,6.21141,24,Mast
cell_03701,11.79947,5.70907,24,Mast
cell_03702,10.85846,5.28416,24,Mast
cell_03703,11.45972,5.52199,24,Mast
cell_03704,11.84843,6.05330,24,Mast
cell_03705,9.54989,5.61950,24,Mast
cell_03706,11.56963,4.37249,24,Mast
cell_03707,11.06644,5.27761,24,Mast
cell_03708,11.93017,5.67380,24,Mast
cell_03709,11.54519,5.92310,24,Mast
cell_03710,11.53125,5.63205,24,Mast
cell_03711,11.27656,5.58341,24,Mast
cell_03712,11.40966,5.51777,24,Mast
cell_03713,11.60349,6.00444,24,Mast
cell_03714,13.56133,6.18281,24,Mast
cell_03715,11.75435,5.76336,24,Mast
cell_03716,12.36606,5.49816,24,Mast
cell_03717,13.17706,5.16243,24,Mast
cell_03718,11.56628,5.66918,24,Mast
cell_03719,13.66636,4.58093,24,Mast
cell_03720,11.07926,4.33635,24,Mast
cell_03721,11.75147,4.37425,24,Mast
cell_03722,12.11824,5.85124,24,Mast
cell_03723,11.95550,6.18954,24,Mast
cell_03724,11.20099,5.93510,24,Mast
cell_03725,10.46619,5.43424,24,Mast
cell_03726,11.51274,5.21280,24,Mast
cell_03727,12.48853,5.03209,24,Mast
cell_03728,11.92601,6.38814,24,Mast
cell_03729,12.16342,5.55033,24,Mast
cell_03730,11.84834,5.11976,24,Mast
cell_03731,11.86928,5.18153,24,Mast
cell_03732,12.27318,3.84670,24,Mast
cell_03733,11.13347,5.56813,24,Mast
cell_03734,11.46153,6.01006,24,Mast
cell_03735,11.46175,4.64153,24,Mast
cell_03736,12.27280,5.60165,24,Mast
cell_03737,12.60128,5.23278,24,Mast
cell_03738,11.17229,4.98189,24,Mast
cell_03739,13.13537,5.21983,24,Mast
cell_03740,10.67288,5.75551,24,Mast
cell_03741,12.36719,5.97065,24,Mast
cell_03742,11.37298,5.33158,24,Mast
cell_03743,12.52299,5.81876,24,Mast
cell_03744,11.20047,5.31555,24,Mast
cell_03745,12.05024,5.40954,24,Mast
cell_03746,13.01562,5.19503,24,Mast
cell_03747,12.06187,4.63727,24,Mast
cell_03748,10.81026,5.84432,24,Mast
cell_03749,11.41584,5.81566,24,Mast
cell_03750,12.30176,6.06750,24,Mast
cell_03751,11.03792,6.58846,24,Mast
cell_03752,13.30795,6.30639,24,Mast
cell_03753,12.13177,6.16891,24,Mast
cell_03754,10.23481,5.34226,24,Mast
cell_03755,11.02152,5.33266,24,Mast
cell_03756,11.79224,6.02981,24,Mast
cell_03757,11.39053,5.40767,24,Mast
cell_03758,11.49474,5.98435,24,Mast
cell_03759,11.21018,4.57983,24,Mast
cell_03760,11.91569,5.61431,24,Mast
cell_03761,11.24609,5.73709,24,Mast
cell_03762,10.62761,5.04896,24,Mast
cell_03763,12.13375,5.87204,24,Mast
cell_03764,11.55953,5.97368,24,Mast
cell_03765,11.59916,5.92302,24,Mast
cell_03766,12.57081,4.57647,24,Mast
cell_03767,11.59497,3.83520,24,Mast
cell_03768,11.10223,6.51781,24,Mast
cell_03769,11.43509,5.14573,24,Mast
cell_03770,11.35503,5.29584,24,Mast
cell_03771,11.76581,5.49083,24,Mast
cell_03772,11.62439,4.19208,24,Mast
cell_03773,11.90501,5.52280,24,Mast
cell_03774,9.69474,5.48689,24,Mast
cell_03775,12.12865,5.02759,24,Mast
cell_03776,9.79301,4.38351,24,Mast
cell_03777,12.67641,5.46444,24,Mast
cell_03778,11.51402,5.94530,24,Mast
cell_03779,12.10924,4.38442,24,Mast
cell_03780,11.61338,5.70465,24,Mast
cell_03781,-7.55574,-2.91066,4,Pericyte & Smooth muscle
cell_03782,-9.58018,-4.09420,4,Pericyte & Smooth muscle
cell_03783,-7.48664,-1.99070,4,Pericyte & Smooth muscle
cell_03784,-8.18899,-1.74479,4,Pericyte & Smooth muscle
cell_03785,-8.02131,-2.93152,4,Pericyte & Smooth muscle
cell_03786,-7.73582,-2.24735,4,Pericyte & Smooth muscle
cell_03787,-8.75271,-3.23748,4,Pericyte & Smooth muscle
cell_03788,-9.01866,-2.79688,4,Pericyte & Smooth muscle
cell_03789,-7.66574,-2.87409,4,Pericyte & Smooth muscle
cell_03790,-8.53694,-2.66189,4,Pericyte & Smooth muscle
cell_03791,-7.29351,-2.39294,4,Pericyte & Smooth muscle
cell_03792,-7.86079,-2.74792,4,Pericyte & Smooth muscle
cell_03793,-8.75859,-2.13238,4,Pericyte & Smooth muscle
cell_03794,-8.49491,-2.04237,4,Pericyte & Smooth muscle
cell_03795,-6.93173,-2.75888,4,Pericyte & Smooth muscle
cell_03796,-9.90716,-3.52649,4,Pericyte & Smooth muscle
cell_03797,-6.19363,-1.03625,4,Pericyte & Smooth muscle
cell_03798,-8.48433,-1.21712,4,Pericyte & Smooth muscle
cell_03799,-7.40692,-3.31671,4,Pericyte & Smooth muscle
cell_03800,-7.35875,-1.98865,4,Pericyte & Smooth muscle
cell_03801,-8.07933,-2.33959,4,Pericyte & Smooth muscle
cell_03802,-7.49422,-2.06163,4,Pericyte & Smooth muscle
cell_03803,-10.09042,-3.29203,4,Pericyte & Smooth muscle
cell_03804,-7.38694,-2.43393,4,Pericyte & Smooth muscle
cell_03805,-9.08573,-2.06591,4,Pericyte & Smooth muscle
cell_03806,-8.86007,-2.70447,4,Pericyte & Smooth muscle
cell_03807,-8.57176,-3.34938,4,Pericyte & Smooth muscle
cell_03808,-8.52384,-1.90061,4,Pericyte & Smooth muscle
cell_03809,-7.80493,-3.26894,4,Pericyte & Smooth muscle
cell_03810,-7.19867,-2.53207,4,Pericyte & Smooth muscle
cell_03811,-8.99603,-3.12579,4,Pericyte & Smooth muscle
cell_03812,-7.81386,-2.66132,4,Pericyte & Smooth muscle
cell_03813,-8.81194,-2.04951,4,Pericyte & Smooth muscle
cell_03814,-8.99691,-2.19570,4,Pericyte & Smooth muscle
cell_03815,-8.07713,-2.99720,4,Pericyte & Smooth muscle
cell_03816,-9.21357,-3.18387,4,Pericyte & Smooth muscle
cell_03817,-8.21776,-2.80021,4,Pericyte & Smooth muscle
cell_03818,-8.26290,-3.15060,4,Pericyte & Smooth muscle
cell_03819,-8.33042,-2.59619,4,Pericyte & Smooth muscle
cell_03820,-6.82137,-3.16720,4,Pericyte & Smooth muscle
cell_03821,-7.50389,-2.28355,4,Pericyte & Smooth muscle
cell_03822,-9.57768,-2.51114,4,Pericyte & Smooth muscle
cell_03823,-8.78873,-3.16327,4,Pericyte & Smooth muscle
cell_03824,-8.60301,-3.33001,4,Pericyte & Smooth muscle
cell_03825,-6.89634,-2.89652,4,Pericyte & Smooth muscle
cell_03826,-6.96370,-2.91376,4,Pericyte & Smooth muscle
cell_03827,-8.69456,-1.89049,4,Pericyte & Smooth muscle
cell_03828,-7.91149,-2.94738,4,Pericyte & Smooth muscle
cell_03829,-8.59595,-3.67678,4,Pericyte & Smooth muscle
cell_03830,-8.02614,-2.72346,4,Pericyte & Smooth muscle
cell_03831,-7.84620,-2.40442,4,Pericyte & Smooth muscle
cell_03832,-6.84344,-2.21042,4,Pericyte & Smooth muscle
cell_03833,-8.62163,-2.55690,4,Pericyte & Smooth muscle
cell_03834,-7.86082,-2.77911,4,Pericyte & Smooth muscle
cell_03835,-8.57008,-2.67948,4,Pericyte & Smooth muscle
cell_03836,-7.99189,-3.17492,4,Pericyte & Smooth muscle
cell_03837,-8.04823,-3.39439,4,Pericyte & Smooth muscle
cell_03838,-7.56883,-3.49006,4,Pericyte & Smooth muscle
cell_03839,-8.39986,-1.55298,4,Pericyte & Smooth muscle
cell_03840,-7.72030,-2.54239,4,Pericyte & Smooth muscle
cell_03841,-7.84333,-2.55454,4,Pericyte & Smooth muscle
cell_03842,-6.42890,-1.85548,4,Pericyte & Smooth muscle
cell_03843,-6.80363,-2.99811,4,Pericyte & Smooth muscle
cell_03844,-7.43515,-2.89680,4,Pericyte & Smooth muscle
cell_03845,-7.54962,-3.09959,4,Pericyte & Smooth muscle
cell_03846,-7.27727,-2.99761,4,Pericyte & Smooth muscle
cell_03847,-6.76170,-2.61831,4,Pericyte & Smooth muscle
cell_03848,-8.17865,-2.58737,4,Pericyte & Smooth muscle
cell_03849,-8.47820,-2.94736,4,Pericyte & Smooth muscle
cell_03850,-9.76060,-2.54857,4,Pericyte & Smooth muscle
cell_03851,-8.32900,-3.23210,4,Pericyte & Smooth muscle
cell_03852,-6.82897,-2.98499,4,Pericyte & Smooth muscle
cell_03853,-9.83172,-1.54091,4,Pericyte & Smooth muscle
cell_03854,-8.29718,-1.98620,4,Pericyte & Smooth muscle
cell_03855,-9.06963,-2.71739,4,Pericyte & Smooth muscle
cell_03856,-9.07599,-2.46005,4,Pericyte & Smooth muscle
cell_03857,-8.34081,-2.35370,4,Pericyte & Smooth muscle
cell_03858,-9.19371,-2.02499,4,Pericyte & Smooth muscle
cell_03859,-8.15181,-1.80988,4,Pericyte & Smooth muscle
cell_03860,-8.25221,-1.92951,4,Pericyte & Smooth muscle
cell_03861,-8.27218,-2.11207,4,Pericyte & Smooth muscle
cell_03862,-9.46510,-2.56364,4,Pericyte & Smooth muscle
cell_03863,-7.62536,-2.53201,4,Pericyte & Smooth muscle
cell_03864,-5.89933,-1.05490,4,Pericyte & Smooth muscle
cell_03865,-9.04600,-2.54969,4,Pericyte & Smooth muscle
cell_03866,-7.73307,-2.95486,4,Pericyte & Smooth muscle
cell_03867,-9.02552,-2.46899,4,Pericyte & Smooth muscle
cell_03868,-7.73620,-1.70074,4,Pericyte & Smooth muscle
cell_03869,-6.59037,-3.69378,4,Pericyte & Smooth muscle
cell_03870,-9.05176,-3.61728,4,Pericyte & Smooth muscle
cell_03871,-7.76690,-2.41598,4,Pericyte & Smooth muscle
cell_03872,-7.76343,-2.37539,4,Pericyte & Smooth muscle
cell_03873,-9.42548,-2.93652,4,Pericyte & Smooth muscle
cell_03874,-8.80032,-2.48673,4,Pericyte & Smooth muscle
cell_03875,-7.27732,-3.33008,4,Pericyte & Smooth muscle
cell_03876,-7.21465,-3.14242,4,Pericyte & Smooth muscle
cell_03877,-7.85125,-2.55982,4,Pericyte & Smooth muscle
cell_03878,-9.09859,-1.97090,4,Pericyte & Smooth muscle
cell_03879,-8.56050,-2.67739,4,Pericyte & Smooth muscle
cell_03880,-8.13642,-2.73425,4,Pericyte & Smooth muscle
cell_03881,-8.54775,-3.15908,4,Pericyte & Smooth muscle
cell_03882,-7.89172,-3.11777,4,Pericyte & Smooth muscle
cell_03883,-8.35419,-3.25068,4,Pericyte & Smooth muscle
cell_03884,-7.53959,-2.80020,4,Pericyte & Smooth muscle
cell_03885,-9.00180,-3.19393,4,Pericyte & Smooth muscle
cell_03886,-7.94853,-2.43492,4,Pericyte & Smooth muscle
cell_03887,-8.55615,-1.43886,4,Pericyte & Smooth muscle
cell_03888,-8.29088,-3.90368,4,Pericyte & Smooth muscle
cell_03889,-7.83705,-2.48639,4,Pericyte & Smooth muscle
cell_03890,-7.35396,-2.47548,4,Pericyte & Smooth muscle
cell_03891,-7.34163,-2.04086,4,Pericyte & Smooth muscle
cell_03892,-8.50525,-1.54161,4,Pericyte & Smooth muscle
cell_03893,-8.92205,-4.20978,4,Pericyte & Smooth muscle
cell_03894,-8.94381,-2.55343,4,Pericyte & Smooth muscle
cell_03895,-7.17133,-2.21621,4,Pericyte & Smooth muscle
cell_03896,-7.87381,-3.12863,4,Pericyte & Smooth muscle
cell_03897,-7.70080,-2.33751,4,Pericyte & Smooth muscle
cell_03898,-7.69766,-2.14836,4,Pericyte & Smooth muscle
cell_03899,-10.09108,-3.48078,4,Pericyte & Smooth muscle
cell_03900,-8.38639,-2.54433,4,Pericyte & Smooth muscle
cell_03901,-8.41317,-3.16612,4,Pericyte & Smooth muscle
cell_03902,-6.97096,-2.92163,4,Pericyte & Smooth muscle
cell_03903,-7.20205,-2.00825,4,Pericyte & Smooth muscle
cell_03904,-8.61068,-2.64533,4,Pericyte & Smooth muscle
cell_03905,-7.80924,-2.60907,4,Pericyte & Smooth muscle
cell_03906,-7.85507,-2.81772,4,Pericyte & Smooth muscle
cell_03907,-8.73751,-2.55213,4,Pericyte & Smooth muscle
cell_03908,-6.93469,-3.09169,4,Pericyte & Smooth muscle
cell_03909,-7.98268,-1.54391,4,Pericyte & Smooth muscle
cell_03910,-6.93283,-2.41024,4,Pericyte & Smooth muscle
cell_03911,-7.47572,-3.18438,4,Pericyte & Smooth muscle
cell_03912,-8.38434,-3.34553,4,Pericyte & Smooth muscle
cell_03913,-9.15703,-2.47950,4,Pericyte & Smooth muscle
cell_03914,-7.46060,-3.32151,4,Pericyte & Smooth muscle
cell_03915,-7.84054,-3.36353,4,Pericyte & Smooth muscle
cell_03916,-8.50790,-2.99170,4,Pericyte & Smooth muscle
cell_03917,-9.49698,-3.33056,4,Pericyte & Smooth muscle
cell_03918,-8.32494,-2.31124,4,Pericyte & Smooth muscle
cell_03919,-8.88746,-2.62425,4,Pericyte & Smooth muscle
cell_03920,-7.61466,-2.71292,4,Pericyte & Smooth muscle
cell_03921,-7.92440,-2.66915,4,Pericyte & Smooth muscle
cell_03922,-8.58649,-3.75149,4,Pericyte & Smooth muscle
cell_03923,-8.94058,-2.09909,4,Pericyte & Smooth muscle
cell_03924,-9.01677,-2.23836,4,Pericyte & Smooth muscle
cell_03925,-7.87473,-2.28287,4,Pericyte & Smooth muscle
cell_03926,-8.31166,-3.00424,4,Pericyte & Smooth muscle
cell_03927,-7.39422,-2.55482,4,Pericyte & Smooth muscle
cell_03928,-8.25895,-2.56910,4,Pericyte & Smooth muscle
cell_03929,-9.06454,-3.66229,4,Pericyte & Smooth muscle
cell_03930,-6.83903,-2.48415,4,Pericyte & Smooth muscle
cell_03931,-7.54981,-2.31811,4,Pericyte & Smooth muscle
cell_03932,-8.62356,-2.41843,4,Pericyte & Smooth muscle
cell_03933,-9.63683,-3.12044,4,Pericyte & Smooth muscle
cell_03934,-7.45972,-2.87294,4,Pericyte & Smooth muscle
cell_03935,-9.26708,-2.86811,4,Pericyte & Smooth muscle
cell_03936,-8.85292,-2.71090,4,Pericyte & Smooth muscle
cell_03937,-7.65254,-2.30136,4,Pericyte & Smooth muscle
cell_03938,-7.49253,-2.77263,4,Pericyte & Smooth muscle
cell_03939,-8.29151,-1.49425,4,Pericyte & Smooth muscle
cell_03940,-8.07444,-2.83111,4,Pericyte & Smooth muscle
cell_03941,-9.42011,-3.02961,4,Pericyte & Smooth muscle
cell_03942,-7.64277,-2.37399,4,Pericyte & Smooth muscle
cell_03943,-9.14420,-2.38824,4,Pericyte & Smooth muscle
cell_03944,-9.47439,-3.39279,4,Pericyte & Smooth muscle
cell_03945,-7.10043,-2.21119,4,Pericyte & Smooth muscle
cell_03946,-7.76840,-2.55808,4,Pericyte & Smooth muscle
cell_03947,-8.17476,-3.03573,4,Pericyte & Smooth muscle
cell_03948,-7.68730,-1.41322,4,Pericyte & Smooth muscle
cell_03949,-7.71000,-2.70980,4,Pericyte & Smooth muscle
cell_03950,-8.53243,-1.80297,4,Pericyte & Smooth muscle
cell_03951,-8.44117,-2.99561,4,Pericyte & Smooth muscle
cell_03952,-8.57382,-3.30544,4,Pericyte & Smooth muscle
cell_03953,-7.58784,-1.81917,4,Pericyte & Smooth muscle
cell_03954,-9.39774,-0.69003,4,Pericyte & Smooth muscle
cell_03955,-9.01799,-3.22691,4,Pericyte & Smooth muscle
cell_03956,-7.67311,-2.96118,4,Pericyte & Smooth muscle
cell_03957,-8.56889,-1.85106,4,Pericyte & Smooth muscle
cell_03958,-9.65383,-2.73065,4,Pericyte & Smooth muscle
cell_03959,-8.45279,-3.12619,4,Pericyte & Smooth muscle
cell_03960,-7.11371,-3.04446,4,Pericyte & Smooth muscle
cell_03961,-10.57847,-0.90486,21,Pericyte & Smooth muscle
cell_03962,-8.68428,-1.92913,21,Pericyte & Smooth muscle
cell_03963,-10.50482,-2.00899,21,Pericyte & Smooth muscle
cell_03964,-10.56342,-3.17471,21,Pericyte & Smooth muscle
cell_03965,-8.19087,-2.52772,21,Pericyte & Smooth muscle
cell_03966,-9.28836,-2.45711,21,Pericyte & Smooth muscle
cell_03967,-9.26900,-1.73134,21,Pericyte & Smooth muscle
cell_03968,-8.80820,-2.24016,21,Pericyte & Smooth muscle
cell_03969,-9.21408,-2.63160,21,Pericyte & Smooth muscle
cell_03970,-9.44785,-3.57734,21,Pericyte & Smooth muscle
cell_03971,-9.89508,-1.85175,21,Pericyte & Smooth muscle
cell_03972,-10.42708,-1.95881,21,Pericyte & Smooth muscle
cell_03973,-9.15748,-0.56745,21,Pericyte & Smooth muscle
cell_03974,-8.72440,-1.49014,21,Pericyte & Smooth muscle
cell_03975,-8.90897,-2.78367,21,Pericyte & Smooth muscle
cell_03976,-9.96678,-2.15279,21,Pericyte & Smooth muscle
cell_03977,-9.44637,-1.39248,21,Pericyte & Smooth muscle
cell_03978,-10.68908,-1.23549,21,Pericyte & Smooth muscle
cell_03979,-9.42683,-3.06207,21,Pericyte & Smooth muscle
cell_03980,-10.35086,-3.03184,21,Pericyte & Smooth muscle
cell_03981,-9.73758,-1.41397,21,Pericyte & Smooth muscle
cell_03982,-10.24769,-3.11015,21,Pericyte & Smooth muscle
cell_03983,-8.83147,-1.75930,21,Pericyte & Smooth muscle
cell_03984,-9.47221,-2.91555,21,Pericyte & Smooth muscle
cell_03985,-9.16837,-2.25545,21,Pericyte & Smooth muscle
cell_03986,-8.58925,-2.15167,21,Pericyte & Smooth muscle
cell_03987,-9.61292,-1.72537,21,Pericyte & Smooth muscle
cell_03988,-9.47457,-1.19725,21,Pericyte & Smooth muscle
cell_03989,-9.13447,-2.40558,21,Pericyte & Smooth muscle
cell_03990,-9.22086,-0.52694,21,Pericyte & Smooth muscle
cell_03991,-7.46823,-2.18233,21,Pericyte & Smooth muscle
cell_03992,-9.14747,-2.09599,21,Pericyte & Smooth muscle
cell_03993,-10.10403,-1.54182,21,Pericyte & Smooth muscle
cell_03994,-10.14734,-1.86113,21,Pericyte & Smooth muscle
cell_03995,-10.29619,-1.71514,21,Pericyte & Smooth muscle
cell_03996,-8.14586,-0.85453,21,Pericyte & Smooth muscle
cell_03997,-9.64147,-2.79460,21,Pericyte & Smooth muscle
cell_03998,-7.92276,-1.68705,21,Pericyte & Smooth muscle
cell_03999,-10.29073,-3.00241,21,Pericyte & Smooth muscle
cell_04000,-9.13528,-2.34401,21,Pericyte & Smooth muscle
cell_04001,-8.95651,-2.41598,21,Pericyte & Smooth muscle
cell_04002,-9.67198,-2.31261,21,Pericyte & Smooth muscle
cell_04003,-9.34339,-2.04677,21,Pericyte & Smooth muscle
cell_04004,-9.73902,-1.40560,21,Pericyte & Smooth muscle
cell_04005,-9.96057,-1.69951,21,Pericyte & Smooth muscle
cell_04006,-9.61581,-1.01174,21,Pericyte & Smooth muscle
cell_04007,-8.60262,-1.79051,21,Pericyte & Smooth muscle
cell_04008,-8.64710,-1.97524,21,Pericyte & Smooth muscle
cell_04009,-10.89507,-3.29362,21,Pericyte & Smooth muscle
cell_04010,-9.61002,-1.93513,21,Pericyte & Smooth muscle
cell_04011,-8.93099,-1.75326,21,Pericyte & Smooth muscle
cell_04012,-8.71504,-2.88093,21,Pericyte & Smooth muscle
cell_04013,-9.51555,-1.72705,21,Pericyte & Smooth muscle
cell_04014,-10.66500,-0.83266,21,Pericyte & Smooth muscle
cell_04015,-9.63571,-1.68341,21,Pericyte & Smooth muscle
cell_04016,-10.05106,-3.50396,21,Pericyte & Smooth muscle
cell_04017,-8.98295,-1.71608,21,Pericyte & Smooth muscle
cell_04018,-9.51091,-2.96578,21,Pericyte & Smooth muscle
cell_04019,-10.07527,-1.94619,21,Pericyte & Smooth muscle
cell_04020,-9.78581,-1.38537,21,Pericyte & Smooth muscle
cell_04021,-9.37495,-1.87708,21,Pericyte & Smooth muscle
cell_04022,-9.01952,-1.98732,21,Pericyte & Smooth muscle
cell_04023,-9.32636,-0.66188,21,Pericyte & Smooth muscle
cell_04024,-9.87399,-1.31733,21,Pericyte & Smooth muscle
cell_04025,-9.08781,-1.87124,21,Pericyte & Smooth muscle
cell_04026,-9.56673,-2.07666,21,Pericyte & Smooth muscle
cell_04027,-10.05061,-2.37102,21,Pericyte & Smooth muscle
cell_04028,-8.93495,-2.48066,21,Pericyte & Smooth muscle
cell_04029,-9.07784,-2.39344,21,Pericyte & Smooth muscle
cell_04030,-8.83280,-2.45541,21,Pericyte & Smooth muscle
cell_04031,-9.80716,-2.62433,21,Pericyte & Smooth muscle
cell_04032,-8.98712,-2.48249,21,Pericyte & Smooth muscle
cell_04033,-11.27411,-2.36929,21,Pericyte & Smooth muscle
cell_04034,-9.06019,-1.41296,21,Pericyte & Smooth muscle
cell_04035,-9.11742,-1.52863,21,Pericyte & Smooth muscle
cell_04036,-7.06025,-2.90644,21,Pericyte & Smooth muscle
cell_04037,-8.68121,-1.81999,21,Pericyte & Smooth muscle
cell_04038,-8.66536,-2.40612,21,Pericyte & Smooth muscle
cell_04039,-9.98043,-0.80039,21,Pericyte & Smooth muscle
cell_04040,-8.45497,-1.92631,21,Pericyte & Smooth muscle
cell_04041,-9.36012,-2.96694,21,Pericyte & Smooth muscle
cell_04042,-9.20128,-1.96629,21,Pericyte & Smooth muscle
cell_04043,-9.63704,-1.06655,21,Pericyte & Smooth muscle
cell_04044,-9.11094,-3.19231,21,Pericyte & Smooth muscle
cell_04045,-11.31685,-3.77072,21,Pericyte & Smooth muscle
cell_04046,-10.70160,-2.14581,21,Pericyte & Smooth muscle
cell_04047,-8.36836,-1.68693,21,Pericyte & Smooth muscle
cell_04048,-10.13957,-2.46172,21,Pericyte & Smooth muscle
cell_04049,-9.72845,-0.83664,21,Pericyte & Smooth muscle
cell_04050,-8.83698,-2.78341,21,Pericyte & Smooth muscle
cell_04051,-9.70506,-1.98100,21,Pericyte & Smooth muscle
cell_04052,-8.56661,-2.35990,21,Pericyte & Smooth muscle
cell_04053,-10.34060,-2.12560,21,Pericyte & Smooth muscle
cell_04054,-8.35719,-1.99093,21,Pericyte & Smooth muscle
cell_04055,-10.14546,-1.48186,21,Pericyte & Smooth muscle
cell_04056,-8.35751,-2.73580,21,Pericyte & Smooth muscle
cell_04057,-9.63572,-1.05838,21,Pericyte & Smooth muscle
cell_04058,-8.44442,-1.59205,21,Pericyte & Smooth muscle
cell_04059,-10.67783,-1.50109,21,Pericyte & Smooth muscle
cell_04060,-9.18167,-1.22154,21,Pericyte & Smooth muscle
cell_04061,-9.31988,-1.67745,21,Pericyte & Smooth muscle
cell_04062,-8.48375,-1.57380,21,Pericyte & Smooth muscle
cell_04063,-10.48704,-3.14091,21,Pericyte & Smooth muscle
cell_04064,-9.61037,-3.04548,21,Pericyte & Smooth muscle
cell_04065,-8.55642,-2.39964,21,Pericyte & Smooth muscle
cell_04066,-8.60007,-1.97399,21,Pericyte & Smooth muscle
cell_04067,-10.14368,-2.62828,21,Pericyte & Smooth muscle
cell_04068,-8.82018,-3.36171,21,Pericyte & Smooth muscle
cell_04069,-10.56638,-2.17497,21,Pericyte & Smooth muscle
cell_04070,-10.01920,-2.21926,21,Pericyte & Smooth muscle
cell_04071,-8.94332,-3.07902,21,Pericyte & Smooth muscle
cell_04072,-9.05299,-2.67055,21,Pericyte & Smooth muscle
cell_04073,-9.99419,-3.18854,21,Pericyte & Smooth muscle
cell_04074,-9.48878,-2.61347,21,Pericyte & Smooth muscle
cell_04075,-8.71100,-2.09888,21,Pericyte & Smooth muscle
cell_04076,-10.39999,-2.38761,21,Pericyte & Smooth muscle
cell_04077,-8.55147,-4.17450,21,Pericyte & Smooth muscle
cell_04078,-9.38422,-1.87783,21,Pericyte & Smooth muscle
cell_04079,-8.93831,-2.41402,21,Pericyte & Smooth muscle
cell_04080,-8.33205,-1.91882,21,Pericyte & Smooth muscle
cell_04081,-10.51576,-1.66562,21,Pericyte & Smooth muscle
cell_04082,-9.22836,-1.60177,21,Pericyte & Smooth muscle
cell_04083,-9.48118,-3.61755,21,Pericyte & Smooth muscle
cell_04084,-9.29496,-2.87686,21,Pericyte & Smooth muscle
cell_04085,-10.72052,-3.49090,21,Pericyte & Smooth muscle
cell_04086,-10.04180,-2.43164,21,Pericyte & Smooth muscle
cell_04087,-9.35178,-2.48867,21,Pericyte & Smooth muscle
cell_04088,-10.29660,-3.09453,21,Pericyte & Smooth muscle
cell_04089,-9.97805,-2.55095,21,Pericyte & Smooth muscle
cell_04090,-8.82746,-1.84141,21,Pericyte & Smooth muscle
cell_04091,-9.95531,-1.49163,21,Pericyte & Smooth muscle
cell_04092,-10.50760,-2.23974,21,Pericyte & Smooth muscle
cell_04093,-10.01877,-2.58220,21,Pericyte & Smooth muscle
cell_04094,-9.24532,-2.52876,21,Pericyte & Smooth muscle
cell_04095,-9.13863,-1.91153,21,Pericyte & Smooth muscle
cell_04096,-9.01381,-2.46703,21,Pericyte & Smooth muscle
cell_04097,-8.14626,-1.82652,21,Pericyte & Smooth muscle
cell_04098,-9.72670,-2.91627,21,Pericyte & Smooth muscle
cell_04099,-9.38825,-2.93287,21,Pericyte & Smooth muscle
cell_04100,-8.97224,-2.46640,21,Pericyte & Smooth muscle
cell_04101,-10.20311,-3.39090,21,Pericyte & Smooth muscle
cell_04102,-8.44167,-3.07407,21,Pericyte & Smooth muscle
cell_04103,-8.84106,-1.17122,21,Pericyte & Smooth muscle
cell_04104,-9.70791,-2.36001,21,Pericyte & Smooth muscle
cell_04105,-9.33283,-2.89285,21,Pericyte & Smooth muscle
cell_04106,-10.29905,-2.21612,21,Pericyte & Smooth muscle
cell_04107,-8.50666,-1.38545,21,Pericyte & Smooth muscle
cell_04108,-9.20976,-1.84910,21,Pericyte & Smooth muscle
cell_04109,-9.11788,-2.14532,21,Pericyte & Smooth muscle
cell_04110,-8.77958,-3.20405,21,Pericyte & Smooth muscle
cell_04111,-11.13103,-1.39638,21,Pericyte & Smooth muscle
cell_04112,-8.63775,-0.80945,21,Pericyte & Smooth muscle
cell_04113,-10.48465,-1.81729,21,Pericyte & Smooth muscle
cell_04114,-9.30724,-2.59733,21,Pericyte & Smooth muscle
cell_04115,-8.38050,-1.86941,21,Pericyte & Smooth muscle
cell_04116,-9.54574,-2.58021,21,Pericyte & Smooth muscle
cell_04117,-10.00963,-1.54381,21,Pericyte & Smooth muscle
cell_04118,-9.98237,-2.73559,21,Pericyte & Smooth muscle
cell_04119,-9.43604,-1.46081,21,Pericyte & Smooth muscle
cell_04120,-8.97396,-1.04906,21,Pericyte & Smooth muscle
cell_04121,-9.68942,-1.93592,21,Pericyte & Smooth muscle
cell_04122,-10.47249,-1.63131,21,Pericyte & Smooth muscle
cell_04123,-9.64380,-3.32401,21,Pericyte & Smooth muscle
cell_04124,-9.28911,-3.01013,21,Pericyte & Smooth muscle
cell_04125,-10.00164,-1.88542,21,Pericyte & Smooth muscle
cell_04126,-10.30693,-2.42734,21,Pericyte & Smooth muscle
cell_04127,-9.02933,-3.04662,21,Pericyte & Smooth muscle
cell_04128,-8.30313,-1.92546,21,Pericyte & Smooth muscle
cell_04129,-11.16211,-3.42886,21,Pericyte & Smooth muscle
cell_04130,-8.86336,-1.41407,21,Pericyte & Smooth muscle
cell_04131,-9.98398,-2.51960,21,Pericyte & Smooth muscle
cell_04132,-8.83799,-1.55146,21,Pericyte & Smooth muscle
cell_04133,-10.37324,-1.20262,21,Pericyte & Smooth muscle
cell_04134,-10.25493,-2.37531,21,Pericyte & Smooth muscle
cell_04135,-11.11638,-2.32610,21,Pericyte & Smooth muscle
cell_04136,-9.94921,-3.35761,21,Pericyte & Smooth muscle
cell_04137,-10.00835,-2.98297,21,Pericyte & Smooth muscle
cell_04138,-10.10072,-2.76346,21,Pericyte & Smooth muscle
cell_04139,-9.14022,-1.93459,21,Pericyte & Smooth muscle
cell_04140,-9.54449,-1.26469,21,Pericyte & Smooth muscle
cell_04141,-7.46915,-1.33151,23,Pericyte & Smooth muscle
cell_04142,-8.92490,-1.73199,23,Pericyte & Smooth muscle
cell_04143,-7.51818,-2.27110,23,Pericyte & Smooth muscle
cell_04144,-9.84515,-1.27666,23,Pericyte & Smooth muscle
cell_04145,-9.23181,-1.77771,23,Pericyte & Smooth muscle
cell_04146,-8.94326,-1.02016,23,Pericyte & Smooth muscle
cell_04147,-7.33542,-1.79288,23,Pericyte & Smooth muscle
cell_04148,-8.36769,-0.68058,23,Pericyte & Smooth muscle
cell_04149,-9.30174,-2.24627,23,Pericyte & Smooth muscle
cell_04150,-7.65568,-2.09936,23,Pericyte & Smooth muscle
cell_04151,-8.63184,-0.71649,23,Pericyte & Smooth muscle
cell_04152,-8.83183,-0.54101,23,Pericyte & Smooth muscle
cell_04153,-7.36061,-1.22985,23,Pericyte & Smooth muscle
cell_04154,-8.70690,-0.56536,23,Pericyte & Smooth muscle
cell_04155,-8.55258,-1.04239,23,Pericyte & Smooth muscle
cell_04156,-9.45636,-0.90577,23,Pericyte & Smooth muscle
cell_04157,-8.75215,-1.93241,23,Pericyte & Smooth muscle
cell_04158,-8.83027,-1.60098,23,Pericyte & Smooth muscle
cell_04159,-9.53148,-2.70776,23,Pericyte & Smooth muscle
cell_04160,-9.56533,-0.83598,23,Pericyte & Smooth muscle
cell_04161,-10.59191,-1.46771,23,Pericyte & Smooth muscle
cell_04162,-7.69161,-2.20144,23,Pericyte & Smooth muscle
cell_04163,-8.53515,-0.92634,23,Pericyte & Smooth muscle
cell_04164,-8.17071,-2.36432,23,Pericyte & Smooth muscle
cell_04165,-8.79757,-1.10074,23,Pericyte & Smooth muscle
cell_04166,-9.03260,-0.98980,23,Pericyte & Smooth muscle
cell_04167,-9.32555,-1.04568,23,Pericyte & Smooth muscle
cell_04168,-8.47215,-2.12263,23,Pericyte & Smooth muscle
cell_04169,-8.65356,-0.58071,23,Pericyte & Smooth muscle
cell_04170,-9.42282,-0.67817,23,Pericyte & Smooth muscle
cell_04171,-9.40126,-1.77468,23,Pericyte & Smooth muscle
cell_04172,-9.04238,-2.21084,23,Pericyte & Smooth muscle
cell_04173,-7.95862,-1.84559,23,Pericyte & Smooth muscle
cell_04174,-9.96795,-1.77027,23,Pericyte & Smooth muscle
cell_04175,-8.27479,-2.94824,23,Pericyte & Smooth muscle
cell_04176,-6.97157,-1.99591,23,Pericyte & Smooth muscle
cell_04177,-9.76919,-1.31429,23,Pericyte & Smooth muscle
cell_04178,-8.65869,-1.34982,23,Pericyte & Smooth muscle
cell_04179,-7.87245,-2.26978,23,Pericyte & Smooth muscle
cell_04180,-8.45615,-1.87259,23,Pericyte & Smooth muscle
cell_04181,-8.23237,-1.96437,23,Pericyte & Smooth muscle
cell_04182,-9.38631,-2.16824,23,Pericyte & Smooth muscle
cell_04183,-9.10251,-0.67042,23,Pericyte & Smooth muscle
cell_04184,-8.07704,-0.31835,23,Pericyte & Smooth muscle
cell_04185,-9.24225,-2.67082,23,Pericyte & Smooth muscle
cell_04186,-9.83301,-2.06990,23,Pericyte & Smooth muscle
cell_04187,-6.73202,-1.44893,23,Pericyte & Smooth muscle
cell_04188,-9.00415,-1.72406,23,Pericyte & Smooth muscle
cell_04189,-7.53977,-2.77214,23,Pericyte & Smooth muscle
cell_04190,-7.71514,-0.94297,23,Pericyte & Smooth muscle
cell_04191,-9.56807,-0.63620,23,Pericyte & Smooth muscle
cell_04192,-8.76215,-0.07653,23,Pericyte & Smooth muscle
cell_04193,-9.17812,-1.05837,23,Pericyte & Smooth muscle
cell_04194,-8.78117,-1.75985,23,Pericyte & Smooth muscle
cell_04195,-7.58113,-1.06075,23,Pericyte & Smooth muscle
cell_04196,-9.63428,-0.85042,23,Pericyte & Smooth muscle
cell_04197,-9.85310,-1.64852,23,Pericyte & Smooth muscle
cell_04198,-8.41726,-1.94120,23,Pericyte & Smooth muscle
cell_04199,-7.86911,-2.47723,23,Pericyte & Smooth muscle
cell_04200,-8.03144,-1.42158,23,Pericyte & Smooth muscle
cell_04201,-9.41898,-1.22916,23,Pericyte & Smooth muscle
cell_04202,-9.07332,-1.61395,23,Pericyte & Smooth muscle
cell_04203,-9.28124,-1.06174,23,Pericyte & Smooth muscle
cell_04204,-8.47552,-2.44245,23,Pericyte & Smooth muscle
cell_04205,-8.85556,-1.40809,23,Pericyte & Smooth muscle
cell_04206,-8.27192,-1.38091,23,Pericyte & Smooth muscle
cell_04207,-8.91869,-3.07479,23,Pericyte & Smooth muscle
cell_04208,-7.73157,-1.93707,23,Pericyte & Smooth muscle
cell_04209,-9.39066,-1.79126,23,Pericyte & Smooth muscle
cell_04210,-8.09916,-1.88521,23,Pericyte & Smooth muscle
cell_04211,-8.78825,-1.16855,23,Pericyte & Smooth muscle
cell_04212,-9.25464,-1.54397,23,Pericyte & Smooth muscle
cell_04213,-10.13851,-1.24703,23,Pericyte & Smooth muscle
cell_04214,-7.16326,-1.82795,23,Pericyte & Smooth muscle
cell_04215,-7.57900,-1.16279,23,Pericyte & Smooth muscle
cell_04216,-7.80367,-1.15842,23,Pericyte & Smooth muscle
cell_04217,-7.75348,-1.46803,23,Pericyte & Smooth muscle
cell_04218,-9.96203,-1.75844,23,Pericyte & Smooth muscle
cell_04219,-8.76878,-1.03376,23,Pericyte & Smooth muscle
cell_04220,-9.84158,-2.08449,23,Pericyte & Smooth muscle
cell_04221,-8.29571,-2.08012,23,Pericyte & Smooth muscle
cell_04222,-8.56041,-1.16306,23,Pericyte & Smooth muscle
cell_04223,-9.44010,-1.72548,23,Pericyte & Smooth muscle
cell_04224,-7.71770,-0.75439,23,Pericyte & Smooth muscle
cell_04225,-7.76556,-1.40832,23,Pericyte & Smooth muscle
cell_04226,-7.48155,-0.55558,23,Pericyte & Smooth muscle
cell_04227,-9.26649,-2.28257,23,Pericyte & Smooth muscle
cell_04228,-7.80955,-2.12033,23,Pericyte & Smooth muscle
cell_04229,-7.82506,-0.19933,23,Pericyte & Smooth muscle
cell_04230,-8.18807,-2.78804,23,Pericyte & Smooth muscle
cell_04231,-9.19592,-1.09339,23,Pericyte & Smooth muscle
cell_04232,-8.55322,-1.71183,23,Pericyte & Smooth muscle
cell_04233,-6.80193,-1.37154,23,Pericyte & Smooth muscle
cell_04234,-8.81099,-2.16651,23,Pericyte & Smooth muscle
cell_04235,-7.81517,-1.28277,23,Pericyte & Smooth muscle
cell_04236,-7.75222,-2.08164,23,Pericyte & Smooth muscle
cell_04237,-7.81189,-2.17261,23,Pericyte & Smooth muscle
cell_04238,-7.80946,-1.92559,23,Pericyte & Smooth muscle
cell_04239,-8.56074,-2.89061,23,Pericyte & Smooth muscle
cell_04240,-9.31359,-2.65221,23,Pericyte & Smooth muscle
cell_04241,-9.71909,-1.64630,23,Pericyte & Smooth muscle
cell_04242,-9.01606,-0.36008,23,Pericyte & Smooth muscle
cell_04243,-8.92708,-1.38039,23,Pericyte & Smooth muscle
cell_04244,-7.53930,-2.25021,23,Pericyte & Smooth muscle
cell_04245,-8.36850,-1.24523,23,Pericyte & Smooth muscle
cell_04246,-7.47751,-2.11071,23,Pericyte & Smooth muscle
cell_04247,-9.86533,-0.45710,23,Pericyte & Smooth muscle
cell_04248,-7.06649,-1.33979,23,Pericyte & Smooth muscle
cell_04249,-9.49725,-1.84579,23,Pericyte & Smooth muscle
cell_04250,-6.92159,-2.24379,23,Pericyte & Smooth muscle
cell_04251,-9.12372,-1.31775,23,Pericyte & Smooth muscle
cell_04252,-9.21766,-1.56611,23,Pericyte & Smooth muscle
cell_04253,-8.94812,-1.49431,23,Pericyte & Smooth muscle
cell_04254,-8.01410,-1.10228,23,Pericyte & Smooth muscle
cell_04255,-8.40428,-1.76843,23,Pericyte & Smooth muscle
cell_04256,-7.33404,-0.79442,23,Pericyte & Smooth muscle
cell_04257,-8.94957,-1.97469,23,Pericyte & Smooth muscle
cell_04258,-7.48236,-0.54626,23,Pericyte & Smooth muscle
cell_04259,-9.34394,-0.87695,23,Pericyte & Smooth muscle
cell_04260,-9.63997,-0.41492,23,Pericyte & Smooth muscle
cell_04261,-8.44009,-0.38439,23,Pericyte & Smooth muscle
cell_04262,-7.11005,-1.37788,23,Pericyte & Smooth muscle
cell_04263,-6.18677,-0.07653,23,Pericyte & Smooth muscle
cell_04264,-7.39894,-1.26878,23,Pericyte & Smooth muscle
cell_04265,-9.50634,-1.86160,23,Pericyte & Smooth muscle
cell_04266,-8.00882,-0.45325,23,Pericyte & Smooth muscle
cell_04267,-8.60699,-1.60703,23,Pericyte & Smooth muscle
cell_04268,-8.43551,-0.13857,23,Pericyte & Smooth muscle
cell_04269,-7.77718,-1.91564,23,Pericyte & Smooth muscle
cell_04270,-8.13558,-0.90679,23,Pericyte & Smooth muscle
cell_04271,-9.07470,-1.09776,23,Pericyte & Smooth muscle
cell_04272,-7.91655,-1.71954,23,Pericyte & Smooth muscle
cell_04273,-8.72885,-1.46718,23,Pericyte & Smooth muscle
cell_04274,-8.13368,-2.30983,23,Pericyte & Smooth muscle
cell_04275,-8.28969,-1.57185,23,Pericyte & Smooth muscle
cell_04276,-10.35567,-1.22596,23,Pericyte & Smooth muscle
cell_04277,-8.79435,-2.79278,23,Pericyte & Smooth muscle
cell_04278,-8.71040,-1.29246,23,Pericyte & Smooth muscle
cell_04279,-9.68644,-0.97030,23,Pericyte & Smooth muscle
cell_04280,-9.27143,-0.75097,23,Pericyte & Smooth muscle
cell_04281,-9.20068,-1.62224,23,Pericyte & Smooth muscle
cell_04282,-8.71971,-0.36088,23,Pericyte & Smooth muscle
cell_04283,-8.47178,-1.79954,23,Pericyte & Smooth muscle
cell_04284,-8.31225,-1.25556,23,Pericyte & Smooth muscle
cell_04285,-8.57467,-2.30674,23,Pericyte & Smooth muscle
cell_04286,-7.57957,-0.87146,23,Pericyte & Smooth muscle
cell_04287,-8.66484,-1.20363,23,Pericyte & Smooth muscle
cell_04288,-9.25133,-1.81713,23,Pericyte & Smooth muscle
cell_04289,-8.34027,-2.16944,23,Pericyte & Smooth muscle
cell_04290,-7.19203,-2.56318,23,Pericyte & Smooth muscle
cell_04291,-8.86638,-1.72622,23,Pericyte & Smooth muscle
cell_04292,-6.00732,-2.01903,23,Pericyte & Smooth muscle
cell_04293,-7.63291,-2.24516,23,Pericyte & Smooth muscle
cell_04294,-8.56212,-0.65035,23,Pericyte & Smooth muscle
cell_04295,-7.17933,-1.24803,23,Pericyte & Smooth muscle
cell_04296,-8.88710,-1.76640,23,Pericyte & Smooth muscle
cell_04297,-8.08485,-2.54832,23,Pericyte & Smooth muscle
cell_04298,-9.78417,-2.76988,23,Pericyte & Smooth muscle
cell_04299,-8.54893,-1.94671,23,Pericyte & Smooth muscle
cell_04300,-8.07283,-0.25891,23,Pericyte & Smooth muscle
cell_04301,-8.01615,-1.77348,23,Pericyte & Smooth muscle
cell_04302,-8.90026,-1.42197,23,Pericyte & Smooth muscle
cell_04303,-9.11401,-1.63458,23,Pericyte & Smooth muscle
cell_04304,-9.07814,-1.20172,23,Pericyte & Smooth muscle
cell_04305,-10.60443,-0.98555,23,Pericyte & Smooth muscle
cell_04306,-8.71118,-1.03395,23,Pericyte & Smooth muscle
cell_04307,-8.32871,-2.08289,23,Pericyte & Smooth muscle
cell_04308,-9.32318,-1.82692,23,Pericyte & Smooth muscle
cell_04309,-8.00495,-1.74005,23,Pericyte & Smooth muscle
cell_04310,-8.44122,-1.34532,23,Pericyte & Smooth muscle
cell_04311,-8.72320,-1.71223,23,Pericyte & Smooth muscle
cell_04312,-9.17610,-1.82869,23,Pericyte & Smooth muscle
cell_04313,-8.27740,-1.44976,23,Pericyte & Smooth muscle
cell_04314,-6.82881,-1.05809,23,Pericyte & Smooth muscle
cell_04315,-8.55143,-1.44279,23,Pericyte & Smooth muscle
cell_04316,-9.73686,-0.84092,23,Pericyte & Smooth muscle
cell_04317,-9.59207,-2.23492,23,Pericyte & Smooth muscle
cell_04318,-8.24188,-2.51232,23,Pericyte & Smooth muscle
cell_04319,-8.46032,-1.64312,23,Pericyte & Smooth muscle
cell_04320,-7.87637,-0.69541,23,Pericyte & Smooth muscle
cell_04321,-3.44026,-1.98172,19,Melanocyte
cell_04322,-3.76117,-1.64312,19,Melanocyte
cell_04323,-3.63872,-2.23220,19,Melanocyte
cell_04324,-5.68435,-1.74310,19,Melanocyte
cell_04325,-3.65431,-0.80073,19,Melanocyte
cell_04326,-5.68542,-0.36761,19,Melanocyte
cell_04327,-2.80549,-0.65985,19,Melanocyte
cell_04328,-3.26681,-1.03577,19,Melanocyte
cell_04329,-3.63440,-1.86584,19,Melanocyte
cell_04330,-4.22227,-1.50778,19,Melanocyte
cell_04331,-4.01932,-2.18895,19,Melanocyte
cell_04332,-3.69646,-0.73472,19,Melanocyte
cell_04333,-4.09191,-0.80415,19,Melanocyte
cell_04334,-4.41549,-2.22391,19,Melanocyte
cell_04335,-3.46536,-2.25875,19,Melanocyte
cell_04336,-4.23417,-2.72848,19,Melanocyte
cell_04337,-2.45778,-2.17999,19,Melanocyte
cell_04338,-4.95946,-3.04727,19,Melanocyte
cell_04339,-3.56936,-1.62805,19,Melanocyte
cell_04340,-3.70651,-1.53960,19,Melanocyte
cell_04341,-3.88710,-1.36230,19,Melanocyte
cell_04342,-3.85209,-2.59367,19,Melanocyte
cell_04343,-4.78282,-1.56600,19,Melanocyte
cell_04344,-3.75076,-2.01585,19,Melanocyte
cell_04345,-4.11171,-2.81885,19,Melanocyte
cell_04346,-4.67623,-2.59727,19,Melanocyte
cell_04347,-3.76400,-1.95139,19,Melanocyte
cell_04348,-4.15838,-2.30585,19,Melanocyte
cell_04349,-3.97217,-1.47184,19,Melanocyte
cell_04350,-4.22779,-0.24522,19,Melanocyte
cell_04351,-4.92406,-0.43648,19,Melanocyte
cell_04352,-3.38455,-2.03594,19,Melanocyte
cell_04353,-4.28487,-2.03038,19,Melanocyte
cell_04354,-4.31905,-1.30144,19,Melanocyte
cell_04355,-5.15689,-1.92635,19,Melanocyte
cell_04356,-2.79178,-1.11020,19,Melanocyte
cell_04357,-4.83183,-1.14990,19,Melanocyte
cell_04358,-3.61719,-0.71880,19,Melanocyte
cell_04359,-4.91303,-1.18420,19,Melanocyte
cell_04360,-4.58880,-2.21629,19,Melanocyte
cell_04361,-5.21701,-1.01843,19,Melanocyte
cell_04362,-4.32184,-0.86400,19,Melanocyte
cell_04363,-3.56516,-0.44316,19,Melanocyte
cell_04364,-3.98464,-1.08635,19,Melanocyte
cell_04365,-4.24679,-0.98082,19,Melanocyte
cell_04366,-3.12122,-1.64397,19,Melanocyte
cell_04367,-4.20718,-0.97136,19,Melanocyte
cell_04368,-4.12492,-1.13209,19,Melanocyte
cell_04369,-3.28238,-1.65689,19,Melanocyte
cell_04370,-4.23513,-0.38977,19,Melanocyte
cell_04371,-3.96597,-1.24349,19,Melanocyte
cell_04372,-4.77610,-0.60782,19,Melanocyte
cell_04373,-3.92020,-1.52112,19,Melanocyte
cell_04374,-3.82971,-2.30347,19,Melanocyte
cell_04375,-4.57980,-0.94303,19,Melanocyte
cell_04376,-5.39356,-0.70367,19,Melanocyte
cell_04377,-3.84517,-2.21605,19,Melanocyte
cell_04378,-4.73649,-0.33876,19,Melanocyte
cell_04379,-3.18250,-1.90796,19,Melanocyte
cell_04380,-3.78801,-0.39623,19,Melanocyte
cell_04381,-4.45859,-1.18878,19,Melanocyte
cell_04382,-2.81456,-0.77889,19,Melanocyte
cell_04383,-2.76652,0.46941,19,Melanocyte
cell_04384,-4.49412,-1.37677,19,Melanocyte
cell_04385,-2.65860,-2.82949,19,Melanocyte
cell_04386,-2.43295,-1.14448,19,Melanocyte
cell_04387,-3.23224,-3.57646,19,Melanocyte
cell_04388,-4.80776,-1.18523,19,Melanocyte
cell_04389,-3.41481,-1.56539,19,Melanocyte
cell_04390,-4.77733,-1.70005,19,Melanocyte
cell_04391,-4.05815,-0.44332,19,Melanocyte
cell_04392,-4.27561,-0.50404,19,Melanocyte
cell_04393,-3.28119,-1.25594,19,Melanocyte
cell_04394,-4.36680,-2.30136,19,Melanocyte
cell_04395,-4.16847,-0.25157,19,Melanocyte
cell_04396,-4.16567,-1.86382,19,Melanocyte
cell_04397,-4.14282,-1.85705,19,Melanocyte
cell_04398,-3.91661,-2.53365,19,Melanocyte
cell_04399,-3.65933,-1.98364,19,Melanocyte
cell_04400,-3.25498,-0.43534,19,Melanocyte
cell_04401,-4.04579,-1.49510,19,Melanocyte
cell_04402,-5.30605,-1.34714,19,Melanocyte
cell_04403,-4.14604,-0.88879,19,Melanocyte
cell_04404,-4.22548,-1.46053,19,Melanocyte
cell_04405,-4.94466,-0.55855,19,Melanocyte
cell_04406,-3.48506,-1.49557,19,Melanocyte
cell_04407,-3.55862,-1.78476,19,Melanocyte
cell_04408,-4.39933,-2.35131,19,Melanocyte
cell_04409,-4.00373,-1.91600,19,Melanocyte
cell_04410,-4.58880,-0.56619,19,Melanocyte
cell_04411,-2.38928,-1.47542,19,Melanocyte
cell_04412,-4.86790,-0.51363,19,Melanocyte
cell_04413,-5.89706,-1.51299,19,Melanocyte
cell_04414,-4.07858,-0.97153,19,Melanocyte
cell_04415,-3.32491,-0.35066,19,Melanocyte
cell_04416,-3.95842,-0.94480,19,Melanocyte
cell_04417,-3.36890,-1.85091,19,Melanocyte
cell_04418,-3.51189,-2.08189,19,Melanocyte
cell_04419,-3.94055,-1.62933,19,Melanocyte
cell_04420,-4.01358,-1.74346,19,Melanocyte
cell_04421,-4.54136,-0.75791,19,Melanocyte
cell_04422,-2.65313,-1.27177,19,Melanocyte
cell_04423,-2.80138,-0.96804,19,Melanocyte
cell_04424,-3.47076,-1.30909,19,Melanocyte
cell_04425,-5.74702,-1.28559,19,Melanocyte
cell_04426,-3.94562,-0.81835,19,Melanocyte
cell_04427,-3.65104,-2.24011,19,Melanocyte
cell_04428,-4.57456,-0.68727,19,Melanocyte
cell_04429,-4.22049,-2.12638,19,Melanocyte
cell_04430,-4.22536,0.53340,19,Melanocyte
cell_04431,-4.24371,-0.69775,19,Melanocyte
cell_04432,-4.17034,-1.26383,19,Melanocyte
cell_04433,-3.52517,-1.96576,19,Melanocyte
cell_04434,-4.78636,-2.62009,19,Melanocyte
cell_04435,-4.14097,-2.47420,19,Melanocyte
cell_04436,-4.04194,-0.18882,19,Melanocyte
cell_04437,-3.89271,0.13548,19,Melanocyte
cell_04438,-5.22003,-1.27509,19,Melanocyte
cell_04439,-4.83034,-0.88221,19,Melanocyte
cell_04440,-4.51529,-2.07950,19,Melanocyte
cell_04441,-2.66950,-1.27268,19,Melanocyte
cell_04442,-3.99964,-2.61124,19,Melanocyte
cell_04443,-4.51646,-2.09481,19,Melanocyte
cell_04444,-4.10345,-0.68838,19,Melanocyte
cell_04445,-4.83080,-1.73480,19,Melanocyte
cell_04446,-3.73639,-0.72711,19,Melanocyte
cell_04447,-4.24563,-0.95294,19,Melanocyte
cell_04448,-4.32362,-0.74271,19,Melanocyte
cell_04449,-4.46291,-1.59569,19,Melanocyte
cell_04450,-3.66292,-1.15590,19,Melanocyte
cell_04451,-3.67700,-1.18886,19,Melanocyte
cell_04452,-4.80507,-2.38398,19,Melanocyte
cell_04453,-3.69655,-2.80094,19,Melanocyte
cell_04454,-3.18608,-0.55413,19,Melanocyte
cell_04455,-3.34960,-2.41893,19,Melanocyte
cell_04456,-4.90272,-1.86296,19,Melanocyte
cell_04457,-4.41674,-0.62594,19,Melanocyte
cell_04458,-3.82613,-1.19145,19,Melanocyte
cell_04459,-3.54891,0.40481,19,Melanocyte
cell_04460,-4.40455,-1.14453,19,Melanocyte
cell_04461,-4.69554,-1.76214,19,Melanocyte
cell_04462,-2.72822,-1.35394,19,Melanocyte
cell_04463,-3.43371,-2.73622,19,Melanocyte
cell_04464,-4.86362,-2.39044,19,Melanocyte
cell_04465,-5.38005,-2.56999,19,Melanocyte
cell_04466,-3.36251,-2.24944,19,Melanocyte
cell_04467,-5.17748,-2.53728,19,Melanocyte
cell_04468,-3.44602,-1.27447,19,Melanocyte
cell_04469,-2.68781,-2.73084,19,Melanocyte
cell_04470,-4.68805,-0.87182,19,Melanocyte
cell_04471,-5.90517,-2.30745,19,Melanocyte
cell_04472,-4.45382,-1.62184,19,Melanocyte
cell_04473,-4.21376,-0.92844,19,Melanocyte
cell_04474,-5.69400,-1.28611,19,Melanocyte
cell_04475,-2.12436,-0.97896,19,Melanocyte
cell_04476,-3.65956,-2.10837,19,Melanocyte
cell_04477,-5.35547,-1.67279,19,Melanocyte
cell_04478,-5.04938,-1.49693,19,Melanocyte
cell_04479,-3.99808,-1.92879,19,Melanocyte
cell_04480,-4.57651,-1.24448,19,Melanocyte
cell_04481,-3.82899,-1.15362,19,Melanocyte
cell_04482,-4.04624,-1.11544,19,Melanocyte
cell_04483,-2.82859,-1.86462,19,Melanocyte
cell_04484,-3.41810,-0.25169,19,Melanocyte
cell_04485,-4.64654,-0.87306,19,Melanocyte
cell_04486,-4.47908,-1.78988,19,Melanocyte
cell_04487,-5.11004,-1.94441,19,Melanocyte
cell_04488,-4.11895,-1.16821,19,Melanocyte
cell_04489,-4.14623,-1.72032,19,Melanocyte
cell_04490,-4.89975,-1.94918,19,Melanocyte
cell_04491,-4.12760,-1.51485,19,Melanocyte
cell_04492,-4.78150,-1.06116,19,Melanocyte
cell_04493,-5.04485,-1.90895,19,Melanocyte
cell_04494,-4.49103,-0.05697,19,Melanocyte
cell_04495,-4.66880,-1.57613,19,Melanocyte
cell_04496,-4.92324,-0.15204,19,Melanocyte
cell_04497,-4.79446,-1.41860,19,Melanocyte
cell_04498,-5.14923,-2.58766,19,Melanocyte
cell_04499,-4.64620,-2.78213,19,Melanocyte
cell_04500,-4.42536,-0.73685,19,Melanocyte
cell_04501,-3.82438,6.35768,25,Hair follicle
cell_04502,-2.94223,7.44483,25,Hair follicle
cell_04503,-3.53767,6.40629,25,Hair follicle
cell_04504,-3.76290,5.60898,25,Hair follicle
cell_04505,-2.36188,7.20669,25,Hair follicle
cell_04506,-3.29216,6.46828,25,Hair follicle
cell_04507,-3.14729,7.64842,25,Hair follicle
cell_04508,-2.24407,7.03648,25,Hair follicle
cell_04509,-3.90824,6.84922,25,Hair follicle
cell_04510,-2.76163,7.00571,25,Hair follicle
cell_04511,-3.16217,5.75815,25,Hair follicle
cell_04512,-1.61142,6.66752,25,Hair follicle
cell_04513,-2.13143,5.63542,25,Hair follicle
cell_04514,-2.19974,6.10220,25,Hair follicle
cell_04515,-2.89780,6.80149,25,Hair follicle
cell_04516,-1.91702,6.90944,25,Hair follicle
cell_04517,-2.81034,7.22966,25,Hair follicle
cell_04518,-2.33048,6.99591,25,Hair follicle
cell_04519,-3.27071,5.65024,25,Hair follicle
cell_04520,-2.98350,7.32826,25,Hair follicle
cell_04521,-2.22454,6.53257,25,Hair follicle
cell_04522,-2.77965,6.44705,25,Hair follicle
cell_04523,-1.59580,6.47729,25,Hair follicle
cell_04524,-3.81200,6.39460,25,Hair follicle
cell_04525,-2.89600,6.51060,25,Hair follicle
cell_04526,-2.66184,6.30492,25,Hair follicle
cell_04527,-1.40900,8.16038,25,Hair follicle
cell_04528,-2.17759,6.78178,25,Hair follicle
cell_04529,-3.97561,6.80328,25,Hair follicle
cell_04530,-1.67054,6.17370,25,Hair follicle
cell_04531,-2.51133,6.46889,25,Hair follicle
cell_04532,-3.17924,7.20071,25,Hair follicle
cell_04533,-1.55968,7.13815,25,Hair follicle
cell_04534,-4.01779,6.76822,25,Hair follicle
cell_04535,-3.37193,6.64417,25,Hair follicle
cell_04536,-3.19140,6.38415,25,Hair follicle
cell_04537,-3.28184,6.40004,25,Hair follicle
cell_04538,-2.66721,6.62733,25,Hair follicle
cell_04539,-2.24307,6.08590,25,Hair follicle
cell_04540,-2.56215,7.40996,25,Hair follicle
cell_04541,-3.62585,7.53437,25,Hair follicle
cell_04542,-2.99215,7.05228,25,Hair follicle
cell_04543,-4.15370,6.27185,25,Hair follicle
cell_04544,-1.58422,7.70281,25,Hair follicle
cell_04545,-1.95339,6.88931,25,Hair follicle
cell_04546,-3.27430,6.87053,25,Hair follicle
cell_04547,-2.63675,5.65712,25,Hair follicle
cell_04548,-2.19444,7.30891,25,Hair follicle
cell_04549,-2.05542,7.54341,25,Hair follicle
cell_04550,-0.82016,7.22924,25,Hair follicle
cell_04551,-2.96824,7.82512,25,Hair follicle
cell_04552,-1.69069,6.94853,25,Hair follicle
cell_04553,-2.31761,7.49629,25,Hair follicle
cell_04554,-3.12645,5.99640,25,Hair follicle
cell_04555,-3.55387,6.40616,25,Hair follicle
cell_04556,-2.99457,6.74228,25,Hair follicle
cell_04557,-2.04414,6.56051,25,Hair follicle
cell_04558,-1.88551,6.58611,25,Hair follicle
cell_04559,-2.32740,6.66501,25,Hair follicle
cell_04560,-1.93323,6.66457,25,Hair follicle
cell_04561,-2.43039,6.96118,25,Hair follicle
cell_04562,-3.17854,7.40304,25,Hair follicle
cell_04563,-2.61429,6.71577,25,Hair follicle
cell_04564,-1.36740,6.72813,25,Hair follicle
cell_04565,-2.30819,7.76123,25,Hair follicle
cell_04566,-4.09726,6.17363,25,Hair follicle
cell_04567,-2.69295,6.06066,25,Hair follicle
cell_04568,-3.72286,6.20219,25,Hair follicle
cell_04569,-3.75655,7.48427,25,Hair follicle
cell_04570,-1.18205,6.67384,25,Hair follicle
cell_04571,-2.37398,7.44121,25,Hair follicle
cell_04572,-3.07688,5.04392,25,Hair follicle
cell_04573,-3.40469,6.50918,25,Hair follicle
cell_04574,-3.19337,6.89936,25,Hair follicle
cell_04575,-3.45018,8.04060,25,Hair follicle
cell_04576,-3.18964,6.60304,25,Hair follicle
cell_04577,-2.87540,5.76500,25,Hair follicle
cell_04578,-3.19476,7.09198,25,Hair follicle
cell_04579,-3.07074,5.86955,25,Hair follicle
cell_04580,-2.54621,7.50963,25,Hair follicle
cell_04581,-3.23209,5.97575,25,Hair follicle
cell_04582,-1.14178,6.21507,25,Hair follicle
cell_04583,-2.02588,5.54909,25,Hair follicle
cell_04584,-3.17404,7.24339,25,Hair follicle
cell_04585,-2.34848,6.24260,25,Hair follicle
cell_04586,-3.34314,7.14551,25,Hair follicle
cell_04587,-2.73162,5.42380,25,Hair follicle
cell_04588,-1.48239,7.33402,25,Hair follicle
cell_04589,-2.27758,6.88459,25,Hair follicle
cell_04590,-3.93457,6.92251,25,Hair follicle
cell_04591,-1.83405,5.57959,25,Hair follicle
cell_04592,-1.40149,6.40600,25,Hair follicle
cell_04593,-3.28187,7.28338,25,Hair follicle
cell_04594,-3.87481,6.93769,25,Hair follicle
cell_04595,-3.28260,7.25678,25,Hair follicle
cell_04596,-2.50740,6.02415,25,Hair follicle
cell_04597,-2.20664,7.23091,25,Hair follicle
cell_04598,-2.14987,6.66489,25,Hair follicle
cell_04599,-3.34467,7.04975,25,Hair follicle
cell_04600,-3.31719,6.27357,25,Hair follicle
cell_04601,-4.33481,7.29360,25,Hair follicle
cell_04602,-3.91136,5.64997,25,Hair follicle
cell_04603,-2.10338,6.03020,25,Hair follicle
cell_04604,-2.72711,7.89084,25,Hair follicle
cell_04605,-3.55213,7.21564,25,Hair follicle
cell_04606,-2.03904,7.05669,25,Hair follicle
cell_04607,-4.06422,6.17593,25,Hair follicle
cell_04608,-3.18453,5.97415,25,Hair follicle
cell_04609,-1.64587,6.54930,25,Hair follicle
cell_04610,-3.12569,7.26997,25,Hair follicle
cell_04611,-3.74429,6.68315,25,Hair follicle
cell_04612,-2.91990,6.39878,25,Hair follicle
cell_04613,-3.31405,8.12282,25,Hair follicle
cell_04614,-4.14521,6.73242,25,Hair follicle
cell_04615,-2.73534,7.61174,25,Hair follicle
cell_04616,-2.50593,6.77511,25,Hair follicle
cell_04617,-1.85706,6.95183,25,Hair follicle
cell_04618,-2.97576,6.74906,25,Hair follicle
cell_04619,-3.06614,6.92485,25,Hair follicle
cell_04620,-2.63747,6.62774,25,Hair follicle
cell_04621,-3.83804,7.14535,25,Hair follicle
cell_04622,-2.00007,6.93935,25,Hair follicle
cell_04623,-2.83543,7.17839,25,Hair follicle
cell_04624,-4.01591,4.95523,25,Hair follicle
cell_04625,-3.60011,7.23575,25,Hair follicle
cell_04626,-2.24796,6.93995,25,Hair follicle
cell_04627,-2.94167,5.62436,25,Hair follicle
cell_04628,-2.66407,6.36558,25,Hair follicle
cell_04629,-3.42742,7.17595,25,Hair follicle
cell_04630,-3.57171,6.99788,25,Hair follicle
cell_04631,-4.56291,6.63832,25,Hair follicle
cell_04632,-3.62367,5.88962,25,Hair follicle
cell_04633,-2.41099,6.92480,25,Hair follicle
cell_04634,-2.08825,7.32376,25,Hair follicle
cell_04635,-1.99225,7.32722,25,Hair follicle
cell_04636,-3.53785,7.02283,25,Hair follicle
cell_04637,-1.51288,6.93624,25,Hair follicle
cell_04638,-2.71504,6.73569,25,Hair follicle
cell_04639,-1.24082,6.86587,25,Hair follicle
cell_04640,-2.90367,6.17059,25,Hair follicle
cell_04641,-2.51790,5.68593,25,Hair follicle
cell_04642,-2.92147,5.71898,25,Hair follicle
cell_04643,-3.07295,6.57085,25,Hair follicle
cell_04644,-2.05758,6.97934,25,Hair follicle
cell_04645,-2.88466,7.12513,25,Hair follicle
cell_04646,-2.70242,7.43216,25,Hair follicle
cell_04647,-2.61220,7.33937,25,Hair follicle
cell_04648,-3.38010,7.10449,25,Hair follicle
cell_04649,-2.85301,7.30560,25,Hair follicle
cell_04650,-2.61266,6.66182,25,Hair follicle
cell_04651,-3.58990,7.29340,25,Hair follicle
cell_04652,-3.16279,7.60237,25,Hair follicle
cell_04653,-2.15242,6.40306,25,Hair follicle
cell_04654,-3.38242,7.72212,25,Hair follicle
cell_04655,-2.07515,7.78263,25,Hair follicle
cell_04656,-1.89747,6.57353,25,Hair follicle
cell_04657,-3.36334,5.95875,25,Hair follicle
cell_04658,-4.08992,6.34329,25,Hair follicle
cell_04659,-3.45079,7.21593,25,Hair follicle
cell_04660,-3.26288,7.51190,25,Hair follicle
cell_04661,-3.35697,5.72013,25,Hair follicle
cell_04662,-4.48309,5.77123,25,Hair follicle
cell_04663,-3.41009,7.23070,25,Hair follicle
cell_04664,-2.84165,7.58056,25,Hair follicle
cell_04665,-3.26867,6.54910,25,Hair follicle
cell_04666,-2.69941,7.31457,25,Hair follicle
cell_04667,-2.68020,5.52466,25,Hair follicle
cell_04668,-2.02586,5.88973,25,Hair follicle
cell_04669,-3.17013,8.03643,25,Hair follicle
cell_04670,-2.49845,6.68714,25,Hair follicle
cell_04671,-3.93670,6.02594,25,Hair follicle
cell_04672,-2.80052,6.57671,25,Hair follicle
cell_04673,-2.88229,6.47313,25,Hair follicle
cell_04674,-3.24535,7.31160,25,Hair follicle
cell_04675,-2.82212,8.01553,25,Hair follicle
cell_04676,-2.61693,6.26773,25,Hair follicle
cell_04677,-2.80480,6.43193,25,Hair follicle
cell_04678,-3.32359,7.22242,25,Hair follicle
cell_04679,-2.85238,5.75994,25,Hair follicle
cell_04680,-2.37579,6.93833,25,Hair follicle
