domain,node,x,y,n_genomes
Bacteria,60777,0.885349623018402,-0.0011097019745264667,0
Bacteria,60777,0.9999445222159896,-0.010533398797931979,0
Bacteria,60777,0.9999848796826172,-0.0054991277618908945,0
Bacteria,60777,0.9999998920188876,-4.647173476315036e-4,0
Bacteria,30423,0.9872611279889059,-1.9116558127849575e-4,0
Bacteria,30423,0.9999998920188876,-4.647173476315036e-4,0
Bacteria,30423,0.9999999730047215,-2.3235868008890563e-4,0
Bacteria,30423,1,-2.4492935982947064e-16,0
Bacteria,60774,0.9872031062612936,-0.01070506283303534,0
Bacteria,60774,0.9999378035228682,-0.011152985513384502,0
Bacteria,60774,0.9999412108582135,-0.010843192676040472,0
Bacteria,60774,0.9999445222159896,-0.010533398797931979,0
Bacteria,60771,0.980828359344248,-0.011148783378101774,0
Bacteria,60771,0.9999307009207873,-0.011772567946840527,0
Bacteria,60771,0.9999343002102807,-0.011462777280229161,0
Bacteria,60771,0.9999378035228682,-0.011152985513384502,0
Bacteria,60764,0.9744489759587306,-0.011953777417398228,0
Bacteria,60764,0.999915344000802,-0.013011719016249083,0
Bacteria,60764,0.9999232144124738,-0.012392145860421118,0
Bacteria,60764,0.9999307009207873,-0.011772567946840527,0
Bacteria,60694,0.8916331239817918,-0.012428847047005576,6
Bacteria,60694,0.9997117642618494,-0.02400809022934815,6
Bacteria,60694,0.9998286718581726,-0.01851018450266311,6
Bacteria,60694,0.999915344000802,-0.013011719016249083,6
Bacteria,60693,0.9933404661843573,-0.02400904693241466,0
Bacteria,60693,0.9997042782999188,-0.024317811349678836,0
Bacteria,60693,0.9997080332752827,-0.024162951079418203,0
Bacteria,60693,0.9997117642618494,-0.02400809022934815,0
Bacteria,47134,-0.4937150021671454,-0.803045423668605,22
Bacteria,47134,-0.5262642951460862,-0.8503210521058461,22
Bacteria,47134,-0.5247486849056854,-0.8512571983189063,22
Bacteria,47134,-0.5232314094046483,-0.8521906431148052,22
Bacteria,60318,0.9712343736711422,-0.0799843168451652,0
Bacteria,60318,0.9965806767796576,-0.08262538755975435,0
Bacteria,60318,0.9966125999253247,-0.08223944108567761,0
Bacteria,60318,0.9966443736052449,-0.08185348227784202,0
Bacteria,60673,0.9487497370335859,-0.023655077054059784,0
Bacteria,60673,0.9996198825698023,-0.027569736508257812,0
Bacteria,60673,0.9996634027579797,-0.025943808246616996,0
Bacteria,60673,0.9997042782999188,-0.024317811349678836,0
Bacteria,41406,-0.9536295586163638,-0.12497219455235369,5
Bacteria,41406,-0.9916929762136337,-0.12862752788009774,5
Bacteria,41406,-0.9915729970029453,-0.1295491860823408,5
Bacteria,41406,-0.991452161223061,-0.13047073237366813,5
Bacteria,47109,-0.5038361424292197,-0.811766639693823,0
Bacteria,47109,-0.5296847285546278,-0.8481946052268963,0
Bacteria,47109,-0.5279755823972399,-0.8492595506629851,0
Bacteria,47109,-0.5262642951460862,-0.8503210521058461,0
Bacteria,60647,0.9422771431223262,-0.027390534664746037,0
Bacteria,60647,0.9994958305555764,-0.03175034963615982,0
Bacteria,60647,0.9995600422174393,-0.029660107927498184,0
Bacteria,60647,0.9996198825698023,-0.027569736508257812,0
Bacteria,41267,-0.8977118140688524,-0.11026720133755695,0
Bacteria,41267,-0.9942490820987634,-0.1070923094613537,0
Bacteria,41267,-0.9936538494224096,-0.11248123189237931,0
Bacteria,41267,-0.9930294085028932,-0.11786684796156245,0
Bacteria,41267,-0.9923757776955218,-0.12324899935986641,0
Bacteria,41267,-0.9916929762136337,-0.12862752788009774,0
Bacteria,42654,-0.9301779972483742,-0.3113156907381066,9
Bacteria,42654,-0.9484580108004655,-0.31690282698080174,9
Bacteria,42654,-0.9483352144761955,-0.31727010729721816,9
Bacteria,42654,-0.9482122759265197,-0.31763734003144156,9
Bacteria,46935,-0.46346432424692136,-0.7318306422417181,243
Bacteria,46935,-0.5524805937074468,-0.833525760595716,243
Bacteria,46935,-0.5479533670524065,-0.8365088807274736,243
Bacteria,46935,-0.5434100334249068,-0.8394674118589367,243
Bacteria,46935,-0.5388507263752718,-0.8424012670247132,243
Bacteria,46935,-0.5342755799233604,-0.8453103599847556,243
Bacteria,46935,-0.5296847285546278,-0.8481946052268963,243
Bacteria,60214,0.8884660289625748,-0.0761066317735875,6
Bacteria,60214,0.9951050035416752,-0.0988232357612451,6
Bacteria,60214,0.995626165659706,-0.09342664637966945,6
Bacteria,60214,0.9961180615587584,-0.08802731074173295,6
Bacteria,60214,0.9965806767796576,-0.08262538755975435,6
Bacteria,60642,0.97402224291665,-0.03121489780829358,22
Bacteria,60642,0.9994658889755611,-0.03267930192478694,22
Bacteria,60642,0.9994809676906355,-0.03221482925906693,22
Bacteria,60642,0.9994958305555764,-0.03175034963615982,22
Bacteria,41988,-0.8939777820923197,-0.20507289314098764,4
Bacteria,41988,-0.9761184172643991,-0.21723912050375385,4
Bacteria,41988,-0.9752698098391536,-0.22101764186666475,4
Bacteria,41988,-0.9744065759431774,-0.2247928485488205,4
Bacteria,42410,-0.9413363985323491,-0.27574326947885325,0
Bacteria,42410,-0.9597992210875438,-0.28068746890401813,0
Bacteria,42410,-0.9596904488339433,-0.2810591439837965,0
Bacteria,42410,-0.95958153265195,-0.2814307769120759,0
Bacteria,42596,-0.8582017321568183,-0.28554359340150465,15
Bacteria,42596,-0.9513146735432287,-0.3082213358957166,15
Bacteria,42596,-0.9498962601865935,-0.3125653449816911,15
Bacteria,42596,-0.9484580108004655,-0.31690282698080174,15
Bacteria,46867,-0.49802214437916403,-0.7473540690501806,1
Bacteria,46867,-0.5613580051467062,-0.8275730723372472,1
Bacteria,46867,-0.556927252609101,-0.8305612772705447,1
Bacteria,46867,-0.5524805937074468,-0.833525760595716,1
Bacteria,58943,0.8429326930005082,-0.24914229484242448,302
Bacteria,58943,0.9564584421041249,-0.29186854665713874,302
Bacteria,58943,0.9581599224518752,-0.28623340651820595,302
Bacteria,58943,0.9598282027118485,-0.28058834843760444,302
Bacteria,59322,0.9171490119201449,-0.21788562544118292,167
Bacteria,59322,0.9719725474406544,-0.23509437896667126,167
Bacteria,59322,0.9725342161336691,-0.2327599588616345,167
Bacteria,59322,0.9730902781776766,-0.23042419689800833,167
Bacteria,59922,0.8740615830067753,-0.09286418642366219,159
Bacteria,59922,0.9895964240027751,-0.14387118405337315,159
Bacteria,59922,0.9903093858113204,-0.13887879742424766,159
Bacteria,59922,0.9909971618350848,-0.13388287879638247,159
Bacteria,59922,0.9916597345823839,-0.12888355522717404,159
Bacteria,59922,0.9922970872025096,-0.12388095386061142,159
Bacteria,59922,0.9929092034861581,-0.11887520192404806,159
Bacteria,59922,0.9934960678658415,-0.11386642672496254,159
Bacteria,59922,0.9940576654162849,-0.10885475564772269,159
Bacteria,59922,0.9945939818548054,-0.10384031615034235,159
Bacteria,59922,0.9951050035416752,-0.0988232357612451,159
Bacteria,60637,0.973990942513085,-0.03217675316180964,0
Bacteria,60637,0.9994350840080841,-0.03360822598343659,0
Bacteria,60637,0.9994505944136096,-0.03314376753301221,0
Bacteria,60637,0.9994658889755611,-0.03267930192478694,0
Bacteria,41985,-0.9637501873241227,-0.21417317249115153,0
Bacteria,41985,-0.9762528362625164,-0.21663425326894262,0
Bacteria,41985,-0.9761856736121759,-0.21693669729748896,0
Bacteria,41985,-0.9761184172643991,-0.21723912050375385,0
Bacteria,42357,-0.8871312341673023,-0.25685395327949295,63
Bacteria,42357,-0.9621135406142689,-0.2726491059341209,63
Bacteria,42357,-0.9609647858885783,-0.27667070730765647,63
Bacteria,42357,-0.9597992210875438,-0.28068746890401813,63
Bacteria,42417,-0.8129183402331681,-0.2600604899411405,5
Bacteria,42417,-0.95958153265195,-0.2814307769120759,5
Bacteria,42417,-0.9581037410065535,-0.28642140539639666,5
Bacteria,42417,-0.9565999941000868,-0.29140427465587043,5
Bacteria,42417,-0.9550703326694157,-0.2963792497033686,5
Bacteria,42417,-0.9535147981534364,-0.30134619576562,5
Bacteria,42417,-0.9519334326919539,-0.30630497828685915,5
Bacteria,42584,-0.9029136445240554,-0.2922885162369873,0
Bacteria,42584,-0.9519334326919539,-0.30630497828685915,0
Bacteria,42584,-0.9516245355068214,-0.30726331284653313,0
Bacteria,42584,-0.9513146735432287,-0.3082213358957166,0
Bacteria,46862,-0.5473291427210727,-0.8063029883795417,0
Bacteria,46862,-0.5621269377257114,-0.8270509693381141,0
Bacteria,46862,-0.561742532093792,-0.8273121101717629,0
Bacteria,46862,-0.5613580051467062,-0.8275730723372472,0
Bacteria,59307,0.9223424456939405,-0.22353979301916754,0
Bacteria,59307,0.9713868829803106,-0.2375026811928579,0
Bacteria,59307,0.9716804613304869,-0.23629871152541698,0
Bacteria,59307,0.9719725474406544,-0.23509437896667126,0
Bacteria,59890,0.9201395531298523,-0.13462813779212676,3
Bacteria,59890,0.9888480436372578,-0.14892799130710122,3
Bacteria,59890,0.9892254650527167,-0.14640006588535515,3
Bacteria,59890,0.9895964240027751,-0.14387118405337315,3
Bacteria,60573,0.8784549023174621,-0.030403825464185685,81
Bacteria,60573,0.9990460305883125,-0.04366954048002508,81
Bacteria,60573,0.9992532205912392,-0.03863937289910584,81
Bacteria,60573,0.9994350840080841,-0.03360822598343659,81
Bacteria,36034,-0.6926146682004705,0.581661652684066,45
Bacteria,36034,-0.7624962331178202,0.6469926541168259,45
Bacteria,36034,-0.7645469546651992,0.6445680368372061,45
Bacteria,36034,-0.7665899663469103,0.6421369195866585,45
Bacteria,39389,-0.9028538609100042,0.1615737361572627,8
Bacteria,39389,-0.9831334606872701,0.18288958001229033,8
Bacteria,39389,-0.9840279593128402,0.17801397498681776,8
Bacteria,39389,-0.9848982787456826,0.1731339958638734,8
Bacteria,41195,-0.8867575483036171,-0.09394229370738882,6
Bacteria,41195,-0.9953965008023716,-0.09584261155871213,6
Bacteria,41195,-0.9948386931132225,-0.1014690824082658,6
Bacteria,41195,-0.9942490820987634,-0.1070923094613537,6
Bacteria,41907,-0.890005991126847,-0.1936414928519642,27
Bacteria,41907,-0.9788307443423465,-0.20467138033982132,27
Bacteria,41907,-0.9775600899023357,-0.21065676022890278,27
Bacteria,41907,-0.9762528362625164,-0.21663425326894262,27
Bacteria,42335,-0.8948305619515291,-0.25310037162535076,8
Bacteria,42335,-0.9630788354034442,-0.26921953271994503,8
Bacteria,42335,-0.9625977153838928,-0.27093474922517796,8
Bacteria,42335,-0.9621135406142689,-0.2726491059341209,8
Bacteria,53116,0.3468627683281386,-0.8833865779710895,0
Bacteria,53116,0.3631724922173971,-0.9317219225158355,0
Bacteria,53116,0.364471100923171,-0.9312146995144845,0
Bacteria,53116,0.36576900122113815,-0.9307056665486093,0
Bacteria,58932,0.9197712550674274,-0.281155157928432,0
Bacteria,58932,0.9559142444189107,-0.2936459727580527,0
Bacteria,58932,0.9561867562619341,-0.2927573861566618,0
Bacteria,58932,0.9564584421041249,-0.29186854665713874,0
Bacteria,59281,0.9155434138338818,-0.22453666343248901,0
Bacteria,59281,0.9703850451020045,-0.24156337520903434,0
Bacteria,59281,0.9708880870013294,-0.23953355196902762,0
Bacteria,59281,0.9713868829803106,-0.2375026811928579,0
Bacteria,59681,0.8434038274404534,-0.13091092458106335,117
Bacteria,59681,0.9834810776486635,-0.1810109662617805,117
Bacteria,59681,0.9844480058559072,-0.17567619009509441,117
Bacteria,59681,0.9853859964237982,-0.17033624996423505,117
Bacteria,59681,0.9862950217803035,-0.16499130283560637,117
Bacteria,59681,0.9871750552048164,-0.15964150582278938,117
Bacteria,59681,0.9880260708289422,-0.15428701618192642,117
Bacteria,59681,0.9888480436372578,-0.14892799130710122,117
Bacteria,60328,0.8524004237358799,-0.04337284785170639,3
Bacteria,60328,0.9966443736052449,-0.08185348227784202,3
Bacteria,60328,0.9970208292381534,-0.07713278204022622,3
Bacteria,60328,0.9973749249545418,-0.0724103519665661,3
Bacteria,60328,0.9977066528132016,-0.06768629796552386,3
Bacteria,60328,0.9980160053745614,-0.06296072598218196,3
Bacteria,60328,0.9983029757008552,-0.05823374199566359,3
Bacteria,60328,0.9985675573562772,-0.05350545201676124,3
Bacteria,60328,0.998809744407126,-0.04877596208555561,3
Bacteria,60541,0.9226618707499917,-0.04087605918665353,1
Bacteria,60541,0.998809744407126,-0.04877596208555561,1
Bacteria,60541,0.9989311504333317,-0.046222902266523154,1
Bacteria,60541,0.9990460305883125,-0.04366954048002508,1
Bacteria,33035,-0.37088688594482827,0.8666483564134542,0
Bacteria,33035,-0.39152685432955775,0.9201666818238972,0
Bacteria,33035,-0.39295177546002036,0.9195590803003457,0
Bacteria,33035,-0.3943757536713249,0.9189492722213639,0
Bacteria,34943,-0.5779690019376651,0.6790551795101974,11
Bacteria,34943,-0.6426909147961706,0.7661255693673599,11
Bacteria,34943,-0.6459486988749417,0.7633808213609835,11
Bacteria,34943,-0.6491947610526889,0.7606222204364937,11
Bacteria,36031,-0.7525849768191798,0.638983899678451,0
Bacteria,36031,-0.7620951951418271,0.6474649902054476,0
Bacteria,36031,-0.7622957507136212,0.6472288532226887,0
Bacteria,36031,-0.7624962331178202,0.6469926541168259,0
Bacteria,39244,-0.8513391980686764,0.1599901203367383,0
Bacteria,39244,-0.9787461147485292,0.20507570032712033,0
Bacteria,39244,-0.9798899747082014,0.1995385613518358,0
Bacteria,39244,-0.9810025092280316,0.19399504346324398,0
Bacteria,39244,-0.982083682742156,0.1884453238783184,0
Bacteria,39244,-0.9831334606872701,0.18288958001229033,0
Bacteria,42041,-0.8270954747663496,-0.21066742020754367,209
Bacteria,42041,-0.9744065759431774,-0.2247928485488205,209
Bacteria,42041,-0.9732589683876922,-0.22971064505791886,209
Bacteria,42041,-0.9720865410490513,-0.2346225835491781,209
Bacteria,42041,-0.970889323826175,-0.23952853875969105,209
Bacteria,42041,-0.9696673472501683,-0.24442838557913324,209
Bacteria,42041,-0.9684206424835428,-0.24932199905295602,209
Bacteria,42203,-0.8531373692286881,-0.23664702753859387,102
Bacteria,42203,-0.9684206424835428,-0.24932199905295602,102
Bacteria,42203,-0.9671236404016916,-0.2543066341568374,102
Bacteria,42203,-0.9658009816887396,-0.2592845228104963,102
Bacteria,42203,-0.9644527014332374,-0.264255532956513,102
Bacteria,42203,-0.9630788354034442,-0.26921953271994503,102
Bacteria,46479,-0.5902173762432397,-0.7674395228245806,0
Bacteria,46479,-0.6104225877610578,-0.7920759208252032,0
Bacteria,46479,-0.6098703023475823,-0.7925012393141531,0
Bacteria,46479,-0.6093177205889818,-0.7929261727148672,0
Bacteria,46860,-0.5551241782913355,-0.816407813570262,0
Bacteria,46860,-0.5625112219594468,-0.8267896498926979,0
Bacteria,46860,-0.5623190950225396,-0.8269203319383507,0
Bacteria,46860,-0.5621269377257114,-0.8270509693381141,0
Bacteria,58918,0.919138794287242,-0.2832159270137665,15
Bacteria,58918,0.9552293526043377,-0.2958663277953369,15
Bacteria,58918,0.9555724434101598,-0.2947563492024165,15
Bacteria,58918,0.9559142444189107,-0.2936459727580527,15
Bacteria,59022,0.8276015357879339,-0.20867051607097745,10
Bacteria,59022,0.9598282027118485,-0.28058834843760444,10
Bacteria,59022,0.9612019359482026,-0.27584567846792063,10
Bacteria,59022,0.9625522350222961,-0.2710962833636461,10
Bacteria,59022,0.9638790670137549,-0.2663402789153254,10
Bacteria,59022,0.9651823995743334,-0.26157778107463925,10
Bacteria,59022,0.9664622009287038,-0.2568089059515767,10
Bacteria,59022,0.9677184398752301,-0.252033769811608,10
Bacteria,59022,0.9689510857867298,-0.24725248907284486,10
Bacteria,59022,0.9701601086112199,-0.24246518030320544,10
Bacteria,59276,0.9455820351357144,-0.23572932437472477,0
Bacteria,59276,0.9701601086112199,-0.24246518030320544,0
Bacteria,59276,0.9702726816277356,-0.24201430388909406,0
Bacteria,59276,0.9703850451020045,-0.24156337520903434,0
Bacteria,59357,0.8361197744595166,-0.17138088888100117,9
Bacteria,59357,0.9730902781776766,-0.23042419689800833,9
Bacteria,59357,0.9742853877697818,-0.22531751635921687,9
Bacteria,59357,0.975453698207113,-0.22020463813023206,9
Bacteria,59357,0.9765951773535712,-0.21508570284829945,9
Bacteria,59357,0.9777097938110902,-0.20996085131727615,9
Bacteria,59357,0.9787975169205033,-0.2048302245037511,9
Bacteria,59357,0.9798583167623834,-0.19969396353317426,9
Bacteria,59357,0.9808921641578687,-0.19455220968596787,9
Bacteria,59593,0.8952785919152328,-0.1675826209781206,0
Bacteria,59593,0.9808921641578687,-0.19455220968596787,0
Bacteria,59593,0.9822099569846279,-0.18778604953578304,0
Bacteria,59593,0.9834810776486635,-0.1810109662617805,0
Bacteria,32327,-0.291012088915257,0.7615800967139583,0
Bacteria,32327,-0.2883106750374468,0.9575369207813617,0
Bacteria,32327,-0.29287974282014134,0.9561492855436372,0
Bacteria,32327,-0.2974421323847268,0.954739848274087,0
Bacteria,32327,-0.3019977396999973,0.9533086411105758,0
Bacteria,32327,-0.3065464608893964,0.9518556966873633,0
Bacteria,32327,-0.31108819223338413,0.9503810481343602,0
Bacteria,32327,-0.3156228301718018,0.9488847290763731,0
Bacteria,32327,-0.3201502713062347,0.9473667736323373,0
Bacteria,32327,-0.3246704124023688,0.9458272164145393,0
Bacteria,32327,-0.32918315039234447,0.9442660925278272,0
Bacteria,32327,-0.3336883823771075,0.9426834375688105,0
Bacteria,32327,-0.33818600562875517,0.9410792876250479,0
Bacteria,32327,-0.3426759175928775,0.9394536792742255,0
Bacteria,32327,-0.3471580158908978,0.9378066495833217,0
Bacteria,32327,-0.3516321983224047,0.9361382361077626,0
Bacteria,32327,-0.35609836286748464,0.9344484768905652,0
Bacteria,32327,-0.36055640768904706,0.9327374104614705,0
Bacteria,32327,-0.3650062311351461,0.9310050758360645,0
Bacteria,32327,-0.3694477317412994,0.929251512514889,0
Bacteria,32327,-0.37388080823280145,0.9274767604825401,0
Bacteria,32327,-0.37830535952703204,0.9256808602067578,0
Bacteria,32327,-0.3827212847357622,0.9238638526375018,0
Bacteria,32327,-0.38712848316745446,0.9220257792060187,0
Bacteria,32327,-0.39152685432955775,0.9201666818238972,0
Bacteria,35976,-0.6883322195746197,0.5867231990513794,4
Bacteria,35976,-0.756450011435186,0.654051511885499,4
Bacteria,35976,-0.7592797453320259,0.6507643723564881,4
Bacteria,35976,-0.7620951951418271,0.6474649902054476,4
Bacteria,39192,-0.884989847230793,0.18665028022487568,2
Bacteria,39192,-0.9770294751551708,0.2131042108406389,2
Bacteria,39192,-0.9778960342291291,0.20909171728918896,2
Bacteria,39192,-0.9787461147485292,0.20507570032712033,2
Bacteria,40291,-0.8662233036026848,0.005697110603796469,1
Bacteria,40291,-0.9990164919649814,0.04434014864637034,1
Bacteria,40291,-0.9992247732654008,0.039368165981009076,1
Bacteria,40291,-0.9994083097708047,0.03439520840267187,1
Bacteria,40291,-0.9995670969360964,0.029421399061644017,1
Bacteria,40291,-0.9997011308290716,0.024446861129303846,1
Bacteria,40291,-0.999810408130516,0.01947171779507297,1
Bacteria,40291,-0.9998949261342874,0.014496092263363833,1
Bacteria,40291,-0.9999546827473824,0.00952010775053135,1
Bacteria,40291,-0.9999896764899888,0.004543887481819793,1
Bacteria,41129,-0.9004773674403908,-0.08476949650216482,7
Bacteria,41129,-0.9963375933269728,-0.0855067256034037,7
Bacteria,41129,-0.9958804562114523,-0.09067588949698643,7
Bacteria,41129,-0.9953965008023716,-0.09584261155871213,7
Bacteria,41424,-0.8419474428264323,-0.13997210377038172,416
Bacteria,41424,-0.991452161223061,-0.13047073237366813,416
Bacteria,41424,-0.9907955716154438,-0.13536666970575126,416
Bacteria,41424,-0.9901148052956853,-0.14025930391345556,416
Bacteria,41424,-0.9894098788753772,-0.14514851561008554,416
Bacteria,41424,-0.9886808095556492,-0.15003418549246067,416
Bacteria,41424,-0.9879276151267493,-0.154916194343824,416
Bacteria,41424,-0.9871503139676101,-0.15979442303675312,416
Bacteria,41424,-0.9863489250454,-0.16466875253606586,416
Bacteria,41424,-0.98552346791506,-0.16953906390172688,416
Bacteria,41424,-0.9846739627188275,-0.17440523829174726,416
Bacteria,41710,-0.978375297998394,-0.17344593497834765,0
Bacteria,41710,-0.9846739627188275,-0.17440523829174726,0
Bacteria,41710,-0.9846469345240244,-0.1745577678948764,0
Bacteria,41710,-0.9846198827018274,-0.17471029330935126,0
Bacteria,41712,-0.836087529748296,-0.17153812671026594,264
Bacteria,41712,-0.9846198827018274,-0.17471029330935126,264
Bacteria,41712,-0.9837324786081081,-0.17963966859117797,264
Bacteria,41712,-0.9828203963784234,-0.18456453739155465,264
Bacteria,41712,-0.9818836588934753,-0.1894847761641065,264
Bacteria,41712,-0.9809222896524722,-0.19440026147860878,264
Bacteria,41712,-0.9799363127725411,-0.1993108700240821,264
Bacteria,41712,-0.9789257529881216,-0.20421647861188685,264
Bacteria,41905,-0.966400670893039,-0.20187697907312357,0
Bacteria,41905,-0.9789257529881216,-0.20421647861188685,0
Bacteria,41905,-0.9788782750903258,-0.20444393499487484,0
Bacteria,41905,-0.9788307443423465,-0.20467138033982132,0
Bacteria,46391,-0.5665604560844875,-0.7293730386790033,3
Bacteria,46391,-0.6212842768954377,-0.783585252083341,3
Bacteria,46391,-0.6158680645839694,-0.7878493047693802,3
Bacteria,46391,-0.6104225877610578,-0.7920759208252032,3
Bacteria,46857,-0.5519353247924642,-0.8108735802275088,0
Bacteria,46857,-0.5630234119527026,-0.8264409462224978,0
Bacteria,46857,-0.5627673439641834,-0.8266153377281954,0
Bacteria,46857,-0.5625112219594468,-0.8267896498926979,0
Bacteria,52637,0.28762939464197074,-0.9377728388061974,0
Bacteria,52637,0.29280675872072137,-0.9561716383827044,0
Bacteria,52637,0.29317702805785156,-0.9560581730308914,0
Bacteria,52637,0.2935472534261189,-0.9559445642954313,0
Bacteria,53090,0.33461597793497005,-0.8608181731708089,29
Bacteria,53090,0.3592724409006272,-0.9332327218916541,29
Bacteria,53090,0.36122325641584163,-0.932479361178753,29
Bacteria,53090,0.3631724922173971,-0.9317219225158355,29
Bacteria,58901,0.9124470412397876,-0.28329548649866565,0
Bacteria,58901,0.9544006750730992,-0.2985286442203034,0
Bacteria,58901,0.9548159417573727,-0.297197774833496,0
Bacteria,58901,0.9552293526043377,-0.2958663277953369,0
Bacteria,32318,-0.27694245126507405,0.9210484586412183,0
Bacteria,32318,-0.2868270496047416,0.9579823816830031,0
Bacteria,32318,-0.2875689485766885,0.9577599385099055,0
Bacteria,32318,-0.2883106750374468,0.9575369207813617,0
Bacteria,34414,-0.5287015862083276,0.7259743752768973,4
Bacteria,34414,-0.5775713545609457,0.8163402050558544,4
Bacteria,34414,-0.581904815519198,0.8132569001708919,4
Bacteria,34414,-0.5862218169198238,0.8101505917835403,4
Bacteria,34414,-0.590522236653619,0.8070213677577609,4
Bacteria,34517,-0.5437520033879228,0.6578764664642559,2
Bacteria,34517,-0.590522236653619,0.8070213677577609,2
Bacteria,34517,-0.5943285062042206,0.8042223739197136,2
Bacteria,34517,-0.598121509121577,0.8014054281860882,2
Bacteria,34517,-0.6019011607380705,0.7985705934369005,2
Bacteria,34517,-0.6056673766841123,0.7957179329514861,2
Bacteria,34517,-0.609420072890025,0.7928475104070875,2
Bacteria,34517,-0.6131591655879199,0.7899593898774327,2
Bacteria,34517,-0.6168845713135661,0.7870536358313058,2
Bacteria,34517,-0.6205962069082549,0.784130313131106,2
Bacteria,34517,-0.6242939895206543,0.7811894870314021,2
Bacteria,34517,-0.6279778366086598,0.778231223177474,2
Bacteria,34517,-0.6316476659412362,0.7752555876038485,2
Bacteria,34517,-0.6353033956002536,0.7722626467328247,2
Bacteria,34517,-0.6389449439823157,0.7692524673729916,2
Bacteria,34517,-0.6425722298005814,0.7662251167177365,2
Bacteria,35975,-0.7515311784407517,0.6500020030164632,0
Bacteria,35975,-0.756247342405338,0.654285837463156,0
Bacteria,35975,-0.756348685994859,0.654168682522979,0
Bacteria,35975,-0.756450011435186,0.654051511885499,0
Bacteria,40193,-0.8716668868156738,0.040590728287838836,24
Bacteria,40193,-0.9982190591176218,0.059654924476777296,24
Bacteria,40193,-0.9985109648443369,0.05455138023580474,24
Bacteria,40193,-0.9987767781088119,0.04944641049237997,24
Bacteria,40193,-0.9990164919649814,0.04434014864637034,24
Bacteria,41119,-0.9646458620891823,-0.0823306332229512,0
Bacteria,41119,-0.9964818471815179,-0.08380887922953068,0
Bacteria,41119,-0.9964100818878343,-0.08465783314188517,0
Bacteria,41119,-0.9963375933269728,-0.0855067256034037,0
Bacteria,46369,-0.5942774566180117,-0.7480977478200195,0
Bacteria,46369,-0.6240721112640576,-0.7813667512394047,0
Bacteria,46369,-0.6226791820985462,-0.7824772432352812,0
Bacteria,46369,-0.6212842768954377,-0.783585252083341,0
Bacteria,46734,-0.49012805943819004,-0.7142476840179008,257
Bacteria,46734,-0.5787931128549115,-0.8154744217397144,257
Bacteria,46734,-0.5748704814953642,-0.8182444191714895,257
Bacteria,46734,-0.5709345936670351,-0.8209955479503268,257
Bacteria,46734,-0.5669855401311915,-0.8237277446354111,257
Bacteria,46734,-0.5630234119527026,-0.8264409462224978,257
Bacteria,53052,0.31699375115369133,-0.8266560035146485,331
Bacteria,53052,0.35362795606090136,-0.9353861601991924,331
Bacteria,53052,0.3564518246847849,-0.9343137035701057,331
Bacteria,53052,0.3592724409006272,-0.9332327218916541,331
Bacteria,58820,0.8506151038089438,-0.26761548757974946,18
Bacteria,58820,0.9505317900411752,-0.31062729455268306,18
Bacteria,58820,0.9524854426691007,-0.3045841123621637,18
Bacteria,58820,0.9544006750730992,-0.2985286442203034,18
Bacteria,32291,-0.2691019536191048,0.9034492760517188,0
Bacteria,32291,-0.28266924819661715,0.9592174394390248,0
Bacteria,32291,-0.28474881851252454,0.9586021647981614,0
Bacteria,32291,-0.2868270496047416,0.9579823816830031,0
Bacteria,35973,-0.7464885273692659,0.6460955423838421,0
Bacteria,35973,-0.7559432027659299,0.6546372080717596,0
Bacteria,35973,-0.7560952929966368,0.6544615404348295,0
Bacteria,35973,-0.756247342405338,0.654285837463156,0
Bacteria,38859,-0.952442303480381,0.2598811842423228,0
Bacteria,38859,-0.9646604871872904,0.26349600463684364,0
Bacteria,38859,-0.9647216867298579,0.2632718502861595,0
Bacteria,38859,-0.9647828341865643,0.2630476817212811,0
Bacteria,38862,-0.837484743319185,0.1949364323444515,873
Bacteria,38862,-0.9647828341865643,0.2630476817212811,873
Bacteria,38862,-0.9660798997677269,0.25824334892650924,873
Bacteria,38862,-0.9673530413532799,0.25343262099532377,873
Bacteria,38862,-0.9686022274151548,0.2486156170605553,873
Bacteria,38862,-0.9698274270185167,0.2437924564104551,873
Bacteria,38862,-0.9710286098225317,0.2389632584857376,873
Bacteria,38862,-0.9722057460811175,0.23412814287662545,873
Bacteria,38862,-0.9733588066436804,0.2292872293198869,873
Bacteria,38862,-0.9744877629558371,0.22444063769586914,873
Bacteria,40119,-0.9090317673511155,0.05717462673359534,14
Bacteria,40119,-0.9974586404807123,0.07124788088335747,14
Bacteria,40119,-0.997855685621967,0.06545250699487508,14
Bacteria,40119,-0.9982190591176218,0.059654924476777296,14
Bacteria,40942,-0.8507276012022382,-0.0687767029491851,35
Bacteria,40942,-0.9984136557799391,-0.056304280051673955,35
Bacteria,40942,-0.9980879776770496,-0.061809293933334154,35
Bacteria,40942,-0.9977319464770736,-0.06731242811747157,35
Bacteria,40942,-0.997345573007363,-0.07281351524692851,35
Bacteria,40942,-0.9969288690180155,-0.07831238802680257,35
Bacteria,40942,-0.9964818471815179,-0.08380887922953068,35
Bacteria,46291,-0.574970605162751,-0.714604764589978,107
Bacteria,46291,-0.6335871637093445,-0.7736713165051088,107
Bacteria,46291,-0.6288414091888302,-0.7775335890425611,107
Bacteria,46291,-0.6240721112640576,-0.7813667512394047,107
Bacteria,46712,-0.5461582198545164,-0.7683408454099907,73
Bacteria,46712,-0.5816948324596547,-0.8134071071054975,73
Bacteria,46712,-0.580244893344659,-0.8144420567157895,73
Bacteria,46712,-0.5787931128549115,-0.8154744217397144,73
Bacteria,51167,0.06789415841234046,-0.9082940466881299,122
Bacteria,51167,0.06908454539785484,-0.9976108086759945,122
Bacteria,51167,0.07263842024344244,-0.9973583407705262,122
Bacteria,51167,0.07619137303388823,-0.9970932126312018,122
Bacteria,52575,0.2599589191519423,-0.8529862040934784,201
Bacteria,52575,0.28346162275055764,-0.9589835808957422,201
Bacteria,52575,0.28813762098354284,-0.9575890096351065,201
Bacteria,52575,0.29280675872072137,-0.9561716383827044,201
Bacteria,32280,-0.26978222098925275,0.9165334085432261,0
Bacteria,32280,-0.280885700855362,0.9597412271310387,0
Bacteria,32280,-0.28177759623261633,0.9594797477077714,0
Bacteria,32280,-0.28266924819661715,0.9592174394390248,0
Bacteria,34298,-0.44166368776624004,0.7965807422379376,1
Bacteria,34298,-0.4730552009811678,0.8810327898691779,1
Bacteria,34298,-0.47836914200499897,0.8781588489432883,1
Bacteria,34298,-0.48366562374836686,0.8752528574098477,1
Bacteria,34298,-0.4889444529028991,0.8723149213302984,1
Bacteria,33711,-0.5475463702828737,0.7751635947216448,0
Bacteria,33711,-0.5745324303336049,0.8184818180600968,0
Bacteria,33711,-0.5760528876923127,0.8174124237992396,0
Bacteria,33711,-0.5775713545609457,0.8163402050558544,0
Bacteria,35959,-0.7171327500478097,0.621615833936522,0
Bacteria,35959,-0.7544200570561372,0.6563919389445719,0
Bacteria,35959,-0.7551821395697825,0.6555150159033777,0
Bacteria,35959,-0.7559432027659299,0.6546372080717596,0
Bacteria,38855,-0.9400259470013433,0.2569920592271117,1
Bacteria,38855,-0.9644561125788466,0.2642430829923447,1
Bacteria,38855,-0.9645583722122952,0.2638695636013507,1
Bacteria,38855,-0.9646604871872904,0.26349600463684364,1
Bacteria,39119,-0.9457327512723346,0.2071461696086477,3
Bacteria,39119,-0.9765983503920851,0.21507129518245371,3
Bacteria,39119,-0.976814407931889,0.21408786153510223,3
Bacteria,39119,-0.9770294751551708,0.2131042108406389,3
Bacteria,40114,-0.9783717833279261,0.0702653502978143,1
Bacteria,40114,-0.9973919894086547,0.07217492267710453,1
Bacteria,40114,-0.9974254226477902,0.07171140952370855,1
Bacteria,40114,-0.9974586404807123,0.07124788088335747,1
Bacteria,40551,-0.8524705622550323,-0.041971738163484054,1250
Bacteria,40551,-0.9999896764899888,0.004543887481819793,1250
Bacteria,40551,-0.9999998666899852,-5.163526041199495e-4,1250
Bacteria,40551,-0.9999844507598277,-0.005576579468265499,1250
Bacteria,40551,-0.9999434290942584,-0.010636663537772779,1250
Bacteria,40551,-0.9998768027436838,-0.015696475243452798,1250
Bacteria,40551,-0.9997845734141472,-0.02075588502309119,1250
Bacteria,40551,-0.9996667434672849,-0.025814763324765372,1250
Bacteria,40551,-0.9995233159202663,-0.030872980610161402,1250
Bacteria,40551,-0.9993542944457166,-0.03593040735789275,1250
Bacteria,40551,-0.9991596833716219,-0.040986914066814144,1250
Bacteria,40551,-0.9989394876812194,-0.046042371259338986,1250
Bacteria,40551,-0.9986937130128696,-0.051096649484756035,1250
Bacteria,40551,-0.9984223656599113,-0.05614961932254153,1250
Bacteria,46103,-0.5549595534897116,-0.6734023038157546,43
Bacteria,46103,-0.6559633316320246,-0.7547927580165397,43
Bacteria,46103,-0.6522725014113367,-0.7579845538680836,43
Bacteria,46103,-0.6485661407203619,-0.7611583022677317,43
Bacteria,46103,-0.644844337806764,-0.7643139276492062,43
Bacteria,46103,-0.6411071812858831,-0.7674513548777342,43
Bacteria,46103,-0.6373547601386252,-0.770570509251837,43
Bacteria,46103,-0.6335871637093445,-0.7736713165051088,43
Bacteria,46673,-0.5270909695355529,-0.7349969160776648,316
Bacteria,46673,-0.586723692416462,-0.8097871996748237,316
Bacteria,46673,-0.5842120661633686,-0.8116010483908506,316
Bacteria,46673,-0.5816948324596547,-0.8134071071054975,316
Bacteria,52566,0.27236972289113753,-0.9224110355640142,0
Bacteria,52566,0.28197576217633985,-0.9594215286020386,0
Bacteria,52566,0.2827187772642458,-0.959202842459409,0
Bacteria,52566,0.28346162275055764,-0.9589835808957422,0
Bacteria,53026,0.30139742893747823,-0.7985156705699348,117
Bacteria,53026,0.3497126627557854,-0.9368570080371168,117
Bacteria,53026,0.35167107837822015,-0.9361236310617843,117
Bacteria,53026,0.35362795606090136,-0.9353861601991924,117
Bacteria,58818,0.9383637059780406,-0.3068519621663898,23
Bacteria,58818,0.9503873335092684,-0.3110689896231102,23
Bacteria,58818,0.950459587433143,-0.310848150479329,23
Bacteria,58818,0.9505317900411752,-0.31062729455268306,23
Bacteria,30444,-0.14471437285647532,0.7764379408383963,0
Bacteria,30444,6.123233995736766e-17,1,0
Bacteria,30444,-0.004744813836727321,0.9999887433074708,0
Bacteria,30444,-0.009489520851633767,0.9999549734833096,0
Bacteria,30444,-0.01423401422530326,0.9998986912877893,0
Bacteria,30444,-0.018978187143129353,0.9998198979880129,0
Bacteria,30444,-0.023721932797720804,0.9997185953578839,0
Bacteria,30444,-0.02846514439130485,0.9995947856780677,0
Bacteria,30444,-0.033207715138132476,0.9994484717359393,0
Bacteria,30444,-0.03794953826688229,0.9992796568255207,0
Bacteria,30444,-0.04269050702306432,0.999088344747407,0
Bacteria,30444,-0.04743051467142318,0.9988745398086808,0
Bacteria,30444,-0.05216945449834195,0.9986382468228149,0
Bacteria,30444,-0.056907219814243314,0.9983794711095644,0
Bacteria,30444,-0.0616437039559924,0.9980982184948463,0
Bacteria,30444,-0.0663788002892979,0.9977944953106093,0
Bacteria,30444,-0.07111240221111279,0.9974683083946903,0
Bacteria,30444,-0.07584440315203426,0.9971196650906609,0
Bacteria,30444,-0.08057469657870285,0.9967485732476621,0
Bacteria,30444,-0.08530317599620162,0.9963550412202274,0
Bacteria,30444,-0.09002973495045248,0.995939077868095,0
Bacteria,30444,-0.09475426703061371,0.9955006925560078,0
Bacteria,30444,-0.09947666587147536,0.9950398951535033,0
Bacteria,30444,-0.10419682515585392,0.9945566960346909,0
Bacteria,30444,-0.1089146386169859,0.9940511060780182,0
Bacteria,30444,-0.11363000004091997,0.9935231366660268,0
Bacteria,30444,-0.11834280326890918,0.9929727996850952,0
Bacteria,30444,-0.12305294219979951,0.9924001075251719,0
Bacteria,30444,-0.12776031079241953,0.991805073079496,0
Bacteria,30444,-0.1324648030679675,0.991187709744307,0
Bacteria,30444,-0.13716631311239735,0.9905480314185434,0
Bacteria,30444,-0.14186473507880284,0.9898860525035299,0
Bacteria,30444,-0.14655996318980152,0.9892017879026523,0
Bacteria,30444,-0.1512518917399148,0.9884952530210234,0
Bacteria,30444,-0.1559404150979485,0.9877664637651349,0
Bacteria,30444,-0.16062542770937097,0.9870154365424999,0
Bacteria,30444,-0.16530682409868924,0.9862421882612835,0
Bacteria,30444,-0.1699844988718236,0.9854467363299221,0
Bacteria,30444,-0.17465834671848113,0.9846290986567312,0
Bacteria,30444,-0.17932826241452535,0.9837892936495025,0
Bacteria,30444,-0.18399414082434598,0.9829273402150898,0
Bacteria,30444,-0.18865587690322574,0.9820432577589823,0
Bacteria,30444,-0.19331336569970528,0.981137066184869,0
Bacteria,30444,-0.19796650235794588,0.9802087858941897,0
Bacteria,30444,-0.20261518212009005,0.979258437785676,0
Bacteria,30444,-0.20725930032862072,0.9782860432548809,0
Bacteria,30444,-0.21189875242871614,0.9772916241936966,0
Bacteria,30444,-0.21653343397060476,0.9762752029898628,0
Bacteria,34281,-0.4510108050366115,0.8422619482548085,0
Bacteria,34281,-0.47059677783241016,0.8823483851029327,0
Bacteria,34281,-0.47182644794182543,0.8816914443401387,0
Bacteria,34281,-0.4730552009811678,0.8810327898691779,0
Bacteria,33060,-0.4179321006777885,0.647543227133831,0
Bacteria,33060,-0.4889444529028991,0.8723149213302984,0
Bacteria,33060,-0.49318761760482893,0.8699229700618745,0
Bacteria,33060,-0.4974190809977302,0.8675103791075779,0
Bacteria,33060,-0.5016387426864206,0.8650772057082461,0
Bacteria,33060,-0.5058465025557236,0.8626235075930532,0
Bacteria,33060,-0.5100422607728436,0.8601493429781404,0
Bacteria,33060,-0.5142259177897351,0.8576547705652342,0
Bacteria,33060,-0.5183973743454638,0.8551398495402545,0
Bacteria,33060,-0.5225565314685624,0.8526046395719092,0
Bacteria,33060,-0.5267032904793776,0.8500492008102803,0
Bacteria,33060,-0.5308375529924139,0.8474735938853943,0
Bacteria,33060,-0.5349592209186644,0.8448778799057859,0
Bacteria,33060,-0.5390681964679409,0.8422621204570472,0
Bacteria,33060,-0.5431643821511924,0.8396263776003666,0
Bacteria,33060,-0.547247680782819,0.8369707138710564,0
Bacteria,33060,-0.5513179954829774,0.834295192277069,0
Bacteria,33060,-0.5553752296798793,0.8315998762975024,0
Bacteria,33060,-0.5594192871120829,0.8288848298810932,0
Bacteria,33060,-0.5634500718307769,0.8261501174447005,0
Bacteria,33625,-0.5268760790069424,0.7585363388268063,3
Bacteria,33625,-0.5634500718307769,0.8261501174447005,3
Bacteria,33625,-0.5690041691516327,0.8223346371691151,3
Bacteria,33625,-0.5745324303336049,0.8184818180600968,3
Bacteria,38804,-0.8901634137402739,0.24613995366207247,25
Bacteria,38804,-0.9622963418489431,0.27200321774593406,25
Bacteria,38804,-0.9633840408080915,0.26812532501849473,25
Bacteria,38804,-0.9644561125788466,0.2642430829923447,25
Bacteria,39939,-0.8701376900376845,0.06565949413259524,12
Bacteria,39939,-0.9950538432490794,0.09933704764707095,12
Bacteria,39939,-0.9955807017553246,0.09390988389075659,12
Bacteria,39939,-0.9960779599684355,0.08847992803523216,12
Bacteria,39939,-0.9965456031040869,0.08304734152224102,12
Bacteria,39939,-0.9969836172584597,0.0776122858717422,12
Bacteria,39939,-0.9973919894086547,0.07217492267710453,12
Bacteria,50407,-0.034301757608079755,-0.8910597586275815,222
Bacteria,50407,-0.04887910943237171,-0.9988047019618491,222
Bacteria,50407,-0.04222508722312674,-0.99910812328246,222
Bacteria,50407,-0.035569191568001146,-0.999367216097866,222
Bacteria,50969,0.051667712153090024,-0.8710804878509972,137
Bacteria,50969,0.03830399216248849,-0.999266132811683,137
Bacteria,50969,0.04343740228413882,-0.9990561506155727,137
Bacteria,50969,0.04856966583246685,-0.9988197973413034,137
Bacteria,50969,0.053700647336283255,-0.9985570792276545,137
Bacteria,50969,0.058830211358242186,-0.9982680032093308,137
Bacteria,50969,0.06395822249841365,-0.9979525769167809,137
Bacteria,50969,0.06908454539785484,-0.9976108086759945,137
Bacteria,52565,0.28003206152830085,-0.9533539534769703,0
Bacteria,52565,0.2816785087525733,-0.9595088419118015,0
Bacteria,52565,0.28182713884579086,-0.959465196768489,0
Bacteria,52565,0.28197576217633985,-0.9594215286020386,0
Bacteria,52796,0.2962934260305267,-0.8747490986800718,437
Bacteria,52796,0.31582519741216997,-0.9488173926944867,437
Bacteria,52796,0.3186163942798259,-0.9478837446101303,437
Bacteria,52796,0.3214048311397522,-0.9469418855030267,437
Bacteria,56501,0.7424493817444564,-0.5911468021896138,5
Bacteria,56501,0.7803668027002165,-0.625322039627136,5
Bacteria,56501,0.7819142603010887,-0.6233859876014228,5
Bacteria,56501,0.7834569146632796,-0.6214461061639172,5
Bacteria,56533,0.6820240218084263,-0.5131383049355547,150
Bacteria,56533,0.7936492458185775,-0.6083756032350435,150
Bacteria,56533,0.7970295600738365,-0.6039402953674367,150
Bacteria,56533,0.8003850879209867,-0.5994862058744257,150
Bacteria,58812,0.9260796816198015,-0.3034305898101421,10
Bacteria,58812,0.9500494701364119,-0.3120993500370081,10
Bacteria,58812,0.9502185414805365,-0.31158421562492833,10
Bacteria,58812,0.9503873335092684,-0.3110689896231102,10
Bacteria,31853,-0.2172268121848079,0.8253969944117202,2
Bacteria,31853,-0.21653343397060476,0.9762752029898628,2
Bacteria,31853,-0.22130299617418273,0.9752050983687122,2
Bacteria,31853,-0.2260672705977157,0.9741116923456463,2
Bacteria,31853,-0.2308261434043573,0.9729950110463419,2
Bacteria,31853,-0.23557950088632595,0.9718550811526118,2
Bacteria,31853,-0.24032722946762303,0.9706919299017668,2
Bacteria,31853,-0.2450692157067457,0.9695055850859656,2
Bacteria,31853,-0.24980534629939813,0.9682960750515505,2
Bacteria,31853,-0.2545355080811977,0.9670634286983696,2
Bacteria,31853,-0.25925958803038024,0.9658076754790871,2
Bacteria,32136,-0.2476461242577071,0.8500097549778092,0
Bacteria,32136,-0.25925958803038024,0.9658076754790871,0
Bacteria,32136,-0.26467880552391354,0.9643366268614059,0
Bacteria,32136,-0.2700896771912161,0.9628351708754436,0
Bacteria,32136,-0.27549203241721143,0.9613033548649635,0
Bacteria,32136,-0.280885700855362,0.9597412271310387,0
Bacteria,34162,-0.42025968611257303,0.7936913487284869,0
Bacteria,34162,-0.4541147151881922,0.8909432223489593,0
Bacteria,34162,-0.4596264528944336,0.8881123373761233,0
Bacteria,34162,-0.4651205440876843,0.885247354962203,0
Bacteria,34162,-0.47059677783241016,0.8823483851029327,0
Bacteria,39891,-0.9126242119571032,0.09147794338305988,1
Bacteria,39891,-0.9942711798497997,0.10688695392837826,1
Bacteria,39891,-0.9946696748936569,0.10311274337804645,1
Bacteria,39891,-0.9950538432490794,0.09933704764707095,1
Bacteria,45759,-0.6400427367293412,-0.665823606603521,49
Bacteria,45759,-0.6954569354299422,-0.7185677775703508,49
Bacteria,45759,-0.6938969569128057,-0.7200743108785008,49
Bacteria,45759,-0.6923337148764444,-0.7215774575507347,49
Bacteria,46663,-0.5686832128831176,-0.7835300733204876,33
Bacteria,46663,-0.5882279665611061,-0.8086951584839532,33
Bacteria,46663,-0.5875387595702555,-0.8091960244604799,33
Bacteria,46663,-0.5868491261008818,-0.8096963030634581,33
Bacteria,50894,0.033079080873044016,-0.9102271509926592,32
Bacteria,50894,0.026537409285597818,-0.9996478209391589,32
Bacteria,50894,0.03242126241981653,-0.9994742926874635,32
Bacteria,50894,0.03830399216248849,-0.999266132811683,32
Bacteria,52550,0.266492768711489,-0.9108607085697663,18
Bacteria,52550,0.2792995104489115,-0.9602040322051342,18
Bacteria,52550,0.2804892249787705,-0.9598571740997766,18
Bacteria,52550,0.2816785087525733,-0.9595088419118015,18
Bacteria,52917,0.2899095753584547,-0.802757824272897,504
Bacteria,52917,0.33355293348779647,-0.9427313724289044,504
Bacteria,52917,0.33676375035127143,-0.9415891760472539,504
Bacteria,52917,0.33997065605486054,-0.9404360440889257,504
Bacteria,56500,0.7753000551858359,-0.6214592026213781,7
Bacteria,56500,0.7801730332455047,-0.6255637762822498,7
Bacteria,56500,0.7802699273344623,-0.6254429154586953,7
Bacteria,56500,0.7803668027002165,-0.625322039627136,7
Bacteria,56702,0.7530746908341167,-0.5775501157621141,23
Bacteria,56702,0.7928003066806649,-0.6094814793962517,23
Bacteria,56702,0.7932249689695747,-0.6089286892594381,23
Bacteria,56702,0.7936492458185775,-0.6083756032350435,23
Bacteria,34067,-0.41159744473131354,0.8125239907142877,0
Bacteria,34067,-0.44081581461323127,0.897597581094598,0
Bacteria,34067,-0.44525975854819466,0.8954014448377908,0
Bacteria,34067,-0.44969276171525246,0.8931833070881414,0
Bacteria,34067,-0.4541147151881922,0.8909432223489593,0
Bacteria,35723,-0.6420186938286243,0.562387484827376,18
Bacteria,35723,-0.7296073792595212,0.6838662677234878,18
Bacteria,35723,-0.7331689306311214,0.6800465566100735,18
Bacteria,35723,-0.7367104849365933,0.6762082973348444,18
Bacteria,35723,-0.7402319455806059,0.6723515945857129,18
Bacteria,35723,-0.7437332165158793,0.6684765535536337,18
Bacteria,35723,-0.747214202245805,0.6645832799297354,18
Bacteria,35723,-0.7506748078270501,0.6606718799024379,18
Bacteria,35723,-0.7541149388721471,0.6567424601545555,18
Bacteria,35958,-0.7494127352423102,0.6524433066179759,0
Bacteria,35958,-0.7541149388721471,0.6567424601545555,0
Bacteria,35958,-0.7542166630323254,0.6566256355065523,0
Bacteria,35958,-0.7543183690944688,0.65650879510229,0
Bacteria,37162,-0.6831112768044855,0.3284281483937069,0
Bacteria,37162,-0.8627366705722264,0.5056534754651151,0
Bacteria,37162,-0.8651777499949797,0.5014653137691825,0
Bacteria,37162,-0.867598498115109,0.4972653678554411,0
Bacteria,37162,-0.8699988580460821,0.49305373642080136,0
Bacteria,37162,-0.8723787733804791,0.4888305184367796,0
Bacteria,37162,-0.8747381881913202,0.48459581314716965,0
Bacteria,37162,-0.8770770470333782,0.4803497200657135,0
Bacteria,37162,-0.8793952949444831,0.4760923389737599,0
Bacteria,37162,-0.8816928774468122,0.47182376991792235,0
Bacteria,37162,-0.8839697405481716,0.46754411320772526,0
Bacteria,37162,-0.8862258307432634,0.4632534694132496,0
Bacteria,37162,-0.8884610950149453,0.4589519393627664,0
Bacteria,37162,-0.8906754808354738,0.4546396241403708,0
Bacteria,37162,-0.8928689361677411,0.45031662508360304,0
Bacteria,37162,-0.895041409466496,0.4459830437810705,0
Bacteria,37162,-0.8971928496795567,0.4416389820700572,0
Bacteria,37162,-0.8993232062490092,0.43728454203413375,0
Bacteria,37162,-0.9014324291123965,0.4329198260007553,0
Bacteria,38662,-0.8452887571959473,0.24102764357344839,28
Bacteria,38662,-0.9560354627539459,0.2932510766507916,28
Bacteria,38662,-0.9576447844146854,0.287952195482776,28
Bacteria,38662,-0.9592247369697857,0.282644483380174,28
Bacteria,38662,-0.9607752719651705,0.2773281031202079,28
Bacteria,38662,-0.9622963418489431,0.27200321774593406,28
Bacteria,39697,-0.8863288088164283,0.09790478375696703,15
Bacteria,39697,-0.9905894041825754,0.13686720688758963,15
Bacteria,39697,-0.9912658972561474,0.13187843241775757,15
Bacteria,39697,-0.9919172661864497,0.12688631542132492,15
Bacteria,39697,-0.9925434944642022,0.12189098242606046,15
Bacteria,39697,-0.9931445662173278,0.11689256004124404,15
Bacteria,39697,-0.993720466211354,0.11189117495445859,15
Bacteria,39697,-0.9942711798497997,0.10688695392837826,15
Bacteria,45614,-0.6122532929972049,-0.6306768691037569,0
Bacteria,45614,-0.7115290013782676,-0.7026567299881539,0
Bacteria,45614,-0.707544785150652,-0.7066685057409292,0
Bacteria,45614,-0.7035379499023557,-0.7106576904862075,0
Bacteria,45614,-0.6995086237251847,-0.71462415669644,0
Bacteria,45614,-0.6954569354299422,-0.7185677775703508,0
Bacteria,46064,-0.5940845551992818,-0.6819889281236744,353
Bacteria,46064,-0.6607438621192131,-0.7506114498672307,353
Bacteria,46064,-0.658415213661667,-0.7526549052645983,353
Bacteria,46064,-0.6560802455284211,-0.7546911364441526,353
Bacteria,46571,-0.5113042899938987,-0.6834000361060205,327
Bacteria,46571,-0.6093177205889818,-0.7929261727148672,327
Bacteria,46571,-0.6055030153486033,-0.7958430111546806,327
Bacteria,46571,-0.6016743472555847,-0.7987414975162904,327
Bacteria,46571,-0.5978318045987144,-0.8016215649608265,327
Bacteria,46495,-0.534348959759846,-0.7297373130196766,580
Bacteria,46495,-0.5978318045987144,-0.8016215649608265,580
Bacteria,46495,-0.5930404321142477,-0.8051726807820458,580
Bacteria,46495,-0.5882279665611061,-0.8086951584839532,580
Bacteria,50253,-0.04676013700231554,-0.8522213186158861,54
Bacteria,50253,-0.07299890751028132,-0.997332020694365,54
Bacteria,50253,-0.06708832246378466,-0.9977470405814267,54
Bacteria,50253,-0.061175382130302935,-0.9981270323066155,54
Bacteria,50253,-0.05526029409695179,-0.9984719825294641,54
Bacteria,50253,-0.049343266026249326,-0.9987818791397163,54
Bacteria,50405,-0.048447381794730446,-0.986071712696111,0
Bacteria,50405,-0.049343266026249326,-0.9987818791397163,0
Bacteria,50405,-0.049111189055080745,-0.9987933175134864,0
Bacteria,50405,-0.04887910943237171,-0.9988047019618491,0
Bacteria,50884,0.024914798818362102,-0.9487174916652336,0
Bacteria,50884,0.024834008015320312,-0.9996915884641098,0
Bacteria,50884,0.025685717972743237,-0.9996700675183912,0
Bacteria,50884,0.026537409285597818,-0.9996478209391589,0
Bacteria,52547,0.2737619598253046,-0.9419145158756973,0
Bacteria,52547,0.27870449222139815,-0.9603769083102803,0
Bacteria,52547,0.27900201472491,-0.9602905163435913,0
Bacteria,52547,0.2792995104489115,-0.9602040322051342,0
Bacteria,56474,0.7347274991399876,-0.5906030459178933,0
Bacteria,56474,0.7775498239791095,-0.6288213349036876,0
Bacteria,56474,0.7788631316874917,-0.627193927025727,0
Bacteria,56474,0.7801730332455047,-0.6255637762822498,0
Bacteria,58752,0.9074846688086792,-0.298810159825532,75
Bacteria,58752,0.9491267826509583,-0.3148941892995815,75
Bacteria,58752,0.9495891546187197,-0.3134971091262328,75
Bacteria,58752,0.9500494701364119,-0.3120993500370081,75
Bacteria,33739,-0.3711079145297868,0.7686004177003987,4
Bacteria,33739,-0.3943757536713249,0.9189492722213639,4
Bacteria,33739,-0.3990539452547794,0.9169274501161995,4
Bacteria,33739,-0.40372177211389515,0.914881812433287,4
Bacteria,33739,-0.4083791130100798,0.9128124123044671,4
Bacteria,33739,-0.41302584697709555,0.9107193034787683,4
Bacteria,33739,-0.41766185332420047,0.9086025403210108,4
Bacteria,33739,-0.4222870116392836,0.9064621778103946,4
Bacteria,33739,-0.42690120179199315,0.9042982715390713,4
Bacteria,33739,-0.4315043039368556,0.9021108777107001,4
Bacteria,33739,-0.4360961985163896,0.8999000531389881,4
Bacteria,33739,-0.4406767662642091,0.8976658552462156,4
Bacteria,37059,-0.7740444274338611,0.45543318409671163,0
Bacteria,37059,-0.854478889012994,0.5194861193825294,0
Bacteria,37059,-0.8572562304982964,0.514890041923372,0
Bacteria,37059,-0.8600088508109861,0.5102791162949617,0
Bacteria,37059,-0.8627366705722264,0.5056534754651151,0
Bacteria,38590,-0.8522045995457672,0.2625098560692259,2
Bacteria,38590,-0.9526582891062615,0.30404306306365664,2
Bacteria,38590,-0.9543621306088337,0.29865184355661945,2
Bacteria,38590,-0.9560354627539459,0.2932510766507916,2
Bacteria,39696,-0.9842588392415158,0.13614791026271061,2
Bacteria,39696,-0.990546953598176,0.13717409637891875,2
Bacteria,39696,-0.9905681907751154,0.13702065327721474,2
Bacteria,39696,-0.9905894041825754,0.13686720688758963,2
Bacteria,45599,-0.6848453243115252,-0.6752882838067856,0
Bacteria,45599,-0.7132683436740883,-0.7008910542391182,0
Bacteria,45599,-0.7123992195530351,-0.7017744309820831,0
Bacteria,45599,-0.7115290013782676,-0.7026567299881539,0
Bacteria,46052,-0.6358419000576646,-0.7216179478152764,1
Bacteria,46052,-0.6622540841005676,-0.7492793391600481,1
Bacteria,46052,-0.6614993084313645,-0.7499457746696266,1
Bacteria,46052,-0.6607438621192131,-0.7506114498672307,1
Bacteria,50771,0.017216671445200324,-0.8660709295421068,234
Bacteria,50771,0.007177239894854824,-0.9999742432820415,234
Bacteria,50771,0.01306334989035149,-0.9999146708042853,234
Bacteria,50771,0.01894900724286863,-0.9998204514434128,234
Bacteria,50771,0.024834008015320312,-0.9996915884641098,234
Bacteria,52895,0.28849477615279007,-0.8167900788489859,180
Bacteria,52895,0.33004580733989614,-0.9439649172810164,180
Bacteria,52895,0.33165380934308564,-0.9434011610911979,180
Bacteria,52895,0.333260848392265,-0.9428346657441419,180
Bacteria,56466,0.7524657564926903,-0.6091922994576977,10
Bacteria,56466,0.776672396036729,-0.6299047461597399,10
Bacteria,56466,0.7771112988129361,-0.62936319344022,10
Bacteria,56466,0.7775498239791095,-0.6288213349036876,10
Bacteria,56694,0.7573157878927929,-0.5824849638798211,17
Bacteria,56694,0.7919498266087108,-0.6105861709328445,17
Bacteria,56694,0.7923752591581982,-0.6100339733768754,17
Bacteria,56694,0.7928003066806649,-0.6094814793962517,17
Bacteria,35719,-0.7153150408807563,0.671172822866438,0
Bacteria,35719,-0.7289714551567641,0.6845440946839216,0
Bacteria,35719,-0.7291834998538398,0.6843182180396086,0
Bacteria,35719,-0.7293954745615411,0.6840922757122349,0
Bacteria,37041,-0.8160367340588855,0.4968903142588572,0
Bacteria,37041,-0.8529462335397704,0.5219987765218608,0
Bacteria,37041,-0.8537134856862433,0.5207430118181563,0
Bacteria,37041,-0.854478889012994,0.5194861193825294,0
Bacteria,38585,-0.9343274980610529,0.29863136511711924,0
Bacteria,38585,-0.9523752894887249,0.3049283653110474,0
Bacteria,38585,-0.9525168921513267,0.30448574706606174,0
Bacteria,38585,-0.9526582891062615,0.30404306306365664,0
Bacteria,39136,-0.9130127803094344,0.20754779611978355,823
Bacteria,39136,-0.9744877629558371,0.22444063769586914,823
Bacteria,39136,-0.9749894280613752,0.2222512433453463,823
Bacteria,39136,-0.9754861742326374,0.22006072771163115,823
Bacteria,39463,-0.8451140374181351,0.11937315474885439,60
Bacteria,39463,-0.9848982787456826,0.1731339958638734,60
Bacteria,39463,-0.9857816061239484,0.16803161913071205,60
Bacteria,39463,-0.9866385002459741,0.1629247367110804,60
Bacteria,39463,-0.9874689381345589,0.1578134855435576,60
Bacteria,39463,-0.9882728975219132,0.15269800268386682,60
Bacteria,39463,-0.9890503568502551,0.14757842530120382,60
Bacteria,39463,-0.9898012952723898,0.14245489067455525,60
Bacteria,39463,-0.9905256926522669,0.13732753618902105,60
Bacteria,45790,-0.5902977328433593,-0.6598437489415876,2
Bacteria,45790,-0.6766374937683701,-0.7363163056912829,2
Bacteria,45790,-0.6730652154444497,-0.7395831364753501,2
Bacteria,45790,-0.6694771649438624,-0.7428326363446401,2
Bacteria,45790,-0.6658734263466721,-0.7460647291524664,2
Bacteria,45790,-0.6622540841005676,-0.7492793391600481,2
Bacteria,48889,-0.26270963243731366,-0.9053287275153954,24
Bacteria,48889,-0.28068746890401886,-0.9597992210875436,24
Bacteria,48889,-0.2794234590901159,-0.9601679699459436,24
Bacteria,48889,-0.27815896484073055,-0.9605350541644658,24
Bacteria,50239,-0.07035418571995053,-0.9528201426761721,7
Bacteria,50239,-0.07531609590274002,-0.997159709223136,7
Bacteria,50239,-0.07423479116204648,-0.9972407912741673,7
Bacteria,50239,-0.073153399136512115,-0.9973207007752192,7
Bacteria,50763,0.006465953036659383,-0.9681312740863202,3
Bacteria,50763,0.005783117187121976,-0.9999832776379813,3
Bacteria,50763,0.006480180115396744,-0.9999790034124076,3
Bacteria,50763,0.007177239894854824,-0.9999742432820415,3
Bacteria,52216,0.22492443186445404,-0.9547552386948152,0
Bacteria,52216,0.22881601837005824,-0.9734696860905702,0
Bacteria,52216,0.22926838191277035,-0.9733632462010778,0
Bacteria,52216,0.22972069594217176,-0.9732565961018935,0
Bacteria,52480,0.2521841502445502,-0.8752204558630087,23
Bacteria,52480,0.2685729973422199,-0.9632593342909354,23
Bacteria,52480,0.2736425400785626,-0.9618314614626371,23
Bacteria,52480,0.27870449222139815,-0.9603769083102803,23
Bacteria,56435,0.7261748867224702,-0.5910486093174997,0
Bacteria,56435,0.773540438245355,-0.6337469450807507,0
Bacteria,56435,0.7751087978576686,-0.6318277862547989,0
Bacteria,56435,0.776672396036729,-0.6299047461597399,0
Bacteria,58341,0.8728508495211758,-0.356044730799594,58
Bacteria,58341,0.9245351892070597,-0.38109668578704053,58
Bacteria,58341,0.9254768938854052,-0.3788040639753254,58
Bacteria,58341,0.9264129134309409,-0.3765091151996138,58
Bacteria,58645,0.876303436959805,-0.3112455928873745,42
Bacteria,58645,0.9415022002438054,-0.3370068351474097,42
Bacteria,58645,0.942023113524177,-0.33554798998983065,42
Bacteria,58645,0.9425417663448774,-0.3340883396580588,42
Bacteria,58736,0.8805868819181419,-0.2989118199621159,38
Bacteria,58736,0.946209225979859,-0.3235554058744747,38
Bacteria,58736,0.9466094641568897,-0.32238257144052634,38
Bacteria,58736,0.9470082485962245,-0.321209241913603,38
Bacteria,58772,0.8095105688950001,-0.27048165402327795,58
Bacteria,58772,0.9470082485962245,-0.321209241913603,58
Bacteria,58772,0.9480234939591893,-0.3182003376827419,58
Bacteria,58772,0.9490291792372647,-0.31518822464718405,58
Bacteria,35710,-0.7008464928840754,0.6586665149301001,14
Bacteria,35710,-0.7279101825433494,0.685672491900986,14
Bacteria,35710,-0.7284410373441429,0.6851084987890523,14
Bacteria,35710,-0.7289714551567641,0.6845440946839216,14
Bacteria,36923,-0.7114210116142178,0.43599885415018813,0
Bacteria,36923,-0.843179449884163,0.5376322305191907,0
Bacteria,36923,-0.8464670445719273,0.532441116419146,0
Bacteria,36923,-0.8497226800969945,0.5272298995018974,0
Bacteria,36923,-0.8529462335397704,0.5219987765218608,0
Bacteria,38583,-0.9401848107611966,0.30122598326860717,0
Bacteria,38583,-0.9522334811490367,0.30537091770302405,0
Bacteria,38583,-0.9523044110266036,0.3051496497446355,0
Bacteria,38583,-0.9523752894887249,0.3049283653110474,0
Bacteria,43586,-0.6328263614878108,-0.6191736288177957,8
Bacteria,43586,-0.7263859797597721,-0.6872869912987121,8
Bacteria,43586,-0.7220420297810456,-0.6918491939936533,8
Bacteria,43586,-0.7176694265789463,-0.6963839416254847,8
Bacteria,43586,-0.7132683436740883,-0.7008910542391182,8
Bacteria,45915,-0.5794379800137168,-0.6266732111982276,140
Bacteria,45915,-0.6923337148764444,-0.7215774575507347,140
Bacteria,45915,-0.6885237282532002,-0.7252138137351724,140
Bacteria,45915,-0.6846946426121681,-0.7288300531524448,140
Bacteria,45915,-0.6808465641686773,-0.7324260754913817,140
Bacteria,45915,-0.6769795996649,-0.7360017810016166,140
Bacteria,46050,-0.6681586536719285,-0.72680711671359,0
Bacteria,46050,-0.6769795996649,-0.7360017810016166,0
Bacteria,46050,-0.6768085649872707,-0.7361590632192687,0
Bacteria,46050,-0.6766374937683701,-0.7363163056912829,0
Bacteria,48013,-0.34587350951649604,-0.8011381180599312,174
Bacteria,48013,-0.40823299452191714,-0.9128777695746941,174
Bacteria,48013,-0.4017887505858213,-0.9157323844348221,174
Bacteria,48013,-0.3953245469474093,-0.9185415083603057,174
Bacteria,48628,-0.2921502913115844,-0.8761415337929492,38
Bacteria,48628,-0.3193993930740603,-0.9476201916928121,38
Bacteria,48628,-0.31763734003144184,-0.9482122759265196,38
Bacteria,48628,-0.3158741894264542,-0.9488010837125875,38
Bacteria,48856,-0.2658694650481313,-0.9044058178688448,163
Bacteria,48856,-0.2857386199893043,-0.9583075920844037,163
Bacteria,48856,-0.28321402646058635,-0.9590567320111894,163
Bacteria,48856,-0.28068746890401886,-0.9597992210875436,163
Bacteria,50216,-0.0712497748422093,-0.9335908602099088,0
Bacteria,50216,-0.0790227463249939,-0.9968728131327765,0
Bacteria,50216,-0.0771695544395003,-0.9970179837232671,0
Bacteria,50216,-0.07531609590274002,-0.997159709223136,0
Bacteria,52204,0.22081253869494227,-0.9426355579797362,0
Bacteria,52204,0.22685520658129268,-0.9739284959620799,0
Bacteria,52204,0.22783572796818,-0.973699584605647,0
Bacteria,52204,0.22881601837005824,-0.9734696860905702,0
Bacteria,52442,0.24021907344028265,-0.8653663718757364,1
Bacteria,52442,0.26274876821139426,-0.9648642831006831,1
Bacteria,52442,0.26566209478004704,-0.9640662069573216,1
Bacteria,52442,0.2685729973422199,-0.9632593342909354,1
Bacteria,56322,0.684182640076645,-0.561906844089882,273
Bacteria,56322,0.7622289069851388,-0.6473075724539615,273
Bacteria,56322,0.7660260036331853,-0.6428095843698748,273
Bacteria,56322,0.769796557602954,-0.6382893230366947,273
Bacteria,56322,0.773540438245355,-0.6337469450807507,273
Bacteria,58606,0.8630910184857543,-0.31036278801612355,336
Bacteria,58606,0.939395967606362,-0.34283409405265797,336
Bacteria,58606,0.9404535973093604,-0.3399220959394716,336
Bacteria,58606,0.9415022002438054,-0.3370068351474097,336
Bacteria,58729,0.9159811168997727,-0.313526021082332,10
Bacteria,58729,0.9458075346797903,-0.32472774341429045,10
Bacteria,58729,0.9460085619317011,-0.3241416368686916,10
Bacteria,58729,0.946209225979859,-0.3235554058744747,10
Bacteria,35692,-0.7038697366454736,0.6647460915622638,0
Bacteria,35692,-0.7258889545864715,0.6878119115058705,0
Bacteria,35692,-0.7269003556601925,0.6867429453158478,0
Bacteria,35692,-0.7279101825433494,0.685672491900986,0
Bacteria,36918,-0.8215500351125189,0.5241652786556761,0
Bacteria,36918,-0.842679391699984,0.5384156784531308,0
Bacteria,36918,-0.8429295118125398,0.5380240125825921,0
Bacteria,36918,-0.843179449884163,0.5376322305191907,0
Bacteria,45595,-0.8005182300683049,-0.5668501823172057,2
Bacteria,45595,-0.8163700270162021,-0.5775292018500583,2
Bacteria,45595,-0.8161463092643116,-0.5778453096411206,2
Bacteria,45595,-0.8159224691118836,-0.5781613307705448,2
Bacteria,43584,-0.7172640273501555,-0.678392870283615,0
Bacteria,43584,-0.7267052955114641,-0.6869493529188273,0
Bacteria,43584,-0.7265456572489203,-0.6871181906577167,0
Bacteria,43584,-0.7263859797597721,-0.6872869912987121,0
Bacteria,48105,-0.3114566196565049,-0.7946461227414491,701
Bacteria,48105,-0.3953245469474093,-0.9185415083603057,701
Bacteria,48105,-0.3905922293294225,-0.9205638002808234,701
Bacteria,48105,-0.3858495670736288,-0.922561711534298,701
Bacteria,48105,-0.38109668578703965,-0.9245351892070601,701
Bacteria,48105,-0.3763337113473149,-0.9264841810325505,701
Bacteria,48105,-0.3715607698994265,-0.9284086353927055,701
Bacteria,48105,-0.3667779878523149,-0.9303085013193242,701
Bacteria,48105,-0.36198549187554663,-0.9321837284954176,701
Bacteria,48105,-0.35718340889595646,-0.9340342672565413,701
Bacteria,48105,-0.3523718660942837,-0.9358600685921118,701
Bacteria,48403,-0.2812569424351924,-0.8193105645026115,592
Bacteria,48403,-0.3523718660942837,-0.9358600685921118,592
Bacteria,48403,-0.3476870142064421,-0.9376106548841099,592
Bacteria,48403,-0.3429934658355504,-0.9393377892931366,592
Bacteria,48403,-0.3382913383784689,-0.9410414286194334,592
Bacteria,48403,-0.3335807494466423,-0.9427215302509094,592
Bacteria,48403,-0.3288618168631544,-0.9443780521642088,592
Bacteria,48403,-0.32413465865978625,-0.9460109529257597,592
Bacteria,48403,-0.3193993930740603,-0.9476201916928121,592
Bacteria,48850,-0.278829338016177,-0.9337815053871136,4
Bacteria,48850,-0.28677758355044825,-0.9579971907959677,4
Bacteria,48850,-0.2862581438424644,-0.9581525322639747,4
Bacteria,48850,-0.2857386199893043,-0.9583075920844037,4
Bacteria,52108,0.1985551134292114,-0.8627983851099931,3
Bacteria,52108,0.21219603380127686,-0.9772271195781498,3
Bacteria,52108,0.2170879115052216,-0.9761520571500636,3
Bacteria,52108,0.22197434329260482,-0.9750525067501836,3
Bacteria,52108,0.22685520658129268,-0.9739284959620799,3
Bacteria,52224,0.2103649517818009,-0.8271724568538991,0
Bacteria,52224,0.22972069594217176,-0.9732565961018935,0
Bacteria,52224,0.23574677070413724,-0.9718145193927548,0
Bacteria,52224,0.24176379440207915,-0.9703351316510751,0
Bacteria,52224,0.247771536023432,-0.9688184896752277,0
Bacteria,55923,0.6451056400977951,-0.5685240725436329,392
Bacteria,55923,0.7206831357584267,-0.6932646088135476,392
Bacteria,55923,0.723979266301056,-0.6898217320193563,392
Bacteria,55923,0.7272589495716376,-0.6863631839397843,392
Bacteria,55923,0.7305221110627285,-0.6828890431457036,392
Bacteria,55923,0.7337686766422273,-0.6793993885622172,392
Bacteria,55923,0.7369985725550566,-0.6758942994668685,392
Bacteria,55923,0.7402117254248365,-0.6723738554878427,392
Bacteria,55923,0.7434080622555556,-0.6688381366021529,392
Bacteria,55923,0.746587510433226,-0.6652872231338263,392
Bacteria,55923,0.7497499977275354,-0.6617211957520786,392
Bacteria,55923,0.7528954522934846,-0.6581401354694829,392
Bacteria,55923,0.7560238026730237,-0.6545441236401263,392
Bacteria,55923,0.7591349777966736,-0.6509332419577633,392
Bacteria,55923,0.7622289069851388,-0.6473075724539615,392
Bacteria,58601,0.92130238902837025,-0.33667562108854654,14
Bacteria,58601,0.9390769199909732,-0.3437070530848434,14
Bacteria,58601,0.9392365452184744,-0.3432706106354935,14
Bacteria,58601,0.939395967606362,-0.34283409405265797,14
Bacteria,58667,0.8551806133263684,-0.2944681228933673,71
Bacteria,58667,0.9444411065845866,-0.3286806903261608,71
Bacteria,58667,0.9451263872613959,-0.3267049312487064,71
Bacteria,58667,0.9458075346797903,-0.32472774341429045,71
Bacteria,35606,-0.6580457881427916,0.6297487059956144,211
Bacteria,35606,-0.7165538106413203,0.6975318175218984,211
Bacteria,35606,-0.7212377568338613,0.6926875905610408,211
Bacteria,35606,-0.7258889545864715,0.6878119115058705,211
Bacteria,36871,-0.7722548959770911,0.49484698848768427,0
Bacteria,36871,-0.8386527565298585,0.5446664612080222,0
Bacteria,36871,-0.8406718838161868,0.5415448123294541,0
Bacteria,36871,-0.842679391699984,0.5384156784531308,0
Bacteria,38053,-0.8093344355023117,0.30879287602491046,5
Bacteria,38053,-0.9238647118488293,0.3827192106498961,5
Bacteria,38053,-0.9259358641452733,0.37768078517386355,5
Bacteria,38053,-0.9279795389216924,0.37263115186828266,5
Bacteria,38053,-0.9299956755312139,0.36757046058305776,5
Bacteria,38053,-0.9319842141441708,0.36249886149624316,5
Bacteria,38053,-0.9339450957498783,0.35741650510958584,5
Bacteria,38053,-0.9358782621583847,0.3523235422440599,5
Bacteria,38264,-0.802409956956137,0.27161344748760846,0
Bacteria,38264,-0.9358782621583847,0.3523235422440599,0
Bacteria,38264,-0.9376850097734276,0.3474864349096335,0
Bacteria,38264,-0.9394667568829604,0.34264006291123134,0
Bacteria,38264,-0.9412234559821409,0.3377845554625537,0
Bacteria,38264,-0.9429550602339553,0.33292004202086983,0
Bacteria,38264,-0.9446615234704678,0.3280466522835658,0
Bacteria,38264,-0.9463428001940505,0.3231645161846881,0
Bacteria,38264,-0.9479988455785968,0.3182737638914772,0
Bacteria,38264,-0.9496296154707171,0.3133745258008983,0
Bacteria,38264,-0.9512350663909154,0.30846693253616464,0
Bacteria,38563,-0.8672223587816138,0.27844761163434745,1
Bacteria,38563,-0.9512350663909154,0.30846693253616464,1
Bacteria,38563,-0.9517355326956253,0.3069193311027744,1
Bacteria,38563,-0.9522334811490367,0.30537091770302405,1
Bacteria,45135,-0.7755469111659237,-0.47763446334682924,104
Bacteria,45135,-0.8555767492471967,-0.5176759856779136,104
Bacteria,45135,-0.8527979546538443,-0.5222409870339741,104
Bacteria,45135,-0.8499948033520294,-0.5267910726982235,104
Bacteria,45313,-0.775112748622141,-0.5021712923634074,54
Bacteria,45313,-0.840895514554252,-0.5411974996270212,54
Bacteria,45313,-0.8399300826068096,-0.5426946253024052,54
Bacteria,45313,-0.8389619851881743,-0.5441900287667145,54
Bacteria,45569,-0.7651458898748267,-0.5396482112359888,47
Bacteria,45569,-0.8187783702648278,-0.5741097285244978,47
Bacteria,45569,-0.8175759863658767,-0.5758207242865298,47
Bacteria,45569,-0.8163700270162021,-0.5775292018500583,47
Bacteria,43369,-0.6004404120653499,-0.5608832121132159,0
Bacteria,43369,-0.749279339160048,-0.6622540841005677,0
Bacteria,43369,-0.7461052500611856,-0.6658280227139256,0
Bacteria,43369,-0.7429141140399831,-0.6693867485693058,0
Bacteria,43369,-0.7397060040071297,-0.6729301803573713,0
Bacteria,43369,-0.7364809932611349,-0.6764582371182216,0
Bacteria,43369,-0.7332391554866529,-0.6799708382432441,0
Bacteria,43369,-0.7299805647528006,-0.6834679034769535,0
Bacteria,43369,-0.7267052955114641,-0.6869493529188273,0
Bacteria,47722,-0.4308067700107304,-0.8599028499725965,0
Bacteria,47722,-0.44923150424013286,-0.8934153880464268,0
Bacteria,47722,-0.4484009390368049,-0.8938325334596585,0
Bacteria,47722,-0.4475699864828394,-0.894248906736682,0
Bacteria,47734,-0.3648665276689245,-0.7715828557599611,124
Bacteria,47734,-0.4475699864828394,-0.894248906736682,124
Bacteria,47734,-0.44229833816416475,-0.896867983628147,124
Bacteria,47734,-0.4370113642789469,-0.8994559841876941,124
Bacteria,47734,-0.43170924801998467,-0.9020128187415184,124
Bacteria,47734,-0.4263921731047552,-0.904538398695713,124
Bacteria,47885,-0.3719045383737906,-0.8174663143854068,240
Bacteria,47885,-0.4263921731047552,-0.904538398695713,240
Bacteria,47885,-0.4218680581168934,-0.9066572348692098,240
Bacteria,47885,-0.4173334145328253,-0.9087534435227044,240
Bacteria,47885,-0.41278835552402804,-0.9108269723409429,240
Bacteria,47885,-0.40823299452191714,-0.9128777695746941,240
Bacteria,48849,-0.28509842540994385,-0.9518511458850748,0
Bacteria,48849,-0.28707436840249545,-0.9579082978063758,0
Bacteria,48849,-0.28692597941898107,-0.9579527557945947,0
Bacteria,48849,-0.28677758355044825,-0.9579971907959677,0
Bacteria,49768,-0.12790356127513536,-0.8953692175983853,0
Bacteria,49768,-0.1482641852337482,-0.9889477900157181,0
Bacteria,49768,-0.14435659840203854,-0.9895257310943423,0
Bacteria,49768,-0.14044675913812837,-0.9900882323548728,0
Bacteria,50152,-0.07331347269684367,-0.9142627090158753,30
Bacteria,50152,-0.08905595997510504,-0.9960266241385882,30
Bacteria,50152,-0.08404041817383036,-0.9964623465606554,30
Bacteria,50152,-0.0790227463249939,-0.9968728131327765,30
Bacteria,50760,0.005097726213260147,-0.987247985345962,0
Bacteria,50760,0.004853695636690381,-0.9999882207499579,0
Bacteria,50760,0.0051635033256893104,-0.9999866690278454,0
Bacteria,50760,0.005473310519077717,-0.9999850213238005,0
Bacteria,52082,0.19771232084426632,-0.9151930194603305,34
Bacteria,52082,0.20810698005137931,-0.9781060703491696,34
Bacteria,52082,0.21015196644814155,-0.9776687327505055,34
Bacteria,52082,0.21219603380127686,-0.9772271195781498,34
Bacteria,52418,0.24500253645796524,-0.9036825669513086,0
Bacteria,52418,0.2590102307274392,-0.9658745779750696,0
Bacteria,52418,0.2608799885337058,-0.9653712402918648,0
Bacteria,52418,0.26274876821139426,-0.9648642831006831,0
Bacteria,55888,0.6736456647353751,-0.6502845093232481,47
Bacteria,55888,0.7168058844996757,-0.6972727758536379,47
Bacteria,55888,0.7187473041280956,-0.6952713950743227,47
Bacteria,55888,0.7206831357584267,-0.6932646088135476,47
Bacteria,57821,0.8405533359884905,-0.4267394347826475,39
Bacteria,57821,0.8906616713443725,-0.4546666770262024,39
Bacteria,57821,0.8912244312911857,-0.45356257900063,39
Bacteria,57821,0.8917858225568265,-0.45245778442485035,39
Bacteria,58598,0.9210609449673445,-0.33733559183786604,4
Bacteria,58598,0.9388637708856055,-0.3442888608689822,4
Bacteria,58598,0.9389703905009862,-0.3439979734859284,4
Bacteria,58598,0.9390769199909732,-0.3437070530848434,4
Bacteria,58725,0.9203075650196281,-0.32051159933644635,9
Bacteria,58725,0.9441862506203943,-0.3294120886358027,9
Bacteria,58725,0.9443137494136361,-0.32904641415514707,9
Bacteria,58725,0.9444411065845866,-0.3286806903261608,9
Bacteria,35601,-0.6935799608478826,0.6754752477499997,17
Bacteria,35601,-0.7159051909419766,0.6981975061415875,17
Bacteria,35601,-0.7162295781309151,0.6978647371879534,17
Bacteria,35601,-0.7165538106413203,0.6975318175218984,17
Bacteria,36867,-0.8224826847753979,0.5344818042827972,0
Bacteria,36867,-0.8382306450830401,0.5453158586027647,0
Bacteria,36867,-0.8384417636785845,0.5449912007725857,0
Bacteria,36867,-0.8386527565298585,0.5446664612080222,0
Bacteria,38042,-0.8824718127266639,0.3661412780344139,10
Bacteria,38042,-0.9231516910484896,0.3844358923335775,10
Bacteria,38042,-0.9235086003345818,0.38357771716832245,10
Bacteria,38042,-0.9238647118488293,0.3827192106498961,10
Bacteria,39168,-0.8332587660212329,0.18479046286171563,271
Bacteria,39168,-0.9754861742326374,0.22006072771163115,271
Bacteria,39168,-0.9759104537559531,0.2181714606676357,271
Bacteria,39168,-0.9763310742561647,0.21628137562398494,271
Bacteria,45085,-0.791319417718889,-0.4762240639568138,116
Bacteria,45085,-0.8596397485863153,-0.5109006778723791,116
Bacteria,45085,-0.8576149397072264,-0.514292344091345,116
Bacteria,45085,-0.8555767492471967,-0.5176759856779136,116
Bacteria,45305,-0.7981663474397508,-0.5134355928511569,17
Bacteria,45305,-0.8416492087293257,-0.5400246378132204,17
Bacteria,45305,-0.8412725660352661,-0.5406112000656653,17
Bacteria,45305,-0.840895514554252,-0.5411974996270212,17
Bacteria,45338,-0.7033057153007853,-0.48355843198224296,422
Bacteria,45338,-0.8389619851881743,-0.5441900287667145,422
Bacteria,45338,-0.835956729321751,-0.5487953595846822,422
Bacteria,45338,-0.8329261935931968,-0.5533840944826193,422
Bacteria,45338,-0.8298704696478352,-0.5579560946942703,422
Bacteria,45338,-0.8267896498926981,-0.5625112219594465,422
Bacteria,45338,-0.8236838274937309,-0.5670493385282075,422
Bacteria,45338,-0.8205530963729739,-0.5715703071650284,422
Bacteria,45550,-0.7407340341150959,-0.5189975409509981,41
Bacteria,45550,-0.8205530963729739,-0.5715703071650284,41
Bacteria,45550,-0.8196667167467652,-0.5728407051332668,41
Bacteria,45550,-0.8187783702648278,-0.5741097285244978,41
Bacteria,43365,-0.7351756915365749,-0.6493575813359385,0
Bacteria,43365,-0.7497920493184455,-0.6616735469843462,0
Bacteria,43365,-0.7495357504445973,-0.6619638651810644,0
Bacteria,43365,-0.749279339160048,-0.6622540841005677,0
Bacteria,47693,-0.41831254780953997,-0.8305396709757285,155
Bacteria,47693,-0.4533784948970685,-0.8913180915727386,155
Bacteria,47693,-0.45130621788176073,-0.8923691487838767,155
Bacteria,47693,-0.44923150424013286,-0.8934153880464268,155
Bacteria,48656,-0.2592880596865022,-0.8265258440469905,10
Bacteria,48656,-0.3158741894264542,-0.9488010837125875,10
Bacteria,48656,-0.30998917215519306,-0.9507400870619362,10
Bacteria,48656,-0.30409225341934204,-0.9526425884928443,10
Bacteria,48656,-0.2981836596202608,-0.954508514962265,10
Bacteria,50148,-0.08761909913804176,-0.9769705519261974,0
Bacteria,50148,-0.08982738463186167,-0.9959573489714304,0
Bacteria,50148,-0.08944167901043616,-0.9959920612413505,0
Bacteria,50148,-0.08905595997510504,-0.9960266241385882,0
Bacteria,50698,0.0031662684363980387,-0.8726057205508423,0
Bacteria,50698,-0.004905330284679133,-0.9999879687950242,0
Bacteria,50698,-2.581763135099067e-5,-0.9999999996667249,0
Bacteria,50698,0.004853695636690381,-0.9999882207499579,0
Bacteria,52066,0.1969292748792115,-0.9283881122070015,0
Bacteria,52066,0.20553051848126766,-0.9786507068269155,0
Bacteria,52066,0.2068189285469529,-0.9783792366943865,0
Bacteria,52066,0.20810698005137931,-0.9781060703491696,0
Bacteria,52417,0.2572118143758354,-0.9597623657132269,0
Bacteria,52417,0.25871097917645697,-0.9659547759877576,0
Bacteria,52417,0.25886060805773176,-0.965914688570363,0
Bacteria,52417,0.2590102307274392,-0.9658745779750696,0
Bacteria,55860,0.6792396095720717,-0.662811571247901,59
Bacteria,55860,0.7136663262297066,-0.7004858134222234,59
Bacteria,55860,0.7152379095936229,-0.6988810576057592,59
Bacteria,55860,0.7168058844996757,-0.6972727758536379,59
Bacteria,56661,0.7783699496053806,-0.6073094704790329,7
Bacteria,56661,0.7882466470015572,-0.6153594262630601,7
Bacteria,56661,0.788389609826686,-0.6151762537007793,7
Bacteria,56661,0.7885325300862208,-0.6149930479247901,7
Bacteria,56669,0.7864354197617063,-0.607306386133217,1
Bacteria,56669,0.7913819846358024,-0.6113219727720397,1
Bacteria,56669,0.7914766724524875,-0.6111993757879156,1
Bacteria,56669,0.7915713412770542,-0.6110767641375716,1
Bacteria,35600,-0.7112378107823132,0.6938605714461239,1
Bacteria,35600,-0.7156888469180931,0.6984192683460633,1
Bacteria,35600,-0.7157970275180973,0.6983083956220606,1
Bacteria,35600,-0.7159051909419766,0.6981975061415875,1
Bacteria,36709,-0.7088012483092248,0.4639357652452958,0
Bacteria,36709,-0.8245466239553138,0.5657940128031529,0
Bacteria,36709,-0.8273237122845865,0.5617254445827168,0
Bacteria,36709,-0.8300807252176596,0.557643245832068,0
Bacteria,36709,-0.8328175958543265,0.5535475156076665,0
Bacteria,36709,-0.8355342577831435,0.5494383532943177,0
Bacteria,36709,-0.8382306450830401,0.5453158586027647,0
Bacteria,38041,-0.917212560929694,0.38212934219548156,0
Bacteria,38041,-0.923032544057096,0.3847218769598176,0
Bacteria,38041,-0.9230921286279613,0.3845788892608372,0
Bacteria,38041,-0.9231516910484896,0.3844358923335775,0
Bacteria,45084,-0.8542429633127903,-0.5075142123374892,0
Bacteria,45084,-0.8597979902726045,-0.5106343270121881,0
Bacteria,45084,-0.8597188797442823,-0.5107675085704222,0
Bacteria,45084,-0.8596397485863153,-0.5109006778723791,0
Bacteria,45285,-0.79374815996982,-0.5085275945162845,41
Bacteria,45285,-0.8434014641908155,-0.5372838823199413,41
Bacteria,45285,-0.8425264509274019,-0.5386549725823352,41
Bacteria,45285,-0.8416492087293257,-0.5400246378132204,41
Bacteria,43345,-0.7169253915953848,-0.6315329909225347,1
Bacteria,43345,-0.7519405166277809,-0.6592309606302984,1
Bacteria,43345,-0.7508672761965881,-0.6604531274338223,1
Bacteria,43345,-0.7497920493184455,-0.6616735469843462,1
Bacteria,49423,-0.17269420329856702,-0.8943066611306726,0
Bacteria,49423,-0.2011826780911111,-0.9795537402491444,0
Bacteria,49423,-0.19442558650387662,-0.9809172703712702,0
Bacteria,49423,-0.18765925629862007,-0.9822341897559099,0
Bacteria,49512,-0.1305041429822568,-0.8434668665575084,308
Bacteria,49512,-0.18765925629862007,-0.9822341897559099,308
Bacteria,49512,-0.1827690132953707,-0.9831558817293606,308
Bacteria,49512,-0.17787424420160491,-0.9840532268377091,308
Bacteria,49512,-0.17297507023135064,-0.9849262028591073,308
Bacteria,49512,-0.16807161270771476,-0.9857747881751835,308
Bacteria,49512,-0.1631639930598854,-0.986598961771577,308
Bacteria,49512,-0.15825233282011897,-0.9873987032384589,308
Bacteria,49512,-0.15333675362073304,-0.9881739927710376,308
Bacteria,49512,-0.14841737719109685,-0.9889248111700483,308
Bacteria,50125,-0.08667677160073922,-0.951474157821762,5
Bacteria,50125,-0.09352946471854262,-0.995616512131786,5
Bacteria,50125,-0.09167858306804555,-0.9957886509730042,5
Bacteria,50125,-0.08982738463186167,-0.9959573489714304,5
Bacteria,50502,-0.006630059730445191,-0.8534774329903783,7
Bacteria,50502,-0.035569191568001146,-0.999367216097866,7
Bacteria,50502,-0.030511704058354207,-0.9995344095705037,7
Bacteria,50502,-0.02545343526193778,-0.9996760088315445,7
Bacteria,50502,-0.020394514701458283,-0.999792010255179,7
Bacteria,50502,-0.015335071916311295,-0.9998824108710591,7
Bacteria,50502,-0.010275236459264548,-0.9999472083643747,7
Bacteria,50502,-0.00521513789314059,-0.9999864010759124,7
Bacteria,50697,-0.005028003358861012,-0.99361785172982,0
Bacteria,50697,-0.00521513789314059,-0.9999864010759124,0
Bacteria,50697,-0.005060234149622053,-0.9999871969332162,0
Bacteria,50697,-0.004905330284679133,-0.9999879687950242,0
Bacteria,51948,0.1766799644825327,-0.8480326992068361,37
Bacteria,51948,0.1874563806156563,-0.9822729281449623,37
Bacteria,51948,0.1934884744014738,-0.9811025482964512,37
Bacteria,51948,0.19951326284720292,-0.9798951259946459,37
Bacteria,51948,0.20553051848126766,-0.9786507068269155,37
Bacteria,52346,0.23904419863139348,-0.9184462408287198,7
Bacteria,52346,0.247771536023432,-0.9688184896752277,7
Bacteria,52346,0.2506218949909236,-0.968085050887141,7
Bacteria,52346,0.25347008295158824,-0.9673432260829219,7
Bacteria,55855,0.695292054920926,-0.6828342829013488,3
Bacteria,55855,0.7130149622315554,-0.7011488170381048,3
Bacteria,55855,0.7133407212579559,-0.7008173909052052,3
Bacteria,55855,0.7136663262297066,-0.7004858134222234,3
Bacteria,56613,0.7427236148530574,-0.5805153639479328,37
Bacteria,56613,0.7867190637035978,-0.6173111976996161,37
Bacteria,56613,0.7874834600340401,-0.616335785244388,37
Bacteria,56613,0.7882466470015572,-0.6153594262630601,37
Bacteria,56671,0.6752449324330587,-0.5220267881434333,25
Bacteria,56671,0.7890086234340996,-0.6143821222550564,25
Bacteria,56671,0.7901493157705507,-0.6129143976015986,25
Bacteria,56671,0.7912872778292711,-0.611444555087002,25
Bacteria,35597,-0.7063581356752532,0.6897410786284855,2
Bacteria,35597,-0.715255952808755,0.6988625916241619,2
Bacteria,35597,-0.7154724342000952,0.6986409635140144,2
Bacteria,35597,-0.7156888469180931,0.6984192683460633,2
Bacteria,36708,-0.8192076382807484,0.5623171360330732,0
Bacteria,36708,-0.8243712948518679,0.5660494397349534,0
Bacteria,36708,-0.8244589692953683,0.5659217330589266,0
Bacteria,36708,-0.8245466239553138,0.5657940128031529,0
Bacteria,37702,-0.7852272272085117,0.3344934797067161,101
Bacteria,37702,-0.9014324291123965,0.4329198260007553,101
Bacteria,37702,-0.9034949074468109,0.4285988243307237,101
Bacteria,37702,-0.9055366732758374,0.42426799708737073,101
Bacteria,37702,-0.9075576797922548,0.41992744355435874,101
Bacteria,37702,-0.9095578806647467,0.4155772632383228,101
Bacteria,37702,-0.911537230038964,0.4112175558665908,101
Bacteria,37702,-0.9134956825385745,0.40684842138489835,101
Bacteria,37702,-0.9154331932663051,0.4024699599550948,101
Bacteria,37702,-0.9173497178049694,0.3980822719528501,101
Bacteria,37702,-0.9192452122184873,0.3936854579653511,101
Bacteria,37702,-0.9211196330528915,0.3892796187889966,101
Bacteria,37702,-0.9229729373373233,0.384864855427088,101
Bacteria,45263,-0.7685735241150232,-0.48877646222484183,119
Bacteria,45263,-0.8453103599847559,-0.5342755799233597,119
Bacteria,45263,-0.8443572518480694,-0.5357805812565214,119
Bacteria,45263,-0.8434014641908155,-0.5372838823199413,119
Bacteria,42680,-0.5783152329618217,-0.49975362949805496,0
Bacteria,42680,-0.8159224691118836,-0.5781613307705448,0
Bacteria,42680,-0.81314528278490406,-0.5820607778270741,0
Bacteria,42680,-0.810349460427409,-0.5859468849520468,0
Bacteria,42680,-0.8075350661153162,-0.5898195630819071,0
Bacteria,42680,-0.8047021643501854,-0.5936787234608693,0
Bacteria,42680,-0.8018508200577367,-0.597524277642955,0
Bacteria,42680,-0.7989810985863656,-0.6013561374940181,0
Bacteria,42680,-0.796093065705644,-0.6051742151937649,0
Bacteria,42680,-0.793186787604812,-0.6089784232377686,0
Bacteria,42680,-0.7902623308912631,-0.6127686744394722,0
Bacteria,42680,-0.7873197625890158,-0.616544881932188,0
Bacteria,42680,-0.784359150137178,-0.6203069591710895,0
Bacteria,42680,-0.7813805613884024,-0.6240548199351922,0
Bacteria,42680,-0.7783840646073292,-0.6277883783293324,0
Bacteria,42680,-0.7753697284690243,-0.6315075487861341,0
Bacteria,42680,-0.7723376220574036,-0.63521224606797,0
Bacteria,42680,-0.7692878148636496,-0.6389023852689166,0
Bacteria,42680,-0.76622037678462,-0.6425778818166985,0
Bacteria,42680,-0.7631353781212451,-0.6462386514746269,0
Bacteria,42680,-0.760032889576916,-0.6498846103435314,0
Bacteria,42680,-0.7569129822558653,-0.6535156748636808,0
Bacteria,42680,-0.7537757276615366,-0.6571317618167007,0
Bacteria,43328,-0.7190125337602465,-0.629155713661911,2
Bacteria,43328,-0.7537757276615366,-0.6571317618167007,2
Bacteria,43328,-0.752858853795382,-0.6581820008644292,2
Bacteria,43328,-0.7519405166277809,-0.6592309606302984,2
Bacteria,47687,-0.43929472156275257,-0.8627514821892673,0
Bacteria,47687,-0.45448270913212085,-0.8907555596794937,0
Bacteria,47687,-0.45399970118652794,-0.8910018357571119,0
Bacteria,47687,-0.4535165597883667,-0.8912478499260039,0
Bacteria,48845,-0.28198910826044893,-0.9394842780415316,0
Bacteria,48845,-0.2879645575187902,-0.9576410672130803,0
Bacteria,48845,-0.2875936755738636,-0.9577525138416058,0
Bacteria,48845,-0.2872227504974307,-0.9578638168323776,0
Bacteria,50076,-0.08215120691216392,-0.8687358332639104,74
Bacteria,50076,-0.10123792026344705,-0.9948622434793332,74
Bacteria,50076,-0.09738442274553288,-0.9952468408422703,74
Bacteria,50076,-0.09352946471854262,-0.995616512131786,74
Bacteria,52416,0.2569144565452477,-0.959842006849054,0
Bacteria,52416,0.25841170279356485,-0.9660348812850033,0
Bacteria,52416,0.25856134408720444,-0.9659948402262915,0
Bacteria,52416,0.25871097917645697,-0.9659547759877576,0
Bacteria,56629,0.7816130888741115,-0.6135003629947006,1
Bacteria,56629,0.7865277757955561,-0.6175549027431451,1
Bacteria,56629,0.7866234291874077,-0.6174330576292812,1
Bacteria,56629,0.7867190637035978,-0.6173111976996161,1
Bacteria,58579,0.8667336827820842,-0.3189804117520552,83
Bacteria,58579,0.9376850097734278,-0.34748643490963277,83
Bacteria,58579,0.9382221611337374,-0.3460334902253529,83
Bacteria,58579,0.9387570611550643,-0.34457971520608527,83
Bacteria,35592,-0.6968020506045651,0.6812933302292314,2
Bacteria,35592,-0.7146060968024999,0.6995270733950876,2
Bacteria,35592,-0.7149311020046829,0.6991949080094688,2
Bacteria,35592,-0.715255952808755,0.6988625916241619,2
Bacteria,45208,-0.722871079407561,-0.45378969674511405,68
Bacteria,45208,-0.8499948033520294,-0.5267910726982235,68
Bacteria,45208,-0.8483996696941282,-0.5293562132089262,68
Bacteria,45208,-0.8467967949006339,-0.531916523663266,68
Bacteria,45246,-0.7862608811955124,-0.49656355023404247,50
Bacteria,45246,-0.8467967949006339,-0.531916523663266,50
Bacteria,45246,-0.8460543996636336,-0.5330965698724842,50
Bacteria,45246,-0.8453103599847559,-0.5342755799233597,50
Bacteria,47686,-0.4517250137059424,-0.8850119931878467,0
Bacteria,47686,-0.45475865370033963,-0.8906147129284664,0
Bacteria,47686,-0.4546206868707241,-0.890685146990333,0
Bacteria,47686,-0.45448270913212085,-0.8907555596794937,0
Bacteria,48778,-0.24828310260057568,-0.8165924242110669,37
Bacteria,48778,-0.2981836596202608,-0.954508514962265,37
Bacteria,48778,-0.29426289758886254,-0.955724514231275,37
Bacteria,48778,-0.29033717692480543,-0.9569244085586563,37
Bacteria,48830,-0.2739857014089173,-0.9086349440865652,0
Bacteria,48830,-0.29033717692480543,-0.9569244085586563,0
Bacteria,48830,-0.2891510892509736,-0.9572834729509204,0
Bacteria,48830,-0.2879645575187902,-0.9576410672130803,0
Bacteria,49399,-0.18491857155970792,-0.898363116043972,0
Bacteria,49399,-0.205126237866469,-0.9787355243061063,0
Bacteria,49399,-0.20323070703449322,-0.9791308797695332,0
Bacteria,49399,-0.20133441422087286,-0.9795225641353741,0
Bacteria,49945,-0.10634652094682917,-0.8468518783107117,354
Bacteria,49945,-0.14044675913812837,-0.9900882323548728,354
Bacteria,49945,-0.1353837230155763,-0.9907932415708344,354
Bacteria,49945,-0.13031714913048986,-0.9914723599992598,354
Bacteria,49945,-0.12524716987940165,-0.9921255698938518,354
Bacteria,49945,-0.12017391774782861,-0.9927528541853395,354
Bacteria,49823,-0.09083903485057754,-0.8678704042316926,116
Bacteria,49823,-0.12017391774782861,-0.9927528541853395,116
Bacteria,49823,-0.11544374001689972,-0.9933140202830676,116
Bacteria,49823,-0.11071094292652983,-0.9938526485935019,116
Bacteria,49823,-0.10597563386146443,-0.9943687268954413,116
Bacteria,49823,-0.10123792026344705,-0.9948622434793332,116
Bacteria,51226,0.10322675689108597,-0.8472378196100688,4
Bacteria,51226,0.07619137303388823,-0.9970932126312018,4
Bacteria,51226,0.08109439419872042,-0.9967064257992634,4
Bacteria,51226,0.08599545375336311,-0.9962955294157217,4
Bacteria,51226,0.09089443314500381,-0.99586053341984,4
Bacteria,51226,0.09579121387115108,-0.9954014483338325,4
Bacteria,51226,0.10068567748249396,-0.9949182852626095,4
Bacteria,51226,0.10557770558577424,-0.9944110558935091,4
Bacteria,51226,0.11046717984664318,-0.9938797724960144,4
Bacteria,51226,0.11535398199253018,-0.9933244479214568,4
Bacteria,51226,0.12023799381550099,-0.9927450956027049,4
Bacteria,51226,0.1251190971751145,-0.9921417295538396,4
Bacteria,51226,0.1299971740012865,-0.9915143643698155,4
Bacteria,51226,0.13487210629713883,-0.9908630152261074,4
Bacteria,51606,0.13269013472414914,-0.9718754519029833,0
Bacteria,51606,0.13487210629713883,-0.9908630152261074,0
Bacteria,51606,0.13517908065208292,-0.9908211827338259,0
Bacteria,51606,0.1354860420321055,-0.9907792551393446,0
Bacteria,51610,0.15252059737484563,-0.8397649395469515,20
Bacteria,51610,0.1354860420321055,-0.9907792551393446,20
Bacteria,51610,0.14059501561431487,-0.9900671904393209,20
Bacteria,51610,0.14570024815335553,-0.9893287813907218,20
Bacteria,51610,0.15080160380589605,-0.9885640476416131,20
Bacteria,51610,0.15589894683176359,-0.9877730095405254,20
Bacteria,51610,0.1609921415975559,-0.9869556881359125,20
Bacteria,51610,0.16608105258024947,-0.9861121051755913,20
Bacteria,51610,0.1711655443708091,-0.985242283106163,20
Bacteria,51610,0.17624548167778564,-0.9843462450724162,20
Bacteria,51610,0.1813207293309195,-0.983424014916711,20
Bacteria,51610,0.1863911522847364,-0.9824756171783441,20
Bacteria,51942,0.18226335838652033,-0.9573263642725142,0
Bacteria,51942,0.1863911522847364,-0.9824756171783441,0
Bacteria,51942,0.186923793923188,-0.9823744170454367,0
Bacteria,51942,0.1874563806156563,-0.9822729281449623,0
Bacteria,52414,0.25493515656589283,-0.9537780859974346,3
Bacteria,52414,0.25796274172223166,-0.9661548653726012,3
Bacteria,52414,0.2581872292277348,-0.966094899408803,3
Bacteria,52414,0.25841170279356485,-0.9660348812850033,3
Bacteria,55843,0.6809074267544123,-0.6702096775848905,25
Bacteria,55843,0.7116015613136717,-0.7025832462676183,25
Bacteria,55843,0.7123086228499029,-0.7018663874368645,25
Bacteria,55843,0.7130149622315554,-0.7011488170381048,25
Bacteria,58264,0.7888163148599396,-0.3259394234005139,68
Bacteria,58264,0.9225152168030246,-0.3859607166109894,68
Bacteria,58264,0.9234095388764735,-0.3838161324279356,68
Bacteria,58264,0.9242988754126141,-0.38166947600112955,68
Bacteria,35585,-0.6916348085527604,0.6774667991945144,4
Bacteria,35585,-0.7137386619620197,0.700412108990604,4
Bacteria,35585,-0.7141725164794006,0.6999697255635278,4
Bacteria,35585,-0.7146060968024999,0.6995270733950876,4
Bacteria,36561,-0.800912099528886,0.5772559053058166,0
Bacteria,36561,-0.8110879147347633,0.5849242639617658,0
Bacteria,36561,-0.8112238050691452,0.5847357848542687,0
Bacteria,36561,-0.8113596516051019,0.584547274176561,0
Bacteria,36564,-0.696881439859332,0.4816553359592705,0
Bacteria,36564,-0.8113596516051019,0.584547274176561,0
Bacteria,36564,-0.8144046036474805,0.5802974595479377,0
Bacteria,36564,-0.8174272958479094,0.5760317838477096,0
Bacteria,36564,-0.8204276455881786,0.5717503636681293,0
Bacteria,36564,-0.8234055708607564,0.5674533160317877,0
Bacteria,36698,-0.7926518112027431,0.5447297409496594,1
Bacteria,36698,-0.8234055708607564,0.5674533160317877,1
Bacteria,36698,-0.8238887318756061,0.5667515835782072,1
Bacteria,36698,-0.8243712948518679,0.5660494397349534,1
Bacteria,45071,-0.8218200304592622,-0.4872656085480438,0
Bacteria,45071,-0.8609821713503555,-0.5086351350593341,0
Bacteria,45071,-0.8604301316042663,-0.5095684337039187,0
Bacteria,45071,-0.8598770801693831,-0.5105011332008738,0
Bacteria,47666,-0.4294743875673382,-0.8391592258109621,0
Bacteria,47666,-0.4576534312851113,-0.8891306635320615,0
Bacteria,47666,-0.4562066459484417,-0.889873865327257,0
Bacteria,47666,-0.45475865370033963,-0.8906147129284664,0
Bacteria,49327,-0.18933962464502774,-0.8844183757413043,0
Bacteria,49327,-0.2161805482478494,-0.9763534045412343,0
Bacteria,49327,-0.2106567602289031,-0.9775600899023356,0
Bacteria,49327,-0.205126237866469,-0.9787355243061063,0
Bacteria,55837,0.6932594292211643,-0.6848978488340498,2
Bacteria,55837,0.7108393036340787,-0.7033544514745166,2
Bacteria,55837,0.7112205370050093,-0.7029689521894308,2
Bacteria,55837,0.7116015613136717,-0.7025832462676183,2
Bacteria,35583,-0.7045125418099669,0.6916260910453463,1
Bacteria,35583,-0.7134130912341857,0.7007437200972145,1
Bacteria,35583,-0.7135758958612826,0.7005779334562059,1
Bacteria,35583,-0.7137386619620197,0.700412108990604,1
Bacteria,36095,-0.6744944440974583,0.5229961101170214,19
Bacteria,36095,-0.7665899663469103,0.6421369195866585,19
Bacteria,36095,-0.7699242553607297,0.6381352842518785,19
Bacteria,36095,-0.7732376558917378,0.6341163359440052,19
Bacteria,36095,-0.7765300780454936,0.6300801836993921,19
Bacteria,36095,-0.7798014324967123,0.6260269370211441,19
Bacteria,36095,-0.783051630491688,0.6219567058761477,19
Bacteria,36095,-0.7862805838507004,0.6178696006920891,19
Bacteria,36095,-0.7894882049704097,0.6137657323544549,19
Bacteria,36095,-0.7926744068262305,0.6096452122035271,19
Bacteria,36363,-0.7243182059489527,0.5309682639751397,23
Bacteria,36363,-0.7926744068262305,0.6096452122035271,23
Bacteria,36363,-0.7957961108067154,0.6055646538767813,23
Bacteria,36363,-0.798896808959426,0.6014681110702764,23
Bacteria,36363,-0.8019764194383584,0.597355691916324,23
Bacteria,36363,-0.8050348609541397,0.5932275049663064,23
Bacteria,36363,-0.8080720527761716,0.5890836591878136,23
Bacteria,36363,-0.8110879147347633,0.5849242639617658,23
Bacteria,45060,-0.8227643435569503,-0.48566940474880516,0
Bacteria,45060,-0.8619261696067897,-0.5070338037517496,0
Bacteria,45060,-0.8614545425618318,-0.5078346887517482,0
Bacteria,45060,-0.8609821713503555,-0.5086351350593341,0
Bacteria,47659,-0.44345763846407793,-0.8606191348677631,0
Bacteria,47659,-0.45875493147616336,-0.8885628356207008,0
Bacteria,47659,-0.45820426934047065,-0.8888469202051417,0
Bacteria,47659,-0.4576534312851113,-0.8891306635320615,0
Bacteria,49310,-0.2059678071518862,-0.9264247884252533,0
Bacteria,49310,-0.21890207464287273,-0.9757468327988803,0
Bacteria,49310,-0.21754152285871137,-0.976051067225641,0
Bacteria,49310,-0.2161805482478494,-0.9763534045412343,0
Bacteria,52877,0.2908464356809441,-0.8362138107380129,61
Bacteria,52877,0.3259483980291835,-0.9453875617027172,61
Bacteria,52877,0.3273392816372894,-0.944906870912252,61
Bacteria,52877,0.3287294563526229,-0.9444241338117684,61
Bacteria,55086,0.44600749040622906,-0.7351586403281415,345
Bacteria,55086,0.4845240751602743,-0.8747779264419518,345
Bacteria,55086,0.48873424172933144,-0.8724327142887613,345
Bacteria,55086,0.4929330571902204,-0.8700672394298632,345
Bacteria,55086,0.49712042402325707,-0.8676815568046478,345
Bacteria,55086,0.5012962449746601,-0.8652757218218396,345
Bacteria,55086,0.5054604230588048,-0.8628497903582142,345
Bacteria,55086,0.509612861560479,-0.8604038187572972,345
Bacteria,55086,0.513753464037128,-0.857937863828058,345
Bacteria,55086,0.5178821343210968,-0.8554519828435875,345
Bacteria,55086,0.5219987765218598,-0.852946233539771,345
Bacteria,54189,0.6012184180032825,-0.692667005298757,67
Bacteria,54189,0.6517048070349036,-0.758472705169803,67
Bacteria,54189,0.6546372080717597,-0.7559432027659297,67
Bacteria,54189,0.6575597912798812,-0.7534023632110263,67
Bacteria,55833,0.6970693358097652,-0.6901035479828183,4
Bacteria,55833,0.7102943220958909,-0.7039048060628218,4
Bacteria,55833,0.71056686614818,-0.7036296815316665,4
Bacteria,55833,0.7108393036340787,-0.7033544514745166,4
Bacteria,35568,-0.689940438264345,0.6791922879864563,9
Bacteria,35568,-0.7116741136599866,0.7025097550541719,9
Bacteria,35568,-0.7125441495852297,0.7016272763311456,9
Bacteria,35568,-0.7134130912341857,0.7007437200972145,9
Bacteria,43717,-0.7915395383082185,-0.31926923686864556,738
Bacteria,43717,-0.9482122759265197,-0.31763734003144156,738
Bacteria,43717,-0.9466378571289762,-0.32229918934161156,738
Bacteria,43717,-0.9450405186825402,-0.32695323526191833,738
Bacteria,43717,-0.9434202992613846,-0.33159936511030835,738
Bacteria,43717,-0.9417772380936684,-0.3362374663963876,738
Bacteria,43717,-0.9401113749605863,-0.34086742682414817,738
Bacteria,43717,-0.9384227501954062,-0.34548913429468403,738
Bacteria,43717,-0.9367114046824919,-0.35010247690890844,738
Bacteria,43717,-0.9349773798563142,-0.35470734297025985,738
Bacteria,43717,-0.9332207177004462,-0.3593036209874094,738
Bacteria,43717,-0.9314414607465489,-0.3638911996769573,738
Bacteria,43717,-0.929639652073339,-0.3684699679661304,738
Bacteria,43717,-0.9278153353055484,-0.37303981499546784,738
Bacteria,43717,-0.9259685546128655,-0.3776006301215089,738
Bacteria,43717,-0.9240993547088684,-0.3821523029194683,738
Bacteria,43717,-0.9222077808499395,-0.386694723185913,738
Bacteria,43717,-0.9202938788341725,-0.39122778094142746,738
Bacteria,43717,-0.918357695000261,-0.39575136643327913,738
Bacteria,44585,-0.8911554487005791,-0.4394811512968772,0
Bacteria,44585,-0.8969364874399965,-0.4421594028162252,0
Bacteria,44585,-0.8968679836281471,-0.4422983381641645,0
Bacteria,44585,-0.89679945829523,-0.44243726289880025,0
Bacteria,44758,-0.7679408309822514,-0.41438828277854944,651
Bacteria,44758,-0.8847665505685767,-0.466034495498973,651
Bacteria,44758,-0.8824212726810688,-0.4704600913147923,651
Bacteria,44758,-0.8800538581734743,-0.4748738850621104,651
Bacteria,44758,-0.8776643664352902,-0.47927576601549615,651
Bacteria,44855,-0.7464471388747053,-0.4138651412980337,328
Bacteria,44855,-0.8776643664352902,-0.47927576601549615,328
Bacteria,44855,-0.8760632861471405,-0.48219614127974253,328
Bacteria,44855,-0.8744524885214164,-0.48511116800038945,328
Bacteria,45058,-0.8510431298609783,-0.5004099944032255,0
Bacteria,45058,-0.8621617039394827,-0.5066331969582806,0
Bacteria,45058,-0.862043960044253,-0.5068335140371267,0
Bacteria,45058,-0.8619261696067897,-0.5070338037517496,0
Bacteria,47610,-0.41546283689709046,-0.8033903086091023,33
Bacteria,47610,-0.46562327881139653,-0.8849830293451533,33
Bacteria,47610,-0.46219257097756455,-0.8867795821584691,33
Bacteria,47610,-0.45875493147616336,-0.8885628356207008,33
Bacteria,49157,-0.19531310101649083,-0.8504725517999908,0
Bacteria,49157,-0.2421145031680233,-0.9702476835095775,0
Bacteria,49157,-0.23748261801544346,-0.9713917881784522,0
Bacteria,49157,-0.23284532696634003,-0.9725137807300924,0
Bacteria,49157,-0.22820273558092619,-0.9736136356242048,0
Bacteria,49157,-0.2235549495400657,-0.9746913278244239,0
Bacteria,49157,-0.21890207464287273,-0.9757468327988803,0
Bacteria,52875,0.3216154575417024,-0.9334067006682819,50
Bacteria,52875,0.32550902483275396,-0.9455389334937138,50
Bacteria,52875,0.32572872022410626,-0.9454632731212598,50
Bacteria,52875,0.3259483980291835,-0.9453875617027172,50
Bacteria,55084,0.4781845575497169,-0.8637268667253484,4
Bacteria,55084,0.48411749836308315,-0.8750029987255302,4
Bacteria,55084,0.4843207998360532,-0.87489048620165355,4
Bacteria,55084,0.4845240751602743,-0.8747779264419518,4
Bacteria,54128,0.5884420073783803,-0.6868634222042321,442
Bacteria,54128,0.6443903703156604,-0.7646967050043083,442
Bacteria,54128,0.6480550607250375,-0.7615934862304614,442
Bacteria,54128,0.6517048070349036,-0.758472705169803,442
Bacteria,55824,0.6873369072534031,-0.6818269196357686,0
Bacteria,55824,0.7092030810405595,-0.7050042481025044,0
Bacteria,55824,0.7097489144556555,-0.7044547383821184,0
Bacteria,55824,0.7102943220958909,-0.7039048060628218,0
Bacteria,35567,-0.7070330193500062,0.6981447025099975,1
Bacteria,35567,-0.7114564338545482,0.7027302062149947,1
Bacteria,35567,-0.7115652822945575,0.7026199890645488,1
Bacteria,35567,-0.7116741136599866,0.7025097550541719,1
Bacteria,44257,-0.7776966599839232,-0.3516469697946009,178
Bacteria,44257,-0.918357695000261,-0.39575136643327913,178
Bacteria,44257,-0.9164001880390397,-0.40026328255538596,178
Bacteria,44257,-0.9144205140715155,-0.4047655166206545,178
Bacteria,44257,-0.912418720984459,-0.40925795972355145,178
Bacteria,44257,-0.9103948571996843,-0.41374050319538025,178
Bacteria,45056,-0.8512755871697218,-0.5000144458623685,0
Bacteria,45056,-0.8623970520778154,-0.50623248075118,0
Bacteria,45056,-0.8622794012861217,-0.506432852526026,0
Bacteria,45056,-0.8621617039394827,-0.5066331969582806,0
Bacteria,47602,-0.45118433939908087,-0.8565936401197997,0
Bacteria,47602,-0.4668566268478013,-0.88433301983375745,0
Bacteria,47602,-0.4662400661061186,-0.8846582395238074,0
Bacteria,47602,-0.46562327881139653,-0.8849830293451533,0
Bacteria,49083,-0.22370727317640504,-0.8894977359745753,0
Bacteria,49083,-0.253370183556949,-0.9673693969132567,0
Bacteria,49083,-0.24774652334224315,-0.968824886226521,0
Bacteria,49083,-0.2421145031680233,-0.9702476835095775,0
Bacteria,54125,0.6319173995621711,-0.7502192786081443,0
Bacteria,54125,0.6439164228616231,-0.7650958373753523,0
Bacteria,54125,0.6441534275025996,-0.7648963078984322,0
Bacteria,54125,0.6443903703156604,-0.7646967050043083,0
Bacteria,58702,0.8054513514004843,-0.2823398782372204,35
Bacteria,58702,0.9425417663448774,-0.3340883396580588,35
Bacteria,58702,0.9431611641710087,-0.3323357013617219,35
Bacteria,58702,0.9437773030030852,-0.33058191471437565,35
Bacteria,35563,-0.6976347861957356,0.6895319216355188,3
Bacteria,35563,-0.7109119356272249,0.7032810389757088,3
Bacteria,35563,-0.7111842380703766,0.7030056753115568,3
Bacteria,35563,-0.7114564338545482,0.7027302062149947,3
Bacteria,44572,-0.8572736485463908,-0.4217793584870144,0
Bacteria,44572,-0.8979614609730714,-0.44007410126830593,0
Bacteria,44572,-0.8974837429792113,-0.44104753835388877,0
Bacteria,44572,-0.8970049697291346,-0.4420204568583159,0
Bacteria,44590,-0.7957674521561356,-0.4023906883979542,360
Bacteria,44590,-0.89679945829523,-0.44243726289880025,360
Bacteria,44590,-0.8936588166861453,-0.4487470549865686,360
Bacteria,44590,-0.8904737806933788,-0.45503455461936104,360
Bacteria,44903,-0.7368139339096739,-0.4307817464940057,2
Bacteria,44903,-0.8743021535018319,-0.48538206021860664,2
Bacteria,44903,-0.8714298601451933,-0.4905201309297395,2
Bacteria,44903,-0.8685273718835396,-0.4956412051969366,2
Bacteria,44903,-0.8655947892876235,-0.5007451055757957,2
Bacteria,44903,-0.862632213970962,-0.5058316552169866,2
Bacteria,45054,-0.8515078606350956,-0.4996187893372793,0
Bacteria,45054,-0.862632213970962,-0.5058316552169866,0
Bacteria,45054,-0.8625146563082119,-0.5060320816445605,0
Bacteria,45054,-0.8623970520778154,-0.50623248075118,0
Bacteria,47601,-0.4640191279598654,-0.8786284567331776,0
Bacteria,47601,-0.46713058104501465,-0.8841883398080677,0
Bacteria,47601,-0.46699360954935093,-0.8842606904301855,0
Bacteria,47601,-0.4668566268478013,-0.88433301983375745,0
Bacteria,48919,-0.2196230346554972,-0.8247626379538451,7
Bacteria,48919,-0.27815896484073055,-0.9605350541644658,7
Bacteria,48919,-0.27246280462867145,-0.9621663162332583,7
Bacteria,48919,-0.26675707899488044,-0.9637637992818153,7
Bacteria,48919,-0.2610419882517343,-0.9653274472268886,7
Bacteria,48919,-0.25531773304039307,-0.9668572051730879,7
Bacteria,49071,-0.24271427434749093,-0.92407019038909,0
Bacteria,49071,-0.25531773304039307,-0.9668572051730879,0
Bacteria,49071,-0.25434408722856283,-0.9671137912840811,0
Bacteria,49071,-0.253370183556949,-0.9673693969132567,0
Bacteria,52390,0.21934161419924575,-0.8248375249686111,118
Bacteria,52390,0.25347008295158824,-0.9673432260829219,118
Bacteria,52390,0.2553426949181929,-0.9668506131517499,118
Bacteria,52390,0.2572143495174328,-0.9663543751659243,118
Bacteria,55083,0.4807645649413537,-0.8695787193754858,0
Bacteria,55083,0.48371081701479923,-0.8752278820415146,0
Bacteria,55083,0.48384638907559396,-0.8751529419355847,0
Bacteria,55083,0.48398194952610674,-0.8750779808296567,0
Bacteria,54082,0.5934969753475495,-0.7076278119207974,0
Bacteria,54082,0.6386867244034959,-0.769466872627232,0
Bacteria,54082,0.641305297678797,-0.7672858106136915,0
Bacteria,54082,0.6439164228616231,-0.7650958373753523,0
Bacteria,55816,0.6861178929933885,-0.6830535918410698,0
Bacteria,55816,0.7081101381958121,-0.7061019984282072,0
Bacteria,55816,0.7086021729048005,-0.7056082202997603,0
Bacteria,55816,0.7090938632933671,-0.7051140993056995,0
Bacteria,35548,-0.6787198237652294,0.6724249672386161,11
Bacteria,35548,-0.709166677015577,0.7050408670500485,11
Bacteria,35548,-0.7100398515365803,0.7041614937142693,11
Bacteria,35548,-0.7109119356272249,0.7032810389757088,11
Bacteria,44526,-0.8360813639198107,-0.40712342799864676,6
Bacteria,44526,-0.9011416249706701,-0.4335248225248703,6
Bacteria,44526,-0.8995575032904167,-0.43680235607642026,6
Bacteria,44526,-0.8979614609730714,-0.44007410126830593,6
Bacteria,44741,-0.8344276749896204,-0.4385965242126411,56
Bacteria,44741,-0.8861343538280877,-0.46342842701508663,56
Bacteria,44741,-0.8854874031540346,-0.4646633823054321,56
Bacteria,44741,-0.8848387313937625,-0.46589743444826687,56
Bacteria,47571,-0.4349573989261424,-0.821945006578168,16
Bacteria,47571,-0.47137112136931913,-0.8819349556169268,16
Bacteria,47571,-0.4692522038240512,-0.8830641931401539,16
Bacteria,47571,-0.46713058104501465,-0.8841883398080677,16
Bacteria,52979,0.2960521106589338,-0.8005128569175297,205
Bacteria,52979,0.3401163309619281,-0.9403833693834638,205
Bacteria,52979,0.343610072285301,-0.939112409791336,205
Bacteria,52979,0.3470990643791343,-0.9378284701943792,205
Bacteria,55075,0.4619265021007194,-0.8363252013390199,8
Bacteria,55075,0.4824901465417869,-0.8759013976984424,8
Bacteria,55075,0.48310059915120607,-0.8755648525950238,8
Bacteria,55075,0.48371081701479923,-0.8752278820415146,8
Bacteria,55797,0.6626643506104755,-0.6614713773947741,0
Bacteria,55797,0.705919157632565,-0.7082924134051769,0
Bacteria,55797,0.7070154961842536,-0.7071980544057892,0
Bacteria,55797,0.7081101381958121,-0.7061019984282072,0
Bacteria,57376,0.845659140179255,-0.5094557782707831,7
Bacteria,57376,0.8564309516516118,-0.5162615858778519,7
Bacteria,57376,0.8565508863926948,-0.5160625727757137,7
Bacteria,57376,0.8566707748881179,-0.5158635318110706,7
Bacteria,57759,0.7595654552437502,-0.38926598299392845,74
Bacteria,57759,0.8881835255182801,-0.45948887363887136,74
Bacteria,57759,0.8891424787633118,-0.45763047588489314,74
Bacteria,57759,0.890097543580635,-0.4557700768059697,74
Bacteria,58386,0.7922051347736864,-0.3176140909249467,250
Bacteria,58386,0.9264129134309409,-0.3765091151996138,250
Bacteria,58386,0.9273432420937716,-0.3742118535575971,250
Bacteria,58386,0.9282678741589602,-0.3719122931611765,250
Bacteria,58432,0.7999719127020238,-0.2975107144351955,46
Bacteria,58432,0.9359510114706014,-0.35213023745080185,46
Bacteria,58432,0.9366582243706222,-0.3502447297517454,46
Bacteria,58432,0.9373616388505032,-0.3483578017089598,46
Bacteria,35546,-0.6999979139353684,0.6961950099421416,2
Bacteria,35546,-0.7088389557172626,0.7053703529761232,2
Bacteria,35546,-0.7090028355061488,0.7052056290503081,2
Bacteria,35546,-0.709166677015577,0.7050408670500485,2
Bacteria,44513,-0.8669794227931892,-0.416382114086641,0
Bacteria,44513,-0.902079682180293,-0.4315695158343572,0
Bacteria,44513,-0.9016111836301003,-0.4325474234729985,0
Bacteria,44513,-0.9011416249706701,-0.4335248225248703,0
Bacteria,44719,-0.7961492844117554,-0.4155845013334028,73
Bacteria,44719,-0.8877798442953109,-0.4602683435377601,73
Bacteria,44719,-0.8869585064183336,-0.46184911810261026,73
Bacteria,44719,-0.8861343538280877,-0.46342842701508663,73
Bacteria,52852,0.27713532181515077,-0.8072568982166011,195
Bacteria,52852,0.3214048311397522,-0.9469418855030267,195
Bacteria,52852,0.3231645161846882,-0.9463428001940504,195
Bacteria,52852,0.32492308456868,-0.9457404448972109,195
Bacteria,55074,0.47928213716505047,-0.8703966619240109,0
Bacteria,55074,0.48221875899800026,-0.8760508366929561,0
Bacteria,55074,0.4823544585571349,-0.8759761277055746,0
Bacteria,55074,0.4824901465417869,-0.8759013976984424,0
Bacteria,55682,0.6274946229343055,-0.6335728862640675,5
Bacteria,55682,0.6930785223956207,-0.7208620962388735,5
Bacteria,55682,0.697383804867851,-0.7166978643110631,5
Bacteria,55682,0.7016640678001433,-0.7125079199266179,5
Bacteria,55682,0.705919157632565,-0.7082924134051769,5
Bacteria,56638,0.6705275738750046,-0.5280723993821068,30
Bacteria,56638,0.7834569146632796,-0.6214461061639172,30
Bacteria,56638,0.7846107476077758,-0.619988689201962,30
Bacteria,56638,0.7857618694124814,-0.6185291299343973,30
Bacteria,57820,0.88238481500629,-0.45683558786534423,1
Bacteria,57820,0.887969897160611,-0.45990157831494105,1
Bacteria,57820,0.8880411279229969,-0.4597640211208913,1
Bacteria,57820,0.8881123373761232,-0.4596264528944339,1
Bacteria,44512,-0.8964003677692918,-0.4286818129534278,0
Bacteria,44512,-0.9022133441178589,-0.4312900203988842,0
Bacteria,44512,-0.902146523972941,-0.43142977329287285,0
Bacteria,44512,-0.902079682180293,-0.4315695158343572,0
Bacteria,44713,-0.8539537183092466,-0.44248212558688055,26
Bacteria,44713,-0.8882784098878082,-0.459305417480773,26
Bacteria,44713,-0.8880292576090298,-0.4597869480861274,26
Bacteria,44713,-0.8877798442953109,-0.4602683435377601,26
Bacteria,47540,-0.4305712552191136,-0.8026307284017075,12
Bacteria,47540,-0.47587329831635083,-0.8795138452290091,12
Bacteria,47540,-0.4736919703560399,-0.8806905910819148,12
Bacteria,47540,-0.4715077325426791,-0.8818619269207971,12
Bacteria,52788,0.29913924587275537,-0.9073762435265965,69
Bacteria,52788,0.3120012362649949,-0.9500816957341695,69
Bacteria,52788,0.3126634396006702,-0.9498639763340212,69
Bacteria,52788,0.3133254910084928,-0.9496457953807235,69
Bacteria,55072,0.4759083651783504,-0.8649831208384798,0
Bacteria,55072,0.48181159090626335,-0.8762748375186723,0
Bacteria,55072,0.48201518796426607,-0.8761628607580746,0
Bacteria,55072,0.48221875899800026,-0.8760508366929561,0
Bacteria,53702,0.5342872060226586,-0.7139336702390133,15
Bacteria,53702,0.5919381317449653,-0.8059834044112074,15
Bacteria,53702,0.5961126678187575,-0.8029007954075047,15
Bacteria,53702,0.6002711510375909,-0.7997965649038546,15
Bacteria,54078,0.6261609401708625,-0.7550304913505697,0
Bacteria,54078,0.637971279408048,-0.7700601578126597,0
Bacteria,54078,0.6382694485002292,-0.7698130364648376,0
Bacteria,54078,0.6385675218687361,-0.7695657996652536,0
Bacteria,55680,0.6841116797835357,-0.7118116190158428,0
Bacteria,55680,0.6927434504348575,-0.7211841040120116,0
Bacteria,55680,0.692911005120565,-0.7210231195896623,0
Bacteria,55680,0.6930785223956207,-0.7208620962388735,0
Bacteria,35517,-0.6582362465105693,0.6568916017875835,19
Bacteria,35517,-0.7054435513860653,0.7087661079706167,19
Bacteria,35517,-0.707088525128684,0.7071250367730888,19
Bacteria,35517,-0.7087296812626758,0.705480147769805,19
Bacteria,44511,-0.89653313533565,-0.42840407717386175,0
Bacteria,44511,-0.9023469194580902,-0.4310104835668093,0
Bacteria,44511,-0.9022801426134429,-0.4311502571557451,0
Bacteria,44511,-0.9022133441178589,-0.4312900203988842,0
Bacteria,44709,-0.8657467623650263,-0.44741059776902714,114
Bacteria,44709,-0.8886338887537415,-0.4586172824462712,114
Bacteria,44709,-0.888456215943338,-0.4589613843796062,114
Bacteria,44709,-0.8882784098878082,-0.459305417480773,114
Bacteria,47539,-0.4729776265293147,-0.8738385897273336,0
Bacteria,47539,-0.47614575904478224,-0.8793663719654443,0
Bacteria,47539,-0.4760095343916821,-0.8794401191486627,0
Bacteria,47539,-0.47587329831635083,-0.8795138452290091,0
Bacteria,55066,0.46622495340053877,-0.8485011875297166,5
Bacteria,55066,0.48086112752661325,-0.8767967700863377,5
Bacteria,55066,0.48133642996051884,-0.8765359326307521,5
Bacteria,55066,0.48181159090626335,-0.8762748375186723,5
Bacteria,53659,0.5385216375742178,-0.7345761620553728,26
Bacteria,53659,0.586430959073383,-0.8099992161973196,26
Bacteria,53659,0.589187966811179,-0.8079960023198809,26
Bacteria,53659,0.5919381317449653,-0.8059834044112074,26
Bacteria,55628,0.6130391593568245,-0.6387708317639252,32
Bacteria,55628,0.686799243792162,-0.7268471632513361,32
Bacteria,55628,0.6897771588410079,-0.7240217338873378,32
Bacteria,55628,0.6927434504348575,-0.7211841040120116,32
Bacteria,57353,0.7307275403352254,-0.44102715121804736,33
Bacteria,57353,0.8543447415256011,-0.5197067082764603,33
Bacteria,57353,0.855309331846952,-0.5181176959490194,33
Bacteria,57353,0.8562709667370009,-0.5165268933204562,33
Bacteria,57421,0.7761786555172677,-0.4389883810989235,84
Bacteria,57421,0.8680406952705735,-0.49649305267463645,84
Bacteria,57421,0.8693068676830972,-0.4942727686197189,84
Bacteria,57421,0.8705673610408924,-0.49204925555303564,84
Bacteria,58201,0.8574443833646718,-0.37610843399067867,15
Bacteria,58201,0.9151817459319403,-0.4030414022317874,15
Bacteria,58201,0.9155247976908534,-0.40226153782473667,15
Bacteria,58201,0.9158671848950325,-0.4014813814268956,15
Bacteria,35514,-0.6918156433066389,0.6953701759070217,4
Bacteria,35514,-0.7050042481025045,0.7092030810405594,4
Bacteria,35514,-0.7052239335891141,0.7089846285308989,4
Bacteria,35514,-0.7054435513860653,0.7087661079706167,4
Bacteria,44391,-0.7707615368842221,-0.36659833547869086,14
Bacteria,44391,-0.9103307554783882,-0.41388152366365316,14
Bacteria,44391,-0.9078354184391053,-0.4193266662489932,14
Bacteria,44391,-0.905307511637877,-0.4247567649514662,14
Bacteria,44391,-0.9027471257666071,-0.43017162495930583,14
Bacteria,44506,-0.8852846394652404,-0.4223975295756832,0
Bacteria,44506,-0.9027471257666071,-0.43017162495930583,0
Bacteria,44506,-0.9025471200703907,-0.4305911007587636,0
Bacteria,44506,-0.9023469194580902,-0.4310104835668093,0
Bacteria,55049,0.44982339777859814,-0.8211743636362864,88
Bacteria,55049,0.47841448533012826,-0.8781341470563073,88
Bacteria,55049,0.4796382725551721,-0.8774663113192953,88
Bacteria,55049,0.48086112752661325,-0.8767967700863377,88
Bacteria,53655,0.5749637043338675,-0.7947108307827558,15
Bacteria,53655,0.5858034154027878,-0.8104531809441116,15
Bacteria,53655,0.5861172311891902,-0.8102262593270582,15
Bacteria,53655,0.586430959073383,-0.8099992161973196,15
Bacteria,53939,0.55920089372578,-0.6781605771974124,4
Bacteria,53939,0.6210010119057197,-0.7838097621311387,4
Bacteria,53939,0.6252414474030809,-0.7804313758744587,4
Bacteria,53939,0.6294635040613311,-0.7770300490037889,4
Bacteria,53939,0.633667057774014,-0.7736058815004088,4
Bacteria,53939,0.6378519849785632,-0.7701589740169927,4
Bacteria,55595,0.6209439667484398,-0.6576275138467972,1
Bacteria,55595,0.6829615795887126,-0.730454297547554,1
Bacteria,55595,0.6848827864472292,-0.7286532569255962,1
Bacteria,55595,0.686799243792162,-0.7268471632513361,1
Bacteria,35442,-0.6192666965702857,0.6237917653571297,193
Bacteria,35442,-0.6969395884319365,0.7171298418531493,193
Bacteria,35442,-0.7009831228948894,0.7131778609971908,193
Bacteria,35442,-0.7050042481025045,0.7092030810405594,193
Bacteria,44686,-0.7586639650201188,-0.39102004359856907,208
Bacteria,44686,-0.8904737806933788,-0.45503455461936104,208
Bacteria,44686,-0.8896263928756681,-0.45668904201768107,208
Bacteria,44686,-0.888775931047666,-0.4583419513751219,208
Bacteria,47538,-0.47338366340834037,-0.873618694461181,0
Bacteria,47538,-0.4765543644380094,-0.879145003816256,0
Bacteria,47538,-0.47641817407121434,-0.8792188142974706,0
Bacteria,47538,-0.4762819722723825,-0.8792926036811236,0
Bacteria,53651,0.5743480053986215,-0.7951559183954842,0
Bacteria,53651,0.5851755203116233,-0.8109066595040522,0
Bacteria,53651,0.5854895117612398,-0.8106799810144476,0
Bacteria,53651,0.5858034154027878,-0.8104531809441116,0
Bacteria,53936,0.6089709788834846,-0.7689622310246658,0
Bacteria,53936,0.6205152260497018,-0.7841943982460519,0
Bacteria,53936,0.6207581487688912,-0.784002117814116,0
Bacteria,53936,0.6210010119057197,-0.7838097621311387,0
Bacteria,47467,-0.4264989607090709,-0.7831109375653806,3
Bacteria,47467,-0.4863298159271072,-0.8737753201712131,3
Bacteria,47467,-0.4814495763576524,-0.8764737904952076,3
Bacteria,47467,-0.4765543644380094,-0.879145003816256,3
Bacteria,52724,0.2757265483027905,-0.8614059596790795,182
Bacteria,52724,0.30182866003694425,-0.9533621871987071,182
Bacteria,52724,0.30345271560303977,-0.9528464983370305,182
Bacteria,52724,0.30507589009675984,-0.9523280428936605,182
Bacteria,54959,0.46015412834596936,-0.8734659406916605,0
Bacteria,54959,0.46585174494685117,-0.884862786950595,0
Bacteria,54959,0.466057337920289,-0.8847545183669047,0
Bacteria,54959,0.4662629057310316,-0.8846462020148254,0
Bacteria,55048,0.4752320919647018,-0.8726145625995548,0
Bacteria,55048,0.47814240625035154,-0.8782823232566643,0
Bacteria,55048,0.47827845152857806,-0.8782082456931417,0
Bacteria,55048,0.47841448533012826,-0.8781341470563073,0
Bacteria,53626,0.5510634176346707,-0.7648304162262312,10
Bacteria,53626,0.5819048155191986,-0.8132569001708915,10
Bacteria,53626,0.5835413511299299,-0.8120834264541149,10
Bacteria,53626,0.5851755203116233,-0.8109066595040522,10
Bacteria,53924,0.5964507023952521,-0.7545024480346518,0
Bacteria,53924,0.6189347776657586,-0.7854423855355898,0
Bacteria,53924,0.6197253160034959,-0.7848187897243332,0
Bacteria,53924,0.6205152260497018,-0.7841943982460519,0
Bacteria,55562,0.6297322559650291,-0.6755835002038609,54
Bacteria,55562,0.6789912552830981,-0.734146358193707,54
Bacteria,55562,0.6809221985636373,-0.732355760203511,54
Bacteria,55562,0.6828484197964112,-0.7305600834849548,54
Bacteria,35441,-0.6922796895439786,0.7127766463197653,1
Bacteria,35441,-0.6966062504976109,0.7174536443336669,1
Bacteria,35441,-0.6967173798615678,0.717345727385918,1
Bacteria,35441,-0.6968284925072317,0.7172377932248822,1
Bacteria,47463,-0.47731899245856174,-0.856921901519085,0
Bacteria,47463,-0.4870064342590708,-0.8733983816050184,0
Bacteria,47463,-0.486668161586818,-0.8735869163956765,0
Bacteria,47463,-0.4863298159271072,-0.8737753201712131,0
Bacteria,52670,0.2566998475769743,-0.8139857950663716,583
Bacteria,52670,0.2935472534261189,-0.9559445642954313,583
Bacteria,52670,0.29761681465690243,-0.95468540977302,583
Bacteria,52670,0.30168097509525305,-0.9534089307666346,583
Bacteria,54820,0.40544701847610354,-0.7726988313713851,38
Bacteria,54820,0.44655385282109084,-0.8947567583039759,38
Bacteria,54820,0.4513983709059082,-0.8923225373952471,38
Bacteria,54820,0.456229620231802,-0.8898620868556799,38
Bacteria,54820,0.4610474587852286,-0.8873754790096935,38
Bacteria,54820,0.46585174494685117,-0.884862786950595,38
Bacteria,55043,0.462721468025821,-0.8504168480461233,44
Bacteria,55043,0.47732589375364215,-0.878726345998734,44
Bacteria,55043,0.47773420158826735,-0.8785044294895847,44
Bacteria,55043,0.47814240625035154,-0.8782823232566643,44
Bacteria,53164,0.482361315695805,-0.7195156912074907,46
Bacteria,53164,0.5219987765218598,-0.852946233539771,46
Bacteria,53164,0.5261032950282504,-0.8504206741139456,46
Bacteria,53164,0.5301955945106817,-0.8478753632235488,46
Bacteria,53164,0.5342755799233593,-0.8453103599847562,46
Bacteria,53164,0.5383431565064901,-0.8427257239711083,46
Bacteria,53164,0.5423982297884822,-0.8401215152121274,46
Bacteria,53164,0.5464407055881395,-0.8374977941919227,46
Bacteria,53164,0.5504704900168491,-0.8348546218477861,46
Bacteria,53164,0.5544874894807618,-0.8321920595687765,46
Bacteria,53164,0.5584916106829656,-0.8295101691942943,46
Bacteria,53923,0.614871615950938,-0.7805348243299856,0
Bacteria,53923,0.6186914088224691,-0.7856341009969389,0
Bacteria,53923,0.6188131006685722,-0.7855382526910752,0
Bacteria,53923,0.6189347776657586,-0.7854423855355898,0
Bacteria,55379,0.5751913198111767,-0.6305732565925641,226
Bacteria,55379,0.6576764897769196,-0.7533004943544835,226
Bacteria,55379,0.6617974282215262,-0.7496827088838143,226
Bacteria,55379,0.6658984660830097,-0.7460423800752172,226
Bacteria,55379,0.6699794800410882,-0.7423796173952198,226
Bacteria,55379,0.6740403473776111,-0.738694530984946,226
Bacteria,55379,0.6780809459802444,-0.734987231656807,226
Bacteria,55555,0.6613595652657749,-0.7157494149302736,2
Bacteria,55555,0.6780809459802444,-0.734987231656807,2
Bacteria,55555,0.6785362308878415,-0.7345669359374418,2
Bacteria,55555,0.6789912552830981,-0.734146358193707,2
Bacteria,57556,0.8566599642192178,-0.4907323884625252,6
Bacteria,57556,0.867578862523309,-0.4972996252791283,6
Bacteria,57556,0.8676943909873144,-0.49709802237501766,6
Bacteria,57556,0.8678098726040169,-0.4968963926323072,6
Bacteria,58167,0.8857655040595086,-0.39081894047100463,8
Bacteria,58167,0.9146189556984876,-0.40431691267742925,8
Bacteria,58167,0.9148067500201773,-0.40389182972365373,8
Bacteria,58167,0.9149943467781658,-0.4034666595445001,8
Bacteria,47194,-0.421862442981432,-0.7419567140457811,2
Bacteria,47194,-0.5232314094046483,-0.8521906431148052,2
Bacteria,47194,-0.5188493687781708,-0.8548656809806402,2
Bacteria,47194,-0.5144536522641852,-0.8575181862048413,2
Bacteria,47194,-0.5100443757254587,-0.8601480888723912,2
Bacteria,47194,-0.5056216553821786,-0.8627553196640316,2
Bacteria,47194,-0.5011856078088823,-0.8653398098580933,2
Bacteria,47194,-0.49673634993139065,-0.867901491332305,2
Bacteria,47194,-0.4922739990237201,-0.8704402965655912,2
Bacteria,47425,-0.460522234272242,-0.8225300770068508,0
Bacteria,47425,-0.4922739990237201,-0.8704402965655912,0
Bacteria,47425,-0.489642450487504,-0.8719233169726522,0
Bacteria,47425,-0.4870064342590708,-0.8733983816050184,0
Bacteria,54815,0.4348811902429552,-0.8721078201199862,0
Bacteria,54815,0.44572204205838484,-0.8951714144359746,0
Bacteria,54815,0.44613799561421486,-0.8949641830092033,0
Bacteria,54815,0.44655385282109084,-0.8947567583039759,0
Bacteria,55038,0.46783779768154204,-0.8621347695837499,77
Bacteria,55038,0.47650896891950467,-0.8791696096540591,77
Bacteria,55038,0.4769174828346541,-0.8789480727361869,77
Bacteria,55038,0.47732589375364215,-0.878726345998734,77
Bacteria,53622,0.5705229959829863,-0.7979048044217671,7
Bacteria,53622,0.5812747500359436,-0.8137073583117282,7
Bacteria,53622,0.5815898263891797,-0.8134821902418048,7
Bacteria,53622,0.5819048155191986,-0.8132569001708915,7
Bacteria,57636,0.8705698400777092,-0.47896750374219643,7
Bacteria,57636,0.8760757350173842,-0.48217352324007795,7
Bacteria,57636,0.8761504159756428,-0.4820378082533651,7
Bacteria,57636,0.8762250759099686,-0.4819020816997679,7
Bacteria,52762,0.2652242076655468,-0.8112483010669779,118
Bacteria,52762,0.306993044853491,-0.9517117580505048,118
Bacteria,52762,0.3089826185359514,-0.9510676849954828,118
Bacteria,52762,0.31097084096526245,-0.9504194526993633,118
Bacteria,54812,0.43701802632805326,-0.8781593309468813,0
Bacteria,54812,0.44516728759639157,-0.8954474222722804,0
Bacteria,54812,0.44544468620499444,-0.8953094613214663,0
Bacteria,54812,0.44572204205838484,-0.8951714144359746,0
Bacteria,55027,0.44293307019998235,-0.817674646814121,17
Bacteria,55027,0.47487388506211037,-0.8800538581734743,17
Bacteria,55027,0.4756916324536426,-0.8796121138397246,17
Bacteria,55027,0.47650896891950467,-0.8791696096540591,17
Bacteria,53543,0.5189302407853891,-0.7329908362430606,0
Bacteria,53543,0.5711465362408505,-0.8208481188015715,0
Bacteria,53543,0.5762217046251026,-0.8172934277962481,0
Bacteria,53543,0.5812747500359436,-0.8137073583117282,0
Bacteria,53776,0.5255258288178041,-0.67252530774777175,4
Bacteria,53776,0.6002711510375909,-0.7997965649038546,4
Bacteria,53776,0.6044134694167151,-0.7966707964947941,4
Bacteria,53776,0.6085395114066869,-0.7935235743548585,4
Bacteria,53776,0.6126491658963731,-0.7903549832363166,4
Bacteria,53776,0.6167423222159455,-0.787165108466885,4
Bacteria,53909,0.5944031693925294,-0.7561165629016391,0
Bacteria,53909,0.6167423222159455,-0.787165108466885,0
Bacteria,53909,0.617656429018295,-0.7864480502184286,0
Bacteria,53909,0.6185697021303688,-0.7857299304508814,0
Bacteria,35437,-0.6785942758299038,0.6994308460115639,5
Bacteria,35437,-0.6959391233790735,0.7181007843961505,5
Bacteria,35437,-0.6962171661057064,0.7178312180587713,5
Bacteria,35437,-0.6964951044180275,0.7175615440655394,5
Bacteria,54781,0.4128121791926261,-0.8332872478501128,15
Bacteria,54781,0.44072311688898075,-0.8976430995889523,15
Bacteria,54781,0.442946562735883,-0.8965480146430901,15
Bacteria,54781,0.44516728759639157,-0.8954474222722804,15
Bacteria,55012,0.4440547623736527,-0.8243080690468957,59
Bacteria,55012,0.4726912217547367,-0.8812281253319224,59
Bacteria,55012,0.47378291721002896,-0.8806416679671447,59
Bacteria,55012,0.47487388506211037,-0.8800538581734743,59
Bacteria,53446,0.4862415533473908,-0.7014533755811512,3
Bacteria,53446,0.5584916106829656,-0.8295101691942943,3
Bacteria,53446,0.5625966019613099,-0.8267315546545853,3
Bacteria,53446,0.5666877693116468,-0.8239326259546892,3
Bacteria,53446,0.5707650122072354,-0.8211134518689086,3
Bacteria,53541,0.5637138557083274,-0.8105006232352058,0
Bacteria,53541,0.5707650122072354,-0.8211134518689086,0
Bacteria,53541,0.5709557896371535,-0.8209808074978455,0
Bacteria,53541,0.5711465362408505,-0.8208481188015715,0
Bacteria,35406,-0.593722157331926,0.6131571464225126,63
Bacteria,35406,-0.6922591935016085,0.7216489513693639,63
Bacteria,35406,-0.6940456670160432,0.7199309773139754,63
Bacteria,35406,-0.6958278770617529,0.7182085807784073,63
Bacteria,54765,0.4230796862649696,-0.8637308397573905,4
Bacteria,54765,0.4383577395610378,-0.8988005853174204,4
Bacteria,54765,0.43954080924019723,-0.8982226210759071,4
Bacteria,54765,0.44072311688898075,-0.8976430995889523,4
Bacteria,54967,0.4574432393906151,-0.8532676339510917,15
Bacteria,54967,0.47187197368216693,-0.8816670802821757,15
Bacteria,54967,0.47228164871594963,-0.8814476979867519,15
Bacteria,54967,0.4726912217547367,-0.8812281253319224,15
Bacteria,57797,0.7571846780583021,-0.393876947319363,35
Bacteria,57797,0.8855353844638063,-0.46457193507845335,35
Bacteria,57797,0.8863974326102492,-0.46292503870708773,35
Bacteria,57797,0.8872564179037326,-0.46127654274701324,35
Bacteria,58471,0.8875065741325353,-0.33618106291589733,19
Bacteria,58471,0.9347455444828566,-0.35531783950351825,19
Bacteria,58471,0.9349930009141849,-0.3546661645004878,19
Bacteria,58471,0.9352400030183935,-0.35401431715985066,19
Bacteria,35351,-0.5991615496951492,0.6256042727959011,149
Bacteria,35351,-0.6859731200599666,0.7276268814132657,149
Bacteria,35351,-0.6890103789717091,0.7247514730369726,149
Bacteria,35351,-0.6920355850834398,0.7218633866447454,149
Bacteria,54743,0.4092976098615889,-0.842106817003718,23
Bacteria,54743,0.4351526876307679,-0.9003566729067538,23
Bacteria,54743,0.43675590660613756,-0.8995800564956133,23
Bacteria,54743,0.4383577395610378,-0.8988005853174204,23
Bacteria,57634,0.8646019522160512,-0.4766004989573546,4
Bacteria,57634,0.8756272078656302,-0.4829875700734341,4
Bacteria,57634,0.8757394105821114,-0.4827840974527808,4
Bacteria,57634,0.875851566016934,-0.4825805987663452,4
Bacteria,35349,-0.6770954990647327,0.718488870149348,1
Bacteria,35349,-0.6856349051534301,0.7279455864522065,1
Bacteria,35349,-0.6858040311201693,0.7277862535795285,1
Bacteria,35349,-0.6859731200599666,0.7276268814132657,1
Bacteria,54256,0.3551977340321329,-0.7760813462867879,762
Bacteria,54256,0.36576900122113815,-0.9307056665486093,762
Bacteria,54256,0.3704665282191833,-0.9288458168443378,762
Bacteria,54256,0.3751545987624195,-0.9269622576067529,762
Bacteria,54256,0.37983309318409025,-0.9250550369152131,762
Bacteria,54256,0.38450189206188046,-0.9231242034530532,762
Bacteria,54256,0.3891608762209582,-0.9211698065063445,762
Bacteria,54256,0.3938099267370234,-0.9191918959626332,762
Bacteria,54256,0.3984489249393371,-0.9171905223096707,762
Bacteria,54256,0.4030777524137567,-0.9151657366341215,762
Bacteria,54256,0.40769629100575244,-0.9131175906202622,762
Bacteria,54256,0.41230442282342983,-0.9110461365486593,762
Bacteria,54256,0.41690203024053224,-0.9089514272948376,762
Bacteria,54256,0.4214889958994502,-0.9068335163279273,762
Bacteria,54256,0.4260652027142102,-0.904692457709303,762
Bacteria,54679,0.3961056565685227,-0.827255386933405,142
Bacteria,54679,0.4260652027142102,-0.904692457709303,142
Bacteria,54679,0.43061440224408104,-0.902536002927292,142
Bacteria,54679,0.4351526876307679,-0.9003566729067538,142
Bacteria,57392,0.7327691720543016,-0.4376265837477521,69
Bacteria,57392,0.8566707748881179,-0.5158635318110706,69
Bacteria,57392,0.8576680463745754,-0.5142037750036644,69
Bacteria,57392,0.85866210216928,-0.5125420902698947,69
Bacteria,58178,0.7802287463744778,-0.34599247050591375,32
Bacteria,58178,0.9127301554215659,-0.40856292463233157,32
Bacteria,58178,0.9134880432047753,-0.40686557352756036,32
Bacteria,58178,0.9142427745262734,-0.405166816541658,32
Bacteria,35338,-0.6505187355278325,0.6910217079940412,16
Bacteria,35338,-0.6842805655457842,0.7292188338327129,16
Bacteria,35338,-0.684958031199712,0.7285825248350487,16
Bacteria,35338,-0.6856349051534301,0.7279455864522065,16
Bacteria,35337,-0.6798098417224818,0.7246794430582486,1
Bacteria,35337,-0.6840546122733423,0.7294307968735398,1
Bacteria,35337,-0.6841675971181388,0.7293248241034938,1
Bacteria,35337,-0.6842805655457842,0.7292188338327129,1
Bacteria,57571,0.7638537250512948,-0.42187469172625996,60
Bacteria,57571,0.8739008498881045,-0.48610421163043704,60
Bacteria,57571,0.8746903473092078,-0.4846821601050501,60
Bacteria,57571,0.8754775307048798,-0.48325882633521167,60
Bacteria,57943,0.7777708060958864,-0.3514829433995766,89
Bacteria,57943,0.9083111775192846,-0.4182951168655099,89
Bacteria,57943,0.9101169253196404,-0.41435152014530374,89
Bacteria,57943,0.9119055513813263,-0.4104001283624545,89
Bacteria,58234,0.7834107744412503,-0.3387259139853866,56
Bacteria,58234,0.9163640158232192,-0.4003460884089451,56
Bacteria,58234,0.9171683642601854,-0.39849992672558404,56
Bacteria,58234,0.9179689933140339,-0.39665214900970736,56
Bacteria,58316,0.786113731773794,-0.3324047036859654,38
Bacteria,58316,0.9195590803003455,-0.392951775460021,38
Bacteria,58316,0.9203485317845459,-0.3910991946322961,38
Bacteria,58316,0.9211342509891296,-0.38924502778416487,38
Bacteria,35326,-0.6572532665111923,0.7021720075155659,46
Bacteria,35326,-0.6823578713878036,0.7310182866078699,46
Bacteria,35326,-0.6830370103458506,0.7303837638514442,46
Bacteria,35326,-0.6837155592631601,0.7297486101538422,46
Bacteria,57656,0.749669434107705,-0.4079992964215847,85
Bacteria,57656,0.8766725939130423,-0.4810874796560163,85
Bacteria,57656,0.8775653575954127,-0.47945702951196306,85
Bacteria,57656,0.8784550889431288,-0.47782492265464727,85
Bacteria,35300,-0.6468618548896877,0.6944460863741724,16
Bacteria,35300,-0.6790670673424509,0.7340762344953848,16
Bacteria,35300,-0.6806007022423053,0.7326545462271294,16
Bacteria,35300,-0.6821313607163427,0.7312296538894404,16
Bacteria,35292,-0.6528659255421584,0.7062531187499657,6
Bacteria,35292,-0.678042993817519,0.7350222435647618,6
Bacteria,35292,-0.678555195440057,0.7345494174943616,6
Bacteria,35292,-0.6790670673424509,0.7340762344953848,6
Bacteria,35291,-0.6736111065690523,0.7304449282463229,1
Bacteria,35291,-0.6778152428809403,0.7352322738551755,1
Bacteria,35291,-0.6779291264829566,0.7351272675299532,1
Bacteria,35291,-0.678042993817519,0.7350222435647618,1
Bacteria,35260,-0.6381684233323205,0.6938137497207256,21
Bacteria,35260,-0.6741623947715032,0.7385831473002562,21
Bacteria,35260,-0.6759908951060523,0.7369099739681356,21
Bacteria,35260,-0.6778152428809403,0.7352322738551755,21
Bacteria,35257,-0.6611259869561106,0.7246109267986853,4
Bacteria,35257,-0.6737046221661486,0.7390007321186949,4
Bacteria,35257,-0.6739335408119789,0.7387919751652889,4
Bacteria,35257,-0.6741623947715032,0.7385831473002562,4
Bacteria,57343,0.8088569450722051,-0.4964232756430662,10
Bacteria,57343,0.8516769064468123,-0.5240672161328046,10
Bacteria,57343,0.8520420141990794,-0.5234734052839511,10
Bacteria,57343,0.8524067079313555,-0.5228793400715205,10
Bacteria,35246,-0.639133362707209,0.7015655143080418,11
Bacteria,35246,-0.6723297531096291,0.7402517835733632,11
Bacteria,35246,-0.6730174783305771,0.7396265773088141,11
Bacteria,35246,-0.6737046221661486,0.7390007321186949,11
Bacteria,58014,0.7742577171676008,-0.3591555007546042,63
Bacteria,58014,0.9037221241370638,-0.4281195187622185,63
Bacteria,58014,0.9055376690546835,-0.42426587173965635,63
Bacteria,58014,0.907336781362487,-0.4204045256497157,63
Bacteria,35245,-0.667933451071246,0.7356402796435324,1
Bacteria,35245,-0.6721003822752304,0.7404600435847225,1
Bacteria,35245,-0.6722150757576002,0.7403559224617602,1
Bacteria,35245,-0.6723297531096291,0.7402517835733632,1
Bacteria,54989,0.4005860830746145,-0.7536567364276744,43
Bacteria,54989,0.4662629057310316,-0.8846462020148254,43
Bacteria,54989,0.4679065410283812,-0.8837779522384883,43
Bacteria,54989,0.4695485595239653,-0.8829066486605304,43
Bacteria,35244,-0.667591514147482,0.735950600470053,1
Bacteria,35244,-0.6717562050736016,0.7407723003360165,1
Bacteria,35244,-0.6718709469304783,0.7406682325243484,1
Bacteria,35244,-0.6719856726652725,0.740564146939751,1
Bacteria,35237,-0.6541170387406479,0.722374279145326,4
Bacteria,35237,-0.670722803322401,0.741708110447324,4
Bacteria,35237,-0.671182254054352,0.7412923727130337,4
Bacteria,35237,-0.6716414470973947,0.7408763503722584,4
Bacteria,56998,0.7260831910367604,-0.4486322391555808,40
Bacteria,56998,0.8477567092484601,-0.5303852957277585,40
Bacteria,56998,0.8493140704500953,-0.5278878761020095,40
Bacteria,56998,0.8508640744866857,-0.5253858836587788,40
Bacteria,57035,0.8241233222464863,-0.5080755083076608,9
Bacteria,57035,0.8508640744866857,-0.5253858836587788,9
Bacteria,57035,0.8511081385437737,-0.5249904156311357,9
Bacteria,57035,0.851352018793654,-0.5245948342253952,9
Bacteria,35219,-0.6402611881140834,0.7091414151863509,11
Bacteria,35219,-0.6684216905064198,0.7437825244387906,11
Bacteria,35219,-0.6695155204096896,0.7427980667250975,11
Bacteria,35219,-0.6706079003961906,0.7418120003924261,11
Bacteria,56935,0.80583257139082,-0.5132736138001028,34
Bacteria,56935,0.842456909930225,-0.5387637282806043,34
Bacteria,56935,0.8431655692124225,-0.5376539992362112,34
Bacteria,56935,0.8438727667013985,-0.5365433380629443,34
Bacteria,57611,0.7444912388983157,-0.4173733119397141,47
Bacteria,57611,0.8705673610408924,-0.49204925555303564,47
Bacteria,57611,0.871480511769937,-0.4904301352947314,47
Bacteria,57611,0.8723906511898705,-0.488809320406755,47
Bacteria,35211,-0.6507740579278368,0.7253873620829769,7
Bacteria,35211,-0.6671533423418657,0.7449204103809194,7
Bacteria,35211,-0.6676724463845596,0.7444551728202695,7
Bacteria,35211,-0.6681912259952,0.7439895735176881,7
Bacteria,57194,0.6947392333641758,-0.4957873374143718,60
Bacteria,57194,0.8098477866205942,-0.5866400621383818,60
Bacteria,57194,0.8120231595019367,-0.5836252123002331,60
Bacteria,57194,0.8141873089510019,-0.5806022958472743,60
Bacteria,35198,-0.6410741655963443,0.7169737085019388,8
Bacteria,35198,-0.6655362799729476,0.7463655003011395,8
Bacteria,35198,-0.666345202899833,0.7456433937026334,8
Bacteria,35198,-0.6671533423418657,0.7449204103809194,8
Bacteria,35191,-0.6482418595167274,0.7276511465749634,343
Bacteria,35191,-0.6646108384788755,0.7471896903574127,343
Bacteria,35191,-0.6650736868977258,0.7467777386855247,343
Bacteria,35191,-0.6655362799729476,0.7463655003011395,343
Bacteria,57086,0.7955429282613554,-0.5404986898887175,27
Bacteria,57086,0.8266734505995443,-0.5626819759631926,27
Bacteria,57086,0.8269783985171695,-0.5622336955270268,27
Bacteria,57086,0.8272831033456668,-0.5617852498230644,27
Bacteria,35158,-0.629693792268255,0.7100502476378385,21
Bacteria,35158,-0.6606663425571909,0.750679681230353,21
Bacteria,35158,-0.6626408881534547,0.7489372826526937,21
Bacteria,35158,-0.6646108384788755,0.7471896903574127,21
Bacteria,57320,0.6908584717253171,-0.5011808639216329,39
Bacteria,57320,0.8073871140632285,-0.5900220742011703,39
Bacteria,57320,0.8084824925239786,-0.5885202284392735,39
Bacteria,57320,0.8095750773586377,-0.5870163491077194,39
Bacteria,35062,-0.5625855487191694,0.6418451422954184,84
Bacteria,35062,-0.6491947610526889,0.7606222204364937,84
Bacteria,35062,-0.6528789427777753,0.7574622670980875,84
Bacteria,35062,-0.6565477436542334,0.7542844690847976,84
Bacteria,35062,-0.6602010772506169,0.7510889012607794,84
Bacteria,35155,-0.6520205729163882,0.7413189218386316,4
Bacteria,35155,-0.6602010772506169,0.7510889012607794,4
Bacteria,35155,-0.6604337415991799,0.7508843272817111,4
Bacteria,35155,-0.6606663425571909,0.750679681230353,4
Bacteria,57724,0.7529273310460168,-0.4019553712538204,62
Bacteria,57724,0.8798576211917954,-0.4752373790335889,62
Bacteria,57724,0.8810694267208709,-0.47298696102298204,62
Bacteria,57724,0.8822754763521387,-0.47073345305767983,62
Bacteria,57892,0.7624833775753179,-0.38351895029738753,131
Bacteria,57892,0.8917858225568265,-0.45245778442485035,131
Bacteria,57892,0.8926253412927194,-0.45079929024129584,131
Bacteria,57892,0.8934617756557705,-0.44913923836827896,131
Bacteria,57311,0.770646733895547,-0.5647296231595117,8
Bacteria,57311,0.8060139682176756,-0.5918965137910476,8
Bacteria,57311,0.8063805662504083,-0.5913969752828221,8
Bacteria,57311,0.806746854687161,-0.5908972097178771,8
Bacteria,57058,0.7046859174578197,-0.4815448515481252,143
Bacteria,57058,0.8232590404150961,-0.5676658809324505,143
Bacteria,57058,0.8245320162192695,-0.5658153004553572,143
Bacteria,57058,0.8258008321641881,-0.5639618653747206,143
Bacteria,57258,0.6924775668767621,-0.5097604607264314,34
Bacteria,57258,0.8033468866212982,-0.5955113598881779,34
Bacteria,57258,0.8044064651721551,-0.594079320284117,34
Bacteria,57258,0.8054634909840344,-0.5926453954025226,34
Bacteria,56974,0.7218398159815946,-0.4554283328686662,191
Bacteria,56974,0.8438727667013985,-0.5365433380629443,191
Bacteria,56974,0.8448686721940042,-0.5349737626698531,191
Bacteria,56974,0.845861658331908,-0.5334023387312758,191
Bacteria,57555,0.8580446746423288,-0.5010599289624937,3
Bacteria,57555,0.86346683602923,-0.5044056136460723,3
Bacteria,57555,0.8635449610182412,-0.5042718515840482,3
Bacteria,57555,0.8636230652857978,-0.5041380774216153,3
Bacteria,57510,0.735332516055068,-0.4333056394140261,28
Bacteria,57510,0.8597716223887967,-0.5106787222265446,28
Bacteria,57510,0.8607194214962748,-0.5090796376394543,28
Bacteria,57510,0.8616642464784559,-0.5074787939813001,28
Bacteria,57533,0.7423706835135194,-0.43389708020134704,24
Bacteria,57533,0.8616642464784559,-0.5074787939813001,24
Bacteria,57533,0.8625669099077927,-0.5059430066046192,24
Bacteria,57533,0.86346683602923,-0.5044056136460723,24
Bacteria,57288,0.6849104100951867,-0.5092793108492806,53
Bacteria,57288,0.8003850879209867,-0.5994862058744257,53
Bacteria,57288,0.8014980710542959,-0.5979973596064141,53
Bacteria,57288,0.8026082846954464,-0.5965064470215165,53
Bacteria,57139,0.7564487335532997,-0.5298689398861893,22
Bacteria,57139,0.81741242379924,-0.5760528876923122,22
Bacteria,57139,0.8183037819848452,-0.5747859778989907,22
Bacteria,57139,0.8191931765851925,-0.5735176888608245,22
Bacteria,58139,0.7671774526135129,-0.3740406963384011,35
Bacteria,58139,0.8973242691187687,-0.44137190219866446,35
Bacteria,58139,0.8981431710898918,-0.43970313192493093,35
Bacteria,58139,0.8989589696218929,-0.43803284230334205,35
Bacteria,58556,0.7940616725864021,-0.3129436793500717,32
Bacteria,58556,0.9290722497596975,-0.36989830322191836,32
Bacteria,58556,0.929758236866282,-0.3681706411153702,32
Bacteria,58556,0.9304410112912153,-0.36644170683395294,32
Bacteria,56863,0.7115020984250128,-0.47141536913074683,24
Bacteria,56863,0.8316094351562849,-0.555360916304924,24
Bacteria,56863,0.8326832332451523,-0.5537496122548524,24
Bacteria,56863,0.8337539093189028,-0.5521362320075062,24
Bacteria,57168,0.6967871438443928,-0.49290502380179524,28
Bacteria,57168,0.8143671471864126,-0.5803500233337324,28
Bacteria,57168,0.8154445345181841,-0.5788352193192999,28
Bacteria,57168,0.8165191041672616,-0.5773184152007387,28
Bacteria,56893,0.7144081669022666,-0.46699963316818377,47
Bacteria,56893,0.8340104065744989,-0.5517487124819043,47
Bacteria,56893,0.835843362721675,-0.5489680072591866,47
Bacteria,56893,0.837667047652669,-0.5461812128560092,47
Bacteria,56825,0.7622330899796542,-0.5101488830880514,14
Bacteria,56825,0.8298848744760225,-0.5579346692184635,14
Bacteria,56825,0.8305325190783387,-0.5569701381163885,14
Bacteria,56825,0.8311790426579448,-0.5560048552361951,14
Bacteria,56840,0.7081249152501491,-0.4764732843694849,25
Bacteria,56840,0.8277179740950327,-0.5611443266754239,25
Bacteria,56840,0.8287596374982493,-0.5596047384125427,25
Bacteria,56840,0.8297984372098367,-0.5580632164944332,25
Archaea,2117,0.8717921767903182,0.002167711935590472,0
Archaea,2117,1,0,0
Archaea,2117,0.9999984505827314,0.001760350003946801,0
Archaea,2117,0.9999938023357272,0.003520694552860212,0
Archaea,2117,0.9999860552733915,0.005281028191723748,0
Archaea,2117,0.999975209419731,0.007041345465554733,0
Archaea,3261,0.44366264618851214,0.2012642767742831,0
Archaea,3261,0.9191493931172284,0.3939091178587147,0
Archaea,3261,0.9186285284796506,0.3951222933008358,0
Archaea,3261,0.9181060625856233,0.3963347800074117,0
Archaea,3261,0.9175819963458541,0.3975465758649631,0
Archaea,3261,0.91705633067384,0.39875767876121543,0
Archaea,3261,0.9165290664858659,0.3999680865851016,0
Archaea,3261,0.9160002047010032,0.4011777972267662,0
Archaea,3261,0.915469746241108,0.4023868085775692,0
Archaea,3261,0.9149376920308198,0.40359511853008934,0
Archaea,3261,0.9144040429975591,0.40480272497812814,0
Archaea,3261,0.9138688000715269,0.4060096258167132,0
Archaea,3261,0.9133319641857023,0.40721581894210224,0
Archaea,3261,0.9127935362758409,0.40842130225178636,0
Archaea,3261,0.9122535172804737,0.4096260736444942,0
Archaea,3261,0.9117119081409045,0.4108301310201953,0
Archaea,3261,0.9111687098012098,0.4120334722801035,0
Archaea,3261,0.9106239232082353,0.4132360953266813,0
Archaea,3261,0.9100775493115957,0.4144379980636429,0
Archaea,3261,0.9095295890636725,0.415639178395958,0
Archaea,3261,0.9089800434196121,0.41683963422985576,0
Archaea,3261,0.9084289133373248,0.418039363472828,0
Archaea,3261,0.9078761997774822,0.4192383640336331,0
Archaea,3261,0.9073219037035166,0.4204366338222997,0
Archaea,3261,0.9067660260816184,0.4216341707501301,0
Archaea,3261,0.9062085678807347,0.42283097272970416,0
Archaea,3261,0.9056495300725682,0.42402703767488276,0
Archaea,3261,0.9050889136315745,0.4252223635008116,0
Archaea,3261,0.9045267195349611,0.42641694812392456,0
Archaea,3261,0.9039629487626857,0.42761078946194764,0
Archaea,3261,0.9033976022974539,0.4288038854339024,0
Archaea,3261,0.9028306811247182,0.4299962339601097,0
Archaea,3261,0.9022621862326757,0.43118783296219326,0
Archaea,3261,0.9016921186122671,0.4323786803630832,0
Archaea,3261,0.9011204792571739,0.4335687740870199,0
Archaea,3261,0.9005472691638177,0.4347581120595573,0
Archaea,3261,0.8999724893313579,0.4359466922075668,0
Archaea,3261,0.8993961407616902,0.43713451245924073,0
Archaea,3261,0.8988182244594446,0.438321570744096,0
Archaea,3261,0.8982387414319839,0.4395078649929777,0
Archaea,3261,0.897657692689402,0.44069339313806277,0
Archaea,3261,0.8970750792445217,0.4418781531128634,0
Archaea,3261,0.8964909021128934,0.4430621428522308,0
Archaea,3261,0.8959051623127932,0.4442453602923589,0
Archaea,3261,0.8953178608652208,0.44542780337078774,0
Archaea,3261,0.8947289987938983,0.44660947002640705,0
Archaea,3261,0.8941385771252681,0.4477903581994602,0
Archaea,3261,0.893546596888491,0.4489704658315472,0
Archaea,3261,0.8929530591154445,0.4501497908656289,0
Archaea,3261,0.8923579648407212,0.45132833124603017,0
Archaea,3261,0.8917613151016265,0.45250608491844346,0
Archaea,3261,0.8911631109381776,0.45368304982993285,0
Archaea,3261,0.8905633533931009,0.4548592239289371,0
Archaea,3261,0.8899620435118305,0.4560346051652733,0
Archaea,3261,0.8893591823425064,0.45720919149014094,0
Archaea,3261,0.8887547709359728,0.45838298085612483,0
Archaea,3261,0.8881488103457759,0.45955597121719904,0
Archaea,3261,0.8875413016281622,0.46072816052873033,0
Archaea,3261,0.8869322458420772,0.46189954674748185,0
Archaea,3261,0.8863216440491625,0.46307012783161666,0
Archaea,3261,0.8857094973137548,0.46423990174070107,0
Archaea,3261,0.8850958067028839,0.46540886643570845,0
Archaea,3261,0.8844805732862706,0.4665770198790228,0
Archaea,3261,0.883863798136325,0.4677443600344421,0
Archaea,3261,0.8832454823281444,0.4689108848671819,0
Archaea,3261,0.8826256269395119,0.4700765923438793,0
Archaea,3261,0.8820042330508939,0.47124148043259556,0
Archaea,3261,0.881381301745439,0.4724055471028207,0
Archaea,3261,0.8807568341089753,0.4735687903254763,0
Archaea,3261,0.880130831230009,0.47473120807291935,0
Archaea,3261,0.8795032941997223,0.4758927983189458,0
Archaea,3261,0.8788742241119716,0.4770535590387938,0
Archaea,3261,0.8782436220632857,0.4782134882091477,0
Archaea,3261,0.8776114891528635,0.47937258380814124,0
Archaea,3261,0.8769778264825726,0.48053084381536093,0
Archaea,3261,0.876342635156947,0.4816882662118501,0
Archaea,3261,0.8757059162831852,0.482844848980112,0
Archaea,3261,0.8750676709711485,0.4840005901041133,0
Archaea,3261,0.8744279003333587,0.4851554875692881,0
Archaea,3261,0.8737866054849969,0.4863095393625406,0
Archaea,3261,0.8731437875439004,0.4874627434722494,0
Archaea,3261,0.872499447630562,0.4886150978882706,0
Archaea,3410,0.8261788479364799,0.35045641844446995,3
Archaea,3410,0.9213537366433321,0.38872521396658793,3
Archaea,3410,0.9206222005203003,0.3904545606202597,3
Archaea,3410,0.9198874184813712,0.3921825306151188,3
Archaea,3410,0.9191493931172284,0.3939091178587147,3
Archaea,3704,0.8554534846468677,0.16800486330272807,0
Archaea,3704,0.9815805773465062,0.1910486068415567,0
Archaea,3704,0.9812201137074926,0.19289139031033836,0
Archaea,3704,0.9808561904973716,0.19473349368555953,0
Archaea,3704,0.9804888089992582,0.1965749104723598,0
Archaea,3711,0.8814370739176522,0.1687005475096687,3
Archaea,3711,0.9825103251224905,0.18620811214256502,3
Archaea,3711,0.9822030603060031,0.1878221188399333,3
Archaea,3711,0.9818931441018094,0.18943561852477325,3
Archaea,3711,0.9815805773465062,0.1910486068415567,3
Archaea,3259,0.672483979870064,0.7050820574457924,0
Archaea,3259,0.6906902974808482,0.7231506848270403,0
Archaea,3259,0.69018092670875,0.723636848431208,0
Archaea,3259,0.6896712137355386,0.7241226532463606,0
Archaea,2548,0.8273475533333613,0.4642863041409827,0
Archaea,2548,0.872499447630562,0.4886150978882706,0
Archaea,2548,0.8719828806345414,0.48953636829176134,0
Archaea,2548,0.8714653408713203,0.490457092577968,0
Archaea,3608,0.5772354295872542,0.12081705373362485,0
Archaea,3608,0.9803501496115782,0.19726526343113793,0
Archaea,3608,0.9800878251457253,0.1985644857498999,0
Archaea,3608,0.979823778868678,0.19986335923201112,0
Archaea,3608,0.979558011244311,0.20116188159562007,0
Archaea,3608,0.9792905227395229,0.20246005055949204,0
Archaea,3608,0.9790213138242354,0.2037578638430132,0
Archaea,3608,0.978750384971393,0.20505531916619463,0
Archaea,3608,0.9784777366569615,0.2063524142496761,0
Archaea,3608,0.9782033693599274,0.20764914681473046,0
Archaea,3608,0.9779272835622972,0.20894551458326727,0
Archaea,3608,0.9776494797490964,0.21024151527783708,0
Archaea,3608,0.9773699584083689,0.2115371466216352,0
Archaea,3608,0.9770887200311756,0.21283240633850586,0
Archaea,3608,0.9768057651115941,0.21412729215294624,0
Archaea,3608,0.9765210941467176,0.21542180179011025,0
Archaea,3608,0.9762347076366539,0.21671593297581274,0
Archaea,3608,0.9759466060845248,0.21800968343653343,0
Archaea,3608,0.9756567899964649,0.2193030508994209,0
Archaea,3608,0.9753652598816211,0.22059603309229653,0
Archaea,3608,0.9750720162521516,0.22188862774365856,0
Archaea,3608,0.9747770596232244,0.22318083258268606,0
Archaea,3608,0.9744803905130172,0.22447264533924297,0
Archaea,3608,0.9741820094427162,0.22576406374388194,0
Archaea,3608,0.9738819169365152,0.2270550855278485,0
Archaea,3608,0.9735801135216143,0.22834570842308494,0
Archaea,3608,0.9732765997282199,0.22963593016223427,0
Archaea,3608,0.9729713760895424,0.23092574847864428,0
Archaea,3608,0.9726644431417969,0.23221516110637155,0
Archaea,3608,0.9723558014242007,0.23350416578018524,0
Archaea,3608,0.9720454514789736,0.23479276023557127,0
Archaea,3608,0.9717333938513358,0.2360809422087363,0
Archaea,3608,0.9714196290895081,0.23736870943661154,0
Archaea,3608,0.9711041577447102,0.23865605965685682,0
Archaea,3608,0.9707869803711596,0.23994299060786461,0
Archaea,3608,0.9704680975260714,0.24122950002876395,0
Archaea,3608,0.9701475097696568,0.2425155856594244,0
Archaea,3608,0.9698252176651219,0.24380124524046,0
Archaea,3608,0.9695012217786672,0.24508647651323337,0
Archaea,3608,0.9691755226794861,0.2463712772198595,0
Archaea,3608,0.9688481209397648,0.24765564510320973,0
Archaea,3608,0.9685190171346799,0.24893957790691598,0
Archaea,3608,0.968188211842399,0.25022307337537436,0
Archaea,3608,0.9678557056440781,0.25150612925374927,0
Archaea,3608,0.9675214991238619,0.2527887432879775,0
Archaea,3608,0.9671855928688818,0.25407091322477193,0
Archaea,3608,0.9668479874692556,0.2553526368116258,0
Archaea,3608,0.966508683518086,0.2566339117968163,0
Archaea,3608,0.9661676816114598,0.2579147359294089,0
Archaea,3608,0.9658249823484466,0.25919510695926096,0
Archaea,3608,0.965480586331098,0.260475022637026,0
Archaea,3608,0.9651344941644464,0.2617544807141573,0
Archaea,3608,0.964786706456504,0.2630334789429123,0
Archaea,2084,0.9226708778909145,0.02737621246938836,6
Archaea,2084,0.999603375298122,0.02816189078527708,6
Archaea,2084,0.9995522517108356,0.029921498956408527,6
Archaea,2084,0.99949803067651,0.03168101440576561,6
Archaea,2089,0.8459549006625829,0.01834768121333345,0
Archaea,2089,0.9998450622342512,0.017602599972347175,0
Archaea,2089,0.9998173639992994,0.019111217791976744,0
Archaea,2089,0.9997873894852363,0.020619792101193895,0
Archaea,2089,0.9997551387603044,0.02212831946543516,0
Archaea,2089,0.999720611897929,0.023636796450243955,0
Archaea,2089,0.9996838089767173,0.025145219621278397,0
Archaea,2089,0.999644730080458,0.026653585544319115,0
Archaea,2089,0.999603375298122,0.02816189078527708,0
Archaea,3247,0.5825222075552358,0.613713458436363,0
Archaea,3247,0.6896712137355386,0.7241226532463606,0
Archaea,3247,0.6885656628913577,0.7251739983527988,0
Archaea,3247,0.6874585093629464,0.7262236555665724,0
Archaea,3247,0.6863497557272811,0.7272716224445317,0
Archaea,3247,0.6852394045650627,0.7283178965474612,0
Archaea,3247,0.6841274584607102,0.7293624754400855,0
Archaea,3247,0.6830139200023553,0.7304053566910748,0
Archaea,2530,0.6028762085600641,0.34033838746260225,0
Archaea,2530,0.8714653408713203,0.490457092577968,0
Archaea,2530,0.8707353047196957,0.4917519996041689,0
Archaea,2530,0.8700033444720607,0.4930458199877867,0
Archaea,2530,0.8692694617458545,0.4943385508698187,0
Archaea,2530,0.8685336581627652,0.49563018939366976,0
Archaea,2530,0.8677959353487251,0.49692073270515824,0
Archaea,2530,0.8670562949339076,0.4982101779525231,0
Archaea,2530,0.8663147385527235,0.49949852228642927,0
Archaea,2530,0.8655712678438172,0.5007857628599747,0
Archaea,2530,0.8648258844500637,0.5020718968286964,0
Archaea,3181,0.4000462699855803,0.43331337795443114,0
Archaea,3181,0.6830139200023553,0.7304053566910748,0
Archaea,3181,0.6820287675597425,0.7313253449873994,0
Archaea,3181,0.6810423759364699,0.7322440045359252,0
Archaea,3181,0.6800547469247161,0.7331613336675362,0
Archaea,3181,0.679065882318908,0.7340773307155337,0
Archaea,3181,0.6780757839157174,0.7349919940156391,0
Archaea,3181,0.6770844535140581,0.7359053219059971,0
Archaea,3181,0.6760918929150819,0.736817312727179,0
Archaea,3181,0.6750981039221758,0.7377279648221851,0
Archaea,3181,0.674103088340959,0.7386372765364481,0
Archaea,3181,0.6731068479792791,0.739545246217836,0
Archaea,3181,0.6721093846472088,0.7404518722166554,0
Archaea,3181,0.6711107001570432,0.7413571528856542,0
Archaea,3181,0.6701107963232958,0.7422610865800242,0
Archaea,3181,0.669109674962696,0.743163671657405,0
Archaea,3181,0.6681073378941846,0.7440649064778864,0
Archaea,3181,0.6671037869389118,0.7449647894040113,0
Archaea,3181,0.6660990239202331,0.7458633188007792,0
Archaea,3181,0.6650930506637064,0.7467604930356482,0
Archaea,3181,0.6640858689970882,0.7476563104785395,0
Archaea,3181,0.6630774807503307,0.7485507695018387,0
Archaea,3181,0.6620678877555782,0.7494438684803999,0
Archaea,3181,0.6610570918471645,0.7503356057915481,0
Archaea,3181,0.6600450948616081,0.7512259798150825,0
Archaea,3181,0.6590318986376102,0.7521149889332791,0
Archaea,3181,0.658017505016051,0.7530026315308939,0
Archaea,3181,0.6570019158399864,0.7538889059951656,0
Archaea,3181,0.6559851329546437,0.7547738107158187,0
Archaea,3181,0.6549671582074198,0.7556573440850667,0
Archaea,3181,0.6539479934478769,0.7565395044976142,0
Archaea,3181,0.6529276405277394,0.7574202903506607,0
Archaea,3181,0.6519061013008903,0.758299700043903,0
Archaea,3181,0.6508833776233681,0.7591777319795384,0
Archaea,3181,0.6498594713533635,0.7600543845622673,0
Archaea,3181,0.6488343843512155,0.7609296561992962,0
Archaea,3181,0.6478081184794087,0.7618035453003409,0
Archaea,2526,0.7976064621081413,0.46464495856567084,0
Archaea,2526,0.8648258844500637,0.5020718968286964,0
Archaea,2526,0.8639407222083401,0.5035935151589342,0
Archaea,2526,0.8630528827572685,0.5051135729361947,0
Archaea,3560,0.8337068914697514,0.2548707860930341,0
Archaea,3560,0.9567920202035219,0.2907731591376055,0
Archaea,3560,0.9563301430788415,0.29228865431077333,0
Archaea,3560,0.9558658655118534,0.29380341582302194,0
Archaea,3560,0.9553991886679204,0.2953174398722151,0
Archaea,3560,0.9549301137184278,0.2968307226580673,0
Archaea,2061,0.9220383370385684,0.04377568901012527,0
Archaea,2061,0.9989203122052308,0.04645653736347806,0
Archaea,2061,0.9988538978239853,0.04786325105790001,0
Archaea,2061,0.9987855024614637,0.04926986982732406,0
Archaea,2065,0.819876252073654,0.032314391709609896,0
Archaea,2065,0.9993037105411723,0.03731077724525395,0
Archaea,2065,0.9992456248696304,0.03883530840487716,0
Archaea,2065,0.9991852133847469,0.040359749172632575,0
Archaea,2065,0.9991224762271338,0.04188409600027882,0
Archaea,2065,0.999057413542816,0.043408345339793174,0
Archaea,2065,0.9989900254832316,0.0449324936433798,0
Archaea,2065,0.9989203122052308,0.04645653736347806,0
Archaea,2077,0.8969085651792567,0.030760619542880393,2
Archaea,2077,0.99949803067651,0.03168101440576561,2
Archaea,2077,0.9994367810210972,0.033557722541725454,2
Archaea,2077,0.9993720075665256,0.03543431236037228,2
Archaea,2077,0.9993037105411723,0.03731077724525395,2
Archaea,2116,0.9743241913311242,0.00823292784028285,0
Archaea,2116,0.9999700034239017,0.007745466570971336,0
Archaea,2116,0.9999643016293117,0.008449583836079766,0
Archaea,2116,0.9999581040387879,0.009153696911769336,0
Archaea,2447,0.5290571405446742,0.31431952992259937,0
Archaea,2447,0.8630528827572685,0.5051135729361947,0
Archaea,2447,0.8623746384037101,0.5062706618381815,0
Archaea,2447,0.8616948427501735,0.5074268400249969,0
Archaea,2447,0.8610134970195229,0.5085821054168265,0
Archaea,2447,0.8603306024374108,0.5097364559354979,0
Archaea,2447,0.8596461602322759,0.5108898895044844,0
Archaea,2447,0.8589601716353408,0.5120424040489088,0
Archaea,2447,0.8582726378806097,0.5131939974955472,0
Archaea,2447,0.8575835602048669,0.5143446677728325,0
Archaea,2447,0.8568929398476735,0.5154944128108583,0
Archaea,2447,0.8562007780513656,0.5166432305413825,0
Archaea,2447,0.8555070760610527,0.5177911188978314,0
Archaea,2447,0.8548118351246146,0.5189380758153027,0
Archaea,2447,0.854115056492699,0.5200840992305701,0
Archaea,2447,0.8534167414187208,0.5212291870820861,0
Archaea,2447,0.8527168911588576,0.5223733373099865,0
Archaea,2447,0.8520155069720495,0.5235165478560935,0
Archaea,2447,0.8513125901199954,0.52465881666392,0
Archaea,2447,0.8506081418671514,0.5258001416786725,0
Archaea,2447,0.8499021634807284,0.5269405208472557,0
Archaea,2447,0.84919465623069,0.5280799521182756,0
Archaea,2447,0.8484856213897497,0.5292184334420432,0
Archaea,2447,0.8477750602333691,0.5303559627705786,0
Archaea,2447,0.8470629740397555,0.5314925380576141,0
Archaea,2447,0.8463493640898596,0.5326281572585985,0
Archaea,2447,0.8456342316673727,0.5337628183307003,0
Archaea,2447,0.8449175780587255,0.5348965192328115,0
Archaea,2447,0.8441994045530846,0.53602925792555145,0
Archaea,2447,0.8434797124423509,0.5371610323712704,0
Archaea,2447,0.842758503021157,0.5382918405340532,0
Archaea,2447,0.842035777586865,0.5394216803797227,0
Archaea,2447,0.8413115374395641,0.5405505498758437,0
Archaea,2447,0.8405857838820683,0.5416784469917266,0
Archaea,2447,0.8398585182199139,0.5428053696984312,0
Archaea,2447,0.8391297417613576,0.5439313159687695,0
Archaea,2447,0.8383994558173733,0.5450562837773107,0
Archaea,2447,0.8376676617016509,0.5461802711003838,0
Archaea,2447,0.8369343607305926,0.5473032759160814,0
Archaea,2447,0.8361995542233119,0.5484252962042637,0
Archaea,2447,0.8354632435016301,0.5495463299465622,0
Archaea,2447,0.8347254298900748,0.5506663751263824,0
Archaea,2447,0.8339861147158768,0.5517854297289088,0
Archaea,2447,0.8332452993089678,0.5529034917411072,0
Archaea,3559,0.9302408442903778,0.2898747704230183,0
Archaea,3559,0.9549301137184278,0.2968307226580673,0
Archaea,3559,0.9547208665085456,0.29750305385520304,0
Archaea,3559,0.9545111459350416,0.2981752375462686,0
Archaea,3597,0.791007646123867,0.21805548009505102,0
Archaea,3597,0.9646012548046727,0.26371275894285207,0
Archaea,3597,0.9641542197050376,0.2653424968318684,0
Archaea,3597,0.9637044310908962,0.2669714769329715,0
Archaea,3597,0.9632518902467935,0.2685996945939801,0
Archaea,3597,0.9627965984651345,0.27022714516489,0
Archaea,3597,0.9623385570461808,0.2718538239978881,0
Archaea,2058,0.9219113830118354,0.046372489585580906,0
Archaea,2058,0.9987855024614637,0.04926986982732406,0
Archaea,2058,0.9987151262533115,0.05067639088206762,0
Archaea,2058,0.9986427693391025,0.05208281143264167,0
Archaea,2113,0.9230296364452677,0.009343241454484185,2
Archaea,2113,0.9999581040387879,0.009153696911769336,2
Archaea,2113,0.9999442214824764,0.01056190909845893,2
Archaea,2113,0.9999283557824998,0.011970100338197015,2
Archaea,3120,0.598201473773078,0.769110140155225,1
Archaea,3120,0.6144992786862945,0.7889173825528398,1
Archaea,3120,0.6139436178197379,0.7893498806856256,1
Archaea,3120,0.6133876525515656,0.7897819874479791,1
Archaea,3178,0.5972956080979623,0.7037818997843333,4
Archaea,3178,0.6478081184794087,0.7618035453003409,4
Archaea,3178,0.6467346431966414,0.7627150852640276,4
Archaea,3178,0.6456598852746197,0.7636251125697511,4
Archaea,2444,0.7686550075937714,0.5111168997579507,0
Archaea,2444,0.8332452993089678,0.5529034917411072,0
Archaea,2444,0.8324658299644433,0.5540763863779168,0
Archaea,2444,0.8316847096284917,0.5552481821403572,0
Archaea,3558,0.9298316969197982,0.2911845227980379,0
Archaea,3558,0.9545111459350416,0.2981752375462686,0
Archaea,3558,0.9543009521018981,0.2988472733979862,0
Archaea,3558,0.9540902851133322,0.29951916107715143,0
Archaea,3571,0.689635235326351,0.19963367401462198,0
Archaea,3571,0.9609869097944673,0.2765938524329136,0
Archaea,3571,0.9605768614442237,0.2780145558382955,0
Archaea,3571,0.9601647127563477,0.2794346513543378,0
Archaea,3571,0.9597504646320181,0.28085413587594793,0
Archaea,3571,0.959334117977004,0.28227300629936924,0
Archaea,3571,0.9589156737016632,0.283691259522188,0
Archaea,3571,0.9584951327209398,0.28510889244333987,0
Archaea,3571,0.9580724959543627,0.28652590196311684,0
Archaea,3571,0.9576477643260431,0.287942284983174,0
Archaea,3571,0.9572209387646727,0.2893580384065364,0
Archaea,3571,0.9567920202035219,0.2907731591376055,0
Archaea,3591,0.8632927300934508,0.24518738176009613,3
Archaea,3591,0.9623385570461808,0.2718538239978881,3
Archaea,3591,0.9618906041125347,0.2734345730152335,3
Archaea,3591,0.9614400546232214,0.2750145839152846,3
Archaea,3591,0.9609869097944673,0.2765938524329136,3
Archaea,2107,0.8717097691172326,0.012181006256377155,1
Archaea,2107,0.9999196792633165,0.01267418723020693,1
Archaea,2107,0.9998975060505257,0.014317031603614049,1
Archaea,2107,0.9998726336851236,0.015959837329206757,1
Archaea,2107,0.9998450622342512,0.017602599972347175,1
Archaea,3169,0.5612846338463302,0.6670726034666902,25
Archaea,3169,0.6456598852746197,0.7636251125697511,25
Archaea,3169,0.6443146374081178,0.7647605167774064,25
Archaea,3169,0.6429673929171646,0.7658935511187599,25
Archaea,3169,0.6416181559766482,0.7670242120827253,25
Archaea,3169,0.6402669307676303,0.7681524961655716,25
Archaea,2374,0.4244070232279611,0.28786030814315927,0
Archaea,2374,0.8316847096284917,0.5552481821403572,0
Archaea,2374,0.8309337058196739,0.5563714375601821,0
Archaea,2374,0.8301811849673294,0.5574936772074108,0
Archaea,2374,0.8294271484453429,0.5586148990331596,0
Archaea,2374,0.8286715976303659,0.5597351009904034,0
Archaea,2374,0.8279145339018146,0.5608542810339786,0
Archaea,2374,0.8271559586418675,0.5619724371205879,0
Archaea,2374,0.8263958732354627,0.5630895672088029,0
Archaea,2374,0.8256342790702953,0.5642056692590689,0
Archaea,2374,0.8248711775368147,0.5653207412337077,0
Archaea,2374,0.824106570028223,0.5664347810969218,0
Archaea,2374,0.823340457940471,0.5675477868147981,0
Archaea,2374,0.8225728426722569,0.5686597563553116,0
Archaea,2374,0.8218037256250234,0.569770687688329,0
Archaea,2374,0.8210331082029544,0.5708805787856124,0
Archaea,2374,0.8202609918129736,0.571989427620823,0
Archaea,2374,0.8194873778647412,0.5730972321695252,0
Archaea,2374,0.8187122677706515,0.5742039904091898,0
Archaea,2374,0.8179356629458303,0.5753097003191977,0
Archaea,2374,0.8171575648081325,0.5764143598808437,0
Archaea,2374,0.816377974778139,0.5775179670773406,0
Archaea,2374,0.8155968942791547,0.5786205198938223,0
Archaea,2374,0.8148143247372059,0.5797220163173477,0
Archaea,2374,0.8140302675810371,0.5808224543369042,0
Archaea,2374,0.8132447242421088,0.5819218319434117,0
Archaea,2374,0.812457696154595,0.5830201471297264,0
Archaea,2374,0.8116691847553802,0.5841173978906437,0
Archaea,2374,0.8108791914840572,0.5852135822229023,0
Archaea,2374,0.8100877177829242,0.5863086981251885,0
Archaea,2374,0.8092947650969822,0.5874027435981385,0
Archaea,2374,0.8085003348739325,0.5884957166443433,0
Archaea,2374,0.8077044285641737,0.5895876152683515,0
Archaea,2374,0.8069070476207996,0.5906784374766737,0
Archaea,2374,0.8061081934995961,0.5917681812777854,0
Archaea,2374,0.8053078676590386,0.592856844682131,0
Archaea,2374,0.8045060715602899,0.5939444257021272,0
Archaea,2374,0.8037028066671964,0.5950309223521675,0
Archaea,2374,0.8028980744462866,0.5961163326486243,0
Archaea,2050,0.9726954083396269,0.056912683198730316,0
Archaea,2050,0.99833353755066,0.057707432810556646,0
Archaea,2050,0.9982926559275118,0.05841038538817059,0
Archaea,2050,0.9982512793372545,0.05911330900511912,0
Archaea,2052,0.8704981458473396,0.047531847893603554,16
Archaea,2052,0.998568431862339,0.05348912868975635,16
Archaea,2052,0.9984532124159812,0.05559840479912745,16
Archaea,2052,0.99833353755066,0.057707432810556646,16
Archaea,2057,0.9730005700039198,0.05143249639983985,1
Archaea,2057,0.9986427693391025,0.05208281143264167,1
Archaea,2057,0.9986058481619178,0.052785983147204056,1
Archaea,2057,0.998568431862339,0.05348912868975635,1
Archaea,3530,0.8993845573473137,0.3019489430760918,2
Archaea,3530,0.9484472128378124,0.3169351423559485,2
Archaea,3530,0.9479999388255469,0.31827050756669145,2
Archaea,3530,0.9475507846883375,0.31960524156608544,2
Archaea,3556,0.9049121176408333,0.28495579581116587,0
Archaea,3556,0.9540902851133322,0.29951916107715143,0
Archaea,3556,0.9537733976926179,0.3005267140436592,0
Archaea,3556,0.9534554462607875,0.3015339317483898,0
Archaea,2361,0.6965050149655888,0.5243158042779388,0
Archaea,2361,0.7999500862062084,0.6000665459585959,0
Archaea,2361,0.7988219271040833,0.6015675596121508,0
Archaea,2361,0.7976909515276316,0.6030664522678588,0
Archaea,2361,0.79655716346443,0.604563218640947,0
Archaea,2369,0.6990579634151877,0.5209071532179677,18
Archaea,2369,0.8024781258648656,0.596681537764001,18
Archaea,2369,0.8012158936768816,0.5983753769328714,18
Archaea,2369,0.7999500862062084,0.6000665459585959,18
Archaea,3522,0.8495421270525609,0.28925657186930964,0
Archaea,3522,0.9475507846883375,0.31960524156608544,0
Archaea,3522,0.9470432400564092,0.3211060595246663,0
Archaea,3522,0.9465333182928208,0.32260607148902426,0
Archaea,3522,0.9460210206775048,0.3241052736940451,0
Archaea,3522,0.9455063484963568,0.32560366237664734,0
Archaea,3552,0.8553907965251444,0.27147334165006637,20
Archaea,3552,0.9534554462607875,0.3015339317483898,20
Archaea,3552,0.9529231637025108,0.3032118798450971,20
Archaea,3552,0.9523879281930234,0.3048888883383591,20
Archaea,2836,0.4207452060940938,0.850317127763772,5
Archaea,2836,0.4442769021664346,0.8958895212030311,5
Archaea,2836,0.44333040656699774,0.8963582713475347,5
Archaea,2836,0.442383416396752,0.8968260215321241,5
Archaea,3096,0.5242330392830699,0.6965673111852668,8
Archaea,3096,0.6022048484571455,0.7983416063908397,8
Archaea,3096,0.6008923656251649,0.7993299474768809,8
Archaea,3096,0.5995782607267346,0.800316130828252,8
Archaea,3096,0.5982625373091875,0.8013001537828213,8
Archaea,3102,0.5722554186368292,0.7566964266205964,2
Archaea,3102,0.6038899372381213,0.7970677158827459,2
Archaea,3102,0.6030477292218126,0.7977051060889703,2
Archaea,3102,0.6022048484571455,0.7983416063908397,2
Archaea,3106,0.5313023594093822,0.6911903510422152,19
Archaea,3106,0.6111607529780816,0.7915064965110927,19
Archaea,3106,0.609952490227695,0.7924379847439379,19
Archaea,3106,0.6087428077706777,0.7933676285225354,19
Archaea,3106,0.6075317084226491,0.794295425683075,19
Archaea,3106,0.6063191950025267,0.7952213740660445,19
Archaea,3106,0.6051052703325196,0.7961454715162352,19
Archaea,3106,0.6038899372381213,0.7970677158827459,19
Archaea,3118,0.5807440489445999,0.7502013701900474,7
Archaea,3118,0.6128313831574327,0.7902137026256555,7
Archaea,3118,0.6119964094334234,0.7908605407027193,7
Archaea,3118,0.6111607529780816,0.7915064965110927,7
Archaea,2356,0.7142377163626575,0.5433743410685038,0
Archaea,2356,0.79655716346443,0.604563218640947,0
Archaea,2356,0.7952782950704922,0.6062445326679418,0
Archaea,2356,0.7939958778893376,0.6079231414370899,0
Archaea,3516,0.8239183680865666,0.28492950218853413,0
Archaea,3516,0.9455063484963568,0.32560366237664734,0
Archaea,3516,0.9449701076491884,0.3271566836387133,0
Archaea,3516,0.9444313159220366,0.32870882176444605,0
Archaea,3516,0.9438899747693312,0.3302600725639587,0
Archaea,1983,0.9179071454835046,0.09755756345606521,5
Archaea,1983,0.9945012672800984,0.1047245404777614,5
Archaea,1983,0.994352799602031,0.10612497313829163,5
Archaea,1983,0.99420235986951,0.10752519532601382,5
Archaea,2806,0.37233102803322404,0.7882866889980824,21
Archaea,2806,0.42907421668381324,0.9032692381439612,21
Archaea,2806,0.4274834818618806,0.9040231594020384,21
Archaea,2806,0.42589142233937055,0.9047742792419267,21
Archaea,2806,0.4242980430498117,0.9055225953360303,21
Archaea,2806,0.42270334893082306,0.9062681053654414,21
Archaea,3090,0.536079093596674,0.7197293904066605,28
Archaea,3090,0.5982625373091875,0.8013001537828213,28
Archaea,3090,0.5965685203993876,0.8025621474181831,28
Archaea,3090,0.594871841409216,0.803820559763439,28
Archaea,3512,0.8467803090047133,0.2972445092654478,0
Archaea,3512,0.9438899747693312,0.3302600725639587,0
Archaea,3512,0.9433071389698633,0.3319211375741097,0
Archaea,3512,0.942721380017654,0.33358117401557597,0
Archaea,1977,0.8920573194869768,0.0981067212594764,3
Archaea,1977,0.99420235986951,0.10752519532601382,3
Archaea,1977,0.9940243547887843,0.10915851815933136,3
Archaea,1977,0.9938436664096038,0.1107915463269481,3
Archaea,1977,0.9936602952197238,0.11242427542061999,3
Archaea,2048,0.9469280853890143,0.05824901133142159,0
Archaea,2048,0.9981670413377186,0.06051906796295802,0
Archaea,2048,0.9981025637037713,0.061573308567586006,0
Archaea,2048,0.9980369726059494,0.06262748048222438,0
Archaea,2780,0.3668491577157537,0.8190316755106708,39
Archaea,2780,0.41054122248069197,0.9118420393050866,39
Archaea,2780,0.40882832698250726,0.9126113077628855,39
Archaea,2780,0.4071139900435613,0.9133773585494722,39
Archaea,2780,0.4053982177082369,0.9141401889639165,39
Archaea,2802,0.3891565692647389,0.8370353460369868,7
Archaea,2802,0.42270334893082306,0.9062681053654414,7
Archaea,2802,0.4211073449240978,0.9070108070199477,7
Archaea,2802,0.4195100359753882,0.9077506979980399,7
Archaea,2827,0.42487662383005026,0.8768439230767642,4
Archaea,2827,0.4366911485876224,0.8996114943380965,4
Archaea,2827,0.43605758761505115,0.8999187631577319,4
Archaea,2827,0.4354238104391832,0.9002255857853754,4
Archaea,2986,0.4709921717957201,0.7336161616233573,21
Archaea,2986,0.543362835270785,0.8394979626220029,21
Archaea,2986,0.5421060881154808,0.8403100554129592,21
Archaea,2986,0.5408481272344575,0.8411202668269147,21
Archaea,2986,0.539588955444174,0.8419285950498803,21
Archaea,2986,0.5383285755638001,0.8427350382720834,21
Archaea,2986,0.5370669904152107,0.8435395946879719,21
Archaea,2986,0.5358042028229791,0.8443422624962177,21
Archaea,2986,0.5345402156143705,0.8451430398997216,21
Archaea,2986,0.5332750316193361,0.8459419251056163,21
Archaea,2280,0.38274674155502,0.30141132121651126,0
Archaea,2280,0.7870966214729654,0.6168297240453344,0
Archaea,2280,0.7862543657518932,0.6179029635275172,0
Archaea,2280,0.7854106466245648,0.6189750529454179,0
Archaea,2280,0.7845654656613422,0.6200459903036236,0
Archaea,2280,0.7837188244353079,0.6211157736088652,0
Archaea,2280,0.7828707245222625,0.6221844008700218,0
Archaea,2280,0.7820211675007214,0.6232518700981239,0
Archaea,2280,0.7811701549519123,0.6243181793063576,0
Archaea,2280,0.7803176884597718,0.6253833265100681,0
Archaea,2280,0.7794637696109428,0.6264473097267632,0
Archaea,2280,0.7786083999947708,0.6275101269761173,0
Archaea,2280,0.7777515812033025,0.628571776279975,0
Archaea,2280,0.776893314831281,0.6296322556623543,0
Archaea,2280,0.776033602476144,0.6306915631494511,0
Archaea,2280,0.7751724457380208,0.6317496967696425,0
Archaea,2280,0.7743098462197284,0.6328066545534904,0
Archaea,2280,0.7734458055267699,0.6338624345337449,0
Archaea,2280,0.7725803252673302,0.6349170347453487,0
Archaea,2280,0.7717134070522738,0.6359704532254401,0
Archaea,2280,0.7708450524951415,0.6370226880133568,0
Archaea,2280,0.7699752632121476,0.63807373715064,0
Archaea,2280,0.7691040408221768,0.6391235986810372,0
Archaea,2280,0.7682313869467808,0.6401722706505066,0
Archaea,2280,0.767357303210176,0.6412197511072206,0
Archaea,2280,0.7664817912392401,0.6422660381015689,0
Archaea,2280,0.7656048526635088,0.6433111296861629,0
Archaea,2280,0.7647264891151734,0.6443550239158384,0
Archaea,2280,0.7638467022290769,0.6453977188476605,0
Archaea,2280,0.7629654936427122,0.646439212540926,0
Archaea,2280,0.7620828649962178,0.6474795030571674,0
Archaea,2280,0.7611988179323753,0.6485185884601571,0
Archaea,2280,0.7603133540966065,0.6495564668159098,0
Archaea,2280,0.75942647513697,0.6505931361926877,0
Archaea,2355,0.7732197302273054,0.5928799707369826,0
Archaea,2355,0.7939958778893376,0.6079231414370899,0
Archaea,2355,0.7935676178648661,0.6084820752300611,0
Archaea,2355,0.7931389643787505,0.6090407073293238,0
Archaea,1925,0.862424760134783,0.12747482729660412,9
Archaea,1925,0.989599793144395,0.14384800801043662,9
Archaea,1925,0.9893706505892114,0.14541566543079415,9
Archaea,1925,0.9891390246581928,0.14698295784967388,9
Archaea,1925,0.9889049159327334,0.14854988133308392,9
Archaea,1925,0.9886683250004594,0.15011643194795846,9
Archaea,1958,0.8660215683160337,0.1001645730748867,8
Archaea,1958,0.9936602952197238,0.11242427542061999,8
Archaea,1958,0.9934608495516228,0.11417329113311808,8
Archaea,1958,0.9932583253127302,0.11592195304147838,8
Archaea,1958,0.9930527231306348,0.11767025572688698,8
Archaea,1958,0.9928440436424637,0.11941819377164317,8
Archaea,2766,0.3862038444735876,0.8945512849622951,27
Archaea,2766,0.3970134709355887,0.9178127825954902,27
Archaea,2766,0.396367103538682,0.9180921082507766,27
Archaea,2766,0.3957205396175615,0.9183709787034791,27
Archaea,2800,0.3972385401716512,0.8615493534452264,3
Archaea,2800,0.4195100359753882,0.9077506979980399,3
Archaea,2800,0.41855102629295754,0.9081932825060489,3
Archaea,2800,0.41759154968311435,0.9086348538512349,3
Archaea,2819,0.377613061369259,0.7857701154734591,50
Archaea,2819,0.4347898173742535,0.9005319620689003,50
Archaea,2819,0.43336254526214885,0.9012196759746827,50
Archaea,2819,0.4319341853857448,0.9019051277685215,50
Archaea,2819,0.43050474133030464,0.9025883157298944,50
Archaea,2819,0.42907421668381324,0.9032692381439612,50
Archaea,3025,0.5426076957853251,0.809291232739125,7
Archaea,3025,0.5574715583685721,0.830196038059756,7
Archaea,3025,0.5568868456744125,0.8305883704427862,7
Archaea,3025,0.5563018568681626,0.8309802910087786,7
Archaea,3027,0.4883076248608798,0.7222063153909437,41
Archaea,3027,0.5609740199543544,0.8278334065113896,41
Archaea,3027,0.5592240368801082,0.8290165719546958,41
Archaea,3027,0.5574715583685721,0.830196038059756,41
Archaea,3088,0.5631566876929471,0.7634921684773858,13
Archaea,3088,0.5943056914806577,0.8042392337319146,13
Archaea,3088,0.5934559141789602,0.8048664969583555,13
Archaea,3088,0.5926054748293472,0.8054928622913327,13
Archaea,2225,0.5210857838594951,0.455806479427331,0
Archaea,2225,0.75942647513697,0.6505931361926877,0
Archaea,2225,0.7585411493212759,0.6516251413092944,0
Archaea,2225,0.7576544210871239,0.6526559416776462,0
Archaea,2225,0.7567662920739293,0.6536855353919622,0
Archaea,2225,0.7558767639236975,0.6547139205486919,0
Archaea,2225,0.7549858382810204,0.6557410952465195,0
Archaea,2225,0.7540935167930737,0.656767057586367,0
Archaea,2225,0.7531998011096137,0.65779180567139806,0
Archaea,2225,0.7523046928829747,0.6588153376070209,0
Archaea,2225,0.7514081937680653,0.6598376515008928,0
Archaea,2225,0.7505103054223655,0.6608587454629224,0
Archaea,2225,0.749611029505924,0.6618786176052741,0
Archaea,2225,0.7487103676813548,0.6628972660423714,0
Archaea,2225,0.7478083216138343,0.6639146888908997,0
Archaea,2225,0.746904892971098,0.664930884269811,0
Archaea,2225,0.7460000834234376,0.6659458503003259,0
Archaea,2225,0.7450938946436979,0.6669595851059388,0
Archaea,2225,0.7441863283072738,0.6679720868124195,0
Archaea,2225,0.7432773860921067,0.6689833535478183,0
Archaea,2225,0.7423670696786823,0.6699933834424684,0
Archaea,2225,0.7414553807500265,0.6710021746289898,0
Archaea,2225,0.7405423209917028,0.6720097252422927,0
Archaea,2225,0.7396278920918097,0.6730160334195808,0
Archaea,2225,0.7387120957409763,0.6740210973003551,0
Archaea,2225,0.7377949336323602,0.6750249150264168,0
Archaea,2225,0.7368764074616442,0.6760274847418712,0
Archaea,2225,0.7359565189270326,0.6770288045931312,0
Archaea,2225,0.735035269729249,0.6780288727289201,0
Archaea,2225,0.7341126615715325,0.6790276873002753,0
Archaea,2225,0.7331886961596344,0.6800252464605525,0
Archaea,2343,0.6889700826975309,0.53417836312939,2
Archaea,2343,0.7914204200714172,0.611272213251986,2
Archaea,2343,0.7903431407879411,0.6126644430758592,2
Archaea,2343,0.7892634123618439,0.6140547743539968,2
Archaea,2343,0.7881812381390257,0.6154432027779918,2
Archaea,2343,0.7870966214729654,0.6168297240453344,2
Archaea,2352,0.7315836219477122,0.5629000000133476,0
Archaea,2352,0.7931389643787505,0.6090407073293238,0
Archaea,2352,0.7922804778719116,0.610157065338963,0
Archaea,2352,0.7914204200714172,0.611272213251986,0
Archaea,1919,0.8853007186080681,0.14708442350776896,2
Archaea,1919,0.9866863106674206,0.162634941945187,2
Archaea,1919,0.9863405559850243,0.1647188745079114,2
Archaea,1919,0.9859903999342287,0.16680207204210573,2
Archaea,1887,0.9124085532527662,0.13993440559188472,1
Archaea,1887,0.9886683250004594,0.15011643194795846,1
Archaea,1887,0.9884025356791116,0.1518566016447832,1
Archaea,1887,0.9881336834618498,0.1535963007631261,1
Archaea,1953,0.9407447728404307,0.12273963741594938,2
Archaea,1953,0.991709329535385,0.12850138408778775,2
Archaea,1953,0.9915730518774775,0.12954876607048593,2
Archaea,1953,0.9914356680398921,0.13059600353109163,2
Archaea,1972,0.8650731653350111,0.10804960483547182,10
Archaea,1972,0.9924174553440817,0.12291295427406194,10
Archaea,1972,0.9921555973768973,0.12500908204483457,10
Archaea,1972,0.9918893120927308,0.1271046519849269,10
Archaea,1968,0.8909049510532491,0.10807200467920684,3
Archaea,1968,0.9928440436424637,0.11941819377164317,3
Archaea,1968,0.9926322874948802,0.12116576175917618,3
Archaea,1968,0.9924174553440817,0.12291295427406194,3
Archaea,2735,0.3567850468394074,0.8790734762074182,4
Archaea,2735,0.37688614189149316,0.9262595943093628,4
Archaea,2735,0.37590760669637885,0.9266571486951366,4
Archaea,2735,0.3749286521460244,0.9270536693201561,4
Archaea,2759,0.3532830980451114,0.8249740860428423,17
Archaea,2759,0.3957205396175615,0.9183709787034791,17
Archaea,2759,0.3939954108144571,0.9191124067583611,17
Archaea,2759,0.392268892868264,0.919850594220554,17
Archaea,2759,0.39054099186631264,0.9205855384873677,17
Archaea,2770,0.34943896931636037,0.7986981314683019,26
Archaea,2770,0.40346626561622695,0.9149945204806946,26
Archaea,2770,0.40185492987088817,0.9157033446146539,26
Archaea,2770,0.4002423488436136,0.9164093311354632,26
Archaea,2770,0.39862852753152545,0.9171124778553871,26
Archaea,2770,0.3970134709355887,0.9178127825954902,26
Archaea,2779,0.39374864370354795,0.8912560891772291,8
Archaea,2779,0.40475443425390134,0.9144254195678313,8
Archaea,2779,0.4041104501167994,0.914710196787156,8
Archaea,2779,0.40346626561622695,0.9149945204806946,8
Archaea,2791,0.3613852277218227,0.7933643650128755,24
Archaea,2791,0.41631152305522934,0.9092220387624991,24
Archaea,2791,0.4148705063136636,0.9098804663201889,24
Archaea,2791,0.41342844822385366,0.9105366100268656,24
Archaea,2791,0.4119853524054458,0.9111904682355718,24
Archaea,2791,0.41054122248069197,0.9118420393050866,24
Archaea,2799,0.4062605720488302,0.8856228082611861,1
Archaea,2799,0.41759154968311435,0.9086348538512349,1
Archaea,2799,0.4169516397343256,0.9089286716364806,1
Archaea,2799,0.41631152305522934,0.9092220387624991,1
Archaea,2831,0.38320550328997555,0.7830580059843035,6
Archaea,2831,0.44048795657016016,0.8977585199354249,6
Archaea,2831,0.4385905311448098,0.898687012251826,6
Archaea,2831,0.4366911485876224,0.8996114943380965,6
Archaea,2983,0.5047968625939098,0.8032719799264367,4
Archaea,2983,0.5332750316193361,0.8459419251056163,4
Archaea,2983,0.5320831794908777,0.8466920869494875,4
Archaea,2983,0.5308902721061721,0.8474405695876464,4
Archaea,3021,0.4984901495054022,0.7462564980304403,14
Archaea,3021,0.5563018568681626,0.8309802910087786,14
Archaea,3021,0.554838178765902,0.8319582894494993,14
Archaea,3021,0.5533727813119307,0.8329337097891393,14
Archaea,1915,0.8847112054579332,0.15058975046046563,5
Archaea,1915,0.9859903999342287,0.16680207204210573,5
Archaea,1915,0.9856952421954988,0.16853750180051066,5
Archaea,1915,0.9853970299503092,0.17027240928908424,5
Archaea,2041,0.8699325554247351,0.056953028892475076,7
Archaea,2041,0.9979926266524434,0.06333022301679374,7
Archaea,2041,0.9978719517249879,0.0652040486516247,7
Archaea,2041,0.9977477585156251,0.0670776443910024,7
Archaea,2041,0.99762004746223365,0.06895100362903116,7
Archaea,2755,0.35945197673879004,0.850214844810261,30
Archaea,2755,0.39054099186631264,0.9205855384873677,30
Archaea,2755,0.3889198339990461,0.9212716009528105,30
Archaea,2755,0.3872974709335658,0.9219548085499981,30
Archaea,2951,0.47321071974724216,0.7925544906398908,12
Archaea,2951,0.5134759971745835,0.8581039565959169,12
Archaea,2951,0.512267037130455,0.8588262237901129,12
Archaea,2951,0.5110570611305286,0.8595467877135177,12
Archaea,2982,0.5166961561644832,0.8260753555933746,1
Archaea,2982,0.5308902721061721,0.8474405695876464,1
Archaea,2982,0.5302934234319695,0.8478141807405688,1
Archaea,2982,0.5296963118310579,0.8481873715356617,1
Archaea,3085,0.5457762407972517,0.7444456332724239,7
Archaea,3085,0.5920381479270214,0.8059099400051735,7
Archaea,3085,0.5909026137820476,0.8067428964828537,7
Archaea,3085,0.5897659077269313,0.8075742529842248,7
Archaea,3164,0.5541781491813593,0.672988021778813,43
Archaea,3164,0.636472958259141,0.7712990168571835,43
Archaea,3164,0.6348422310831595,0.7726417938691619,43
Archaea,3164,0.6332086710372149,0.773981123105263,43
Archaea,1877,0.8609218174694568,0.1372585978834263,3
Archaea,1877,0.9878070189522421,0.15568331095106117,3
Archaea,1877,0.9875314313099418,0.15742195582236201,3
Archaea,1877,0.9872527834711357,0.15916011286906928,3
Archaea,1877,0.9869710762993074,0.1608977767049218,3
Archaea,1877,0.9866863106674206,0.162634941945187,3
Archaea,1886,0.96258520729682,0.15101367357696627,0
Archaea,1886,0.9880252851503911,0.15429204744084618,0
Archaea,1886,0.9879163969625258,0.1549877176184654,0
Archaea,1886,0.9878070189522421,0.15568331095106117,0
Archaea,1938,0.863479014004019,0.12012614562402286,7
Archaea,1938,0.9910639043195923,0.13338792132275623,7
Archaea,1938,0.9908434111855678,0.13501605278687354,7
Archaea,1938,0.9906202433398206,0.1366438197847038,7
Archaea,1938,0.9903944013847766,0.13827121792220506,7
Archaea,1938,0.9901658859300803,0.1398982428063312,7
Archaea,1938,0.9899346975925929,0.1415248900450436,7
Archaea,1938,0.989700836996391,0.14315115524732297,7
Archaea,1951,0.9403953380946684,0.12538881253687184,2
Archaea,1951,0.9913434643462044,0.13129408097117667,2
Archaea,1951,0.991204237217016,0.13234107496553552,2
Archaea,1951,0.9910639043195923,0.13338792132275623,2
Archaea,2013,0.8939930593211537,0.07853406835366974,4
Archaea,2013,0.9962517615064399,0.08650102713445419,4
Archaea,2013,0.9960979458132992,0.08825464490056895,4
Archaea,2013,0.9959410433774418,0.09000798918014201,4
Archaea,2029,0.9207550721117378,0.06543013906196828,3
Archaea,2029,0.99762004746223365,0.06895100362903116,3
Archaea,2029,0.9974721681653637,0.07105824185475208,3
Archaea,2029,0.997319837827265,0.07316516299577204,3
Archaea,2689,0.2859432628775306,0.9046005729793364,8
Archaea,2689,0.30274214886647216,0.9530725005474194,8
Archaea,2689,0.30139965546550523,0.9534979012484898,8
Archaea,2689,0.30005656431237915,0.9539214109207588,8
Archaea,2704,0.28104794249939063,0.8522929332239203,18
Archaea,2704,0.3141288326032411,0.9493803645153638,18
Archaea,2704,0.3124571041581816,0.9499318702207455,18
Archaea,2704,0.3107844074602566,0.9504804322444398,18
Archaea,2589,0.30088633635089324,0.8454931120972611,69
Archaea,2589,0.33809122846597534,0.9411133413326833,69
Archaea,2589,0.3366329364217565,0.9416359520090902,69
Archaea,2589,0.335173836546821,0.9421563030062925,69
Archaea,2589,0.3337139323426258,0.9426743930755844,69
Archaea,2589,0.3322532273125575,0.9431902209736857,69
Archaea,2589,0.33079172496192516,0.9437037854627447,69
Archaea,2622,0.31930582252597484,0.8387103085735773,65
Archaea,2622,0.35723700773248285,0.9340137687991232,65
Archaea,2622,0.3552631817577982,0.9347663192944671,65
Archaea,2622,0.3532877704846767,0.9355146985622227,65
Archaea,2724,0.35766968984546127,0.9063375772192852,48
Archaea,2724,0.36773694236496335,0.9299298582259136,48
Archaea,2724,0.3670820501045526,0.930188566093477,48
Archaea,2724,0.3664269758398565,0.9304468127608677,48
Archaea,2741,0.3342806401647486,0.8051600785551174,129
Archaea,2741,0.38664818937789425,0.9222272917512233,129
Archaea,2741,0.38525622663294723,0.9228096444232381,129
Archaea,2741,0.3838633867771068,0.9233898961392253,129
Archaea,2741,0.38246967298144463,0.9239680455781286,129
Archaea,2741,0.3810750884190216,0.9245440914236783,129
Archaea,2741,0.37967963626488155,0.9251180323643936,129
Archaea,2741,0.378283319696043,0.9256898670935862,129
Archaea,2741,0.37688614189149316,0.9262595943093628,129
Archaea,2901,0.42147240788573487,0.7631430454894008,30
Archaea,2901,0.4854171468329849,0.8742826737163012,30
Archaea,2901,0.483877351211148,0.8751358231639723,30
Archaea,2901,0.48233605613346364,0.8759862607105298,30
Archaea,2901,0.48079326637614983,0.8768339837206086,30
Archaea,2901,0.479248986720057,0.8776789895672555,30
Archaea,2910,0.4380457906786418,0.7832669246657222,20
Archaea,2910,0.48910651000221417,0.8722240663232436,20
Archaea,2910,0.4872629155794251,0.873255318392644,20
Archaea,2910,0.4854171468329849,0.8742826737163012,20
Archaea,2981,0.5155322981738651,0.8268021894343565,1
Archaea,2981,0.5296963118310579,0.8481873715356617,1
Archaea,2981,0.5290989375994933,0.8485601417878921,1
Archaea,2981,0.5285013010334619,0.8489324913124353,1
Archaea,3007,0.4777840183309246,0.729211032771304,29
Archaea,3007,0.550436846518266,0.8348768040825106,29
Archaea,3007,0.5490251720987569,0.8358058150084446,29
Archaea,3007,0.5476119297259632,0.8367324389682802,29
Archaea,3007,0.5461971234359437,0.837656673315685,29
Archaea,3007,0.5447807572692244,0.8385785154111512,29
Archaea,3007,0.543362835270785,0.8394979626220029,29
Archaea,3018,0.5095191372157816,0.7697150477469213,9
Archaea,3018,0.5527861419288738,0.8333231553793469,9
Archaea,3018,0.5516120412170429,0.8341008068479298,9
Archaea,3018,0.550436846518266,0.8348768040825106,9
Archaea,3082,0.5584419790921493,0.7669473920727782,19
Archaea,3082,0.5897659077269313,0.8075742529842248,19
Archaea,3082,0.5886280320160494,0.8084040078604959,19
Archaea,3082,0.5874889889060989,0.8092321594660519,19
Archaea,2180,0.6213670804239033,0.6114975468906735,0
Archaea,2180,0.7142401040905253,0.6999007599001129,0
Archaea,2180,0.7131303443154412,0.7010314629291188,0
Archaea,2180,0.7120187945431872,0.7021604063298261,0
Archaea,2180,0.7109054575638162,0.7032875872685236,0
Archaea,2180,0.709790336171866,0.7044130029159238,0
Archaea,2224,0.7134551670017985,0.6635941045490897,0
Archaea,2224,0.7327096812113069,0.6805413455913057,0
Archaea,2224,0.73223030297553,0.6810571073003816,0
Archaea,2224,0.7317505616899861,0.6815725313320584,0
Archaea,3465,0.893425610084876,0.3191495346449051,0
Archaea,3465,0.9420146132697812,0.3355718527918941,0
Archaea,3465,0.9416596533585714,0.3365666311989576,0
Archaea,3465,0.9413036429501039,0.3375610341388106,0
Archaea,3542,0.8280293746992321,0.2727519993016286,58
Archaea,3542,0.9504366556501246,0.31091825870573514,58
Archaea,3542,0.949942870314979,0.3124236596958349,58
Archaea,3542,0.949446700569939,0.3139282764850225,58
Archaea,3542,0.9489481476604181,0.31543210529662524,58
Archaea,3542,0.9484472128378124,0.3169351423559485,58
Archaea,3550,0.9020591097574676,0.29386239759989224,17
Archaea,3550,0.9510913248735667,0.30890984404878313,17
Archaea,3550,0.9507645205890812,0.30991422424441,17
Archaea,3550,0.9504366556501246,0.31091825870573514,17
Archaea,1911,0.8840670936968795,0.1543261606109848,5
Archaea,1911,0.9852768899971075,0.1709662248446392,5
Archaea,1911,0.9849744029974998,0.17270039212381322,5
Archaea,1911,0.9846688637251939,0.1744340242330476,5
Archaea,2035,0.8693374976585235,0.06541111260828343,5
Archaea,2035,0.9972680720445407,0.07386739795447479,5
Archaea,2035,0.9971453623664797,0.07550580316122649,5
Archaea,2035,0.9970199609650245,0.07714400454540182,5
Archaea,2035,0.9968918681786874,0.078781997684792,5
Archaea,2685,0.26841486522311514,0.8563554461401128,13
Archaea,2685,0.30005656431237915,0.9539214109207588,13
Archaea,2685,0.2983768638400775,0.9544481374726235,13
Archaea,2685,0.2966962387472453,0.9549719063476357,13
Archaea,2694,0.26761961693035025,0.8297023798458636,29
Archaea,2694,0.3087759006274155,0.9511348186202251,29
Archaea,2694,0.30726861579358694,0.9516228232594535,29
Archaea,2694,0.3057605596982955,0.9521084392720112,29
Archaea,2694,0.3042517361268467,0.9525916654389748,29
Archaea,2694,0.30274214886647216,0.9530725005474194,29
Archaea,2702,0.2940529439112365,0.9019970135187408,6
Archaea,2702,0.3107844074602566,0.9504804322444398,6
Archaea,2702,0.30978032683630036,0.9508081557839073,6
Archaea,2702,0.3087759006274155,0.9511348186202251,6
Archaea,2582,0.2870424988377678,0.8231846101263112,54
Archaea,2582,0.33079172496192516,0.9437037854627447,54
Archaea,2582,0.3290191430444806,0.9443232515988768,54
Archaea,2582,0.3272454010762938,0.9449393882543026,54
Archaea,2582,0.3254705053111978,0.9455521932566565,54
Archaea,2712,0.33210846678516537,0.8612635904337107,65
Archaea,2712,0.3618363871610916,0.932241615101047,65
Archaea,2712,0.36030423192116107,0.932834851653658,65
Archaea,2712,0.3587711040654346,0.9334255700845511,65
Archaea,2712,0.35723700773248285,0.9340137687991232,65
Archaea,2718,0.3181814864752098,0.8116568487681619,61
Archaea,2718,0.3664269758398565,0.9304468127608677,61
Archaea,2718,0.36489776325242346,0.9310475940430641,61
Archaea,2718,0.3633675656492819,0.9316458620281178,61
Archaea,2718,0.3618363871610916,0.932241615101047,61
Archaea,2847,0.39066604400891114,0.7793627785224699,12
Archaea,2847,0.44994543068488074,0.8930560505398287,12
Archaea,2847,0.4485299837520193,0.8937677850960021,12
Archaea,2847,0.44711341098373675,0.894477276244896,12
Archaea,2847,0.44569571593571056,0.895184522205648,12
Archaea,2847,0.4442769021664346,0.8958895212030311,12
Archaea,2938,0.4896728563954625,0.8423751566988317,1
Archaea,2938,0.5031676191275037,0.8641888376168483,1
Archaea,2938,0.502558984195343,0.86454292398038,1
Archaea,2938,0.5019501000875863,0.8648965816917431,1
Archaea,2940,0.48413106454931043,0.8158939015325116,15
Archaea,2940,0.5110570611305286,0.8595467877135177,15
Archaea,2940,0.5101489138530794,0.8600860920248178,15
Archaea,2940,0.5092401974633896,0.8606244368407441,15
Archaea,2977,0.47352463798317873,0.7623421851304532,7
Archaea,2977,0.5285013010334619,0.8489324913124353,7
Archaea,2977,0.5270060638499872,0.8498615232291337,7
Archaea,2977,0.5255091935619205,0.850787921565592,7
Archaea,3080,0.5566853928310143,0.7682233526964484,5
Archaea,3080,0.5874889889060989,0.8092321594660519,5
Archaea,3080,0.5866339418268472,0.809852220035665,5
Archaea,3080,0.5857782403101404,0.8104713771498383,5
Archaea,2177,0.6545612269480989,0.6508614338654267,0
Archaea,2177,0.709790336171866,0.7044130029159238,0
Archaea,2177,0.7087976213940868,0.7054118881235876,0
Archaea,2177,0.7078035008903855,0.7064093743200992,0
Archaea,2219,0.6373215296153402,0.5948508774277802,1
Archaea,2219,0.7317505616899861,0.6815725313320584,1
Archaea,2219,0.7303091619142738,0.6831167748079906,1
Archaea,2219,0.7288645032644866,0.6846579699974383,1
Archaea,3460,0.8442920579625673,0.3042402190176497,0
Archaea,3460,0.9413036429501039,0.3375610341388106,0
Archaea,3460,0.9405884722312003,0.3395487091799591,0
Archaea,3460,0.9398691043043919,0.3415348690456953,0
Archaea,2012,0.9702796249593785,0.08906660598990192,0
Archaea,2012,0.9958774182237289,0.09070924909864607,0
Archaea,2012,0.9958132993004146,0.09141046404226787,0
Archaea,2012,0.9957486866392903,0.09211163366333536,0
Archaea,2020,0.8688506401693558,0.07158815240762698,10
Archaea,2020,0.9967232233227118,0.08088767575584987,10
Archaea,2020,0.9965695828892922,0.0827590868718489,10
Archaea,2020,0.9964124287658377,0.08463020619710511,10
Archaea,2020,0.9962517615064399,0.08650102713445419,10
Archaea,2682,0.2730198486586025,0.8817772780898777,4
Archaea,2682,0.2966962387472453,0.9549719063476357,4
Archaea,2682,0.2953510764458633,0.9553887908292988,4
Archaea,2682,0.2940053283881926,0.9558037805320457,4
Archaea,2581,0.31647629954100753,0.9215303373968233,6
Archaea,2581,0.3254705053111978,0.9455521932566565,6
Archaea,2581,0.3248046232131391,0.9457811357493713,6
Archaea,2581,0.32413858007252017,0.9460096093109046,6
Archaea,2602,0.298390116886392,0.8191395709110642,113
Archaea,2602,0.3440484825704126,0.9389518846250837,113
Archaea,2602,0.34256045507551425,0.9394957874405061,113
Archaea,2602,0.3410715677346566,0.940037332068798,113
Archaea,2602,0.3395818242850304,0.9405765171506519,113
Archaea,2602,0.33809122846597534,0.9411133413326833,113
Archaea,2610,0.31918469807560185,0.8661363255467044,15
Archaea,2610,0.3466917300951635,0.9379791278507333,15
Archaea,2610,0.34537044881149986,0.9384664368467011,15
Archaea,2610,0.3440484825704126,0.9389518846250837,15
Archaea,2614,0.30592966165859703,0.8163536859751986,22
Archaea,2614,0.3526289492951246,0.9357632308009417,22
Archaea,2614,0.3511459628640903,0.9363207317817175,22
Archaea,2614,0.3496620950369905,0.9368758825449306,22
Archaea,2614,0.3481773495384167,0.9374286816971216,22
Archaea,2614,0.3466917300951635,0.9379791278507333,22
Archaea,2919,0.4489299950685942,0.7770798218550568,18
Archaea,2919,0.5019501000875863,0.8648965816917431,18
Archaea,2919,0.5005284031826639,0.8657201150530192,18
Archaea,2919,0.49910535513671117,0.8665413114640625,18
Archaea,2919,0.4976809597911457,0.8673601687081117,18
Archaea,2946,0.44106052362138776,0.7519919633817002,19
Archaea,2946,0.5068141791425278,0.8620553275863945,19
Archaea,2946,0.5049920258533339,0.8631240083699131,19
Archaea,2946,0.5031676191275037,0.8641888376168483,19
Archaea,2943,0.4819749899192126,0.8171694165299918,4
Archaea,2943,0.5092401974633896,0.8606244368407441,4
Archaea,2943,0.5080276920770082,0.8613407363424237,4
Archaea,2943,0.5068141791425278,0.8620553275863945,4
Archaea,2973,0.48390975992598134,0.7860676498657981,12
Archaea,2973,0.5255091935619205,0.850787921565592,12
Archaea,2973,0.5240106948078153,0.8517116834510553,12
Archaea,2973,0.5225105722312712,0.8526328060229383,12
Archaea,3510,0.8845672312384447,0.3429381280037905,15
Archaea,3510,0.9326994766754703,0.3606545247314997,15
Archaea,3510,0.9323180293824078,0.3616394504039953,15
Archaea,3510,0.9319355420134222,0.3626239726385294,15
Archaea,3455,0.8429991598763886,0.3078044938825256,0
Archaea,3455,0.9398691043043919,0.3415348690456953,0
Archaea,3455,0.9391455423797291,0.3435195048731358,0
Archaea,3455,0.938417789685978,0.3455026078061981,0
Archaea,2008,0.8935364855108358,0.08356876849349028,6
Archaea,2008,0.9957486866392903,0.09211163366333536,6
Archaea,2008,0.9955849950943972,0.09386435714843508,6
Archaea,2008,0.9954182183963368,0.09561678976342307,6
Archaea,2679,0.2705351891086351,0.8825427566815757,11
Archaea,2679,0.2940053283881926,0.9558037805320457,11
Archaea,2679,0.29265899724319366,0.9562168746328462,11
Archaea,2679,0.2913120856809833,0.9566280723124299,11
Archaea,2892,0.4144522929704851,0.7669782235105141,25
Archaea,2892,0.477393891204619,0.8786894062411998,25
Archaea,2892,0.4760011711155163,0.8794446458400079,25
Archaea,2892,0.4746072562367713,0.8801976779834196,25
Archaea,2892,0.47321215006718853,0.8809485007812822,25
Archaea,2892,0.47181585610856275,0.8816971123489881,25
Archaea,2960,0.45224637258756,0.7453183997253998,24
Archaea,2960,0.5219100695714953,0.85300051540422694,24
Archaea,2960,0.5205078908852581,0.85385685892085,24
Archaea,2960,0.519104307124776,0.8547108975112615,24
Archaea,2960,0.5176993220789247,0.8555626288700446,24
Archaea,2960,0.5162929395403617,0.856412050698011,24
Archaea,2960,0.514885163305517,0.8572591607022062,24
Archaea,2960,0.5134759971745835,0.8581039565959169,24
Archaea,2175,0.6704432612150353,0.6712462884150201,0
Archaea,2175,0.7073059141073282,0.7069075921708557,0
Archaea,2175,0.7065588764625459,0.7076542616928021,0
Archaea,2175,0.7058110505943758,0.70840014176937,0
Archaea,2207,0.6148095936492017,0.5813651992662188,0
Archaea,2207,0.7283822273007821,0.6851710231411948,0
Archaea,2207,0.7273360574482067,0.6862814725283635,0
Archaea,2207,0.7262881946706247,0.6873903245479127,0
Archaea,2207,0.7252386414070089,0.688497576618913,0
Archaea,2207,0.7241874001002675,0.6896032261641581,0
Archaea,2207,0.7231344731972371,0.6907072706101727,0
Archaea,2207,0.7220798631486781,0.6918097073872166,0
Archaea,3480,0.880647550000832,0.3528819050293236,5
Archaea,3480,0.9285771477396271,0.3711394356515336,5
Archaea,3480,0.9281846284745116,0.3721200014291533,5
Archaea,3480,0.9277910737446148,0.37310015207691183,5
Archaea,3502,0.8114017379047588,0.3188314887412692,43
Archaea,3502,0.9316799728248073,0.3632800961202889,43
Archaea,3502,0.9311032533770548,0.36475571489788083,43
Archaea,3502,0.930524196807903,0.36623041811816637,43
Archaea,3502,0.9299428045708166,0.3677042020795575,43
Archaea,3502,0.9293590781251225,0.3691770630827738,43
Archaea,3453,0.890004947755093,0.32856801303694594,9
Archaea,3453,0.938417789685978,0.3455026078061981,9
Archaea,3453,0.9380523428147974,0.3464935816716809,9
Archaea,3453,0.9376858494706047,0.3474841689956398,9
Archaea,1910,0.9590597738314206,0.1719876772687414,4
Archaea,1910,0.984422235306949,0.17582054098787778,4
Archaea,1910,0.9842981889322475,0.1765136687758137,4
Archaea,1910,0.9841736545290845,0.17720670904586613,4
Archaea,1997,0.9187617012486686,0.08915123238526736,0
Archaea,1997,0.9954182183963368,0.09561678976342307,0
Archaea,1997,0.9952825760745854,0.09701852277960697,0
Archaea,1997,0.9951449598543971,0.09842006338338954,0
Archaea,2569,0.2778775605935933,0.8263233990432505,79
Archaea,2569,0.32080596029196856,0.9471449391941805,79
Archaea,2569,0.3191381566322251,0.947708202444922,79
Archaea,2569,0.3174693640161398,0.9482685289047548,79
Archaea,2569,0.315799587615025,0.9488259168373196,79
Archaea,2569,0.3141288326032411,0.9493803645153638,79
Archaea,2578,0.3056195139699271,0.8981438965446338,28
Archaea,2578,0.3234723762195739,0.9462376138279763,28
Archaea,2578,0.3221394876980315,0.9466922152767762,28
Archaea,2578,0.32080596029196856,0.9471449391941805,28
Archaea,2730,0.3231762187161822,0.8096810669295333,25
Archaea,2730,0.3716624556603275,0.9283679330160726,25
Archaea,2730,0.36970052387389296,0.9291509687060382,25
Archaea,2730,0.36773694236496335,0.9299298582259136,25
Archaea,2888,0.4457047486266691,0.8375040437342557,10
Archaea,2888,0.47057371160012484,0.88236068699307,10
Archaea,2888,0.46964149062731864,0.8828572196461613,10
Archaea,2888,0.46870874573156823,0.88335276740085,10
Archaea,3063,0.5320564910379956,0.754312200790558,5
Archaea,3063,0.577185441455939,0.8166131067839365,5
Archaea,3063,0.5760348489807646,0.8174251358746608,5
Archaea,3063,0.5748831140820059,0.8182355438034793,5
Archaea,3068,0.5696456145243206,0.7904930643383796,1
Archaea,3068,0.5852074095273513,0.8108836462984605,1
Archaea,3068,0.5846362885907501,0.8112955133999159,1
Archaea,3068,0.5840648777835064,0.8117069782499949,1
Archaea,2206,0.7030901798854893,0.6745662383061153,0
Archaea,2206,0.7220798631486781,0.6918097073872166,0
Archaea,2206,0.7215925530403706,0.6923179814194341,0
Archaea,2206,0.7211048851566374,0.6928259121909579,0
Archaea,3474,0.8081042218616358,0.3270991670690055,230
Archaea,3474,0.9275281288832352,0.3737533546743956,230
Archaea,3474,0.9269128026726424,0.37527677285111466,230
Archaea,3474,0.9262949743264839,0.3767991779947225,230
Archaea,3474,0.9256746455125436,0.3783205659955941,230
Archaea,3438,0.8152892072518324,0.30875525424924466,59
Archaea,3438,0.9362094195582729,0.35144263078113036,59
Archaea,3438,0.9356638735742587,0.3528924987698288,59
Archaea,3438,0.9351160822424612,0.35434151990912727,59
Archaea,3438,0.9345660468774359,0.3557896907217553,59
Archaea,3438,0.9340137687991232,0.3572370077324829,59
Archaea,3438,0.9334592493328456,0.35868346746812907,59
Archaea,3448,0.8649334416377958,0.3224300659891343,5
Archaea,3448,0.9376858494706047,0.3474841689956398,5
Archaea,3448,0.9369497249997617,0.3494641795990983,5
Archaea,3448,0.9362094195582729,0.35144263078113036,5
Archaea,2667,0.2752985000793926,0.9346583048194186,7
Archaea,2667,0.2832185772172116,0.9590553881393182,7
Archaea,2667,0.2825431974499029,0.959254575998877,7
Archaea,2667,0.28186767759382486,0.9594532882469389,7
Archaea,2676,0.26804838339943654,0.8833012340499183,10
Archaea,2676,0.2913120856809833,0.9566280723124299,10
Archaea,2676,0.28996459637283,0.9570373727552868,10
Archaea,2676,0.2886165319911476,0.9574447751496704,10
Archaea,3043,0.4928746003889706,0.719097299938784,25
Archaea,3043,0.5679488418664691,0.8230638571961088,25
Archaea,3043,0.5666731454452603,0.8239426838264753,25
Archaea,3043,0.5653960891571943,0.8248195332105988,25
Archaea,3043,0.5641176760668715,0.8256944032442707,25
Archaea,3043,0.5628379092421475,0.8265672918280327,25
Archaea,3043,0.5615567917541269,0.8274381968671812,25
Archaea,3053,0.5397850566346674,0.7801908989814617,20
Archaea,3053,0.569686230843393,0.8218622745858629,20
Archaea,3053,0.5688178536360173,0.8224635246531693,20
Archaea,3053,0.5679488418664691,0.8230638571961088,20
Archaea,3057,0.4994363496675417,0.714555547958728,8
Archaea,3057,0.573730239043846,0.8190443289631467,8
Archaea,3057,0.5719987937274431,0.8202544605025626,8
Archaea,3057,0.5702647959686815,0.8214609318030883,8
Archaea,3062,0.5595810030673088,0.7976493665264561,5
Archaea,3062,0.5748831140820059,0.8182355438034793,5
Archaea,3062,0.5743068189375012,0.818640139329784,5
Archaea,3062,0.573730239043846,0.8190443289631467,5
Archaea,1900,0.9081931659289642,0.16509445562187933,4
Archaea,1900,0.9840486321592059,0.1778996614544159,4
Archaea,1900,0.983797123767495,0.179285301312752,4
Archaea,1900,0.9835436642559195,0.1806705856027455,4
Archaea,2002,0.8673384991297444,0.0880353702508221,11
Archaea,2002,0.9950053700086998,0.09982140879515987,11
Archaea,2002,0.9948400211149222,0.10145606136678698,11
Archaea,2002,0.994671986720856,0.10309044006495073,11
Archaea,2002,0.9945012672800984,0.1047245404777614,11
Archaea,2662,0.25862609285854654,0.8861058345422868,15
Archaea,2662,0.28186767759382486,0.9594532882469389,15
Archaea,2662,0.27984028084264073,0.960046570338081,15
Archaea,2662,0.27781163535423137,0.960635568393034,15
Archaea,2172,0.6499620597894084,0.6554542903601054,0
Archaea,2172,0.7048127247536029,0.709393419073931,0
Archaea,2172,0.7038130010899715,0.7103852894709517,0
Archaea,2172,0.7028118815861876,0.7113757509933007,0
Archaea,2195,0.6253902008767995,0.6073824125994375,16
Archaea,2195,0.7196397372716941,0.6943476424238274,16
Archaea,2195,0.7185632541830255,0.6954616091042701,16
Archaea,2195,0.7174850467310941,0.6965739068593365,16
Archaea,2195,0.7164051175033149,0.6976845330198037,16
Archaea,2195,0.7153234690912346,0.6987934849204603,16
Archaea,2195,0.7142401040905253,0.6999007599001129,16
Archaea,2205,0.7016636442858758,0.6760499546641034,0
Archaea,2205,0.7206168597392709,0.6933334994499486,0
Archaea,2205,0.7201284770302409,0.693840742944738,0
Archaea,2205,0.7196397372716941,0.6943476424238274,0
Archaea,2671,0.24957493131601471,0.8353075195079016,10
Archaea,2671,0.28726789520949025,0.9578502786875981,10
Archaea,2671,0.2852438726382447,0.9584549718804409,10
Archaea,2671,0.2832185772172116,0.9590553881393182,10
Archaea,2150,0.5530016749468203,0.5709731322827021,0
Archaea,2150,0.6967759633001425,0.7172888239524986,0
Archaea,2150,0.6955627960859991,0.7184653065395898,0
Archaea,2150,0.6943476424238272,0.7196397372716942,0
Archaea,2150,0.6931305057839668,0.7208121127947714,0
Archaea,2150,0.6919113896424216,0.7219824297606507,0
Archaea,2150,0.6906902974808482,0.7231506848270403,0
Archaea,1905,0.8570610549423664,0.15960152439408248,22
Archaea,1905,0.9832882541271545,0.18205551157702538,22
Archaea,1905,0.9829014826358972,0.1841322226883581,22
Archaea,1905,0.9825103251224905,0.18620811214256502,22
Archaea,2872,0.4005806099295092,0.774313549820962,8
Archaea,2872,0.46122805032803166,0.8872816269880734,8
Archaea,2872,0.45982173774193374,0.8880112440166443,8
Archaea,2872,0.45841427097747894,0.888738632087177,8
Archaea,2872,0.4570056535674878,0.8894637893738864,8
Archaea,2872,0.45559588904766896,0.8901867140565872,8
Archaea,2880,0.4500103296477376,0.864214159872544,14
Archaea,2880,0.4624771341665611,0.8866312087745867,14
Archaea,2880,0.4618527067437307,0.8869566377639267,14
Archaea,2880,0.46122805032803166,0.8872816269880734,14
Archaea,2649,0.26078717352697384,0.9388106630400427,2
Archaea,2649,0.26832837812840615,0.963327504793141,2
Archaea,2649,0.26764999388294686,0.9635162068042543,2
Archaea,2649,0.26697147693297163,0.9637044310908961,2
Archaea,2883,0.40564937321340183,0.7716701915322447,14
Archaea,2883,0.46621887252368893,0.884669408820459,14
Archaea,2883,0.46434903938241245,0.8856522848300177,14
Archaea,2883,0.4624771341665611,0.8866312087745867,14
Archaea,2932,0.4292587188021193,0.7587906501929238,12
Archaea,2932,0.4933997284254399,0.8698026833654299,12
Archaea,2932,0.4919699823681821,0.8706121619002635,12
Archaea,2932,0.49053890827274566,0.8714192902791301,12
Archaea,2932,0.48910651000221417,0.8722240663232436,12
Archaea,2163,0.6097120987238629,0.6231191340005372,1
Archaea,2163,0.7008054630028251,0.713352439559434,1
Archaea,2163,0.6994647610190162,0.7146670889950163,1
Archaea,2163,0.6981215928728813,0.7159792186681335,1
Archaea,2163,0.6967759633001425,0.7172888239524986,1
Archaea,2170,0.6657001635283505,0.6759504704472953,0
Archaea,2170,0.7023107990145914,0.7118704528125087,0
Archaea,2170,0.7015585223312532,0.7126118436739517,0
Archaea,2170,0.7008054630028251,0.713352439559434,0
Archaea,3075,0.5054562176116092,0.710310010182598,26
Archaea,3075,0.5806303415321373,0.8141673086609862,26
Archaea,3075,0.5789091831334062,0.8153920269930363,26
Archaea,3075,0.577185441455939,0.8166131067839365,26
Archaea,2640,0.23000705290561668,0.8409060911311738,102
Archaea,2640,0.26561404626521073,0.9640794461177058,102
Archaea,2640,0.2639165174614423,0.9645455260437551,102
Archaea,2640,0.26221817082405463,0.9650086170028156,102
Archaea,2640,0.26051901161594315,0.9654687175598452,102
Archaea,2640,0.25881904510252074,0.9659258262890683,102
Archaea,2661,0.2680508774117257,0.9367625835998556,5
Archaea,2661,0.2757817501810645,0.9612202797834994,5
Archaea,2661,0.27510484786992884,0.961414230536694,5
Archaea,2661,0.27442780915805914,0.9616077046076055,5
Archaea,3492,0.8043086427025848,0.33632410820778613,113
Archaea,3492,0.9229878116990418,0.3848291821769942,113
Archaea,3492,0.9221728316868876,0.38677806103576684,113
Archaea,3492,0.9213537366433321,0.38872521396658793,113
Archaea,2656,0.23719644809506496,0.8389065165433643,21
Archaea,2656,0.27307332387492456,0.9619932223191079,21
Archaea,2656,0.27104058133903036,0.9625679213787464,21
Archaea,2656,0.26900662933299707,0.9631383251511174,21
Archaea,3157,0.6062913783687129,0.7627490907432395,2
Archaea,3157,0.6227974765082273,0.7823830923882392,2
Archaea,3157,0.6222464146415739,0.7828214352364825,2
Archaea,3157,0.6216950442566649,0.7832593899511857,2
Archaea,3156,0.6046787795635415,0.7640281306728296,1
Archaea,3156,0.621143365626877,0.7836969563152046,1
Archaea,3156,0.6205913790257401,0.7841341341115882,1
Archaea,3156,0.6200390847269367,0.7845709231235776,1
Archaea,3148,0.538829419287323,0.6853387158174585,79
Archaea,3148,0.6194864830043018,0.7850073231346067,79
Archaea,3148,0.6182420065294052,0.7859877997542296,79
Archaea,3148,0.6169959782323898,0.7869663035003825,79
Archaea,3148,0.615748401240857,0.7879428319169663,79
Archaea,3148,0.6144992786862945,0.7889173825528398,79
