"","Group","Values"
"1","WT",8.54712394285458
"2","WT",9.17529581866363
"3","WT",9.01156060846684
"4","WT",9.59660299054139
"5","WT",8.84957864528189
"6","WT",8.64757275902571
"7","WT",7.6047461590352
"8","WT",7.73221545720722
"9","WT",8.66949092054123
"10","WT",7.82823106771874
"11","WT",10.1022620343664
"12","WT",8.85379530397971
"13","WT",8.22866928503914
"14","WT",8.41888406758414
"15","WT",9.28728260197825
"16","WT",9.84225533639619
"17","WT",7.41947439016846
"18","WT",7.78304705457172
"19","WT",9.00673937403445
"20","WT",8.98314357144945
"21","WT",9.28925524565701
"22","WT",10.5878042506452
"23","WT",9.13994969056453
"24","WT",7.11486454669659
"25","WT",9.39580208238953
"26","WT",9.16377948274091
"27","WT",9.37391660761911
"28","WT",8.31932740493056
"29","WT",8.66799563095355
"30","WT",10.1977957519784
"31","WT",10.276148375034
"32","WT",7.99762993848431
"33","WT",9.16826490792702
"34","WT",9.97918389827065
"35","WT",9.20830218675174
"36","WT",9.05212843692365
"37","WT",7.81113875317565
"38","WT",9.91005235910977
"39","WT",10.0213916846536
"40","WT",8.90167847106868
"41","WT",9.00071836690989
"42","WT",9.45717453423424
"43","WT",9.03204234228245
"44","WT",6.25607282082521
"45","WT",10.284726118268
"46","WT",8.84565526046122
"47","WT",8.26239968945525
"48","WT",8.28248960653569
"49","WT",9.86913446981735
"50","WT",8.59598558353866
"51","WT",8.73686831430324
"52","WT",9.34737058090543
"53","WT",7.53955287073766
"54","WT",9.36021386308286
"55","WT",7.87605052772653
"56","WT",7.13012447916052
"57","WT",9.87386503340481
"58","WT",8.85410217811306
"59","WT",9.62906827006638
"60","WT",9.04878462341359
"61","WT",8.32652756855075
"62","WT",10.5039739916623
"63","WT",7.82171239720121
"64","WT",8.58455337615026
"65","WT",9.25238829020448
"66","WT",8.03541853723476
"67","WT",6.34220579889604
"68","WT",7.61854682686641
"69","WT",9.27697551841378
"70","WT",8.79681509490265
"71","WT",9.78709199740386
"72","WT",11.4506250558538
"73","WT",9.5830471469702
"74","WT",10.6338770756408
"75","WT",9.97242138309441
"76","WT",9.09148951035797
"77","WT",9.44834120557921
"78","WT",10.9099519737277
"79","WT",9.04116709971049
"80","WT",10.0401939044083
"81","WT",10.5741987139329
"82","WT",10.7824548720696
"83","WT",10.0132671968859
"84","WT",9.60339771417824
"85","WT",8.49081104199025
"86","WT",9.12243104943893
"87","WT",7.30744810002395
"88","WT",9.51649623871799
"89","WT",10.289447692646
"90","WT",9.13818766655895
"91","WT",9.99403518857258
"92","WT",10.0394052776996
"93","WT",9.7732719675968
"94","WT",8.34474628617568
"95","WT",7.93659686009781
"96","WT",8.87426755127099
"97","WT",9.14788317628635
"98","WT",7.77518394468445
"99","WT",9.59383835613778
"100","WT",7.46962764322797
"101","WT",9.56766445934952
"102","WT",10.3010727298652
"103","WT",8.50512885643834
"104","WT",9.55087008055697
"105","WT",7.43847620668204
"106","WT",10.521742842227
"107","WT",7.4181139820271
"108","WT",7.67680471703461
"109","WT",7.66633860116396
"110","WT",9.60614721453656
"111","WT",7.53747367960882
"112","WT",9.36957942297256
"113","WT",8.52254151062402
"114","WT",9.10302930637615
"115","WT",9.08104893134101
"116","WT",10.1071526805671
"117","WT",8.8694887206415
"118","WT",9.27097158172304
"119","WT",9.42835551406051
"120","WT",8.14437207840727
"121","WT",9.85627474838675
"122","WT",9.26322158807814
"123","WT",9.56082728260724
"124","WT",8.31181360539591
"125","WT",8.72049595134959
"126","WT",8.25614206682059
"127","WT",10.3657157643846
"128","WT",9.42644545971532
"129","WT",9.28447760592043
"130","WT",9.2850299549492
"131","WT",9.58443225558972
"132","WT",9.90606802399621
"133","WT",8.46582899966856
"134","WT",9.51459473342904
"135","WT",10.163866701319
"136","WT",9.97986106739384
"137","WT",10.5287894753929
"138","WT",9.30452856419954
"139","WT",10.703661896238
"140","WT",9.31155980675934
"141","WT",7.88732816600677
"142","WT",8.90049394487756
"143","WT",9.65619607137485
"144","WT",9.23020115980273
"145","WT",9.15520467577919
"146","WT",10.5839103936332
"147","WT",8.56690144929804
"148","WT",8.78075609606157
"149","WT",9.21725919743346
"150","WT",9.56579154413727
"151","WT",7.69650373109966
"152","WT",10.3103507679413
"153","WT",8.64191603741116
"154","WT",9.65737196297055
"155","WT",9.24788409789656
"156","WT",8.89221708736499
"157","WT",10.2300843897541
"158","WT",9.92180917311243
"159","WT",8.59806354830905
"160","WT",9.4366587478375
"161","WT",9.76384319201969
"162","WT",8.93957451693107
"163","WT",10.234508092193
"164","WT",6.89600745169386
"165","WT",10.1330380109554
"166","WT",9.56770528170935
"167","WT",9.98423629403092
"168","WT",10.1668992189789
"169","WT",9.42056732707292
"170","WT",8.17786492887735
"171","WT",8.88440520619757
"172","WT",9.38896993556711
"173","WT",8.11472250199466
"174","WT",8.9614353999896
"175","WT",9.86795060276
"176","WT",7.08345653643041
"177","WT",8.46644978623114
"178","WT",9.95897197110356
"179","WT",9.97086351851402
"180","WT",9.39182899993559
"181","WT",10.873531900707
"182","WT",8.765602179097
"183","WT",9.84817834189653
"184","WT",9.59246832772414
"185","WT",8.36396000066647
"186","WT",8.65384741279922
"187","WT",8.37759841487571
"188","WT",9.70629105764261
"189","WT",8.40759231592334
"190","WT",10.9150736243218
"191","WT",10.2751720656733
"192","WT",10.139380966001
"193","WT",11.4296367546481
"194","WT",8.70195406902722
"195","WT",10.098302820542
"196","WT",9.44920104994013
"197","WT",11.9276259393321
"198","WT",10.5324508702079
"199","WT",8.68268848435518
"200","WT",9.33595679884503
"201","WT",8.40966702340315
"202","WT",8.92731252412866
"203","WT",9.01456486681586
"204","WT",8.55683211693786
"205","WT",9.33088480231118
"206","WT",8.95114913474192
"207","WT",9.21175988370478
"208","WT",8.30932856292534
"209","WT",8.66163751570242
"210","WT",9.40016089822279
"211","WT",7.23076154257561
"212","WT",10.1492060214715
"213","WT",9.04246204087837
"214","WT",9.4737857112691
"215","WT",11.2617490119062
"216","WT",10.8218431152147
"217","WT",7.57286640427959
"218","WT",9.58310873266101
"219","WT",7.76555123251618
"220","WT",8.38500130488069
"221","WT",7.71725357234965
"222","WT",7.42369690317282
"223","WT",9.088151352154
"224","WT",8.61585752702099
"225","WT",7.83037252126514
"226","WT",9.44463540993245
"227","WT",8.81048652195207
"228","WT",8.28068812992077
"229","WT",8.94096685398438
"230","WT",9.13407668341313
"231","WT",8.49709471650969
"232","WT",10.1556915284348
"233","WT",8.22588151234041
"234","WT",9.20998437328353
"235","WT",9.38684519186504
"236","WT",9.11271703910145
"237","WT",9.52854872564809
"238","WT",8.57245492537497
"239","WT",8.45592458872329
"240","WT",8.15828836840905
"241","WT",8.35872216846182
"242","WT",9.10906498739585
"243","WT",9.33853325110055
"244","WT",10.2465129265351
"245","WT",8.4863800058538
"246","WT",9.41091026339458
"247","WT",8.89170193876919
"248","WT",10.8313877934066
"249","WT",8.66029216254474
"250","WT",10.5688103228214
"251","WT",8.88525262367257
"252","WT",8.98056071673564
"253","WT",8.25879497713423
"254","WT",9.19681160973067
"255","WT",7.7989801960904
"256","WT",9.44512794538292
"257","WT",9.18872335936445
"258","WT",8.25081513228145
"259","WT",10.3187351342844
"260","WT",8.6184323191388
"261","WT",7.922806332256
"262","WT",9.08714641088312
"263","WT",9.81929716687629
"264","WT",10.3188835095002
"265","WT",10.3259989791899
"266","WT",10.140655182928
"267","WT",8.24809631772499
"268","WT",6.7704077138395
"269","WT",9.14688942126186
"270","WT",8.63350462424384
"271","WT",8.23225298883946
"272","WT",8.77162208947291
"273","WT",8.15557828760113
"274","WT",7.7694339287306
"275","WT",8.22626226294257
"276","WT",9.27900755689496
"277","WT",8.92504504082396
"278","WT",10.6603576363805
"279","WT",9.70463161921216
"280","WT",9.34497446957961
"281","WT",10.1191338171176
"282","WT",11.0245469503032
"283","WT",10.3417855252454
"284","WT",7.80010583736818
"285","WT",9.13150138949046
"286","WT",9.30554299327011
"287","WT",9.40356646903408
"288","WT",10.3947541097515
"289","WT",9.25419570258313
"290","WT",9.76138450781079
"291","WT",8.28208584640406
"292","WT",8.72817947731113
"293","WT",7.554724818082
"294","WT",7.34202805799286
"295","WT",8.38890883897009
"296","WT",8.75698647141282
"297","WT",9.37882510411338
"298","WT",10.8217126851372
"299","WT",8.88496262280067
"300","WT",12.0782014755126
"301","WT",7.59933311787491
"302","WT",8.17927427688845
"303","WT",6.79616936774465
"304","WT",9.7667324449845
"305","WT",5.86934649315675
"306","WT",10.0155540458161
"307","WT",9.60023907930828
"308","WT",7.81249639583117
"309","WT",8.21016275637683
"310","WT",8.08315011940214
"311","WT",10.0544854858684
"312","WT",9.77572345546352
"313","WT",8.43852691109396
"314","WT",8.04851112624984
"315","WT",7.59359890886042
"316","WT",8.03053773026074
"317","WT",9.37503140866802
"318","WT",10.0251564377786
"319","WT",8.96212316868213
"320","WT",8.58899433838646
"321","WT",6.97676467311825
"322","WT",9.47282393786853
"323","WT",9.19802159847995
"324","WT",9.38189271394757
"325","WT",7.58315738306386
"326","WT",9.11357258230898
"327","WT",9.40665453509672
"328","WT",9.73305686740228
"329","WT",8.00616825880476
"330","WT",7.29603889803239
"331","WT",8.38413646987513
"332","WT",7.99626479217965
"333","WT",7.64592778649553
"334","WT",9.39473524278481
"335","WT",8.69808316389419
"336","WT",11.527715284707
"337","WT",8.17637585195963
"338","WT",8.68770281109346
"339","WT",8.01467219575238
"340","WT",9.21623436401668
"341","WT",9.42395249390784
"342","WT",8.77958264993425
"343","WT",9.70186447839646
"344","WT",7.5588926317035
"345","WT",8.91322355571803
"346","WT",10.074834628918
"347","WT",8.52343044339105
"348","WT",8.35917537199173
"349","WT",7.92146758170119
"350","WT",8.96456232172883
"351","WT",10.5802088679656
"352","WT",8.61926590375502
"353","WT",9.48045721767709
"354","WT",7.98146076005064
"355","WT",8.51918641979536
"356","WT",8.93801492698546
"357","WT",8.91106687915293
"358","WT",8.40012327428784
"359","WT",9.58208254047322
"360","WT",7.86596854557541
"361","WT",8.3021377187363
"362","WT",9.2806086503459
"363","WT",9.72043068397745
"364","WT",8.58571755213796
"365","WT",8.21863657448042
"366","WT",6.22066551916943
"367","WT",9.81133705790459
"368","WT",7.64377993168731
"369","WT",9.75788339202486
"370","WT",8.11748020414394
"371","WT",8.99487614063733
"372","WT",8.53113351093406
"373","WT",8.55445836000575
"374","WT",9.46751081863635
"375","WT",9.08330803340801
"376","WT",7.61336675175699
"377","WT",8.02270952953717
"378","WT",10.2214388159857
"379","WT",9.92532348310553
"380","WT",9.007981364771
"381","WT",8.44430375764787
"382","WT",8.39795168258198
"383","WT",8.7447420705454
"384","WT",10.0525414076862
"385","WT",8.32830912358494
"386","WT",9.63829557294025
"387","WT",8.49673972474249
"388","WT",9.78096052472926
"389","WT",8.7987692470988
"390","WT",9.29320696328105
"391","WT",8.26451723258635
"392","WT",8.49578300856275
"393","WT",8.22779257231318
"394","WT",7.41174387592749
"395","WT",8.36790362035825
"396","WT",9.96207820883421
"397","WT",7.33112267689167
"398","WT",9.76864533073637
"399","WT",8.57346862467136
"400","WT",9.96919871496843
"401","WT",10.2738834309673
"402","WT",8.91167565348227
"403","WT",6.15806668208487
"404","WT",9.1618440271379
"405","WT",9.98228897347437
"406","WT",9.50414329989409
"407","WT",8.49028777329258
"408","WT",10.5214992749193
"409","WT",10.4905660716934
"410","WT",7.16992168706745
"411","WT",8.68807404854623
"412","WT",9.74103870006772
"413","WT",8.1157329927282
"414","WT",8.08108172119795
"415","WT",10.2816200047637
"416","WT",7.97403000754709
"417","WT",8.96934208583874
"418","WT",10.2528977299844
"419","WT",10.325826972806
"420","WT",8.68991403080452
"421","WT",10.2575511038354
"422","WT",8.48045456428692
"423","WT",8.84713462370088
"424","WT",8.66381492012743
"425","WT",11.3316458588022
"426","WT",7.82129226087585
"427","WT",9.22394488154585
"428","WT",7.78183760678421
"429","WT",9.17866833048319
"430","WT",9.01199749832908
"431","WT",7.34758620831179
"432","WT",8.37265399026193
"433","WT",7.82490347219722
"434","WT",8.577867431262
"435","WT",7.52843849037283
"436","WT",9.88966212964562
"437","WT",7.43115595400175
"438","WT",9.05576947196609
"439","WT",9.39924305897299
"440","WT",9.89160070303564
"441","WT",9.40709923975377
"442","WT",8.89696397866947
"443","WT",9.5868175410662
"444","WT",8.14940877955237
"445","WT",8.19870735986114
"446","WT",9.54202651223016
"447","WT",9.03966863793915
"448","WT",10.4960410202394
"449","WT",9.45804212935355
"450","WT",8.98062120205285
"451","WT",10.6159887744633
"452","WT",9.54033561272479
"453","WT",9.9167132208152
"454","WT",11.2121420951781
"455","WT",10.5071975743784
"456","WT",8.02060860868651
"457","WT",9.23329219734858
"458","WT",10.0953455725627
"459","WT",8.05389336239128
"460","WT",9.13985998185889
"461","WT",11.7997877989938
"462","WT",8.65870082992855
"463","WT",7.67410525138849
"464","WT",10.3137812176749
"465","WT",7.34334156766929
"466","WT",10.0767456604374
"467","WT",7.01493634168637
"468","WT",5.43308733690179
"469","WT",10.3002727659869
"470","WT",9.50326257938303
"471","WT",8.52857829230866
"472","WT",7.74825335704227
"473","WT",7.49096653342547
"474","WT",9.88755945605058
"475","WT",9.11690857970755
"476","WT",11.3539642702809
"477","WT",7.5052180681178
"478","WT",8.69686626801677
"479","WT",10.0257042815389
"480","WT",9.64761494391356
"481","WT",10.4488925142513
"482","WT",8.6795802978842
"483","WT",8.70195540582306
"484","WT",8.86884125290089
"485","WT",6.76003157383038
"486","WT",9.1521412756182
"487","WT",9.94796662960822
"488","WT",6.97687001333724
"489","WT",9.62677642186663
"490","WT",7.9246002714495
"491","WT",7.78629031143662
"492","WT",9.83442974709628
"493","WT",8.55334770461441
"494","WT",9.93629948185123
"495","WT",8.21276079422169
"496","WT",9.14290817113596
"497","WT",8.98481765413591
"498","WT",7.84677805097753
"499","WT",7.94437958633575
"500","WT",9.04835615000493
"501","WT",8.64162302070586
"502","WT",8.72093635005689
"503","WT",8.80032026806047
"504","WT",9.28810901533924
"505","WT",9.40595810277143
"506","WT",8.94156343618066
"507","WT",10.8413441538106
"508","WT",7.56387224580416
"509","WT",8.17026676405274
"510","WT",9.48759085836311
"511","WT",8.87850382557211
"512","WT",8.6032025716218
"513","WT",9.53045704310595
"514","WT",8.4853899413732
"515","WT",8.39272005889121
"516","WT",8.44836028788363
"517","WT",9.87665187622539
"518","WT",7.85158921937351
"519","WT",8.35163960130128
"520","WT",9.7866759062701
"521","WT",9.35917095139775
"522","WT",9.94499832525005
"523","WT",8.34304438353144
"524","WT",10.1266715254917
"525","WT",8.46262841230267
"526","WT",8.49459622625967
"527","WT",8.95154294460213
"528","WT",7.61853366196637
"529","WT",7.28491628533911
"530","WT",10.3107254114712
"531","WT",9.05706675375072
"532","WT",8.48362196893813
"533","WT",8.35023794613867
"534","WT",7.9077224386484
"535","WT",8.55168063489393
"536","WT",9.25900345335883
"537","WT",10.3360974658319
"538","WT",9.07200930167333
"539","WT",9.40369799790105
"540","WT",8.31866620280585
"541","WT",9.46889477197611
"542","WT",9.11679397906769
"543","WT",9.0628210312513
"544","WT",10.4381065520685
"545","WT",10.4732420393973
"546","WT",9.89408004633569
"547","WT",10.2858802881553
"548","WT",10.9790330646896
"549","WT",10.8122199155625
"550","WT",9.57406676765556
"551","WT",9.43285451422736
"552","WT",8.11739960376656
"553","WT",8.46868259702236
"554","WT",8.99922435744706
"555","WT",7.49328742360609
"556","WT",7.76774505725519
"557","WT",7.9451362813902
"558","WT",8.71744665482406
"559","WT",9.03709816754458
"560","WT",8.43470687611261
"561","WT",8.60082277758671
"562","WT",9.06411206222087
"563","WT",9.35671601141378
"564","WT",9.24937138552682
"565","WT",10.3590996364392
"566","WT",10.7178247485754
"567","WT",9.77814783296
"568","WT",8.5338249652477
"569","WT",10.4967676990888
"570","WT",7.95730995260887
"571","WT",9.67843654931877
"572","WT",7.74632234090406
"573","WT",8.14748422188298
"574","WT",8.69232940485217
"575","WT",9.21785107056383
"576","WT",7.17111711391035
"577","WT",9.14033345977702
"578","WT",6.57098623935683
"579","WT",9.68190311884587
"580","WT",9.7174403276377
"581","WT",9.77299533789641
"582","WT",8.80653317999445
"583","WT",10.3228933906065
"584","WT",8.52338234080175
"585","WT",9.10890287300884
"586","WT",8.15263781044153
"587","WT",9.13770900589309
"588","WT",9.54607418044635
"589","WT",10.5503956472609
"590","WT",8.68939250361652
"591","WT",8.99103395791962
"592","WT",9.31866310651034
"593","WT",8.95518685828682
"594","WT",7.90674624684965
"595","WT",9.52993017052311
"596","WT",8.01810667253294
"597","WT",10.5110813647369
"598","WT",9.81554332694163
"599","WT",8.82481853044973
"600","WT",9.08869876940737
"601","WT",9.56598391510849
"602","WT",7.00999855052405
"603","WT",8.16996911170699
"604","WT",10.7418850947855
"605","WT",9.36697882318387
"606","WT",9.64846442695804
"607","WT",10.6620849446994
"608","WT",9.23020965051161
"609","WT",10.1345291563261
"610","WT",8.50108025050547
"611","WT",8.16933035788919
"612","WT",8.06770853598966
"613","WT",9.06856360207235
"614","WT",9.13155519154134
"615","WT",7.74061564686107
"616","WT",9.64626038733786
"617","WT",9.11403917714226
"618","WT",9.49972648405194
"619","WT",8.57760969255729
"620","WT",9.47147534012891
"621","WT",9.74697863658537
"622","WT",10.0931962685863
"623","WT",9.68134908932793
"624","WT",9.5761820622516
"625","WT",9.95674064831094
"626","WT",6.95318770256262
"627","WT",10.6731379232242
"628","WT",9.65020334206819
"629","WT",10.0149213560872
"630","WT",8.54912858621985
"631","WT",7.19689654094073
"632","WT",8.65233176809386
"633","WT",10.229862074747
"634","WT",8.43765238370581
"635","WT",10.0975354179501
"636","WT",8.63236580032461
"637","WT",10.4471541434479
"638","WT",11.3508840632749
"639","WT",9.24055919009916
"640","WT",8.3999819786083
"641","WT",7.13259806640354
"642","WT",9.74749279044873
"643","WT",7.00169786237018
"644","WT",8.55776312834001
"645","WT",7.69622958584422
"646","WT",9.54667620285388
"647","WT",9.31407878852847
"648","WT",8.19966243397613
"649","WT",9.93229139098004
"650","WT",9.69950731245279
"651","WT",9.14467514795757
"652","WT",8.66800548495305
"653","WT",9.05404097449718
"654","WT",9.93095722053291
"655","WT",7.99650936326167
"656","WT",10.6662670829516
"657","WT",9.32452243405089
"658","WT",9.02234964974149
"659","WT",10.3660607617451
"660","WT",10.2093533108661
"661","WT",8.69469956723733
"662","WT",10.827491359229
"663","WT",8.62995954051731
"664","WT",7.95893141921146
"665","WT",7.83753113048118
"666","WT",9.7190980594631
"667","WT",8.60001691438536
"668","WT",8.54764270071318
"669","WT",8.87978090465722
"670","WT",8.48860560351328
"671","WT",11.1664956149962
"672","WT",8.13166295599245
"673","WT",10.7580101003447
"674","WT",8.61379116060897
"675","WT",6.83882174875921
"676","WT",8.88282137549983
"677","WT",9.16639727831397
"678","WT",8.25987593508214
"679","WT",11.1426409105876
"680","WT",8.13991706909836
"681","WT",8.4126354180831
"682","WT",8.20941970721776
"683","WT",8.3024489236125
"684","WT",10.2775527220705
"685","WT",9.07957389366459
"686","WT",9.23437950909816
"687","WT",9.43365533299197
"688","WT",9.92288904139172
"689","WT",9.62098092336936
"690","WT",8.62540006737969
"691","WT",7.83102707571271
"692","WT",9.49161816299195
"693","WT",9.18166813090453
"694","WT",7.16944655437001
"695","WT",8.71848855329437
"696","WT",9.95118832212212
"697","WT",8.70424084341988
"698","WT",8.42439437154595
"699","WT",8.50841197727044
"700","WT",7.8704090331563
"701","WT",8.76023607373812
"702","WT",8.81802126551507
"703","WT",8.56580456844446
"704","WT",8.52882599744689
"705","WT",8.00425869880756
"706","WT",9.67962352007622
"707","WT",8.05422084861472
"708","WT",7.469318978934
"709","WT",8.19008947609471
"710","WT",7.7424994808507
"711","WT",8.52566742955075
"712","WT",8.52235055584817
"713","WT",9.46635593662075
"714","WT",9.3193264150292
"715","WT",8.21246733630528
"716","WT",9.0709620002283
"717","WT",9.16541136099726
"718","WT",9.98872159351971
"719","WT",7.40247160008842
"720","WT",9.25785020802648
"721","WT",9.54708997561778
"722","WT",8.52339652084531
"723","WT",7.37225955290718
"724","WT",10.4250558771223
"725","WT",8.92914509635977
"726","WT",10.7089301145301
"727","WT",8.13903362478787
"728","WT",7.95394053147014
"729","WT",8.97616834504257
"730","WT",8.47498223712339
"731","WT",8.06145213112431
"732","WT",10.0301841428511
"733","WT",9.7993683570609
"734","WT",9.38595468945648
"735","WT",9.57504133704654
"736","WT",9.29910498904836
"737","WT",9.39689024166005
"738","WT",10.118709344304
"739","WT",9.14405270122696
"740","WT",9.66634745992447
"741","WT",9.55322457876614
"742","WT",8.98403137042083
"743","WT",10.0326591254305
"744","WT",8.53279230646919
"745","WT",9.89954685666178
"746","WT",9.15836829082392
"747","WT",9.3867087931775
"748","WT",9.03410437122726
"749","WT",7.89772986329131
"750","WT",7.11400120836414
"751","WT",9.78535051939724
"752","WT",8.67927770060703
"753","WT",10.6667740493611
"754","WT",10.1676867694295
"755","WT",7.70960844043111
"756","WT",8.88054409158943
"757","WT",9.69449197014591
"758","WT",7.70764516754256
"759","WT",7.07581134402653
"760","WT",6.57437115584802
"761","WT",8.61326601613611
"762","WT",8.2786292960242
"763","WT",9.89776070024091
"764","WT",9.9802000147366
"765","WT",9.54670605640425
"766","WT",9.32769950718541
"767","WT",9.2646186111088
"768","WT",8.20555579754767
"769","WT",8.90578350070978
"770","WT",9.5724075427027
"771","WT",10.0652611238294
"772","WT",9.15590652202188
"773","WT",8.40674184753113
"774","WT",8.0303075128491
"775","WT",9.54228129308895
"776","WT",8.69063036027456
"777","WT",7.24029015095223
"778","WT",8.35648348735457
"779","WT",8.92471654111476
"780","WT",9.38694899223658
"781","WT",9.45785530375848
"782","WT",9.80085609350135
"783","WT",9.30037233226448
"784","WT",10.8180139099416
"785","WT",8.27085824831534
"786","WT",12.1080147442642
"787","WT",10.0381693524682
"788","WT",10.3892606355136
"789","WT",8.58304847214842
"790","WT",9.01362669969813
"791","WT",11.0975767412591
"792","WT",9.10089237453087
"793","WT",7.4462338028007
"794","WT",8.81280599892092
"795","WT",8.51343334439226
"796","WT",8.59996712080965
"797","WT",9.3673732383833
"798","WT",8.34669408658975
"799","WT",9.55081649469273
"800","WT",9.2964021316692
"801","WT",9.74624046460323
"802","WT",8.61628373530455
"803","WT",7.16249843683025
"804","WT",8.92971727414117
"805","WT",7.74540697337278
"806","WT",6.58233493737012
"807","WT",9.97076615514624
"808","WT",10.3303942135597
"809","WT",7.86469262477822
"810","WT",8.82745947114964
"811","WT",8.24074292235526
"812","WT",8.05092411889251
"813","WT",11.2860436946342
"814","WT",11.1147054109906
"815","WT",10.4775450909951
"816","WT",9.51338286885858
"817","WT",8.07610324704973
"818","WT",9.99656439816993
"819","WT",8.30744109400954
"820","WT",9.44612417089726
"821","WT",9.14067701058118
"822","WT",7.93837208127191
"823","WT",8.76282934386379
"824","WT",8.28186997748434
"825","WT",8.10921706892114
"826","WT",8.98144941319487
"827","WT",10.9709658151529
"828","WT",7.23036148399788
"829","WT",8.87980935956574
"830","WT",8.27637551960363
"831","WT",9.24203720033648
"832","WT",9.19092562146018
"833","WT",7.86327923946004
"834","WT",8.2986009658361
"835","WT",11.7869830964274
"836","WT",11.5932913348053
"837","WT",9.28587792887747
"838","WT",8.53065431142431
"839","WT",9.48390137958581
"840","WT",9.42233708004722
"841","WT",8.88716377748283
"842","WT",10.0774394771673
"843","WT",9.59831936469907
"844","WT",9.18269868375979
"845","WT",9.05830100510643
"846","WT",9.00087488651484
"847","WT",10.782907378907
"848","WT",7.84949269835101
"849","WT",8.68828896789452
"850","WT",8.34960618366732
"851","WT",6.19305496180684
"852","WT",8.84853897040328
"853","WT",7.86360636074317
"854","WT",8.93620760496939
"855","WT",9.42429342379053
"856","WT",7.26053670659984
"857","WT",6.39902226379566
"858","WT",8.96073653951926
"859","WT",9.32051325262425
"860","WT",9.42807496902312
"861","WT",7.4367037969649
"862","WT",9.8414946999527
"863","WT",9.05271256800045
"864","WT",8.87509444900624
"865","WT",8.20932302987864
"866","WT",8.59721210706487
"867","WT",10.661509359313
"868","WT",9.37864690134766
"869","WT",7.56491214524034
"870","WT",7.23692294412964
"871","WT",9.09227800838446
"872","WT",7.93411295209938
"873","WT",8.39573258253517
"874","WT",11.2610679140212
"875","WT",8.69041639847266
"876","WT",8.50331872770459
"877","WT",7.56670639290341
"878","WT",8.50821788676774
"879","WT",9.55398604745882
"880","WT",10.5795041540175
"881","WT",9.90196871982187
"882","WT",8.12624677844876
"883","WT",8.30508804134304
"884","WT",8.52425349193846
"885","WT",8.44907954151732
"886","WT",10.2439189144234
"887","WT",7.95617906360041
"888","WT",9.73980859080983
"889","WT",6.91027394824985
"890","WT",8.51549495988169
"891","WT",9.98771770697473
"892","WT",8.26426742914465
"893","WT",8.82343846296843
"894","WT",7.79886183570086
"895","WT",8.43781405122776
"896","WT",9.54425472567899
"897","WT",9.47489349011906
"898","WT",8.1101442702675
"899","WT",10.4906118864957
"900","WT",9.16664617702105
"901","WT",8.51824670283775
"902","WT",10.4515641546536
"903","WT",8.48537886954076
"904","WT",6.86062550718819
"905","WT",7.65901155705282
"906","WT",7.27619128515783
"907","WT",9.37240439217083
"908","WT",7.20181591487274
"909","WT",10.1872441442953
"910","WT",6.85187039235668
"911","WT",7.76489385418397
"912","WT",8.8362352788871
"913","WT",7.32145981631714
"914","WT",7.12885833536815
"915","WT",9.49566701676758
"916","WT",9.73743494336082
"917","WT",6.94747192080249
"918","WT",6.88132862015174
"919","WT",8.17969888934993
"920","WT",9.70005825860186
"921","WT",10.5442589057701
"922","WT",8.22950028834655
"923","WT",10.7255203915225
"924","WT",7.95873038602095
"925","WT",9.21466355975686
"926","WT",8.72629634840688
"927","WT",10.5376846548357
"928","WT",9.20832549900381
"929","WT",9.71107832552342
"930","WT",6.95504898383393
"931","WT",8.0188670722607
"932","WT",9.39180298428145
"933","WT",7.89924007217438
"934","WT",10.2461151818492
"935","WT",8.8645428232724
"936","WT",9.41803134077714
"937","WT",9.24480461837044
"938","WT",8.75498004030515
"939","WT",8.5705394406248
"940","WT",10.1832071557941
"941","WT",8.99530426994183
"942","WT",8.57071651936064
"943","WT",9.5671250890543
"944","WT",8.66369524534578
"945","WT",11.8938351338196
"946","WT",7.97041635512121
"947","WT",10.2848599481899
"948","WT",8.92209122321646
"949","WT",10.0979604828102
"950","WT",9.03854177602711
"951","WT",9.50646177633977
"952","WT",7.64920963294072
"953","WT",7.84859528557787
"954","WT",8.23696667332331
"955","WT",8.432318373283
"956","WT",7.82214836322822
"957","WT",9.55006025537778
"958","WT",6.29887669229174
"959","WT",8.86487080252811
"960","WT",9.17160230835178
"961","WT",7.9638860961873
"962","WT",8.03822348744029
"963","WT",8.48290339864683
"964","WT",8.68399932536411
"965","WT",8.70373264577792
"966","WT",10.432604467721
"967","WT",9.82873300418635
"968","WT",9.01865578739715
"969","WT",7.66202612674688
"970","WT",7.59297949707264
"971","WT",9.8185315788544
"972","WT",9.00145374570235
"973","WT",7.72167622294299
"974","WT",8.55331377746538
"975","WT",10.2454805526038
"976","WT",7.81707664491917
"977","WT",8.01747993122647
"978","WT",8.72984417184024
"979","WT",9.03579806733456
"980","WT",8.96132144607515
"981","WT",8.97001704975387
"982","WT",8.27444411482906
"983","WT",10.259659694029
"984","WT",7.36165744739061
"985","WT",9.2759267821879
"986","WT",9.23859989082091
"987","WT",6.16189964397133
"988","WT",8.27139708441984
"989","WT",8.68442989618089
"990","WT",7.68503452100832
"991","WT",10.6026791280747
"992","WT",10.6732378394085
"993","WT",7.56131732828448
"994","WT",9.64115642548909
"995","WT",8.87618470389471
"996","WT",8.46638477064305
"997","WT",9.42109002014332
"998","WT",10.2220329684893
"999","WT",9.79587209160405
"1000","WT",9.44558082427276
"1001","WT",7.93221378605093
"1002","WT",8.69167529408935
"1003","WT",7.34218446844134
"1004","WT",10.1439522497448
"1005","WT",11.3664155781363
"1006","WT",8.75984782747702
"1007","WT",9.58604594121615
"1008","WT",11.6270418987971
"1009","WT",10.8350135309301
"1010","WT",8.78142474143358
"1011","WT",9.58199977450377
"1012","WT",8.56450471395961
"1013","WT",9.92735657698682
"1014","WT",8.87320222256051
"1015","WT",11.0481374546575
"1016","WT",7.44909345382363
"1017","WT",7.94928683115245
"1018","WT",7.90191235738987
"1019","WT",8.09830556057588
"1020","WT",8.55471901049222
"1021","WT",8.83027329762639
"1022","WT",9.07785586091425
"1023","WT",9.21753198460322
"1024","WT",4.8484519565483
"1025","WT",9.81641853254465
"1026","WT",9.58735298038713
"1027","WT",7.15081978777204
"1028","WT",9.62182238888555
"1029","WT",9.14082363819529
"1030","WT",10.4409775311195
"1031","WT",8.97563025464901
"1032","WT",8.09640982210053
"1033","WT",9.37787772247427
"1034","WT",8.90780202834615
"1035","WT",9.1103844219379
"1036","WT",9.23876141521147
"1037","WT",10.3191744114654
"1038","WT",8.06251271042134
"1039","WT",9.55736889683981
"1040","WT",8.59976325895667
"1041","WT",6.44267453041653
"1042","WT",8.11697091679326
"1043","WT",10.836415572541
"1044","WT",8.40079507256129
"1045","WT",9.05552440148558
"1046","WT",7.33808684248154
"1047","WT",8.10735445513851
"1048","WT",11.4757339383151
"1049","WT",8.46448818937486
"1050","WT",7.97048721377667
"1051","WT",11.5206633990274
"1052","WT",9.77903361603667
"1053","WT",9.06040480243166
"1054","WT",9.29203182698445
"1055","WT",8.90103370651398
"1056","WT",9.18377497568527
"1057","WT",8.18181110505748
"1058","WT",8.27965722516215
"1059","WT",7.58688505503714
"1060","WT",6.92193114361822
"1061","WT",10.0424248169401
"1062","WT",8.52048280355822
"1063","WT",8.94550644238971
"1064","WT",5.91582075710902
"1065","WT",9.6039467280024
"1066","WT",10.0087628090975
"1067","WT",9.14938460107881
"1068","WT",10.1961142337357
"1069","WT",8.88540505674499
"1070","WT",7.70348248389546
"1071","WT",9.36648234699364
"1072","WT",8.28969186101551
"1073","WT",8.1596334805782
"1074","WT",8.129182071057
"1075","WT",8.95525064408545
"1076","WT",9.93807719400202
"1077","WT",8.07173372359022
"1078","WT",8.09274033781383
"1079","WT",8.01717222434191
"1080","WT",9.85732629054015
"1081","WT",6.65441760245729
"1082","WT",9.25781672457535
"1083","WT",8.63840175075195
"1084","WT",9.21611462488754
"1085","WT",9.65732233145737
"1086","WT",9.27993328240622
"1087","WT",8.15572646484119
"1088","WT",9.25060189629718
"1089","WT",8.43830672570581
"1090","WT",10.2740737219988
"1091","WT",9.0666722604072
"1092","WT",6.94376712078957
"1093","WT",9.29006935535241
"1094","WT",7.52452487843126
"1095","WT",9.57659065839978
"1096","WT",8.11616986839369
"1097","WT",9.60080016679261
"1098","WT",9.59713041388262
"1099","WT",7.47226748016789
"1100","WT",8.73983906777389
"1101","WT",7.30412285387565
"1102","WT",7.49348283045718
"1103","WT",8.57648182801335
"1104","WT",7.27778636495083
"1105","WT",10.2255555726085
"1106","WT",11.0318754970242
"1107","WT",10.2665155361082
"1108","WT",7.4069702497763
"1109","WT",11.9283321720897
"1110","WT",10.9750988008543
"1111","WT",8.10848954191953
"1112","WT",9.6592146526311
"1113","WT",8.15529019837844
"1114","WT",8.64560482365811
"1115","WT",10.3895357784992
"1116","WT",10.2993939427425
"1117","WT",8.06943763539191
"1118","WT",8.05102532952583
"1119","WT",8.5522051771568
"1120","WT",8.28921279824976
"1121","WT",7.87225289500805
"1122","WT",10.7897649823979
"1123","WT",8.81168468183824
"1124","WT",9.45273926674436
"1125","WT",9.31612130145938
"1126","WT",8.36871532177919
"1127","WT",7.80409404165276
"1128","WT",8.71025386514721
"1129","WT",8.9514092275188
"1130","WT",7.58225160465044
"1131","WT",12.2682226814232
"1132","WT",10.8264960091274
"1133","WT",9.30597663960756
"1134","WT",9.21928465996792
"1135","WT",9.6285035369154
"1136","WT",9.50117393997747
"1137","WT",7.30176007016687
"1138","WT",8.63160890686327
"1139","WT",9.67645835782285
"1140","WT",8.81075508550146
"1141","WT",8.98887953853029
"1142","WT",7.48097586831772
"1143","WT",9.58910720642318
"1144","WT",9.61635562867677
"1145","WT",8.42549497499351
"1146","WT",9.85920227054011
"1147","WT",9.93801642374163
"1148","WT",10.4894362532958
"1149","WT",9.14854596219217
"1150","WT",11.7438037980444
"1151","WT",6.97577240548684
"1152","WT",8.42327499811109
"1153","WT",10.6858537219373
"1154","WT",10.3603109795205
"1155","WT",10.1180925779043
"1156","WT",8.49322832197473
"1157","WT",8.90565583340063
"1158","WT",9.3900547905457
"1159","WT",9.03083980312308
"1160","WT",6.77945353947062
"1161","WT",8.86746330153144
"1162","WT",7.90268555091533
"1163","WT",7.08463743860447
"1164","WT",10.0258781019096
"1165","WT",7.63616171438669
"1166","WT",9.75458872358105
"1167","WT",8.74408688906979
"1168","WT",8.48985011873021
"1169","WT",9.16920753382785
"1170","WT",10.0730569754098
"1171","WT",9.5722904326556
"1172","WT",8.45068573741637
"1173","WT",8.39094551654071
"1174","WT",9.1767539241366
"1175","WT",8.80382283309052
"1176","WT",10.2908106732986
"1177","WT",10.0566999714993
"1178","WT",9.38755009862589
"1179","WT",7.96122081434279
"1180","WT",7.66654945529912
"1181","WT",10.6386574199219
"1182","WT",8.1681286147414
"1183","WT",8.85892651899896
"1184","WT",9.43629314599179
"1185","WT",8.39940571678042
"1186","WT",9.0409252719781
"1187","WT",9.14262215646416
"1188","WT",9.86810925666517
"1189","WT",9.16659367733022
"1190","WT",8.44205490079623
"1191","WT",10.4039466720574
"1192","WT",8.78290955401046
"1193","WT",9.93792170623106
"1194","WT",9.98190356833145
"1195","WT",9.49165694969853
"1196","WT",10.4388899111669
"1197","WT",10.5865716843322
"1198","WT",8.79843860599839
"1199","WT",8.91586815704075
"1200","WT",9.8579177274402
"1201","WT",8.75610489764363
"1202","WT",9.91197745502105
"1203","WT",9.63331533284277
"1204","WT",9.01735580680223
"1205","WT",8.32235918575008
"1206","WT",9.33107520727466
"1207","WT",9.56872377258161
"1208","WT",8.66815698555144
"1209","WT",9.09531220016505
"1210","WT",8.00004772534173
"1211","WT",7.72842112816373
"1212","WT",8.34515374637838
"1213","WT",9.22098085958596
"1214","WT",8.90226494081463
"1215","WT",9.99034001878116
"1216","WT",9.78387569936161
"1217","WT",8.43756070820604
"1218","WT",8.87213275530701
"1219","WT",9.0338975072267
"1220","WT",9.14075527994864
"1221","WT",9.20951707668791
"1222","WT",7.79377726511612
"1223","WT",10.1728239663886
"1224","WT",6.96098387840462
"1225","WT",7.76799888754108
"1226","WT",8.7156459191899
"1227","WT",8.95223205323009
"1228","WT",8.87230427416093
"1229","WT",9.48623504952194
"1230","WT",9.07422130914101
"1231","WT",8.31517828292559
"1232","WT",8.85644989076262
"1233","WT",7.92817586049767
"1234","WT",9.44818210924724
"1235","WT",10.0772181127815
"1236","WT",7.12231362088129
"1237","WT",8.27659821518085
"1238","WT",8.53757993660931
"1239","WT",8.50772870210904
"1240","WT",9.37283160114873
"1241","WT",8.51121278363587
"1242","WT",8.68010948686083
"1243","WT",7.59422508602634
"1244","WT",8.63556372424967
"1245","WT",9.80893690101692
"1246","WT",8.52193690136864
"1247","WT",8.80982976534317
"1248","WT",9.99625962741071
"1249","WT",7.50061217896946
"1250","WT",7.84108961056688
"1251","WT",9.87532900769838
"1252","WT",9.0173574948922
"1253","WT",8.09938897897733
"1254","WT",8.82360625628536
"1255","WT",8.34829309856813
"1256","WT",8.27736160769284
"1257","WT",6.5850733346267
"1258","WT",9.36109635763854
"1259","WT",9.34051518793407
"1260","WT",10.1431470934831
"1261","WT",7.78232877027947
"1262","WT",7.32468644170164
"1263","WT",10.1965252947818
"1264","WT",10.3392411979703
"1265","WT",9.05689982576919
"1266","WT",8.07069801658132
"1267","WT",9.33459580168307
"1268","WT",10.4706324684534
"1269","WT",6.93492765380947
"1270","WT",7.77406749180686
"1271","WT",8.45734789367814
"1272","WT",8.0415125750723
"1273","WT",7.81526243403532
"1274","WT",6.86290636909869
"1275","WT",10.5617427553728
"1276","WT",9.77800999642206
"1277","WT",6.82918034010244
"1278","WT",11.0223619945464
"1279","WT",10.1090391081304
"1280","WT",8.70180374902401
"1281","WT",8.11796528195534
"1282","WT",9.55169915781472
"1283","WT",7.45463113161785
"1284","WT",7.00269165030682
"1285","WT",8.95753553173624
"1286","WT",8.36411163435614
"1287","WT",8.28287666024188
"1288","WT",10.486697021745
"1289","WT",8.43682866875947
"1290","WT",9.00595430831348
"1291","WT",8.96919160322129
"1292","WT",8.69847803758207
"1293","WT",10.0138915101828
"1294","WT",9.19056849488251
"1295","WT",8.21439033265125
"1296","WT",8.14060425651455
"1297","WT",10.3034726662655
"1298","WT",10.3611775108483
"1299","WT",8.19618963249486
"1300","WT",9.4408172683512
"1301","WT",8.99187042675975
"1302","WT",7.72657441469054
"1303","WT",10.9461860105508
"1304","WT",8.51055523661742
"1305","WT",9.49759384323811
"1306","WT",9.18939176538993
"1307","WT",8.10518594921272
"1308","WT",6.48906209854561
"1309","WT",9.22205964511407
"1310","WT",8.83314629253197
"1311","WT",7.8445067334852
"1312","WT",8.95983813675848
"1313","WT",8.85169005338195
"1314","WT",7.81229502100716
"1315","WT",8.31672213585401
"1316","WT",10.5040751159532
"1317","WT",8.32021685364412
"1318","WT",7.54279108450261
"1319","WT",7.87891791937938
"1320","WT",8.17897443434713
"1321","WT",7.37098460730617
"1322","WT",7.08910725292518
"1323","WT",9.72138111912019
"1324","WT",6.27546746597931
"1325","WT",9.58858091112168
"1326","WT",8.01680562075554
"1327","WT",9.33926853875275
"1328","WT",10.7017404044923
"1329","WT",8.51163570620038
"1330","WT",8.43119511236478
"1331","WT",9.30625220190563
"1332","WT",8.3648623432483
"1333","WT",11.1537426421727
"1334","WT",8.33585694458771
"1335","WT",9.1949279572402
"1336","WT",8.05334398035787
"1337","WT",9.4103557434932
"1338","WT",9.10718501586346
"1339","WT",10.7040834589055
"1340","WT",10.5273551902049
"1341","WT",8.7487048710102
"1342","WT",8.58251279057076
"1343","WT",10.3731635562137
"1344","WT",8.5380207891421
"1345","WT",7.38947174620412
"1346","WT",8.4007781046755
"1347","WT",10.5451768790675
"1348","WT",9.14433292092762
"1349","WT",8.841140928997
"1350","WT",10.4477717768056
"1351","WT",8.98535473274831
"1352","WT",9.85121006073682
"1353","WT",7.48856379528096
"1354","WT",9.67138465219356
"1355","WT",7.43347555306265
"1356","WT",7.20994446283356
"1357","WT",7.50262579667803
"1358","WT",8.10082418754724
"1359","WT",8.004541273146
"1360","WT",9.55336234263864
"1361","WT",8.18615007544432
"1362","WT",9.6541480296731
"1363","WT",8.81400728223439
"1364","WT",9.12435092676741
"1365","WT",8.61650028462015
"1366","WT",9.0564297106557
"1367","WT",9.27012298964378
"1368","WT",7.74890149836257
"1369","WT",9.03406340786213
"1370","WT",7.88148065824307
"1371","WT",8.76308541678852
"1372","WT",7.65854391511815
"1373","WT",9.30254497632816
"1374","WT",7.47517673631671
"1375","WT",9.41862427087823
"1376","WT",9.12820123350022
"1377","WT",11.1086085842486
"1378","WT",7.80958452873232
"1379","WT",6.75873908307085
"1380","WT",8.49230159439241
"1381","WT",8.98783998127993
"1382","WT",7.52148661143491
"1383","WT",8.96125273575676
"1384","WT",8.88643184837403
"1385","WT",9.61807543141657
"1386","WT",8.08103202760045
"1387","WT",7.9188695118985
"1388","WT",10.862408249141
"1389","WT",8.77218244715418
"1390","WT",7.78140718977808
"1391","WT",9.08728172594537
"1392","WT",9.16407657597338
"1393","WT",7.88087689962135
"1394","WT",8.13131482629231
"1395","WT",7.9491355007692
"1396","WT",10.2918241611421
"1397","WT",8.32161769426548
"1398","WT",9.58813865403262
"1399","WT",9.18827795505203
"1400","WT",10.5494179580311
"1401","WT",9.03129816968043
"1402","WT",9.04529724470793
"1403","WT",10.1041385028639
"1404","WT",9.07140383355808
"1405","WT",9.84342563342908
"1406","WT",8.78006791475236
"1407","WT",12.0707950708976
"1408","WT",7.11540424403388
"1409","WT",8.57719135779888
"1410","WT",9.54338823215936
"1411","WT",9.46942663827591
"1412","WT",9.34848893302324
"1413","WT",7.81226990853593
"1414","WT",9.4339235365528
"1415","WT",9.73668277245155
"1416","WT",8.68971841409905
"1417","WT",10.6045200629579
"1418","WT",9.25725338383848
"1419","WT",9.56432674926981
"1420","WT",9.52586886182442
"1421","WT",7.54234424999102
"1422","WT",9.53998603247731
"1423","WT",7.91125304054433
"1424","WT",8.05988335183363
"1425","WT",9.19067525701299
"1426","WT",6.92678772037806
"1427","WT",8.53037442483915
"1428","WT",8.7396818963963
"1429","WT",10.1047798734851
"1430","WT",8.38203852562933
"1431","WT",8.34682085958671
"1432","WT",8.97595974986306
"1433","WT",8.16853466210772
"1434","WT",9.93615710382165
"1435","WT",9.23157278202633
"1436","WT",8.28189581101867
"1437","WT",7.73893203368108
"1438","WT",10.8807809345788
"1439","WT",8.48471748839447
"1440","WT",9.34787097304097
"1441","WT",7.88491907021736
"1442","WT",10.2140668223063
"1443","WT",8.85152990337292
"1444","WT",9.66020447868977
"1445","WT",10.9581344724112
"1446","WT",7.86413776357668
"1447","WT",7.82865492679204
"1448","WT",9.76662956126678
"1449","WT",9.97807841749686
"1450","WT",9.38088093277272
"1451","WT",8.81875882087109
"1452","WT",9.97217865624759
"1453","WT",9.63034467167111
"1454","WT",9.34857425952912
"1455","WT",7.49289673475072
"1456","WT",8.14918801423902
"1457","WT",8.68415592407123
"1458","WT",8.39660454057092
"1459","WT",10.1161301236612
"1460","WT",9.4615666893969
"1461","WT",9.81906110679112
"1462","WT",8.05784762045892
"1463","WT",10.2737108473606
"1464","WT",10.6087128888098
"1465","WT",8.11341223153934
"1466","WT",8.35747391959392
"1467","WT",9.44971549074604
"1468","WT",8.71481487070335
"1469","WT",7.40843835774311
"1470","WT",8.26730725080302
"1471","WT",9.6343951671845
"1472","WT",8.05843274781537
"1473","WT",10.7152649157247
"1474","WT",8.98397259436369
"1475","WT",8.52201840459266
"1476","WT",8.97619282742387
"1477","WT",8.06222849600761
"1478","WT",7.13244622734776
"1479","WT",11.7366510727378
"1480","WT",8.54712440944114
"1481","WT",8.85010082944068
"1482","WT",9.26058882695365
"1483","WT",10.3709502703932
"1484","WT",10.4544829903888
"1485","WT",8.33245974642918
"1486","WT",9.30609113956656
"1487","WT",10.3240064753085
"1488","WT",11.5311404753817
"1489","WT",6.95603680086034
"1490","WT",8.85035501795182
"1491","WT",7.33377419211407
"1492","WT",9.46673936278031
"1493","WT",9.56451245793951
"1494","WT",9.81108061467288
"1495","WT",9.35127279898299
"1496","WT",8.19679643553809
"1497","WT",10.2216345848752
"1498","WT",8.81727114835357
"1499","WT",9.32018101110468
"1500","WT",10.2382018525071
"1501","WT",8.79232952886783
"1502","WT",8.87889836961587
"1503","WT",8.20492523257552
"1504","WT",7.71108639333705
"1505","WT",9.64127060659056
"1506","WT",9.03330441197554
"1507","WT",8.8610371963609
"1508","WT",10.5151578121058
"1509","WT",8.49544563298962
"1510","WT",9.89674297316699
"1511","WT",7.19254796990364
"1512","WT",8.95375034139331
"1513","WT",9.74064604356278
"1514","WT",8.47883152369347
"1515","WT",8.99427667053372
"1516","WT",7.85456823278833
"1517","WT",7.94122739896914
"1518","WT",9.24543604661169
"1519","WT",7.61772262876256
"1520","WT",9.93653642876148
"1521","WT",10.4340732795863
"1522","WT",7.14730793436162
"1523","WT",9.10023839633334
"1524","WT",9.78981519090351
"1525","WT",9.56211601814925
"1526","WT",8.46412507252413
"1527","WT",8.00180728778896
"1528","WT",9.21209488402948
"1529","WT",7.41914893918238
"1530","WT",9.51850063008873
"1531","WT",9.23221887612928
"1532","WT",9.30094868834483
"1533","WT",9.15497123555719
"1534","WT",8.88745176130564
"1535","WT",8.354156892236
"1536","WT",8.25339502707084
"1537","WT",8.76922387147092
"1538","WT",9.4633983057144
"1539","WT",8.21468623654747
"1540","WT",8.99823099356031
"1541","WT",9.63791964503238
"1542","WT",7.11782888946135
"1543","WT",7.62427509845749
"1544","WT",10.0432264213809
"1545","WT",11.1126074555984
"1546","WT",8.35810099383887
"1547","WT",9.44055330135845
"1548","WT",8.37282766957992
"1549","WT",9.18569271774694
"1550","WT",8.44960784047074
"1551","WT",8.72298471633303
"1552","WT",8.48186039130137
"1553","WT",9.52904303752338
"1554","WT",9.47883856721405
"1555","WT",9.08950497872257
"1556","WT",8.60584817508088
"1557","WT",8.13870115121338
"1558","WT",9.75545140275422
"1559","WT",10.5017306220685
"1560","WT",8.62375784252698
"1561","WT",8.58320894252707
"1562","WT",12.7575677005403
"1563","WT",9.89862974464808
"1564","WT",9.41525438710231
"1565","WT",8.58393550556437
"1566","WT",8.7376594159088
"1567","WT",7.80617668550509
"1568","WT",9.1251635986925
"1569","WT",8.66959807957752
"1570","WT",9.57347444253053
"1571","WT",8.63444665172174
"1572","WT",10.1649165668786
"1573","WT",9.53796954195722
"1574","WT",7.35259969711846
"1575","WT",7.70168918347273
"1576","WT",8.09232243004418
"1577","WT",8.46843685346891
"1578","WT",10.1458824041187
"1579","WT",9.32959015952834
"1580","WT",8.02376440688065
"1581","WT",9.71055467186498
"1582","WT",8.80871667405872
"1583","WT",7.38661530587143
"1584","WT",9.97871316270135
"1585","WT",8.58872250543151
"1586","WT",7.41339024864234
"1587","WT",9.4148039352082
"1588","WT",9.78114540808823
"1589","WT",7.68613240020106
"1590","WT",9.59922565410924
"1591","WT",8.81801201310698
"1592","WT",9.71293144091318
"1593","WT",10.2415280238405
"1594","WT",9.65027648175249
"1595","WT",10.1872543355944
"1596","WT",7.36859064976764
"1597","WT",8.51607973173021
"1598","WT",8.11687845156177
"1599","WT",8.49567726961618
"1600","WT",10.6332162508791
"1601","WT",9.10948100270052
"1602","WT",9.69402873897189
"1603","WT",10.7567756085622
"1604","WT",10.4278845619063
"1605","WT",8.24651066606748
"1606","WT",7.14279236638209
"1607","WT",7.86783372884056
"1608","WT",9.11453608341811
"1609","WT",7.60195115045993
"1610","WT",9.06573736940273
"1611","WT",9.76408712652281
"1612","WT",8.22014010251713
"1613","WT",12.067116505232
"1614","WT",9.38195997093905
"1615","WT",9.13241412416542
"1616","WT",10.979699076958
"1617","WT",9.62101779203164
"1618","WT",10.1402045103455
"1619","WT",9.24546850251752
"1620","WT",9.2427740803007
"1621","WT",9.98113476410136
"1622","WT",9.10789390035436
"1623","WT",8.91450612495613
"1624","WT",8.3844917936054
"1625","WT",6.83532886354164
"1626","WT",9.94793645096578
"1627","WT",9.0439524429813
"1628","WT",6.58510609004262
"1629","WT",9.24794366326802
"1630","WT",10.4397211607772
"1631","WT",9.1941914465838
"1632","WT",8.98120769346801
"1633","WT",8.03871895340841
"1634","WT",8.9588225933686
"1635","WT",8.81429712347931
"1636","WT",8.89814051674663
"1637","WT",9.29336208587558
"1638","WT",7.52141696628542
"1639","WT",11.0807044644556
"1640","WT",8.79101907155394
"1641","WT",9.77643797076091
"1642","WT",9.48279902082334
"1643","WT",8.1089217916056
"1644","WT",8.89876378714516
"1645","WT",9.62100786994017
"1646","WT",9.30837261159046
"1647","WT",10.2920169189707
"1648","WT",9.49298160207284
"1649","WT",10.053507393913
"1650","WT",10.0097107829307
"1651","WT",8.67361905723387
"1652","WT",9.85021026995857
"1653","WT",8.27086232810083
"1654","WT",7.81758250672821
"1655","WT",6.51757739699204
"1656","WT",8.96938318928145
"1657","WT",9.17920101105071
"1658","WT",8.46021788121852
"1659","WT",6.94323274999482
"1660","WT",9.49658330863253
"1661","WT",8.35829339253569
"1662","WT",7.89863481586065
"1663","WT",8.5381319535791
"1664","WT",8.1967325064354
"1665","WT",9.63986115789162
"1666","WT",9.76247441410152
"1667","WT",9.9050806334273
"1668","WT",8.01798135062654
"1669","WT",10.213827926372
"1670","WT",9.39666908686262
"1671","WT",8.65556604052792
"1672","WT",9.53807156852448
"1673","WT",8.51798536305008
"1674","WT",7.11139243629259
"1675","WT",9.77532100677384
"1676","WT",8.51837747308313
"1677","WT",8.96505837508402
"1678","WT",8.80578945920087
"1679","WT",8.4757772212089
"1680","WT",9.8839538900837
"1681","WT",9.40254367586633
"1682","WT",9.6387476367622
"1683","WT",9.00879036975346
"1684","WT",7.81559976059843
"1685","WT",10.2652826121863
"1686","WT",9.67817225095695
"1687","WT",8.50167655125354
"1688","WT",8.50276403483821
"1689","WT",9.85380655041704
"1690","WT",9.06519627258336
"1691","WT",8.20395987965167
"1692","WT",8.41587889383585
"1693","WT",10.1556583875621
"1694","WT",8.93493101107944
"1695","WT",9.24636996732737
"1696","WT",8.66419399145843
"1697","WT",9.38849443918787
"1698","WT",7.78605130125974
"1699","WT",7.45647863769052
"1700","WT",10.3356617896958
"1701","WT",7.71929808623076
"1702","WT",7.99512911717004
"1703","WT",9.53824288181923
"1704","WT",9.67072761248798
"1705","WT",9.77529007260632
"1706","WT",9.35634963795903
"1707","WT",9.55368579699547
"1708","WT",8.88749699479332
"1709","WT",9.26337217211483
"1710","WT",8.45167906192062
"1711","WT",9.59777923567747
"1712","WT",9.09091532649577
"1713","WT",9.60375373645621
"1714","WT",10.9557487610898
"1715","WT",7.92636608151855
"1716","WT",8.4909586578807
"1717","WT",8.63823809377899
"1718","WT",9.26407430657891
"1719","WT",9.52724045931324
"1720","WT",9.10856706513569
"1721","WT",9.23860590023014
"1722","WT",10.1454905746587
"1723","WT",7.76709257782409
"1724","WT",9.81068128627757
"1725","WT",9.46902666635206
"1726","WT",9.18264406440766
"1727","WT",9.11969020741833
"1728","WT",10.2747002916827
"1729","WT",8.52840792017343
"1730","WT",8.55147766051611
"1731","WT",9.8789405853647
"1732","WT",8.68180040735779
"1733","WT",8.40726079202208
"1734","WT",9.83171639379255
"1735","WT",7.74795140642974
"1736","WT",8.0494057853171
"1737","WT",7.33352755305481
"1738","WT",8.10123888508096
"1739","WT",7.96112594495099
"1740","WT",10.0289859405189
"1741","WT",9.94830955750431
"1742","WT",8.15826456214573
"1743","WT",8.18292783804556
"1744","WT",9.97453773360596
"1745","WT",8.5960921259211
"1746","WT",9.23378803662071
"1747","WT",8.71647249073031
"1748","WT",8.52095738539863
"1749","WT",10.5456868363311
"1750","WT",7.96773556925336
"1751","WT",9.56042355931313
"1752","WT",9.97750753903761
"1753","WT",9.81379859979006
"1754","WT",7.4010733066346
"1755","WT",10.5057025994007
"1756","WT",9.22972031958726
"1757","WT",8.79777054350721
"1758","WT",8.85081990332427
"1759","WT",8.84131199689372
"1760","WT",8.27573602360485
"1761","WT",9.60042326558584
"1762","WT",8.27894808206051
"1763","WT",8.59645948229815
"1764","WT",9.03552463910896
"1765","WT",8.47246310867277
"1766","WT",8.99979502224524
"1767","WT",8.91659417152979
"1768","WT",7.7481055294529
"1769","WT",9.64486511033342
"1770","WT",9.40799102167634
"1771","WT",9.99648454193257
"1772","WT",8.74060958348366
"1773","WT",8.47573915748497
"1774","WT",6.31716102877889
"1775","WT",10.5062283667
"1776","WT",8.88504172051147
"1777","WT",8.54314013167826
"1778","WT",9.70657728514218
"1779","WT",8.74541023447235
"1780","WT",8.59140706324381
"1781","WT",7.77361098246756
"1782","WT",8.95123542358388
"1783","WT",6.97490550262636
"1784","WT",9.4686699856324
"1785","WT",9.83301486789387
"1786","WT",10.4766302912942
"1787","WT",7.25260768520611
"1788","WT",8.72547823705393
"1789","WT",7.18820601967404
"1790","WT",8.54086698941293
"1791","WT",7.64644828452585
"1792","WT",8.15829612875951
"1793","WT",8.92715951092766
"1794","WT",8.91823986740634
"1795","WT",10.0534469767108
"1796","WT",8.1436008040328
"1797","WT",7.24296748080295
"1798","WT",8.36899902623545
"1799","WT",8.14098291688547
"1800","WT",8.74268191374285
"1801","WT",8.59086068672291
"1802","WT",9.74970297323872
"1803","WT",8.94678869419418
"1804","WT",9.1382389003277
"1805","WT",10.5676335395866
"1806","WT",7.95629664806606
"1807","WT",8.74129160617415
"1808","WT",9.18618395956765
"1809","WT",10.792600918434
"1810","WT",8.63741503608205
"1811","WT",9.17122441960032
"1812","WT",7.64099106934991
"1813","WT",9.6582446983552
"1814","WT",8.71274769846511
"1815","WT",10.3030695236123
"1816","WT",9.00218901115985
"1817","WT",8.18869441140632
"1818","WT",9.56083409350962
"1819","WT",8.63799490358216
"1820","WT",9.0461499873255
"1821","WT",9.05066644857281
"1822","WT",8.16867905824778
"1823","WT",8.85734222827288
"1824","WT",8.38283748095333
"1825","WT",9.5694845326969
"1826","WT",8.71314881918461
"1827","WT",9.88944017054878
"1828","WT",9.2086512870112
"1829","WT",9.80794269543746
"1830","WT",9.36229789288304
"1831","WT",8.82871730952794
"1832","WT",7.89202814271097
"1833","WT",10.1461265477347
"1834","WT",9.70397467726682
"1835","WT",6.29090812071319
"1836","WT",8.46710270419911
"1837","WT",8.61729865627905
"1838","WT",9.87876506415552
"1839","WT",9.26388645428137
"1840","WT",9.88450317903813
"1841","WT",9.42885132834281
"1842","WT",8.3875720715929
"1843","WT",8.48530396882254
"1844","WT",8.66441885595662
"1845","WT",9.70108390976839
"1846","WT",9.67559336167683
"1847","WT",8.16590593367284
"1848","WT",9.78339701697577
"1849","WT",7.81903495637516
"1850","WT",8.02632358280021
"1851","WT",9.41613886623914
"1852","WT",9.08142353294711
"1853","WT",8.1980684752654
"1854","WT",8.88858411117547
"1855","WT",7.5071598511667
"1856","WT",8.07442357370458
"1857","WT",10.8808804028056
"1858","WT",10.2553003912776
"1859","WT",8.70463015206547
"1860","WT",9.18271630981844
"1861","WT",8.67153212637688
"1862","WT",9.68626931037924
"1863","WT",8.62895612628213
"1864","WT",8.27272455902698
"1865","WT",7.24558968032815
"1866","WT",9.3514091318968
"1867","WT",10.5085312576739
"1868","WT",8.84837393526133
"1869","WT",9.71736044775523
"1870","WT",8.24020393935111
"1871","WT",9.8611909605001
"1872","WT",10.1281529456768
"1873","WT",9.35988231073237
"1874","WT",10.5959839999251
"1875","WT",10.2095663928345
"1876","WT",11.2513146047266
"1877","WT",9.27372559944255
"1878","WT",7.62578425719144
"1879","WT",7.98891723475762
"1880","WT",10.6457778299333
"1881","WT",9.61581551542108
"1882","WT",8.8620508954998
"1883","WT",9.84355618187576
"1884","WT",7.23856962775294
"1885","WT",7.92812124261242
"1886","WT",8.44527840936896
"1887","WT",10.1424515184414
"1888","WT",10.5154353126046
"1889","WT",9.32765181240486
"1890","WT",10.17465442717
"1891","WT",8.54603274803532
"1892","WT",9.52488152334017
"1893","WT",8.75358878424277
"1894","WT",9.43736923010047
"1895","WT",8.52461518871684
"1896","WT",8.26620254682347
"1897","WT",8.30288910044897
"1898","WT",9.93931696651202
"1899","WT",8.27069178133314
"1900","WT",8.53538853783198
"1901","WT",9.74478100631949
"1902","WT",9.89533329194031
"1903","WT",9.57609463122559
"1904","WT",9.37198434260828
"1905","WT",7.84164036881232
"1906","WT",9.5534359962917
"1907","WT",8.29313140853269
"1908","WT",10.1969591123577
"1909","WT",8.62691172959722
"1910","WT",9.34007491107461
"1911","WT",9.11815527071223
"1912","WT",9.25337327691376
"1913","WT",10.3749794717857
"1914","WT",8.8703450747516
"1915","WT",8.07856104220404
"1916","WT",7.42099349087256
"1917","WT",7.32400545893122
"1918","WT",8.64159783534039
"1919","WT",10.0404800269379
"1920","WT",9.95357468181482
"1921","WT",8.74106347967456
"1922","WT",8.70578739805962
"1923","WT",8.43439176689952
"1924","WT",9.62133517601021
"1925","WT",7.2674970762949
"1926","WT",7.04262868199898
"1927","WT",9.11614547551102
"1928","WT",9.91869070990263
"1929","WT",9.64668202027514
"1930","WT",9.39125125548101
"1931","WT",8.74894116454701
"1932","WT",9.25964922912405
"1933","WT",10.028939278626
"1934","WT",7.10234987438728
"1935","WT",7.49524860929403
"1936","WT",8.15299108894479
"1937","WT",10.7423236011799
"1938","WT",7.52919407095523
"1939","WT",6.96869595702423
"1940","WT",6.43764110656975
"1941","WT",8.82838691784307
"1942","WT",8.7531485677193
"1943","WT",10.6877127647865
"1944","WT",11.8807436184873
"1945","WT",10.4420610378403
"1946","WT",9.41470084492503
"1947","WT",7.60637624259302
"1948","WT",10.0152419213799
"1949","WT",9.78537475055054
"1950","WT",8.73480265287943
"1951","WT",8.83270546854766
"1952","WT",8.79741327367508
"1953","WT",8.61838007710741
"1954","WT",7.52014486108833
"1955","WT",6.0737950945327
"1956","WT",9.64532134136666
"1957","WT",8.61836512853347
"1958","WT",10.6493403086851
"1959","WT",8.71453718288057
"1960","WT",8.88615925883543
"1961","WT",9.1480263202671
"1962","WT",9.04745273765464
"1963","WT",8.11219534907273
"1964","WT",8.62568353841714
"1965","WT",9.51377737461726
"1966","WT",8.89407254310081
"1967","WT",8.53577736625659
"1968","WT",8.1428580600087
"1969","WT",8.95630945133624
"1970","WT",7.77950034397765
"1971","WT",5.74146962288166
"1972","WT",8.2651704052292
"1973","WT",9.29358806418638
"1974","WT",10.2244305745461
"1975","WT",9.22609167201908
"1976","WT",9.83483821618994
"1977","WT",8.74875763163822
"1978","WT",8.77027598586108
"1979","WT",6.10438049022882
"1980","WT",8.63739257567614
"1981","WT",8.71395377056219
"1982","WT",10.2742553515413
"1983","WT",10.2586952367541
"1984","WT",7.69082266508485
"1985","WT",9.56392146542813
"1986","WT",9.20651084321568
"1987","WT",8.89303458122573
"1988","WT",9.69976693261318
"1989","WT",10.2885452033334
"1990","WT",9.25198516479835
"1991","WT",8.14386833078472
"1992","WT",10.1210695013476
"1993","WT",8.34807049216503
"1994","WT",6.82517809102836
"1995","WT",10.7798106426177
"1996","WT",8.80623847429091
"1997","WT",8.20147596905959
"1998","WT",8.18759426137676
"1999","WT",9.38556457285413
"2000","WT",8.99127211164301
"2001","WT",9.34606122809717
"2002","WT",8.09225817239468
"2003","WT",7.85537869321507
"2004","WT",9.25486868054779
"2005","WT",10.0432081287751
"2006","WT",8.46114723661392
"2007","WT",9.29601795222881
"2008","WT",9.58901073429288
"2009","WT",9.41399671277392
"2010","WT",9.4947069017699
"2011","WT",7.80999359851466
"2012","WT",7.34309014033049
"2013","WT",10.099145068777
"2014","WT",8.80523245609914
"2015","WT",7.95324859684828
"2016","WT",8.07249664016718
"2017","WT",9.56198850743389
"2018","WT",9.31945138709696
"2019","WT",9.25080535511506
"2020","WT",10.1209327556821
"2021","WT",7.86067245319629
"2022","WT",8.83522144391067
"2023","WT",9.24258244451478
"2024","WT",7.23594757990283
"2025","WT",11.6292721908822
"2026","WT",10.0524025040716
"2027","WT",8.08094981164989
"2028","WT",8.31993683781903
"2029","WT",7.67421340735205
"2030","WT",9.72735289349212
"2031","WT",6.65257565335395
"2032","WT",9.52964289856106
"2033","WT",10.5561329429792
"2034","WT",9.20733538086534
"2035","WT",9.40628831005099
"2036","WT",8.27819275130859
"2037","WT",9.03932397582327
"2038","WT",10.3656321629261
"2039","WT",9.92026659628658
"2040","WT",8.10362647612611
"2041","WT",9.42186703033369
"2042","WT",10.3969379962615
"2043","WT",9.15580439057406
"2044","WT",9.32543045652853
"2045","WT",7.20468800563635
"2046","WT",9.84459863425326
"2047","WT",9.06148802202913
"2048","WT",8.20534969726717
"2049","WT",8.90801816829691
"2050","WT",10.4522810868214
"2051","WT",10.0645167576572
"2052","WT",9.9570583924474
"2053","WT",9.76943406284686
"2054","WT",8.77349251930754
"2055","WT",10.6216181556383
"2056","WT",7.84495420472443
"2057","WT",10.8600613019974
"2058","WT",7.90366871243955
"2059","WT",7.81413731906781
"2060","WT",8.44730948064761
"2061","WT",9.13238956054554
"2062","WT",9.2257069258548
"2063","WT",8.07513035831441
"2064","WT",9.23881936684413
"2065","WT",10.3344928456446
"2066","WT",6.75585691902351
"2067","WT",6.85745094546474
"2068","WT",8.06535873976978
"2069","WT",8.41068807605171
"2070","WT",8.52587945225629
"2071","WT",9.00059987103048
"2072","WT",9.05306487507423
"2073","WT",8.81246442313085
"2074","WT",10.8192720945886
"2075","WT",8.22410222795812
"2076","WT",8.43078864603784
"2077","WT",7.77948491018861
"2078","WT",9.48257913379862
"2079","WT",8.63661712448997
"2080","WT",10.6102283156703
"2081","WT",9.72613831959539
"2082","WT",8.41628990118383
"2083","WT",8.74421991349926
"2084","WT",7.72595206077928
"2085","WT",7.61214833207658
"2086","WT",10.3541778906045
"2087","WT",9.57284559348008
"2088","WT",10.1212384250429
"2089","WT",8.72186344859384
"2090","WT",8.74249960463324
"2091","WT",10.1801464741037
"2092","WT",8.44162622587577
"2093","WT",9.10320089229924
"2094","WT",8.92492412116487
"2095","WT",10.6924357655613
"2096","WT",9.36623190886263
"2097","WT",8.15274494224159
"2098","WT",9.0454145323256
"2099","WT",8.5816573155333
"2100","WT",10.8736154542988
"2101","WT",10.0102684451864
"2102","WT",7.44646946019447
"2103","WT",8.03459428652493
"2104","WT",9.04129317291123
"2105","WT",7.28212440432181
"2106","WT",9.12571744661197
"2107","WT",9.30558776996918
"2108","WT",9.56548567993632
"2109","WT",10.2288522801153
"2110","WT",7.19247981258631
"2111","WT",7.76884118440325
"2112","WT",9.8099912122509
"2113","WT",10.0418590670774
"2114","WT",9.16281310888596
"2115","WT",9.54767790735082
"2116","WT",7.64017308552855
"2117","WT",7.96592251173188
"2118","WT",7.91706137657226
"2119","WT",10.7987264238107
"2120","WT",10.6824992759406
"2121","WT",9.60806676956663
"2122","WT",9.84761917954367
"2123","WT",8.79630052646936
"2124","WT",8.31743678511172
"2125","WT",7.61046390631459
"2126","WT",9.05612422834688
"2127","WT",8.20680522433029
"2128","WT",9.57508305025784
"2129","WT",8.9227475458978
"2130","WT",7.82708098301177
"2131","WT",9.86783627051548
"2132","WT",10.2101433182788
"2133","WT",10.0511721299925
"2134","WT",9.33529024159591
"2135","WT",10.7325995235376
"2136","WT",9.95358652499586
"2137","WT",8.15300350210246
"2138","WT",9.56812478375272
"2139","WT",8.82325085943788
"2140","WT",9.28079539541683
"2141","WT",8.37445569496342
"2142","WT",7.81113825005832
"2143","WT",9.29582226049306
"2144","WT",10.3332027308433
"2145","WT",8.79424461771803
"2146","WT",8.48883665853369
"2147","WT",9.18456595877588
"2148","WT",9.39080570990848
"2149","WT",9.89875274321584
"2150","WT",7.0805776658579
"2151","WT",9.37343051351085
"2152","WT",9.96008636808476
"2153","WT",9.63004882306964
"2154","WT",8.55503855763483
"2155","WT",8.58904303837727
"2156","WT",8.27501016069968
"2157","WT",8.85414801648606
"2158","WT",9.29241698854814
"2159","WT",8.17967513036836
"2160","WT",8.20741583723196
"2161","WT",9.08855718791146
"2162","WT",5.93417362417555
"2163","WT",10.2249084735009
"2164","WT",8.14218344121167
"2165","WT",9.14050839534712
"2166","WT",10.213050935882
"2167","WT",9.520131986247
"2168","WT",8.9096213721354
"2169","WT",8.73407940704777
"2170","WT",7.96094909314657
"2171","WT",9.0381524802407
"2172","WT",9.7597610594136
"2173","WT",9.32746450143484
"2174","WT",8.10751163444846
"2175","WT",8.98144571536639
"2176","WT",10.1672794049247
"2177","WT",7.60532743954884
"2178","WT",9.89865021458125
"2179","WT",9.01874725784803
"2180","WT",8.37825335481028
"2181","WT",9.31305652202994
"2182","WT",8.17652524418467
"2183","WT",9.66014642133611
"2184","WT",8.75450835800872
"2185","WT",7.72150161414722
"2186","WT",9.57577291993815
"2187","WT",9.35087301820642
"2188","WT",9.10502842539973
"2189","WT",9.13704288891253
"2190","WT",6.38620982197146
"2191","WT",7.87690678145566
"2192","WT",9.06533297877293
"2193","WT",9.60537268860351
"2194","WT",8.5328676287535
"2195","WT",8.57782460427095
"2196","WT",9.17136413057921
"2197","WT",8.92979097413911
"2198","WT",9.33423685210501
"2199","WT",8.87823522539325
"2200","WT",8.80425869900866
"2201","WT",8.53674266779105
"2202","WT",9.14892412784143
"2203","WT",8.26549993264212
"2204","WT",10.4668159051929
"2205","WT",9.06691305889942
"2206","WT",10.6791130873532
"2207","WT",8.73621737886801
"2208","WT",8.93495797871124
"2209","WT",12.4034171951831
"2210","WT",8.51569912511
"2211","WT",9.3977893744689
"2212","WT",10.8175745325391
"2213","WT",8.71984617139727
"2214","WT",9.27203177326415
"2215","WT",10.6873630297415
"2216","WT",9.30145237513202
"2217","WT",7.86028659437308
"2218","WT",8.41599271284139
"2219","WT",8.64287252396862
"2220","WT",9.65197924500599
"2221","WT",8.64421572249494
"2222","WT",7.68425585697534
"2223","WT",9.26678634873318
"2224","WT",8.6203961538382
"2225","WT",10.4427877132943
"2226","WT",8.09127913721866
"2227","WT",10.8079463762309
"2228","WT",9.01417700204164
"2229","WT",8.42216678384853
"2230","WT",9.69595926246675
"2231","WT",7.15961340398572
"2232","WT",8.88658481208611
"2233","WT",8.43288896831223
"2234","WT",6.93509272886282
"2235","WT",7.93499563692735
"2236","WT",10.4313312837523
"2237","WT",7.25077434194377
"2238","WT",9.04095259311674
"2239","WT",10.1142123205984
"2240","WT",9.69540210103798
"2241","WT",8.99863328858908
"2242","WT",10.5178238163756
"2243","WT",10.0675015708802
"2244","WT",8.82904107275795
"2245","WT",8.11438909970632
"2246","WT",9.41866384358968
"2247","WT",9.19196124073549
"2248","WT",8.70255784634737
"2249","WT",8.43760549899957
"2250","WT",9.646284701692
"2251","WT",9.58451499982684
"2252","WT",9.46720728479944
"2253","WT",8.76599354756317
"2254","WT",9.10904424136907
"2255","WT",10.472274561888
"2256","WT",8.90753897442008
"2257","WT",8.40844489132572
"2258","WT",10.2557271291078
"2259","WT",8.93690821547147
"2260","WT",8.45917173875209
"2261","WT",10.869325549047
"2262","WT",8.17009086395192
"2263","WT",8.6022702279636
"2264","WT",9.9204823135057
"2265","WT",5.67681155824659
"2266","WT",8.11363867362603
"2267","WT",8.4324106525975
"2268","WT",7.43534284501136
"2269","WT",9.64508792265498
"2270","WT",9.74051938087862
"2271","WT",8.50486414279265
"2272","WT",8.7399387382685
"2273","WT",6.77522320328242
"2274","WT",9.30660771758889
"2275","WT",9.39744286663647
"2276","WT",10.4267016948962
"2277","WT",9.35082761244727
"2278","WT",7.38262122736724
"2279","WT",11.9765619819549
"2280","WT",8.39103778562484
"2281","WT",8.94319098226127
"2282","WT",10.0710501079687
"2283","WT",8.24447680700191
"2284","WT",7.37734025568357
"2285","WT",9.81005565824194
"2286","WT",9.15509530567549
"2287","WT",8.79036005753238
"2288","WT",10.4148310650782
"2289","WT",7.43336616136644
"2290","WT",8.4930009500133
"2291","WT",7.53507273124966
"2292","WT",11.7793708054273
"2293","WT",9.71118171190594
"2294","WT",8.66633527319159
"2295","WT",8.60162535176853
"2296","WT",7.69693012500596
"2297","WT",10.1438914019358
"2298","WT",8.83735781013737
"2299","WT",9.56216061532279
"2300","WT",7.82160817213568
"2301","WT",8.93404712285106
"2302","WT",8.48494649617499
"2303","WT",7.62818541023886
"2304","WT",8.14776227079694
"2305","WT",10.0555013092189
"2306","WT",7.6801385336848
"2307","WT",9.58927459011726
"2308","WT",9.69737366718355
"2309","WT",9.27805442899596
"2310","WT",8.83645194304697
"2311","WT",7.49342947837678
"2312","WT",8.58229394814592
"2313","WT",10.6703977470027
"2314","WT",10.4242559580001
"2315","WT",8.22486466792714
"2316","WT",8.40984145454722
"2317","WT",7.51236376911352
"2318","WT",9.21771320602877
"2319","WT",8.59791869113824
"2320","WT",8.2143600805019
"2321","WT",8.31910429571274
"2322","WT",8.31314102239876
"2323","WT",8.95900124505661
"2324","WT",9.22114837583121
"2325","WT",8.00274496466887
"2326","WT",9.07960400068159
"2327","WT",8.97085571498706
"2328","WT",9.51641038505656
"2329","WT",10.4380894504389
"2330","WT",8.80135569822406
"2331","WT",9.05813083722533
"2332","WT",9.44637627109265
"2333","WT",9.713005446301
"2334","WT",9.11412765737832
"2335","WT",10.7150496047231
"2336","WT",7.11723285146987
"2337","WT",8.81863582954284
"2338","WT",8.26316963419836
"2339","WT",9.75931948067694
"2340","WT",8.62325952478642
"2341","WT",9.09064457290227
"2342","WT",7.92601491783207
"2343","WT",10.8498875162944
"2344","WT",9.78092313341977
"2345","WT",9.32727582432837
"2346","WT",9.10902573091267
"2347","WT",9.26108309359567
"2348","WT",8.88836170588768
"2349","WT",11.1651885697677
"2350","WT",8.29061805105735
"2351","WT",9.09608269221362
"2352","WT",8.78803631223649
"2353","WT",10.7428921840206
"2354","WT",9.48663271765889
"2355","WT",9.29071351203978
"2356","WT",9.20243529679629
"2357","WT",9.3721271747067
"2358","WT",10.2832533804599
"2359","WT",11.1109115901774
"2360","WT",10.1244782378919
"2361","WT",9.9133530668707
"2362","WT",9.71061610570268
"2363","WT",9.49700520452077
"2364","WT",8.9869897834537
"2365","WT",9.70067761965071
"2366","WT",8.61055469387526
"2367","WT",8.63886622674032
"2368","WT",9.48884527147793
"2369","WT",9.92756128079898
"2370","WT",8.61452400962845
"2371","WT",9.8295371969985
"2372","WT",8.74813313614158
"2373","WT",9.17427955912199
"2374","WT",8.76498409207804
"2375","WT",8.28800581939316
"2376","WT",9.5462695316322
"2377","WT",8.8503588909143
"2378","WT",8.86340627747388
"2379","WT",9.12774674933127
"2380","WT",7.7339395344878
"2381","WT",10.5374545054337
"2382","WT",8.87585297963554
"2383","WT",8.84611108735992
"2384","WT",8.17414296461336
"2385","WT",8.8943793565764
"2386","WT",10.388993192114
"2387","WT",7.51694616364535
"2388","WT",8.62961736335258
"2389","WT",10.6174116612741
"2390","WT",8.62341568919621
"2391","WT",9.90786978356405
"2392","WT",7.28702052003555
"2393","WT",8.38856792757111
"2394","WT",9.21580416905727
"2395","WT",8.65054088845116
"2396","WT",8.14572247718079
"2397","WT",9.8463604899431
"2398","WT",9.04528564051476
"2399","WT",8.81769186061902
"2400","WT",10.5110566009867
"2401","WT",10.9017696713826
"2402","WT",7.55450211181478
"2403","WT",11.2017925453306
"2404","WT",8.98141082951552
"2405","WT",9.03503545153316
"2406","WT",12.0805874287034
"2407","WT",9.79226300950032
"2408","WT",8.49289200624374
"2409","WT",9.3245982883572
"2410","WT",7.81707360685025
"2411","WT",7.09164935385622
"2412","WT",6.73938660036587
"2413","WT",8.78326504895705
"2414","WT",9.85374349730374
"2415","WT",8.86958473155209
"2416","WT",9.87672176102061
"2417","WT",10.4643153366019
"2418","WT",8.77426719972765
"2419","WT",9.95446079983467
"2420","WT",9.75213073881502
"2421","WT",7.2034537267632
"2422","WT",9.41349693292297
"2423","WT",8.31028935137183
"2424","WT",8.30619848503548
"2425","WT",10.9952771854506
"2426","WT",9.64533502126066
"2427","WT",7.72464997175085
"2428","WT",9.20009374598945
"2429","WT",10.4684354299689
"2430","WT",8.99183818665758
"2431","WT",10.082832087957
"2432","WT",9.85630846220562
"2433","WT",10.0417028190743
"2434","WT",8.73216387056554
"2435","WT",9.81996597988678
"2436","WT",7.94022077371085
"2437","WT",8.79459834163639
"2438","WT",9.66051256329338
"2439","WT",9.30273598619607
"2440","WT",8.70302957486775
"2441","WT",7.85800162001059
"2442","WT",10.1385501375473
"2443","WT",9.21494347808703
"2444","WT",9.75784632146715
"2445","WT",9.42961664134266
"2446","WT",11.1265293996818
"2447","WT",10.8258619166403
"2448","WT",10.6101522655239
"2449","WT",9.98321674077641
"2450","WT",8.41161209733629
"2451","WT",10.5159810555268
"2452","WT",8.82544309711317
"2453","WT",7.4455921106433
"2454","WT",8.1183709960307
"2455","WT",8.95060691543943
"2456","WT",8.51168134672444
"2457","WT",8.84970591150416
"2458","WT",8.56567363106706
"2459","WT",9.85047261982466
"2460","WT",8.72052993784798
"2461","WT",8.95972399565232
"2462","WT",9.18708387155223
"2463","WT",8.47840224517502
"2464","WT",9.19521671273364
"2465","WT",9.84020092495491
"2466","WT",7.80900921283623
"2467","WT",7.36461792814327
"2468","WT",9.47607171828256
"2469","WT",9.88629451094242
"2470","WT",9.25577599502371
"2471","WT",9.65756367518486
"2472","WT",8.52622209916648
"2473","WT",7.74314230011797
"2474","WT",7.26992602278977
"2475","WT",9.1011043912848
"2476","WT",8.94275501412064
"2477","WT",10.0814400664332
"2478","WT",7.75050261997067
"2479","WT",7.77243373550613
"2480","WT",8.82780298375195
"2481","WT",9.89437565017256
"2482","WT",9.51598380460298
"2483","WT",8.17222441562895
"2484","WT",9.34116391703814
"2485","WT",7.88398236326678
"2486","WT",8.67279092264056
"2487","WT",8.63767319283311
"2488","WT",8.17337653822544
"2489","WT",9.26778412634812
"2490","WT",10.9280799888081
"2491","WT",8.38512279811755
"2492","WT",7.07691453133965
"2493","WT",9.72128893549873
"2494","WT",9.03255527540183
"2495","WT",8.75467445266335
"2496","WT",11.1305543509745
"2497","WT",10.5976357920333
"2498","WT",7.0869695607603
"2499","WT",9.390553906247
"2500","WT",9.2666066463319
"2501","WT",9.00133442277867
"2502","WT",10.3734881462071
"2503","WT",9.21434447033396
"2504","WT",10.1795548687384
"2505","WT",10.5056149464025
"2506","WT",9.73086399066596
"2507","WT",9.49377765265672
"2508","WT",7.60729420436846
"2509","WT",7.87237790690725
"2510","WT",9.980516992837
"2511","WT",8.52425574255464
"2512","WT",8.98351063739455
"2513","WT",9.36423451763166
"2514","WT",7.95712733905254
"2515","WT",9.04688281919505
"2516","WT",8.91570406795629
"2517","WT",7.54363049078693
"2518","WT",9.82867345126022
"2519","WT",9.16357616926492
"2520","WT",8.88648902409085
"2521","WT",7.77866852997293
"2522","WT",10.1317288562334
"2523","WT",10.5036775975745
"2524","WT",7.59438288655926
"2525","WT",7.55553262752707
"2526","WT",8.83900605518054
"2527","WT",9.59485929978805
"2528","WT",8.28884434690239
"2529","WT",8.94477672344058
"2530","WT",8.71713878401688
"2531","WT",9.14238632463009
"2532","WT",10.0005490449706
"2533","WT",11.0347074687558
"2534","WT",10.8127099215067
"2535","WT",9.30356384571219
"2536","WT",9.01861260340956
"2537","WT",7.87504945178117
"2538","WT",11.1583664537131
"2539","WT",8.46040832245693
"2540","WT",8.12135802142846
"2541","WT",10.1498563640876
"2542","WT",8.44098788824888
"2543","WT",9.34091810014125
"2544","WT",11.3400794512428
"2545","WT",7.57830410543373
"2546","WT",10.9016775482159
"2547","WT",8.14319139054344
"2548","WT",8.88223376292154
"2549","WT",9.07779243004919
"2550","WT",10.2761003849438
"2551","WT",9.20985162810468
"2552","WT",7.86718360884513
"2553","WT",6.37586304090779
"2554","WT",8.31739554650969
"2555","WT",7.72585728383714
"2556","WT",9.77221582971129
"2557","WT",7.57903200866045
"2558","WT",9.90963083099552
"2559","WT",10.4159186464855
"2560","WT",8.47185559107704
"2561","WT",9.88881301436768
"2562","WT",9.30717207460428
"2563","WT",7.34816493686166
"2564","WT",9.55982275961233
"2565","WT",8.69297601945043
"2566","WT",8.81033813683393
"2567","WT",8.81900640294687
"2568","WT",9.88254292506676
"2569","WT",7.48333080019982
"2570","WT",9.83220583387373
"2571","WT",8.30989456696158
"2572","WT",8.96589036816218
"2573","WT",10.1364807343427
"2574","WT",9.52473522568018
"2575","WT",9.67495332872743
"2576","WT",8.11894771188358
"2577","WT",8.77866591590685
"2578","WT",9.79478563995288
"2579","WT",8.85679253307386
"2580","WT",7.2039190853366
"2581","WT",10.5935643014708
"2582","WT",8.33657616305011
"2583","WT",7.41221102333669
"2584","WT",8.90112895645966
"2585","WT",7.75824884132608
"2586","WT",8.71262472954734
"2587","WT",9.66464858905425
"2588","WT",9.85577373058224
"2589","WT",10.0294961060346
"2590","WT",8.11742069422717
"2591","WT",9.36547062329132
"2592","WT",9.27741398484937
"2593","WT",8.49118975948782
"2594","WT",9.97522622543171
"2595","WT",11.0578755105483
"2596","WT",7.79836844236913
"2597","WT",8.76665460173362
"2598","WT",9.05130242912627
"2599","WT",9.70450489717434
"2600","WT",8.20565716906185
"2601","WT",9.01443468084459
"2602","WT",9.22382776416955
"2603","WT",10.3835735908038
"2604","WT",8.28215232182518
"2605","WT",8.9925544729906
"2606","WT",9.35671604131079
"2607","WT",8.8433603603089
"2608","WT",9.23647512868275
"2609","WT",7.98917747607824
"2610","WT",10.4980280219065
"2611","WT",10.0228163193751
"2612","WT",6.75691568498167
"2613","WT",8.75599149514298
"2614","WT",9.85707005736116
"2615","WT",9.07574707958344
"2616","WT",9.08494221487023
"2617","WT",7.76866058988536
"2618","WT",6.7286191907389
"2619","WT",9.00183763207263
"2620","WT",8.35463267430391
"2621","WT",9.61112092028098
"2622","WT",9.86551693402846
"2623","WT",12.3887651643894
"2624","WT",7.92973470404819
"2625","WT",9.65855361366555
"2626","WT",9.68930676943748
"2627","WT",9.82893781211436
"2628","WT",7.27403930777541
"2629","WT",8.84355038561542
"2630","WT",9.86145049123293
"2631","WT",6.88961936058108
"2632","WT",8.51567380473593
"2633","WT",8.20447076396737
"2634","WT",9.04784800104317
"2635","WT",8.16996583864326
"2636","WT",7.97763742575603
"2637","WT",7.23905477708318
"2638","WT",7.94688597211664
"2639","WT",7.43002469698909
"2640","WT",10.4978901335696
"2641","WT",8.44213802448939
"2642","WT",8.10559649060685
"2643","WT",8.02236303123491
"2644","WT",7.36724419870548
"2645","WT",9.66827346548233
"2646","WT",7.51827259671223
"2647","WT",9.66506879572732
"2648","WT",8.98030157428427
"2649","WT",9.41432495144792
"2650","WT",8.55657070370915
"2651","WT",11.4764005389345
"2652","WT",8.33664189734672
"2653","WT",8.61736523418424
"2654","WT",8.39295289688904
"2655","WT",10.9374100901622
"2656","WT",10.7961233836332
"2657","WT",8.82797071963017
"2658","WT",10.2878341010595
"2659","WT",10.7601909017556
"2660","WT",8.86471596150002
"2661","WT",8.81777365233801
"2662","WT",9.99193738988446
"2663","WT",9.79665365760388
"2664","WT",9.46541690175254
"2665","WT",9.08097385305549
"2666","WT",8.43217140890666
"2667","WT",8.40516707447218
"2668","WT",8.74359980973044
"2669","WT",8.27799578679695
"2670","WT",8.24127570352228
"2671","WT",9.19234689844449
"2672","WT",9.46856404831025
"2673","WT",9.31755904132013
"2674","WT",9.46848157393512
"2675","WT",9.07601871784175
"2676","WT",8.63916635249974
"2677","WT",10.0156314720499
"2678","WT",9.16621581618285
"2679","WT",8.40149775713096
"2680","WT",8.7817464684442
"2681","WT",9.05241358138124
"2682","WT",7.29091918351829
"2683","WT",7.04817896887502
"2684","WT",9.11825972055407
"2685","WT",7.78679096165223
"2686","WT",8.26884933312087
"2687","WT",9.30741596616451
"2688","WT",9.04407733398912
"2689","WT",6.91510961604561
"2690","WT",9.36778719097472
"2691","WT",10.0500388777575
"2692","WT",6.72250771608706
"2693","WT",8.02824769198933
"2694","WT",7.6603377912232
"2695","WT",8.97916480298458
"2696","WT",9.5612970850734
"2697","WT",7.56033869481273
"2698","WT",9.74343727272251
"2699","WT",8.77292431347073
"2700","WT",9.19642877056284
"2701","WT",8.46110452589189
"2702","WT",9.39897529571393
"2703","WT",9.36929876923928
"2704","WT",7.77952695050432
"2705","WT",9.10882679935726
"2706","WT",7.98347636424654
"2707","WT",8.41023228195618
"2708","WT",11.4019658191419
"2709","WT",8.29682972703902
"2710","WT",10.3413846914869
"2711","WT",8.41960856340567
"2712","WT",8.50286166326008
"2713","WT",9.55802141573211
"2714","WT",10.6289899274648
"2715","WT",9.59767569542665
"2716","WT",10.2969676019721
"2717","WT",11.1938707691337
"2718","WT",9.53797627119936
"2719","WT",11.614482907047
"2720","WT",11.0215316108733
"2721","WT",10.0286031655695
"2722","WT",8.64047976276021
"2723","WT",7.44135857167222
"2724","WT",11.3664331030191
"2725","WT",8.37289855406728
"2726","WT",9.72891636368443
"2727","WT",8.01678479846479
"2728","WT",8.93822086555319
"2729","WT",9.20830787657373
"2730","WT",7.91587491067664
"2731","WT",8.44959545306563
"2732","WT",9.92757510689361
"2733","WT",8.12163833749029
"2734","WT",7.56526477412755
"2735","WT",11.1092718869657
"2736","WT",7.6599182554267
"2737","WT",9.69057399222669
"2738","WT",7.72784172222179
"2739","WT",9.97865207989262
"2740","WT",7.58848722106426
"2741","WT",7.47696864871259
"2742","WT",10.4387126708457
"2743","WT",9.14152646011805
"2744","WT",8.87616117580617
"2745","WT",7.71806746855216
"2746","WT",8.4974380096463
"2747","WT",8.7358907796963
"2748","WT",8.7409495846113
"2749","WT",7.56090964730602
"2750","WT",8.51974027271997
"2751","WT",8.56732010508452
"2752","WT",9.48805140517779
"2753","WT",9.90663532476201
"2754","WT",8.97003555433558
"2755","WT",8.01410541303703
"2756","WT",7.52737862589874
"2757","WT",8.27491362518747
"2758","WT",8.25994346794382
"2759","WT",9.72795194058447
"2760","WT",8.23981132972189
"2761","WT",6.32995700402268
"2762","WT",8.89508213836438
"2763","WT",9.49335251921978
"2764","WT",9.54321085782772
"2765","WT",8.948635101369
"2766","WT",9.39493222444308
"2767","WT",8.56213059673431
"2768","WT",9.88846937271456
"2769","WT",9.99864288830949
"2770","WT",10.2782978597119
"2771","WT",10.9515048156861
"2772","WT",8.52064844708324
"2773","WT",7.36500406627245
"2774","WT",8.54297364434493
"2775","WT",8.82009713055923
"2776","WT",9.35703959405501
"2777","WT",8.11198885867953
"2778","WT",9.40562264553386
"2779","WT",10.5653031756007
"2780","WT",10.2128142176925
"2781","WT",10.5245623357481
"2782","WT",9.10746546611626
"2783","WT",9.73719212994095
"2784","WT",9.91663060590839
"2785","WT",8.91817418030866
"2786","WT",8.3740550552743
"2787","WT",7.80675433155806
"2788","WT",8.60073806854847
"2789","WT",8.23136455084881
"2790","WT",9.74145844669116
"2791","WT",9.5250921354143
"2792","WT",8.69521577695383
"2793","WT",8.46101873828043
"2794","WT",8.38055672192144
"2795","WT",10.0755048751724
"2796","WT",8.12714898183807
"2797","WT",8.53685535114997
"2798","WT",7.97555466138731
"2799","WT",7.72951935441589
"2800","WT",10.1905308356499
"2801","WT",8.45108599553593
"2802","WT",8.45045975653735
"2803","WT",10.0900937340277
"2804","WT",8.1527820597615
"2805","WT",9.48267649073534
"2806","WT",8.75007088216183
"2807","WT",9.1611713465325
"2808","WT",10.227399349372
"2809","WT",8.3313804921298
"2810","WT",9.5551944991837
"2811","WT",8.37703034777116
"2812","WT",7.72233980058431
"2813","WT",7.61294362911896
"2814","WT",7.31447718334021
"2815","WT",9.09129373149284
"2816","WT",8.14155639052314
"2817","WT",8.06850279499983
"2818","WT",10.0299350706763
"2819","WT",9.0372185209641
"2820","WT",8.00867526110995
"2821","WT",8.09799800160804
"2822","WT",7.63164301139915
"2823","WT",6.73464813475341
"2824","WT",10.3730553216712
"2825","WT",10.2837524239937
"2826","WT",9.0695439489108
"2827","WT",10.9409965714919
"2828","WT",8.10562009241175
"2829","WT",9.50351328499542
"2830","WT",8.10412581748258
"2831","WT",9.23531106054641
"2832","WT",7.70529251352543
"2833","WT",7.15071023690738
"2834","WT",8.13088389677795
"2835","WT",7.9581317057767
"2836","WT",6.25444229278469
"2837","WT",8.29861447252108
"2838","WT",10.1720339491073
"2839","WT",8.14045594575499
"2840","WT",9.69531953168352
"2841","WT",8.25040860936165
"2842","WT",9.60246026618983
"2843","WT",8.53518581650541
"2844","WT",10.8159927196439
"2845","WT",9.73677164919027
"2846","WT",8.63373753867467
"2847","WT",8.9655836083284
"2848","WT",6.5217270343495
"2849","WT",9.11204480001205
"2850","WT",9.71208503376078
"2851","WT",8.84794871288414
"2852","WT",8.20239236762131
"2853","WT",9.60151794941154
"2854","WT",9.6578495599361
"2855","WT",10.3262009173804
"2856","WT",7.93302390578383
"2857","WT",9.69346556996386
"2858","WT",10.1682152874717
"2859","WT",9.38850845850625
"2860","WT",7.57186210614702
"2861","WT",9.06127455833143
"2862","WT",9.17990946474487
"2863","WT",9.72214731642725
"2864","WT",8.08126138871164
"2865","WT",7.57528630475551
"2866","WT",8.84614916242405
"2867","WT",8.98563091090236
"2868","WT",8.8793775633432
"2869","WT",7.53087250309627
"2870","WT",9.56703374545788
"2871","WT",9.12397116635642
"2872","WT",9.20759860748651
"2873","WT",10.0472795664753
"2874","WT",8.49190668163099
"2875","WT",8.35845899089616
"2876","WT",8.77226178582577
"2877","WT",7.30769537902897
"2878","WT",7.78791157004755
"2879","WT",10.7597483731478
"2880","WT",10.0515937090244
"2881","WT",9.19895461881755
"2882","WT",11.013657553158
"2883","WT",7.72536825363674
"2884","WT",9.4128637101525
"2885","WT",9.95007032349398
"2886","WT",6.68151273089938
"2887","WT",7.92242726264109
"2888","WT",9.26996169192759
"2889","WT",7.83875883566313
"2890","WT",9.80826543089053
"2891","WT",9.53209166591828
"2892","WT",8.26201860898193
"2893","WT",10.9611661556925
"2894","WT",7.71844482939331
"2895","WT",8.90594542738021
"2896","WT",9.48910744737094
"2897","WT",8.34089050496049
"2898","WT",10.3795166802197
"2899","WT",8.52278910761243
"2900","WT",9.73593855514972
"2901","WT",6.47168786123674
"2902","WT",8.69546007225275
"2903","WT",9.02803821317401
"2904","WT",9.74814935334353
"2905","WT",8.17519314670349
"2906","WT",8.83976379215722
"2907","WT",8.37960712227727
"2908","WT",10.2555101541265
"2909","WT",6.92614475856505
"2910","WT",9.01445155198683
"2911","WT",9.12854374391017
"2912","WT",9.46606112682165
"2913","WT",11.1286726468597
"2914","WT",9.48798847436909
"2915","WT",10.1343136054303
"2916","WT",7.44337167796073
"2917","WT",9.3124367668166
"2918","WT",8.3687101970573
"2919","WT",9.04191937763392
"2920","WT",9.62923982365842
"2921","WT",8.83113388069098
"2922","WT",9.48110825182438
"2923","WT",6.71724716029772
"2924","WT",9.2185827883507
"2925","WT",8.56271695549473
"2926","WT",8.82056837921442
"2927","WT",8.09728328179846
"2928","WT",7.95250532220676
"2929","WT",9.09957591093151
"2930","WT",9.23083003851304
"2931","WT",9.03718724441074
"2932","WT",10.269970305453
"2933","WT",8.10555121925586
"2934","WT",10.0089783018908
"2935","WT",8.95625201178695
"2936","WT",9.61041979402179
"2937","WT",9.58830855687848
"2938","WT",9.2331121821212
"2939","WT",9.77766714377063
"2940","WT",9.97213995418765
"2941","WT",8.74186364341644
"2942","WT",8.82146919736016
"2943","WT",10.7637022035422
"2944","WT",7.95366862060742
"2945","WT",7.45820838791084
"2946","WT",8.91292516775309
"2947","WT",9.11118097286437
"2948","WT",9.50138850672757
"2949","WT",7.40532924885408
"2950","WT",8.55463297651208
"2951","WT",9.43029360697781
"2952","WT",8.46668744506084
"2953","WT",9.13471218584639
"2954","WT",8.96363530995362
"2955","WT",9.6470943347464
"2956","WT",8.01034755377361
"2957","WT",8.76296387573036
"2958","WT",7.67919774726246
"2959","WT",9.7113134391977
"2960","WT",8.86756548386343
"2961","WT",7.46146591434454
"2962","WT",9.80887389775494
"2963","WT",9.07541310999571
"2964","WT",8.7315469905653
"2965","WT",9.72302359612688
"2966","WT",7.960710501823
"2967","WT",9.09691493411717
"2968","WT",11.4370443943346
"2969","WT",10.1367471261062
"2970","WT",8.74470584611452
"2971","WT",9.78387623092366
"2972","WT",9.5147827650852
"2973","WT",10.5761847213121
"2974","WT",10.3358264843979
"2975","WT",8.07319921082772
"2976","WT",9.45539903689678
"2977","WT",7.5776778982873
"2978","WT",10.1902068110965
"2979","WT",9.31780870360458
"2980","WT",6.69164218945324
"2981","WT",10.1392971235453
"2982","WT",9.06212886921351
"2983","WT",9.90781431421402
"2984","WT",10.0083953301891
"2985","WT",10.2088075714837
"2986","WT",9.39958573100319
"2987","WT",10.3674374426921
"2988","WT",8.60632765217499
"2989","WT",9.61995302302707
"2990","WT",7.28581081005357
"2991","WT",8.6718761938432
"2992","WT",8.3808364103092
"2993","WT",9.24301749167566
"2994","WT",9.2507036552985
"2995","WT",8.97622143780044
"2996","WT",10.1777008183319
"2997","WT",9.11684032040987
"2998","WT",7.6420538694341
"2999","WT",10.6283981573862
"3000","WT",8.91555286087406
"3001","WT",7.32025632356373
"3002","WT",8.95187546064719
"3003","WT",8.34665139283822
"3004","WT",8.45957295595383
"3005","WT",10.4178856692818
"3006","WT",9.97199927236015
"3007","WT",7.66611826414761
"3008","WT",9.54586504044202
"3009","WT",8.3075885189451
"3010","WT",8.31209217516961
"3011","WT",9.72370736343738
"3012","WT",8.17751180427807
"3013","WT",8.65906779106075
"3014","WT",10.399024921575
"3015","WT",9.88879764602528
"3016","WT",9.45409192923695
"3017","WT",9.29981399847839
"3018","WT",9.60503117535597
"3019","WT",9.10996258805058
"3020","WT",9.10589081538738
"3021","WT",7.50480767270592
"3022","WT",8.07750804427837
"3023","WT",9.91701442760054
"3024","WT",8.74060760941657
"3025","WT",9.53757079766441
"3026","WT",9.52212609736784
"3027","WT",8.80537427620879
"3028","WT",9.95204925746694
"3029","WT",8.39828464405853
"3030","WT",9.42573902362618
"3031","WT",8.76865086289433
"3032","WT",10.8860470177784
"3033","WT",9.69741385121474
"3034","WT",9.13256041873471
"3035","WT",8.45060196801728
"3036","WT",7.49032441753713
"3037","WT",11.1620009428728
"3038","WT",8.53538948770235
"3039","WT",9.92011367101683
"3040","WT",8.87601802997392
"3041","WT",7.81207915086485
"3042","WT",10.3947881886839
"3043","WT",7.47559283207517
"3044","WT",8.17070268683244
"3045","WT",9.64456279439296
"3046","WT",7.34383326021461
"3047","WT",9.04289780478553
"3048","WT",8.35982935332169
"3049","WT",9.41871246349425
"3050","WT",10.1513455315241
"3051","WT",9.25400222870743
"3052","WT",9.35119312689308
"3053","WT",7.41939897777035
"3054","WT",9.39498926983249
"3055","WT",9.9250518577492
"3056","WT",9.55117908966355
"3057","WT",9.00423116175981
"3058","WT",7.89823969833368
"3059","WT",9.61666038081753
"3060","WT",9.64585248072725
"3061","WT",8.19807822594586
"3062","WT",8.12531315736832
"3063","WT",9.12786032897624
"3064","WT",9.6702376940573
"3065","WT",8.61079641941019
"3066","WT",9.46750975430379
"3067","WT",8.8165169857451
"3068","WT",8.77235881042836
"3069","WT",10.6205503593278
"3070","WT",10.9089159065655
"3071","WT",9.00384997352276
"3072","WT",8.52072227079587
"3073","WT",8.83436180520493
"3074","WT",9.81879798494043
"3075","WT",8.02331220213972
"3076","WT",10.1565501150458
"3077","WT",9.3248469014567
"3078","WT",9.04130734841523
"3079","WT",8.70223397184428
"3080","WT",9.61698087383012
"3081","WT",8.26153440041938
"3082","WT",8.26405638419708
"3083","WT",8.12586423997089
"3084","WT",8.43391403358711
"3085","WT",7.97572293949192
"3086","WT",10.7167030626339
"3087","WT",8.96219925257193
"3088","WT",9.27474536915165
"3089","WT",9.95665778624839
"3090","WT",7.66322187183316
"3091","WT",9.87694043492912
"3092","WT",8.25984473580277
"3093","WT",9.79691735019063
"3094","WT",8.04513675093876
"3095","WT",8.53393055987048
"3096","WT",8.61170724104718
"3097","WT",9.46327639165879
"3098","WT",8.82215700173735
"3099","WT",8.93636296400818
"3100","WT",9.31454533426676
"3101","WT",10.5034469814918
"3102","WT",9.26647204220527
"3103","WT",9.07840061329322
"3104","WT",8.90200013731139
"3105","WT",7.83156770160134
"3106","WT",11.5178812757843
"3107","WT",6.80120623369729
"3108","WT",8.75390682422397
"3109","WT",8.77136924773797
"3110","WT",7.95424158363562
"3111","WT",8.42958803997487
"3112","WT",7.21769021078146
"3113","WT",9.19018062587626
"3114","WT",8.03678762496412
"3115","WT",8.53055476940857
"3116","WT",9.56125872610297
"3117","WT",8.34382727540805
"3118","WT",8.7423897468406
"3119","WT",7.87225667574249
"3120","WT",9.59417849124636
"3121","WT",7.66155814586774
"3122","WT",9.48090290644631
"3123","WT",9.10753575400893
"3124","WT",9.72636298944118
"3125","WT",9.1370224059949
"3126","WT",7.49020622145831
"3127","WT",7.46337906228893
"3128","WT",9.09511007228905
"3129","WT",8.60750752261228
"3130","WT",9.33933213327563
"3131","WT",9.72082445329772
"3132","WT",9.43990657398313
"3133","WT",9.14335905200105
"3134","WT",9.2191895915097
"3135","WT",8.54162518205458
"3136","WT",7.64843300361532
"3137","WT",9.83672830453091
"3138","WT",9.32907003241558
"3139","WT",10.9284677303584
"3140","WT",10.0639144114084
"3141","WT",8.62438480630024
"3142","WT",7.50649341279422
"3143","WT",9.97624319828444
"3144","WT",9.02194462083507
"3145","WT",11.2903795557987
"3146","WT",8.8044409935056
"3147","WT",10.0203001160717
"3148","WT",9.21744508939924
"3149","WT",9.9725826599729
"3150","WT",10.309587795006
"3151","WT",11.0543748503915
"3152","WT",8.09590144775965
"3153","WT",9.52223099636943
"3154","WT",10.5032899266191
"3155","WT",9.23696291124162
"3156","WT",9.39301497587534
"3157","WT",8.37871432469152
"3158","WT",9.69627323234512
"3159","WT",8.89111236468085
"3160","WT",7.54269872941618
"3161","WT",10.4480697403327
"3162","WT",10.1321866237567
"3163","WT",8.26742694758987
"3164","WT",10.242671832196
"3165","WT",9.0694853322435
"3166","WT",7.79430864845985
"3167","WT",9.25393311923179
"3168","WT",8.91060078034183
"3169","WT",8.34357057993662
"3170","WT",10.0606459315841
"3171","WT",10.4279923982223
"3172","WT",9.42398864007313
"3173","WT",10.390932045176
"3174","WT",9.51667124633702
"3175","WT",9.19829961612711
"3176","WT",9.20399515573067
"3177","WT",8.92051652101948
"3178","WT",10.3221075739406
"3179","WT",7.19885584479858
"3180","WT",8.35502502769184
"3181","WT",9.00844109745186
"3182","WT",8.33387283870153
"3183","WT",8.93686407458486
"3184","WT",7.70028970558587
"3185","WT",9.20624787173273
"3186","WT",9.49797485186236
"3187","WT",9.75342703672563
"3188","WT",9.83057832881463
"3189","WT",8.2796678094004
"3190","WT",8.50116715772092
"3191","WT",8.24573895901239
"3192","WT",9.28004562166159
"3193","WT",8.32249679110897
"3194","WT",8.18716356334424
"3195","WT",7.78347015047029
"3196","WT",8.60848798654262
"3197","WT",9.19139161164267
"3198","WT",9.06967303203601
"3199","WT",9.29121356900972
"3200","WT",8.02807593845935
"3201","WT",9.64470439266286
"3202","WT",9.97964601374589
"3203","WT",8.97048149075144
"3204","WT",11.3320475490413
"3205","WT",9.54065113906228
"3206","WT",10.1115029059604
"3207","WT",9.31536260977536
"3208","WT",8.51757470842109
"3209","WT",9.42965835455341
"3210","WT",9.91222263703117
"3211","WT",7.72166867230025
"3212","WT",9.05708885160478
"3213","WT",7.59995032560854
"3214","WT",9.58451386091325
"3215","WT",8.78464077455126
"3216","WT",9.25862484981827
"3217","WT",9.10019278479756
"3218","WT",9.13053875549076
"3219","WT",9.65841875628841
"3220","WT",8.36631295884044
"3221","WT",9.35026293639618
"3222","WT",10.2727458790407
"3223","WT",9.36084635508909
"3224","WT",9.02659894130307
"3225","WT",8.83529514235519
"3226","WT",11.556859020703
"3227","WT",9.12297492668414
"3228","WT",10.555828258499
"3229","WT",9.49398741152409
"3230","WT",8.73278530962808
"3231","WT",9.98495519024494
"3232","WT",9.18266951194586
"3233","WT",9.307600525797
"3234","WT",9.15518563525885
"3235","WT",8.57989844241716
"3236","WT",7.37584633022023
"3237","WT",9.81886102658094
"3238","WT",7.35567501641465
"3239","WT",8.59774263632552
"3240","WT",11.6568291022443
"3241","WT",8.50346120847576
"3242","WT",10.3995151060438
"3243","WT",10.202284159477
"3244","WT",9.73630001888268
"3245","WT",8.64497831772115
"3246","WT",10.7715096684106
"3247","WT",9.26497223007052
"3248","WT",9.66883472318869
"3249","WT",9.89673605878702
"3250","WT",7.80289347661665
"3251","WT",7.81979564845471
"3252","WT",7.10452043471762
"3253","WT",7.39645259539815
"3254","WT",7.67432864969815
"3255","WT",8.394163173727
"3256","WT",8.64722022156451
"3257","WT",7.70470323881657
"3258","WT",9.32092963525467
"3259","WT",7.63149800801327
"3260","WT",8.69510671764158
"3261","WT",10.705937317151
"3262","WT",10.7409202310293
"3263","WT",8.47288931477696
"3264","WT",9.14560496600049
"3265","WT",10.1198363622491
"3266","WT",8.34240995179628
"3267","WT",8.76695827375848
"3268","WT",8.91404925346091
"3269","WT",11.3054909183087
"3270","WT",7.01998084371377
"3271","WT",10.1475223629317
"3272","WT",8.28154594413787
"3273","WT",9.9848408359824
"3274","WT",10.9794236957053
"3275","WT",9.20298686261678
"3276","WT",8.20115676205314
"3277","WT",9.01877234906564
"3278","WT",9.86331265564704
"3279","WT",9.39774321119562
"3280","WT",8.27422986633214
"3281","WT",9.22716221823935
"3282","WT",10.1452080202712
"3283","WT",9.39736672220783
"3284","WT",10.689393947478
"3285","WT",7.74792823897425
"3286","WT",8.79024783488209
"3287","WT",8.67874365002583
"3288","WT",9.14013612001549
"3289","WT",10.418265107375
"3290","WT",9.67183011157409
"3291","WT",9.54947966741291
"3292","WT",8.04791173140416
"3293","WT",8.79073047899992
"3294","WT",8.08819398143929
"3295","WT",8.32839632767594
"3296","WT",8.87860698838595
"3297","WT",10.1213674047275
"3298","WT",8.88975544381258
"3299","WT",10.0655087918902
"3300","WT",10.7669730745672
"3301","WT",7.11991821463022
"3302","WT",9.68910723982271
"3303","WT",10.0157016311379
"3304","WT",9.64611384625721
"3305","WT",8.76562223472346
"3306","WT",8.54603078732196
"3307","WT",8.32393386293774
"3308","WT",8.72555043124853
"3309","WT",10.9710364021401
"3310","WT",8.24756340316521
"3311","WT",8.8030128597602
"3312","WT",8.49261650463127
"3313","WT",9.4596406813633
"3314","WT",8.01486643687556
"3315","WT",8.66575815656406
"3316","WT",7.82104999062216
"3317","WT",9.95589176804623
"3318","WT",8.56489430208405
"3319","WT",9.93806417697235
"3320","WT",10.179207339868
"3321","WT",9.98814669253566
"3322","WT",8.76889546767949
"3323","WT",8.95296667231788
"3324","WT",9.69139752154506
"3325","WT",9.02623095896787
"3326","WT",9.73315134539373
"3327","WT",9.37868478232569
"3328","WT",10.7112983897157
"3329","WT",7.99141207473009
"3330","WT",10.4430190855684
"3331","WT",8.63334319494513
"3332","WT",9.48021746722502
"3333","WT",9.20453337165929
"3334","WT",9.70338490195005
"3335","WT",10.4627969571708
"3336","WT",9.51461615207919
"3337","WT",9.67770014028533
"3338","WT",9.78582825146747
"3339","WT",8.93354328892242
"3340","WT",8.44693333269898
"3341","WT",9.90016747712166
"3342","WT",9.25157459566775
"3343","WT",9.60931882792071
"3344","WT",7.97893624937777
"3345","WT",8.32152850539584
"3346","WT",11.251934541563
"3347","WT",8.51709228991619
"3348","WT",9.92485827730786
"3349","WT",8.71691199550805
"3350","WT",9.28544454269028
"3351","WT",7.77592544503382
"3352","WT",7.85439094809776
"3353","WT",10.4955762960477
"3354","WT",9.06200610039983
"3355","WT",7.36220292704829
"3356","WT",10.1290322826177
"3357","WT",10.0768427752884
"3358","WT",7.47913172362741
"3359","WT",9.72118537372718
"3360","WT",8.58726598031401
"3361","WT",9.30729061070112
"3362","WT",8.70222974131237
"3363","WT",8.25949827473361
"3364","WT",9.00368153182352
"3365","WT",9.77144816359846
"3366","WT",8.93377883870033
"3367","WT",9.23545188845983
"3368","WT",10.5456763965727
"3369","WT",7.84734810538062
"3370","WT",8.36791511699369
"3371","WT",7.21446212428155
"3372","WT",7.97951539725645
"3373","WT",8.74125148374792
"3374","WT",10.1029620215552
"3375","WT",10.4355117494753
"3376","WT",10.1383334075695
"3377","WT",9.31779346584692
"3378","WT",8.14151784489372
"3379","WT",10.2305924462434
"3380","WT",7.540191527997
"3381","WT",9.84746891234571
"3382","WT",8.77414414795131
"3383","WT",8.44681743213323
"3384","WT",8.83139827298326
"3385","WT",7.51067434361688
"3386","WT",8.80702024606369
"3387","WT",12.2367834755376
"3388","WT",8.63231052410769
"3389","WT",7.6791862256608
"3390","WT",10.7347956037212
"3391","WT",9.97344034299062
"3392","WT",7.03603674392341
"3393","WT",11.7977330792275
"3394","WT",9.60499031624673
"3395","WT",6.25876019998745
"3396","WT",8.12875909985286
"3397","WT",7.71736253634984
"3398","WT",9.83681202966634
"3399","WT",9.70596868807718
"3400","WT",8.24887024342786
"3401","WT",9.0142563951514
"3402","WT",9.39713510012871
"3403","WT",8.83123312678151
"3404","WT",10.4487406195938
"3405","WT",7.3585988763355
"3406","WT",8.81714055616175
"3407","WT",8.79278685531757
"3408","WT",9.63907041579774
"3409","WT",7.89378923659213
"3410","WT",8.83200226103475
"3411","WT",9.53701079364616
"3412","WT",10.0106880479635
"3413","WT",9.83252953243617
"3414","WT",7.1418580024597
"3415","WT",10.1215108073427
"3416","WT",8.35043131384547
"3417","WT",9.9779242342237
"3418","WT",7.96528157852212
"3419","WT",7.90853862322825
"3420","WT",9.88849291723366
"3421","WT",9.40370888517053
"3422","WT",7.73935633021597
"3423","WT",11.5422904185789
"3424","WT",10.0276768961492
"3425","WT",8.16027298590841
"3426","WT",10.3749592092907
"3427","WT",8.32871185954691
"3428","WT",9.42743087897471
"3429","WT",9.14821374375045
"3430","WT",8.26562407048239
"3431","WT",8.44449971518774
"3432","WT",9.59317328809482
"3433","WT",10.9960226605981
"3434","WT",8.58686639177165
"3435","WT",8.20354384604359
"3436","WT",9.19491917263406
"3437","WT",8.06331373519565
"3438","WT",10.9201837408785
"3439","WT",10.0678032768843
"3440","WT",10.0315150182144
"3441","WT",10.2815718486258
"3442","WT",9.04973003689223
"3443","WT",8.33875198064627
"3444","WT",9.34388511614804
"3445","WT",8.24891358086691
"3446","WT",6.17839376331156
"3447","WT",9.39720266380914
"3448","WT",7.99854491549371
"3449","WT",6.88691389385523
"3450","WT",8.74774526557763
"3451","WT",8.24762140621974
"3452","WT",7.44014146324257
"3453","WT",8.31278659738363
"3454","WT",8.59594701855096
"3455","WT",10.3202455407812
"3456","WT",12.3475727498947
"3457","WT",9.32961006856034
"3458","WT",9.11592174531792
"3459","WT",7.86453307385289
"3460","WT",8.87364382499907
"3461","WT",10.5391002187326
"3462","WT",8.47772414058281
"3463","WT",8.27330341349166
"3464","WT",10.1176615049113
"3465","WT",8.84986036841964
"3466","WT",8.53570554948239
"3467","WT",10.7054815203244
"3468","WT",8.5745914550487
"3469","WT",9.20430880346865
"3470","WT",8.95376025548182
"3471","WT",8.30056615539351
"3472","WT",7.45713875239914
"3473","WT",9.42672282882213
"3474","WT",9.91957206519843
"3475","WT",8.53619546763921
"3476","WT",9.01899334381617
"3477","WT",9.72105215053533
"3478","WT",8.84371410095991
"3479","WT",9.40227356269095
"3480","WT",8.53428894311329
"3481","WT",9.0121238630392
"3482","WT",9.64809150206252
"3483","WT",8.76759433925682
"3484","WT",8.39228568282819
"3485","WT",9.21911117827744
"3486","WT",9.9129713281063
"3487","WT",9.90954100696508
"3488","WT",9.05955192678978
"3489","WT",9.17674044806188
"3490","WT",8.76471563831196
"3491","WT",7.49535148895888
"3492","WT",9.43407414031531
"3493","WT",9.83823980288753
"3494","WT",11.3380435843121
"3495","WT",8.06746202687393
"3496","WT",8.16583743214658
"3497","WT",11.0975060679659
"3498","WT",9.10051843138533
"3499","WT",9.92169156009309
"3500","WT",8.0359881259733
"3501","WT",10.1134591432856
"3502","WT",7.84009259621927
"3503","WT",8.57990161054658
"3504","WT",11.0049936635401
"3505","WT",7.87248902572439
"3506","WT",9.01950917829283
"3507","WT",8.70242175530226
"3508","WT",7.8149904431361
"3509","WT",9.81803154482449
"3510","WT",8.6822263038276
"3511","WT",9.3348350704505
"3512","WT",9.80289777800254
"3513","WT",9.08651254148892
"3514","WT",8.90641313325036
"3515","WT",8.76039434290813
"3516","WT",9.41375201842699
"3517","WT",7.57544319067415
"3518","WT",8.54651799481249
"3519","WT",9.98981390661454
"3520","WT",9.01571521684706
"3521","WT",7.61673738010894
"3522","WT",9.756286368982
"3523","WT",8.7223203719436
"3524","WT",9.29672574723753
"3525","WT",8.15321383007086
"3526","WT",9.12525752171335
"3527","WT",10.7160844671893
"3528","WT",9.37604185942872
"3529","WT",9.86460412344953
"3530","WT",7.90709079519227
"3531","WT",12.234766083444
"3532","WT",7.30088121313932
"3533","WT",8.99999673232675
"3534","WT",9.64846099793781
"3535","WT",9.04083900569149
"3536","WT",8.66801874003419
"3537","WT",8.77164174556673
"3538","WT",11.0567522187226
"3539","WT",8.49822585940463
"3540","WT",8.67693206645184
"3541","WT",9.81723153671734
"3542","WT",10.6384849972667
"3543","WT",9.24930850517973
"3544","WT",8.96928002666409
"3545","WT",9.77583358283005
"3546","WT",10.926243993862
"3547","WT",8.86954158922535
"3548","WT",8.57953585841811
"3549","WT",8.19004547822181
"3550","WT",8.95881454518126
"3551","WT",7.85757417207475
"3552","WT",9.14970115164095
"3553","WT",8.12930090141441
"3554","WT",9.43014758158365
"3555","WT",9.97244416223199
"3556","WT",9.07454851827152
"3557","WT",9.49523445100757
"3558","WT",9.1461423717369
"3559","WT",10.3083905278495
"3560","WT",10.1312640201874
"3561","WT",8.2389368336001
"3562","WT",8.54672232743076
"3563","WT",8.8500052568606
"3564","WT",9.59086540846344
"3565","WT",9.11045431780835
"3566","WT",8.60099613320401
"3567","WT",7.84863047765715
"3568","WT",7.3020919806036
"3569","WT",10.0220001129037
"3570","WT",9.22605651378743
"3571","WT",8.35352432557455
"3572","WT",10.4926068995722
"3573","WT",8.78847998694377
"3574","WT",8.17440992131218
"3575","WT",8.5065924993228
"3576","WT",8.68243931464103
"3577","WT",7.81032802001164
"3578","WT",8.46754827190054
"3579","WT",9.4304536894446
"3580","WT",8.10298221391167
"3581","WT",9.59582924640365
"3582","WT",10.1034027887549
"3583","WT",8.26982376296784
"3584","WT",7.61214218224721
"3585","WT",9.94117927596749
"3586","WT",8.11809797056075
"3587","WT",8.20623475353634
"3588","WT",7.29026152377959
"3589","WT",9.52186349960664
"3590","WT",8.30604170965493
"3591","WT",9.70708125515679
"3592","WT",9.22427045903403
"3593","WT",9.43189004623567
"3594","WT",9.16671806178359
"3595","WT",9.14368841943595
"3596","WT",7.71884984495142
"3597","WT",9.57666583014874
"3598","WT",6.17668247734701
"3599","WT",8.14237461719645
"3600","WT",8.97354909208084
"3601","WT",9.91720917517956
"3602","WT",9.03382672281677
"3603","WT",9.53624859806764
"3604","WT",8.21459848812037
"3605","WT",9.38162943349471
"3606","WT",8.55261027452844
"3607","WT",8.64427389413723
"3608","WT",8.92793288274402
"3609","WT",9.33444586852176
"3610","WT",9.52425681056376
"3611","WT",9.53240714390809
"3612","WT",7.94267914550996
"3613","WT",9.31001211315817
"3614","WT",8.0657881305072
"3615","WT",8.59089062811902
"3616","WT",8.64475103116245
"3617","WT",8.09370101963548
"3618","WT",7.46428829703705
"3619","WT",9.4622029562928
"3620","WT",8.86756424054496
"3621","WT",9.00613055793397
"3622","WT",8.22119792571149
"3623","WT",7.67362316073804
"3624","WT",7.21518830140845
"3625","WT",9.37171074163157
"3626","WT",8.47159542454432
"3627","WT",8.74712891557141
"3628","WT",7.14222323360495
"3629","WT",8.1951995490139
"3630","WT",9.53834203268686
"3631","WT",10.5552842927506
"3632","WT",8.17649775147745
"3633","WT",8.49152161775153
"3634","WT",8.32350868769394
"3635","WT",9.66120718456669
"3636","WT",9.98210349510513
"3637","WT",8.49534155135735
"3638","WT",9.72444039753058
"3639","WT",8.10482890054604
"3640","WT",10.4454690784784
"3641","WT",9.36891600321776
"3642","WT",11.9662397183116
"3643","WT",7.1409422640903
"3644","WT",8.82730967988738
"3645","WT",9.42526317706259
"3646","WT",7.89036036562907
"3647","WT",8.81243865072674
"3648","WT",9.44877989917572
"3649","WT",9.39436032776323
"3650","WT",9.52604535065741
"3651","WT",8.56456988269639
"3652","WT",9.48488196558472
"3653","WT",8.88166104181049
"3654","WT",7.72571611559483
"3655","WT",8.05718872756282
"3656","WT",9.01026289672176
"3657","WT",7.61190463036821
"3658","WT",10.0780476825694
"3659","WT",8.88882074501247
"3660","WT",7.40967246303303
"3661","WT",9.9916836297696
"3662","WT",8.72434769985432
"3663","WT",9.70700332713564
"3664","WT",7.84572580031677
"3665","WT",7.29901307920164
"3666","WT",8.38331336013225
"3667","WT",9.39435597700886
"3668","WT",8.75895648049833
"3669","WT",9.54722712579239
"3670","WT",8.14800476065121
"3671","WT",8.74884203826181
"3672","WT",8.84519481634297
"3673","WT",9.75083540646405
"3674","WT",9.78439264768725
"3675","WT",7.3660814265394
"3676","WT",10.0686954823595
"3677","WT",8.43299220139757
"3678","WT",10.619460129774
"3679","WT",7.3956132618725
"3680","WT",8.94805693895569
"3681","WT",7.88788669420952
"3682","WT",7.9904381458994
"3683","WT",6.05217014786668
"3684","WT",9.55328632060923
"3685","WT",8.76247457771462
"3686","WT",7.20754173146973
"3687","WT",8.19466744067661
"3688","WT",9.96419598105649
"3689","WT",10.6796270310229
"3690","WT",9.16959406318068
"3691","WT",10.7277043095068
"3692","WT",8.76902841727908
"3693","WT",9.16528866341183
"3694","WT",8.22174831727198
"3695","WT",8.50449080140129
"3696","WT",9.32403588125971
"3697","WT",8.7433566774794
"3698","WT",10.2321624293584
"3699","WT",8.85247329797501
"3700","WT",9.83011517172715
"3701","WT",9.60555165776046
"3702","WT",9.04648392515263
"3703","WT",8.58072442356523
"3704","WT",8.48429427304519
"3705","WT",8.1986971443673
"3706","WT",9.19639695618088
"3707","WT",9.86743254333498
"3708","WT",11.4161049675186
"3709","WT",8.46536184053435
"3710","WT",8.67166122910157
"3711","WT",9.42038590059793
"3712","WT",8.10960901005179
"3713","WT",10.5127193517816
"3714","WT",9.06653638227237
"3715","WT",9.45570193542224
"3716","WT",8.96585165768908
"3717","WT",8.83323184877924
"3718","WT",8.14812109647146
"3719","WT",9.49592557608315
"3720","WT",10.7805497883435
"3721","WT",8.48466522708598
"3722","WT",9.301613398811
"3723","WT",8.70519163930188
"3724","WT",9.54527501571893
"3725","WT",10.9753063004764
"3726","WT",9.13910660945079
"3727","WT",7.89414507116679
"3728","WT",10.4925960630279
"3729","WT",8.22926629821575
"3730","WT",8.35708476241624
"3731","WT",10.8595968757225
"3732","WT",10.0967355160235
"3733","WT",9.29168035758549
"3734","WT",10.1218477793855
"3735","WT",10.2893971087256
"3736","WT",8.81762510786433
"3737","WT",7.10398624993153
"3738","WT",8.77083506625179
"3739","WT",7.6861530993701
"3740","WT",8.72416984360381
"3741","WT",7.79058166965669
"3742","WT",9.10059849498182
"3743","WT",9.51355679388734
"3744","WT",9.91264888736861
"3745","WT",7.3792085348071
"3746","WT",9.13237303236111
"3747","WT",9.68465906813669
"3748","WT",7.23895141631436
"3749","WT",9.68496478507319
"3750","WT",9.26493264190485
"3751","WT",7.30245780602563
"3752","WT",8.37923342502552
"3753","WT",9.36572333284434
"3754","WT",9.24754440392961
"3755","WT",9.87463982555499
"3756","WT",8.25205211612776
"3757","WT",12.6344792567576
"3758","WT",8.87160415428239
"3759","WT",9.35088876524226
"3760","WT",10.124288503151
"3761","WT",9.56019752269153
"3762","WT",9.77476570865668
"3763","WT",11.0699663117641
"3764","WT",7.81658603340175
"3765","WT",8.92215661377028
"3766","WT",8.43913264159368
"3767","WT",10.3404767968753
"3768","WT",11.8676642194797
"3769","WT",8.07467616290045
"3770","WT",11.0529592165304
"3771","WT",8.53221912606672
"3772","WT",8.72730606795852
"3773","WT",9.82614896314768
"3774","WT",6.42561189288019
"3775","WT",6.81875147022417
"3776","WT",8.91231067202961
"3777","WT",9.79392700477081
"3778","WT",9.69982987410697
"3779","WT",7.97085705067017
"3780","WT",10.7935558275158
"3781","WT",8.97765733423032
"3782","WT",9.30207988524401
"3783","WT",8.11781321134009
"3784","WT",8.87985439247829
"3785","WT",9.25353201390284
"3786","WT",8.5986073836584
"3787","WT",9.3556425482588
"3788","WT",10.3454609211399
"3789","WT",9.01452881482308
"3790","WT",9.00798020808077
"3791","WT",7.96767139183808
"3792","WT",8.9377109550816
"3793","WT",9.15157531174991
"3794","WT",9.08617958906054
"3795","WT",7.77539645180763
"3796","WT",9.27674919241389
"3797","WT",10.271643798137
"3798","WT",8.71976567572493
"3799","WT",7.32961918228597
"3800","WT",8.79905256432785
"3801","WT",9.57527214323719
"3802","WT",8.10137457609322
"3803","WT",8.47366369413749
"3804","WT",8.27163907716587
"3805","WT",8.6921616069522
"3806","WT",8.586060080986
"3807","WT",9.57096519469437
"3808","WT",8.27092280214614
"3809","WT",9.50244317048331
"3810","WT",9.85004210069869
"3811","WT",8.84913247480035
"3812","WT",9.43862978827973
"3813","WT",9.15152619209979
"3814","WT",9.02385793741938
"3815","WT",9.313709498539
"3816","WT",9.58427698366522
"3817","WT",8.90991349853348
"3818","WT",8.66997001110136
"3819","WT",8.22596587149259
"3820","WT",10.5184457021286
"3821","WT",10.4750420585917
"3822","WT",9.14612700164764
"3823","WT",9.13508527908171
"3824","WT",10.3451426830013
"3825","WT",9.58525054777605
"3826","WT",7.57856635797412
"3827","WT",8.04844392566725
"3828","WT",10.050493292273
"3829","WT",9.05626009518111
"3830","WT",11.3262015718213
"3831","WT",8.50997432824077
"3832","WT",9.56888308915572
"3833","WT",8.37408456537682
"3834","WT",9.9734599230778
"3835","WT",10.0827015473363
"3836","WT",8.98639540585979
"3837","WT",8.95964676552361
"3838","WT",9.67898346402613
"3839","WT",8.46043439286358
"3840","WT",9.55693026905234
"3841","WT",8.70464502953538
"3842","WT",7.56239810702572
"3843","WT",8.37446671586512
"3844","WT",10.83445830328
"3845","WT",10.3427720259062
"3846","WT",9.05716179849269
"3847","WT",7.09527862119148
"3848","WT",7.8162581586725
"3849","WT",7.99573798369203
"3850","WT",9.38920156908682
"3851","WT",8.83376223520531
"3852","WT",7.77672763721853
"3853","WT",8.65453646950195
"3854","WT",8.95349574176006
"3855","WT",9.73421019297313
"3856","WT",9.46397414759149
"3857","WT",8.92487814731873
"3858","WT",10.5089052648991
"3859","WT",7.84725286739687
"3860","WT",8.27502984377258
"3861","WT",7.27155430600172
"3862","WT",8.84608245880236
"3863","WT",10.4050233656709
"3864","WT",8.25947739470832
"3865","WT",9.15691911630899
"3866","WT",10.6229028828436
"3867","WT",8.23863774063051
"3868","WT",10.1279691331351
"3869","WT",9.89423784519649
"3870","WT",9.73737155526807
"3871","WT",9.63678776436608
"3872","WT",7.755479628091
"3873","WT",11.7152124179719
"3874","WT",9.53970248030056
"3875","WT",9.60322673230764
"3876","WT",9.42890650788056
"3877","WT",9.1596509730996
"3878","WT",10.1470044784486
"3879","WT",9.1413391280147
"3880","WT",10.1158770765229
"3881","WT",8.43374040641634
"3882","WT",8.33877285767569
"3883","WT",10.1935659398499
"3884","WT",10.8084891289385
"3885","WT",9.33439244544098
"3886","WT",7.60261024667038
"3887","WT",8.9188531566413
"3888","WT",9.12794291995123
"3889","WT",7.14065425388469
"3890","WT",10.4443244754551
"3891","WT",10.9178961484457
"3892","WT",9.7941949586642
"3893","WT",8.73636969885536
"3894","WT",8.02799977179233
"3895","WT",9.25311718580882
"3896","WT",7.5605837073306
"3897","WT",9.66335047988232
"3898","WT",9.32879986025451
"3899","WT",9.43440900847142
"3900","WT",8.30022424801388
"3901","WT",8.26833198895436
"3902","WT",8.85212862773808
"3903","WT",10.4784299173623
"3904","WT",9.72103155577916
"3905","WT",8.68110126819878
"3906","WT",9.16635711612551
"3907","WT",8.81294735326085
"3908","WT",8.94234361908589
"3909","WT",9.68248071719524
"3910","WT",10.3493796448811
"3911","WT",9.20516550483455
"3912","WT",10.0008271062402
"3913","WT",8.79200679735952
"3914","WT",7.01281068841969
"3915","WT",7.96913127795246
"3916","WT",11.9439956087629
"3917","WT",9.91355409374344
"3918","WT",8.38946336204526
"3919","WT",9.95049783250482
"3920","WT",9.51681165518719
"3921","WT",9.68423664518764
"3922","WT",8.57993657485389
"3923","WT",9.44304887052819
"3924","WT",8.89080204537069
"3925","WT",8.61915012466245
"3926","WT",9.12328669874119
"3927","WT",10.2636349806984
"3928","WT",10.8294141789995
"3929","WT",8.76433444078187
"3930","WT",11.9909504072233
"3931","WT",8.21454387931343
"3932","WT",9.14060181728279
"3933","WT",8.80950107408223
"3934","WT",8.40403595018306
"3935","WT",7.8244389640284
"3936","WT",7.80776559536277
"3937","WT",9.6358768590456
"3938","WT",8.12972172987594
"3939","WT",8.61267062103624
"3940","WT",8.90837534066378
"3941","WT",11.3853253689735
"3942","WT",6.45689206479089
"3943","WT",6.75600814412722
"3944","WT",9.16440502069579
"3945","WT",6.84837928652376
"3946","WT",7.7502514026839
"3947","WT",10.7144008014171
"3948","WT",8.84576459276351
"3949","WT",9.11489191016176
"3950","WT",10.2865992001271
"3951","WT",8.52490935849667
"3952","WT",8.54926920949044
"3953","WT",9.15758385824532
"3954","WT",8.8641270036463
"3955","WT",8.23765117959267
"3956","WT",9.42552898811014
"3957","WT",9.14021139770936
"3958","WT",9.19103427425094
"3959","WT",9.34270310605732
"3960","WT",9.65907733005396
"3961","WT",8.87630156058783
"3962","WT",9.73692070687109
"3963","WT",9.27734701431281
"3964","WT",8.72267231894304
"3965","WT",7.64469133777577
"3966","WT",9.16007936604152
"3967","WT",8.24231730290493
"3968","WT",9.00823215829812
"3969","WT",8.92758682277036
"3970","WT",8.75755475142335
"3971","WT",10.0538352732197
"3972","WT",9.95198053755115
"3973","WT",7.54489006272839
"3974","WT",10.2288231121292
"3975","WT",10.3814619535618
"3976","WT",9.52085869192642
"3977","WT",8.79408906211309
"3978","WT",10.5349321612324
"3979","WT",6.62360947762617
"3980","WT",9.91110732602548
"3981","WT",8.7769403060406
"3982","WT",9.00432376788561
"3983","WT",10.2939479176036
"3984","WT",10.2619481012954
"3985","WT",7.63063047660633
"3986","WT",8.24086174218871
"3987","WT",11.4862307867298
"3988","WT",8.96205844912801
"3989","WT",8.79763907937612
"3990","WT",7.17478860967922
"3991","WT",10.0684542970834
"3992","WT",9.8202287364268
"3993","WT",7.09475407300509
"3994","WT",9.52104659744316
"3995","WT",10.1963460794117
"3996","WT",9.79564537695942
"3997","WT",10.3292396778858
"3998","WT",10.2264137089659
"3999","WT",8.9124224185373
"4000","WT",7.94968839314894
"4001","WT",10.7949933822846
"4002","WT",9.9603264395007
"4003","WT",10.0532853935514
"4004","WT",8.63840414987953
"4005","WT",8.92532464354519
"4006","WT",8.42017024069116
"4007","WT",10.78320975024
"4008","WT",11.0142407084883
"4009","WT",8.4449077018603
"4010","WT",9.58893015722533
"4011","WT",9.45401369209523
"4012","WT",9.6797369117302
"4013","WT",8.90410906125529
"4014","WT",8.18442055639206
"4015","WT",9.69727681740796
"4016","WT",7.15095171659517
"4017","WT",8.49457331697372
"4018","WT",8.97529834767864
"4019","WT",9.04077663813291
"4020","WT",8.46389456731394
"4021","WT",10.1544124557865
"4022","WT",8.43260319215356
"4023","WT",9.1418871345443
"4024","WT",9.46578456744942
"4025","WT",8.72074741163025
"4026","WT",10.228386974554
"4027","WT",6.52279684377549
"4028","WT",11.6878473233227
"4029","WT",7.5228663523903
"4030","WT",6.82076065914335
"4031","WT",9.49649756093575
"4032","WT",9.70322273262915
"4033","WT",9.93314008409286
"4034","WT",9.4255183760852
"4035","WT",10.2719019057229
"4036","WT",8.48664367046477
"4037","WT",10.2366992659546
"4038","WT",8.34245552445116
"4039","WT",7.78343976025245
"4040","WT",8.84849341091767
"4041","WT",9.60268087009348
"4042","WT",10.1503232390201
"4043","WT",7.86149339594238
"4044","WT",8.12545797969236
"4045","WT",8.36170612278189
"4046","WT",9.76018866158724
"4047","WT",8.59486818739227
"4048","WT",9.30016477004157
"4049","WT",9.32621329647711
"4050","WT",7.52179433780311
"4051","WT",8.64070505265132
"4052","WT",9.65636013939486
"4053","WT",9.53633170087076
"4054","WT",7.51559786378513
"4055","WT",10.1769679078889
"4056","WT",8.11361762827738
"4057","WT",8.84304777682335
"4058","WT",9.65610735502359
"4059","WT",8.05710346416268
"4060","WT",8.61495232880852
"4061","WT",9.30432268095606
"4062","WT",10.7554136101931
"4063","WT",9.17606101249276
"4064","WT",6.81248959036544
"4065","WT",9.17157935695368
"4066","WT",8.93485915733254
"4067","WT",7.99965166554718
"4068","WT",9.86037544311937
"4069","WT",10.427739305905
"4070","WT",8.83652762217084
"4071","WT",8.52915310948625
"4072","WT",10.0438033600327
"4073","WT",8.87487427159231
"4074","WT",8.53299705389087
"4075","WT",9.00843121866503
"4076","WT",9.97556326905579
"4077","WT",8.15624637733722
"4078","WT",10.5083099873687
"4079","WT",8.46972804622554
"4080","WT",8.95923575468006
"4081","WT",9.9580011820428
"4082","WT",8.99512071545366
"4083","WT",9.99576161346944
"4084","WT",8.43972328091527
"4085","WT",9.77339214520492
"4086","WT",9.16209704568758
"4087","WT",9.86010504100723
"4088","WT",8.42708132076695
"4089","WT",7.41831739172395
"4090","WT",7.67951448001714
"4091","WT",10.2020436665961
"4092","WT",8.86394262013805
"4093","WT",10.0158317030552
"4094","WT",7.88286078984578
"4095","WT",9.86037512128241
"4096","WT",7.12423779654615
"4097","WT",9.44343847948384
"4098","WT",8.50449585433002
"4099","WT",10.2472760859034
"4100","WT",7.22246360943172
"4101","WT",8.30297670605441
"4102","WT",9.16716766801692
"4103","WT",6.62858865046791
"4104","WT",9.20795556579854
"4105","WT",9.68806058460861
"4106","WT",9.80655671503957
"4107","WT",7.40895007744795
"4108","WT",10.0234935183507
"4109","WT",7.13507925036139
"4110","WT",9.80007692029479
"4111","WT",8.52079720791389
"4112","WT",9.07144599035054
"4113","WT",8.52712538085142
"4114","WT",9.07901271227551
"4115","WT",9.96422752386403
"4116","WT",9.83995279626337
"4117","WT",9.96329551378126
"4118","WT",8.21158540202376
"4119","WT",11.6212751053814
"4120","WT",10.031568973116
"4121","WT",8.69713096438388
"4122","WT",9.34381735071413
"4123","WT",9.97021869211586
"4124","WT",8.972896362839
"4125","WT",7.60059660107875
"4126","WT",8.9673746356561
"4127","WT",9.10676988316131
"4128","WT",8.17969485151104
"4129","WT",10.2553818501062
"4130","WT",7.94422152181758
"4131","WT",8.51050469757337
"4132","WT",9.55335283657747
"4133","WT",10.8640353259702
"4134","WT",8.26233259573536
"4135","WT",8.94338182826752
"4136","WT",8.9023523518489
"4137","WT",7.09938691758117
"4138","WT",8.44142833132184
"4139","WT",7.19280607013397
"4140","WT",8.55585836931261
"4141","WT",8.59900375784743
"4142","WT",9.25996738726132
"4143","WT",9.3292501493084
"4144","WT",9.52548685762128
"4145","WT",7.04309635243762
"4146","WT",8.38764990765698
"4147","WT",9.81261435972996
"4148","WT",9.53742322751606
"4149","WT",8.47971258132049
"4150","WT",7.10452900819331
"4151","WT",10.4405727038456
"4152","WT",9.25165798400033
"4153","WT",7.95724641018285
"4154","WT",7.87621124480674
"4155","WT",8.14413902926465
"4156","WT",8.62755717289648
"4157","WT",8.06010429033578
"4158","WT",9.23089393008803
"4159","WT",9.48059226582793
"4160","WT",8.72038198978511
"4161","WT",10.0477162366237
"4162","WT",8.03142829325408
"4163","WT",8.62888661087027
"4164","WT",9.32771022597813
"4165","WT",7.39581337608387
"4166","WT",7.36465172000701
"4167","WT",9.02554596736958
"4168","WT",9.91118127299519
"4169","WT",7.65755434407748
"4170","WT",9.85006916595317
"4171","WT",9.88203417899025
"4172","WT",8.63887543040183
"4173","WT",8.7165190043868
"4174","WT",10.363106792314
"4175","WT",8.92861620160014
"4176","WT",8.98413244616582
"4177","WT",9.6626981705325
"4178","WT",8.7066960790535
"4179","WT",6.22485290547337
"4180","WT",8.51657271261006
"4181","WT",9.33601576521277
"4182","WT",9.10354031304007
"4183","WT",9.29945333452678
"4184","WT",7.98653795329447
"4185","WT",8.05828933617493
"4186","WT",9.55526248225477
"4187","WT",9.1033939848023
"4188","WT",9.72033464287625
"4189","WT",9.02691168246749
"4190","WT",8.20055149535058
"4191","WT",9.26058396676822
"4192","WT",10.7604971777537
"4193","WT",8.53479603087793
"4194","WT",8.51497752020795
"4195","WT",9.08444208053443
"4196","WT",7.75772852753249
"4197","WT",10.3905486054593
"4198","WT",8.99277174035472
"4199","WT",10.1040364709286
"4200","WT",8.50506192096739
"4201","WT",9.06582030914133
"4202","WT",9.84324529069071
"4203","WT",9.43892986497699
"4204","WT",9.94671271125254
"4205","WT",7.29765030348073
"4206","WT",10.3714304968083
"4207","WT",8.63946032861912
"4208","WT",9.4756907533937
"4209","WT",9.86370499848323
"4210","WT",7.37462525364685
"4211","WT",8.28426910887807
"4212","WT",9.21493128328938
"4213","WT",8.92801549667421
"4214","WT",9.5097774802602
"4215","WT",8.44680407172956
"4216","WT",9.09699610815776
"4217","WT",9.04556565991142
"4218","WT",8.95183807327724
"4219","WT",9.2403320871423
"4220","WT",8.31224644800603
"4221","WT",8.71113086499495
"4222","WT",8.64980816284047
"4223","WT",9.78641112835721
"4224","WT",8.23431170818569
"4225","WT",8.96939723266518
"4226","WT",7.42723674153669
"4227","WT",9.25988797543606
"4228","WT",6.79841450613906
"4229","WT",7.90532462054334
"4230","WT",11.1286564717791
"4231","WT",7.37827420167094
"4232","WT",8.34912917922307
"4233","WT",8.66919971364567
"4234","WT",9.93759220454051
"4235","WT",8.17632354879527
"4236","WT",9.83857165106462
"4237","WT",10.3387156696578
"4238","WT",7.93807306171444
"4239","WT",8.29901124285425
"4240","WT",10.2307713615701
"4241","WT",7.1142801682712
"4242","WT",9.83324481905121
"4243","WT",8.81591289092792
"4244","WT",8.34302081301687
"4245","WT",9.58357125293749
"4246","WT",9.54930561901605
"4247","WT",9.45347573183397
"4248","WT",10.2433099511053
"4249","WT",8.4947212371528
"4250","WT",7.84118438610139
"4251","WT",9.0743706702586
"4252","WT",9.44713600068102
"4253","WT",7.56813012381985
"4254","WT",7.67996544101696
"4255","WT",10.3114149306293
"4256","WT",8.24825796847767
"4257","WT",10.7116907319837
"4258","WT",7.45747808615803
"4259","WT",9.62020516545066
"4260","WT",9.15538536441758
"4261","WT",9.85163685399179
"4262","WT",8.47715314171221
"4263","WT",8.56576264365401
"4264","WT",8.87287707476978
"4265","WT",6.87812514924383
"4266","WT",9.0911259032411
"4267","WT",8.88594513513138
"4268","WT",9.18646546162644
"4269","WT",8.86317640811686
"4270","WT",9.20171647437883
"4271","WT",7.9506959907158
"4272","WT",7.80306207709429
"4273","WT",8.9891021639302
"4274","WT",8.11389381351525
"4275","WT",7.86831985627096
"4276","WT",9.32175457552751
"4277","WT",9.6234724830953
"4278","WT",10.1276528624716
"4279","WT",8.41939055069751
"4280","WT",8.34302258257919
"4281","WT",9.02086112595839
"4282","WT",10.1791265185317
"4283","WT",10.7753316245982
"4284","WT",9.6421439303118
"4285","WT",9.31132532528106
"4286","WT",8.42555152999822
"4287","WT",9.02657663853445
"4288","WT",10.4198453770174
"4289","WT",11.0439406163525
"4290","WT",6.7288861039258
"4291","WT",9.93689594502544
"4292","WT",10.020156858444
"4293","WT",7.9306422760089
"4294","WT",9.19324092348251
"4295","WT",11.3523879055317
"4296","WT",8.45226440872444
"4297","WT",8.15524404993919
"4298","WT",8.54009577599848
"4299","WT",8.63226567668007
"4300","WT",8.25239990887463
"4301","WT",9.74757532222767
"4302","WT",9.52988567364435
"4303","WT",6.48661731088809
"4304","WT",9.95393998926669
"4305","WT",9.98265319451396
"4306","WT",8.97977823343244
"4307","WT",8.3346228722705
"4308","WT",8.31402239238738
"4309","WT",9.5163348308267
"4310","WT",8.00331026112123
"4311","WT",9.06445573147058
"4312","WT",8.85490683707435
"4313","WT",9.95989436167256
"4314","WT",7.52960693949097
"4315","WT",9.9362767921432
"4316","WT",9.18814669321411
"4317","WT",8.17211123248419
"4318","WT",11.1360595691629
"4319","WT",10.988800064469
"4320","WT",8.45125607664007
"4321","WT",7.15181398288495
"4322","WT",10.6241349027689
"4323","WT",8.13172274238833
"4324","WT",6.33815792442611
"4325","WT",9.99908901019349
"4326","WT",9.55298387895532
"4327","WT",10.3335534108673
"4328","WT",7.91868563415455
"4329","WT",9.28435066854887
"4330","WT",8.48143539564866
"4331","WT",10.2487479343883
"4332","WT",9.38723513575846
"4333","WT",10.0555617384769
"4334","WT",8.8851552480371
"4335","WT",7.7034301227856
"4336","WT",8.42908456478151
"4337","WT",9.70032717412691
"4338","WT",8.21266767759426
"4339","WT",7.47749421138206
"4340","WT",9.6837906172542
"4341","WT",9.71409177954558
"4342","WT",10.2087471837234
"4343","WT",9.56109288228838
"4344","WT",9.05460833462644
"4345","WT",7.32927874163268
"4346","WT",8.41677211974998
"4347","WT",8.65267246388677
"4348","WT",7.58200731392951
"4349","WT",9.24334073492932
"4350","WT",9.53271270484781
"4351","WT",10.7311256029396
"4352","WT",8.52511032640963
"4353","WT",8.80311623174155
"4354","WT",9.66332674865599
"4355","WT",10.376825276404
"4356","WT",8.1570151628181
"4357","WT",8.7187505908489
"4358","WT",8.98398330112754
"4359","WT",9.904903787747
"4360","WT",7.85572585087115
"4361","WT",8.42541997638293
"4362","WT",8.96154793692367
"4363","WT",9.67331763883417
"4364","WT",8.91119690001728
"4365","WT",10.0891700419162
"4366","WT",6.98055489829216
"4367","WT",9.49976668199925
"4368","WT",8.69719995125605
"4369","WT",9.7286573309048
"4370","WT",7.45675868856512
"4371","WT",9.24809313822131
"4372","WT",10.255229229866
"4373","WT",8.77275784558968
"4374","WT",8.91320634098326
"4375","WT",8.62193197821798
"4376","WT",7.16843685672916
"4377","WT",8.46355287443391
"4378","WT",10.1581844895698
"4379","WT",9.46658523514694
"4380","WT",7.82659204166561
"4381","WT",8.52629121735415
"4382","WT",8.86455267578545
"4383","WT",7.43546032198127
"4384","WT",11.4461456651514
"4385","WT",7.91978639552928
"4386","WT",8.20268652938076
"4387","WT",8.72747796746787
"4388","WT",9.34853805263307
"4389","WT",8.39912009492612
"4390","WT",8.10611673969717
"4391","WT",10.4993277499009
"4392","WT",10.4869681422857
"4393","WT",9.94005578507422
"4394","WT",7.5752755796193
"4395","WT",10.1520193635784
"4396","WT",7.82849118659252
"4397","WT",11.0450414202961
"4398","WT",7.95404207925205
"4399","WT",8.99084892418075
"4400","WT",9.12086527486898
"4401","WT",8.53255108748537
"4402","WT",7.73076782970006
"4403","WT",9.71729315291118
"4404","WT",7.48183816923737
"4405","WT",10.4249803616933
"4406","WT",9.84022177449385
"4407","WT",10.5050809627955
"4408","WT",9.13857981027274
"4409","WT",8.59444659089236
"4410","WT",9.20982517225461
"4411","WT",9.29317230403958
"4412","WT",8.19597237797841
"4413","WT",9.25949346175713
"4414","WT",8.27025745714128
"4415","WT",10.2134792395702
"4416","WT",10.5501983821241
"4417","WT",7.76110432922139
"4418","WT",8.45787854610149
"4419","WT",11.891777892166
"4420","WT",10.8858454807531
"4421","WT",10.3346120181352
"4422","WT",9.65595772054564
"4423","WT",9.59892905433414
"4424","WT",9.94069681246185
"4425","WT",7.35568663590259
"4426","WT",10.126626521223
"4427","WT",10.1808920273268
"4428","WT",9.69773591387115
"4429","WT",8.12127439907127
"4430","WT",9.47029548810116
"4431","WT",9.10667919821598
"4432","WT",8.04062285697762
"4433","WT",8.63723804254499
"4434","WT",8.89435161660607
"4435","WT",9.70102358818004
"4436","WT",8.20398517244671
"4437","WT",7.35793566803474
"4438","WT",7.20848541177444
"4439","WT",10.5202526372021
"4440","WT",11.1611377757393
"4441","WT",8.68287941398042
"4442","WT",8.09821296504103
"4443","WT",9.18856595512792
"4444","WT",10.0630379550337
"4445","WT",9.02225284467621
"4446","WT",9.11900569055503
"4447","WT",7.42718133063431
"4448","WT",10.655812208982
"4449","WT",10.4988945751806
"4450","WT",9.67918791453677
"4451","WT",9.02251027585308
"4452","WT",8.73312713897321
"4453","WT",8.82437071939348
"4454","WT",7.66189281662744
"4455","WT",10.3272178879681
"4456","WT",9.41786503799051
"4457","WT",9.8057271493311
"4458","WT",9.43222397483146
"4459","WT",10.1484416640163
"4460","WT",9.36926873998982
"4461","WT",6.6103827024327
"4462","WT",7.49888570504271
"4463","WT",8.78709091330725
"4464","WT",8.02945329669347
"4465","WT",9.30567167233786
"4466","WT",9.21892613662194
"4467","WT",7.41716758793966
"4468","WT",10.2051007144376
"4469","WT",8.84901907036842
"4470","WT",9.54462515544977
"4471","WT",8.17370903751586
"4472","WT",7.07303976543396
"4473","WT",9.05012798185157
"4474","WT",10.4902825462044
"4475","WT",9.40465572662134
"4476","WT",8.67143431884311
"4477","WT",8.64317996830367
"4478","WT",9.80688608968392
"4479","WT",9.12396736271029
"4480","WT",11.3667349545067
"4481","WT",10.5785130458235
"4482","WT",9.0808955923644
"4483","WT",8.05097123938751
"4484","WT",10.3149176493704
"4485","WT",8.35279062609501
"4486","WT",9.32663259471071
"4487","WT",10.4004689162243
"4488","WT",8.58119161319786
"4489","WT",9.43043993495932
"4490","WT",7.27873812780229
"4491","WT",10.6829005973869
"4492","WT",8.87330999828726
"4493","WT",8.37829680656141
"4494","WT",8.94020589346711
"4495","WT",10.2512822534034
"4496","WT",10.281344423345
"4497","WT",6.99000745803488
"4498","WT",7.42562713190199
"4499","WT",8.67764515242121
"4500","WT",7.03641483646537
"4501","WT",10.7772007512293
"4502","WT",8.54921706249819
"4503","WT",8.81895906727913
"4504","WT",6.85586587973738
"4505","WT",9.62632197040325
"4506","WT",8.22061388537209
"4507","WT",7.46955758256811
"4508","WT",7.51101226285439
"4509","WT",9.26394536522245
"4510","WT",8.12894453505781
"4511","WT",9.9668035083407
"4512","WT",6.8540573282887
"4513","WT",9.95337517413406
"4514","WT",10.235639789021
"4515","WT",8.24128955131476
"4516","WT",9.19981103176266
"4517","WT",9.0140608011316
"4518","WT",10.8925137767938
"4519","WT",9.27755387643065
"4520","WT",10.3498836471158
"4521","WT",11.3872894788792
"4522","WT",9.70552875191989
"4523","WT",10.4929786087634
"4524","WT",9.13946585964042
"4525","WT",9.97531533564323
"4526","WT",7.24257004964129
"4527","WT",9.24797412776373
"4528","WT",9.01247734754483
"4529","WT",8.34672219859404
"4530","WT",9.98561042019254
"4531","WT",10.7515012791547
"4532","WT",9.0699787150939
"4533","WT",8.21276725572233
"4534","WT",8.70547324123655
"4535","WT",9.84229082385856
"4536","WT",10.2329560463667
"4537","WT",9.02370232105168
"4538","WT",10.2249403333349
"4539","WT",9.28603968836276
"4540","WT",9.26424506559765
"4541","WT",9.17077435151786
"4542","WT",8.96908787801858
"4543","WT",8.61617538087811
"4544","WT",9.08950180549717
"4545","WT",10.7812965731733
"4546","WT",9.5975565744583
"4547","WT",9.60675156126054
"4548","WT",6.98169908740205
"4549","WT",8.07760155303573
"4550","WT",9.28197453417288
"4551","WT",9.29497647814788
"4552","WT",10.1599080631899
"4553","WT",8.14928901411607
"4554","WT",9.97265861146107
"4555","WT",6.43177479528278
"4556","WT",8.25557988480619
"4557","WT",9.7459752985886
"4558","WT",7.21996760872706
"4559","WT",9.50065625608187
"4560","WT",9.85330597639372
"4561","WT",8.88709567668409
"4562","WT",9.67025194915298
"4563","WT",8.46694980754785
"4564","WT",8.56039048896572
"4565","WT",8.15629655882037
"4566","WT",9.5471934476346
"4567","WT",9.05799859454832
"4568","WT",8.83091045863031
"4569","WT",7.85331909450746
"4570","WT",8.38277473609055
"4571","WT",9.30937896749663
"4572","WT",7.84360461573134
"4573","WT",9.79850236155334
"4574","WT",7.51280918118196
"4575","WT",8.52895297807826
"4576","WT",9.26840791360507
"4577","WT",8.43331869570579
"4578","WT",8.58360799300333
"4579","WT",9.14993078552953
"4580","WT",9.64581107979793
"4581","WT",9.13504136289287
"4582","WT",9.12718509716304
"4583","WT",7.75088743939154
"4584","WT",9.21298403462778
"4585","WT",8.43182702961487
"4586","WT",9.73179433318403
"4587","WT",9.22006612695074
"4588","WT",8.89051293816881
"4589","WT",8.7264466930842
"4590","WT",9.13694869459321
"4591","WT",9.13411441372552
"4592","WT",8.78256071395653
"4593","WT",8.29986418064921
"4594","WT",8.70792791307744
"4595","WT",6.90875971755067
"4596","WT",7.37740792230873
"4597","WT",8.62050309594708
"4598","WT",10.333785230138
"4599","WT",10.3320718380304
"4600","WT",8.1301891967214
"4601","WT",7.79932670674669
"4602","WT",8.36880170072324
"4603","WT",9.18272179873727
"4604","WT",8.52588792456772
"4605","WT",9.26749548783165
"4606","WT",9.47839821926112
"4607","WT",10.7684313991508
"4608","WT",11.0869439555948
"4609","WT",9.00869538225666
"4610","WT",8.45258640513447
"4611","WT",10.0832252075286
"4612","WT",7.47395617305713
"4613","WT",10.30455185648
"4614","WT",9.77915580588732
"4615","WT",8.98868219546404
"4616","WT",9.05079150784478
"4617","WT",11.4654092617512
"4618","WT",11.5137164211577
"4619","WT",6.25353578095374
"4620","WT",8.83914395250978
"4621","WT",7.80270401361861
"4622","WT",8.80866560819209
"4623","WT",9.41125933448534
"4624","WT",7.30371180967713
"4625","WT",9.4241106963836
"4626","WT",9.56051389721156
"4627","WT",9.67406973915757
"4628","WT",10.8107878689478
"4629","WT",8.56553544024133
"4630","WT",8.70563700081118
"4631","WT",10.8289867907265
"4632","WT",7.89079905065414
"4633","WT",8.03210348599321
"4634","WT",9.54454540858955
"4635","WT",10.0262745950925
"4636","WT",9.23384720777799
"4637","WT",9.60595827779178
"4638","WT",8.98042797369564
"4639","WT",9.40567636995795
"4640","WT",7.67933480831741
"4641","WT",10.7552067810387
"4642","WT",9.29197128139461
"4643","WT",9.82056501073808
"4644","WT",9.85148291740802
"4645","WT",9.75101865434548
"4646","WT",7.14621080993014
"4647","WT",10.2866108849697
"4648","WT",8.82667894677087
"4649","WT",8.6247556776618
"4650","WT",8.11065348546216
"4651","WT",7.41492661741365
"4652","WT",8.98488265378019
"4653","WT",8.5794690291957
"4654","WT",8.73562571654808
"4655","WT",5.93686663829313
"4656","WT",8.88451125905318
"4657","WT",9.874522190315
"4658","WT",10.4638778293781
"4659","WT",10.9794375322263
"4660","WT",11.273540840334
"4661","WT",10.2168570670748
"4662","WT",8.1130585498723
"4663","WT",8.9732369823798
"4664","WT",9.22082342125893
"4665","WT",9.96638854227965
"4666","WT",9.32012386470271
"4667","WT",9.46151679382785
"4668","WT",9.36419408755245
"4669","WT",7.16267417126713
"4670","WT",7.36151976802961
"4671","WT",9.55261195300688
"4672","WT",9.4740417336508
"4673","WT",9.28433856989925
"4674","WT",7.26560435201309
"4675","WT",8.59132366291257
"4676","WT",7.57188240192782
"4677","WT",9.80434339834764
"4678","WT",8.86473408842895
"4679","WT",9.92227300971882
"4680","WT",9.47501951548631
"4681","WT",10.4824342906792
"4682","WT",7.68429084369164
"4683","WT",9.06126736693476
"4684","WT",10.5426563523981
"4685","WT",9.26746196162497
"4686","WT",8.21965812956767
"4687","WT",8.97312223396822
"4688","WT",8.31577781127152
"4689","WT",8.18155737934668
"4690","WT",7.48618125852508
"4691","WT",7.7450091507283
"4692","WT",8.83687685342587
"4693","WT",9.21922329924041
"4694","WT",8.56953002156469
"4695","WT",8.64733019035696
"4696","WT",8.46957668096283
"4697","WT",8.28508912684142
"4698","WT",8.74437779065241
"4699","WT",9.0877492583976
"4700","WT",10.129097783558
"4701","WT",9.06357479267392
"4702","WT",10.1634520672312
"4703","WT",8.04908169138439
"4704","WT",8.38619452784228
"4705","WT",9.34874617649254
"4706","WT",9.3071029110939
"4707","WT",11.0142896270106
"4708","WT",9.39644122568406
"4709","WT",8.11948056571238
"4710","WT",7.89819595662053
"4711","WT",10.3830458748838
"4712","WT",8.5218342843103
"4713","WT",9.20609831769007
"4714","WT",10.5566338769274
"4715","WT",7.75877199808745
"4716","WT",9.79140399775686
"4717","WT",8.58359925376591
"4718","WT",8.00947335563522
"4719","WT",9.98117541254798
"4720","WT",9.77169033380156
"4721","WT",11.4531189809089
"4722","WT",8.83297309139652
"4723","WT",10.4943749382939
"4724","WT",10.1419099817255
"4725","WT",11.1009037757877
"4726","WT",8.97337013423056
"4727","WT",10.3051702769574
"4728","WT",9.82594427805266
"4729","WT",10.1979441063891
"4730","WT",8.74431894704286
"4731","WT",9.75428196327226
"4732","WT",9.25112922829183
"4733","WT",8.60111666896003
"4734","WT",9.31756035953996
"4735","WT",9.76099700329681
"4736","WT",8.13037330561109
"4737","WT",10.3268847158873
"4738","WT",7.910337151867
"4739","WT",9.3051339722289
"4740","WT",10.6249855779665
"4741","WT",10.369880900975
"4742","WT",8.62742582708807
"4743","WT",8.72544451041022
"4744","WT",9.90491224899197
"4745","WT",9.06546366341255
"4746","WT",9.1674278661481
"4747","WT",8.61020786994245
"4748","WT",8.51425480698677
"4749","WT",10.7248483755443
"4750","WT",6.76049979894838
"4751","WT",8.57318205370457
"4752","WT",10.7520701307239
"4753","WT",7.86838585978587
"4754","WT",8.74517559850686
"4755","WT",9.14512458612978
"4756","WT",9.20744593526294
"4757","WT",9.5293235710184
"4758","WT",8.61264514539514
"4759","WT",7.92803058872385
"4760","WT",9.4718412517984
"4761","WT",7.04311883559381
"4762","WT",7.29803269653536
"4763","WT",8.88606638030225
"4764","WT",8.84899327231548
"4765","WT",10.2625242553826
"4766","WT",10.2943833511632
"4767","WT",8.40982530923948
"4768","WT",9.03529480704312
"4769","WT",8.67186428918571
"4770","WT",9.63150606548296
"4771","WT",9.84959045350304
"4772","WT",9.07165842758814
"4773","WT",8.21764026692768
"4774","WT",9.1855955414493
"4775","WT",8.15689165784361
"4776","WT",10.0418653336964
"4777","WT",8.56852113908565
"4778","WT",8.39417726320105
"4779","WT",8.68273833286699
"4780","WT",9.1439351837849
"4781","WT",9.29381471297492
"4782","WT",7.86043042808576
"4783","WT",6.52798376955268
"4784","WT",7.33283406861338
"4785","WT",10.6311773474697
"4786","WT",8.38220569226656
"4787","WT",8.0118611508141
"4788","WT",8.70266674737907
"4789","WT",10.3371832864081
"4790","WT",8.92797795938955
"4791","WT",7.86257191810404
"4792","WT",9.71983016596717
"4793","WT",8.79569448139585
"4794","WT",8.98755280621709
"4795","WT",8.39232014820169
"4796","WT",9.22087332760997
"4797","WT",9.86002445805332
"4798","WT",9.48334548673766
"4799","WT",9.25219202257217
"4800","WT",9.50974099341333
"4801","WT",10.0477759560699
"4802","WT",8.78794745353105
"4803","WT",8.47054708387628
"4804","WT",7.57874130683528
"4805","WT",9.54957577667832
"4806","WT",9.90125148544321
"4807","WT",8.43074971551676
"4808","WT",7.07761317193207
"4809","WT",11.1443014373407
"4810","WT",8.55550480108754
"4811","WT",9.16074982691137
"4812","WT",10.0549354944932
"4813","WT",7.93590614990368
"4814","WT",7.73787251553219
"4815","WT",8.29580689450328
"4816","WT",8.23305388818957
"4817","WT",7.96105892696604
"4818","WT",10.1661624283463
"4819","WT",8.34738694128539
"4820","WT",8.28123327526609
"4821","WT",8.38302945077289
"4822","WT",8.55816912841802
"4823","WT",8.90049669990217
"4824","WT",7.54996379343872
"4825","WT",10.2530445264228
"4826","WT",9.75441555870215
"4827","WT",10.5267684488203
"4828","WT",7.13004113785764
"4829","WT",8.86051607990427
"4830","WT",9.73570722631981
"4831","WT",9.61680145833063
"4832","WT",7.71224209862807
"4833","WT",8.43164641433513
"4834","WT",7.80595497491015
"4835","WT",8.78581857601825
"4836","WT",9.475597309627
"4837","WT",7.1962695736696
"4838","WT",7.19540960181721
"4839","WT",10.4067728143497
"4840","WT",8.17859498498282
"4841","WT",8.24046365084726
"4842","WT",8.19699508620442
"4843","WT",10.1954694604028
"4844","WT",8.55019841992574
"4845","WT",9.31546980036884
"4846","WT",9.01895667283184
"4847","WT",9.51141574247543
"4848","WT",8.66213557265903
"4849","WT",9.01370016580948
"4850","WT",8.42327150134821
"4851","WT",7.90062942812579
"4852","WT",8.67954614447288
"4853","WT",9.30597548280331
"4854","WT",8.90440165225714
"4855","WT",8.71858156811975
"4856","WT",9.02312901273027
"4857","WT",10.1836765754094
"4858","WT",10.2793094187617
"4859","WT",8.78301961358076
"4860","WT",7.88491648004954
"4861","WT",6.29897643980492
"4862","WT",9.2871741932381
"4863","WT",9.63965801552976
"4864","WT",8.7609879238686
"4865","WT",8.13376245712823
"4866","WT",9.25294039455895
"4867","WT",8.59547160857498
"4868","WT",8.57568288877018
"4869","WT",10.4653266719711
"4870","WT",10.2567249784311
"4871","WT",9.52962492924012
"4872","WT",8.57966484286546
"4873","WT",10.5618065119435
"4874","WT",8.49863735673829
"4875","WT",9.21118390816271
"4876","WT",9.64311433023137
"4877","WT",9.448779289229
"4878","WT",9.93103730373045
"4879","WT",8.80207913865332
"4880","WT",8.90914713270273
"4881","WT",8.84221431823821
"4882","WT",11.1665478441979
"4883","WT",9.17817133606927
"4884","WT",8.4158856513205
"4885","WT",10.1708791593091
"4886","WT",7.23893562121365
"4887","WT",9.52951573326235
"4888","WT",8.62990684295844
"4889","WT",10.4874225771665
"4890","WT",9.1699630918593
"4891","WT",8.89323712257798
"4892","WT",9.42922138259176
"4893","WT",11.0129892811248
"4894","WT",9.15076904246812
"4895","WT",9.51548688050697
"4896","WT",9.00591112543679
"4897","WT",10.8704623213036
"4898","WT",9.37608456720691
"4899","WT",8.65500236391665
"4900","WT",9.35033975848534
"4901","WT",9.0151668921488
"4902","WT",8.329090783386
"4903","WT",9.7349540380645
"4904","WT",8.40065506937087
"4905","WT",8.91105546573121
"4906","WT",8.90909227961839
"4907","WT",10.6311478513464
"4908","WT",9.92401523827312
"4909","WT",9.00253549392654
"4910","WT",9.12833794170262
"4911","WT",8.39098110732698
"4912","WT",9.64589247468464
"4913","WT",7.40003789732923
"4914","WT",9.44272962799795
"4915","WT",7.0140946578267
"4916","WT",9.96972959925029
"4917","WT",10.4436115766792
"4918","WT",6.17073614215235
"4919","WT",10.1364418849307
"4920","WT",7.4326616781501
"4921","WT",8.715726340928
"4922","WT",9.59475206455641
"4923","WT",12.2072736402354
"4924","WT",11.3620740142069
"4925","WT",9.08120020954899
"4926","WT",8.95937942598793
"4927","WT",9.75201672754195
"4928","WT",6.46818636262796
"4929","WT",9.53179710682193
"4930","WT",8.15803155718408
"4931","WT",8.65346992340302
"4932","WT",8.20642055488689
"4933","WT",8.52259822002659
"4934","WT",8.36992021796926
"4935","WT",8.5029042710936
"4936","WT",9.24741287220806
"4937","WT",8.65270977330065
"4938","WT",8.34517221634147
"4939","WT",8.64680325289225
"4940","WT",9.27068785166051
"4941","WT",9.30152354201866
"4942","WT",8.78561669602465
"4943","WT",7.67018851221189
"4944","WT",9.75835901974193
"4945","WT",8.72436591388586
"4946","WT",9.17487410386413
"4947","WT",8.85789225161873
"4948","WT",9.01684037732018
"4949","WT",9.32779952764375
"4950","WT",8.72976608362957
"4951","WT",8.34604135654933
"4952","WT",6.01403216614938
"4953","WT",9.17542358874882
"4954","WT",7.69294979455517
"4955","WT",8.64750591618174
"4956","WT",11.3026750545274
"4957","WT",9.1929397999257
"4958","WT",10.1865449793679
"4959","WT",10.6646953067441
"4960","WT",8.87277644577932
"4961","WT",10.6161772955276
"4962","WT",8.65958809607402
"4963","WT",8.83185523301788
"4964","WT",6.76238453572541
"4965","WT",9.94598311407632
"4966","WT",8.25596992209659
"4967","WT",8.55121692737769
"4968","WT",7.88157912621522
"4969","WT",8.62426640488837
"4970","WT",9.52928478091075
"4971","WT",8.20973023429427
"4972","WT",9.66014915381272
"4973","WT",9.07209659309114
"4974","WT",8.65386129951603
"4975","WT",10.1176657895291
"4976","WT",7.76277722432396
"4977","WT",9.29786064868409
"4978","WT",8.54288254568598
"4979","WT",9.45870740639139
"4980","WT",9.78727329088202
"4981","WT",9.35185733881313
"4982","WT",9.04508042891161
"4983","WT",7.68268799451614
"4984","WT",7.9073239941871
"4985","WT",9.26456575790396
"4986","WT",9.56815057012678
"4987","WT",7.02945444187865
"4988","WT",8.79935948992254
"4989","WT",9.36014659709086
"4990","WT",8.14148248958536
"4991","WT",8.51629106563972
"4992","WT",10.4912410208359
"4993","WT",9.14011487904138
"4994","WT",9.58132740876896
"4995","WT",8.84550888748314
"4996","WT",8.40148268096565
"4997","WT",8.90410976649381
"4998","WT",10.1994794815656
"4999","WT",9.18633957869685
"5000","WT",6.31777987213851
"5001","WT",10.0446837671578
"5002","WT",9.93227286667965
"5003","WT",7.98590111966479
"5004","WT",8.75561388361671
"5005","WT",7.973889439088
"5006","WT",9.48573458126693
"5007","WT",10.407273785915
"5008","WT",7.10600080277999
"5009","WT",7.60237681945417
"5010","WT",9.59778043676108
"5011","WT",7.82823673449803
"5012","WT",9.03392209592658
"5013","WT",9.4677402291115
"5014","WT",10.3764792230065
"5015","WT",9.51114090326607
"5016","WT",10.2472739862094
"5017","WT",7.6137357722084
"5018","WT",8.80543359679835
"5019","WT",9.27495425611584
"5020","WT",7.99586010747848
"5021","WT",9.37319389366847
"5022","WT",8.32650803014809
"5023","WT",8.36202803624599
"5024","WT",9.6574216838273
"5025","WT",10.5688789694083
"5026","WT",8.40946256395591
"5027","WT",9.44499057468857
"5028","WT",9.28632615357937
"5029","WT",7.68614701835795
"5030","WT",10.2318880262831
"5031","WT",9.71108752918083
"5032","WT",8.56482524670822
"5033","WT",10.9159330449325
"5034","WT",9.53546646064826
"5035","WT",9.23006431580178
"5036","WT",8.82915163188372
"5037","WT",7.92816742629967
"5038","WT",7.83016067576603
"5039","WT",8.88949083048347
"5040","WT",8.36349816913014
"5041","WT",10.2024216638909
"5042","WT",10.3539356180183
"5043","WT",6.2241395458895
"5044","WT",9.61789826420463
"5045","WT",9.14934948219638
"5046","WT",9.23719525207954
"5047","WT",9.27881331980767
"5048","WT",7.34302283889076
"5049","WT",9.5565786973259
"5050","WT",9.81813089129685
"5051","WT",10.4966959559293
"5052","WT",8.91550434268334
"5053","WT",8.43089494642135
"5054","WT",8.36719321726361
"5055","WT",9.09924164989419
"5056","WT",9.07283960194767
"5057","WT",9.70508650602393
"5058","WT",8.56438002062878
"5059","WT",10.302674063317
"5060","WT",8.50327528536551
"5061","WT",9.04758307918303
"5062","WT",8.40936069158573
"5063","WT",8.5469165135836
"5064","WT",9.51904268425681
"5065","WT",8.10824055827497
"5066","WT",9.9151310607868
"5067","WT",11.6894868509768
"5068","WT",9.75278693378889
"5069","WT",9.23819689988558
"5070","WT",8.41211657555104
"5071","WT",7.46566521622209
"5072","WT",8.53690784895599
"5073","WT",7.53846863443783
"5074","WT",8.79648783843284
"5075","WT",8.3460170564495
"5076","WT",8.46403958999668
"5077","WT",8.49588180997603
"5078","WT",8.06102129733152
"5079","WT",9.12821572929224
"5080","WT",10.1387624788085
"5081","WT",9.82751930278941
"5082","WT",9.81300583064299
"5083","WT",8.48062186005186
"5084","WT",9.3196954153782
"5085","WT",9.93934693183201
"5086","WT",8.28148472415102
"5087","WT",9.82364467722391
"5088","WT",6.8213590295317
"5089","WT",8.69251399785687
"5090","WT",9.80556984675092
"5091","WT",6.49246740775361
"5092","WT",9.50703113797588
"5093","WT",9.58180256897643
"5094","WT",9.80874985584727
"5095","WT",7.70700104819771
"5096","WT",9.89862244911528
"5097","WT",8.89044296836018
"5098","WT",9.63081357263556
"5099","WT",9.58746748755479
"5100","WT",9.55004045409766
"5101","WT",7.88245159302188
"5102","WT",9.81940048885365
"5103","WT",9.23499188173845
"5104","WT",7.52507486188934
"5105","WT",8.86090691807087
"5106","WT",8.80647802686892
"5107","WT",9.408729889587
"5108","WT",10.2002223159826
"5109","WT",9.41936053859061
"5110","WT",8.1985903761525
"5111","WT",10.164184997692
"5112","WT",8.69597327607902
"5113","WT",8.37058869096693
"5114","WT",8.74089340982998
"5115","WT",10.3941931658752
"5116","WT",8.11838028556279
"5117","WT",8.98462323786122
"5118","WT",9.08293432796812
"5119","WT",10.9351063582477
"5120","WT",9.50008035489017
"5121","WT",9.53245018490787
"5122","WT",8.03107224685129
"5123","WT",11.2899953790987
"5124","WT",9.86378024432345
"5125","WT",9.78423459240637
"5126","WT",9.26549346978685
"5127","WT",9.30811290707533
"5128","WT",9.64904842755687
"5129","WT",9.0876029590071
"5130","WT",9.00315883271047
"5131","WT",9.38304301629783
"5132","WT",8.53456863883665
"5133","WT",10.0263776548037
"5134","WT",8.41173784141219
"5135","WT",7.5907947498566
"5136","WT",7.73736178307746
"5137","WT",9.90497532680392
"5138","WT",8.28142191324283
"5139","WT",10.1545553771168
"5140","WT",9.46832995325125
"5141","WT",8.88637569377509
"5142","WT",7.46499754173078
"5143","WT",9.43797147604484
"5144","WT",10.3003844927628
"5145","WT",9.83657203785552
"5146","WT",7.73209001314386
"5147","WT",9.18091191215953
"5148","WT",8.61558479626703
"5149","WT",9.26722970417994
"5150","WT",7.70481905083099
"5151","WT",9.19937574197181
"5152","WT",7.96882142400834
"5153","WT",8.81014592757322
"5154","WT",10.0311104704331
"5155","WT",9.57003649758841
"5156","WT",9.1113618361048
"5157","WT",7.2274410297557
"5158","WT",10.6693747742153
"5159","WT",9.60236218435736
"5160","WT",9.68222380572121
"5161","WT",9.89175983354663
"5162","WT",10.423305566081
"5163","WT",9.88605232632069
"5164","WT",10.0943263070094
"5165","WT",8.40848026432152
"5166","WT",8.78939517198463
"5167","WT",8.60723579885478
"5168","WT",9.97977597760577
"5169","WT",9.93028863516827
"5170","WT",9.2505348374404
"5171","WT",8.79353306107818
"5172","WT",8.78128185392205
"5173","WT",9.86009185062799
"5174","WT",7.09533316871892
"5175","WT",10.0965259726635
"5176","WT",8.04770995001603
"5177","WT",9.61734131762814
"5178","WT",9.46890884660273
"5179","WT",8.31308738787603
"5180","WT",9.34518413199219
"5181","WT",8.24261508910797
"5182","WT",8.56370928321378
"5183","WT",9.18289951385664
"5184","WT",8.01168043446616
"5185","WT",8.07894557417639
"5186","WT",6.37301651804973
"5187","WT",9.38940017797554
"5188","WT",7.26109183828125
"5189","WT",8.18398782255118
"5190","WT",9.76981966415418
"5191","WT",8.74786546865302
"5192","WT",8.01767657130346
"5193","WT",10.0985769651777
"5194","WT",9.5604984606203
"5195","WT",10.0826676127109
"5196","WT",8.53660112485691
"5197","WT",9.21639663708767
"5198","WT",9.09839810404081
"5199","WT",8.06770040159487
"5200","WT",10.4527535823255
"5201","WT",8.29573051601546
"5202","WT",9.62269795081345
"5203","WT",10.2456682819668
"5204","WT",9.25715664228221
"5205","WT",9.3332778622363
"5206","WT",8.73701371447106
"5207","WT",8.29879457294964
"5208","WT",7.96244459985005
"5209","WT",8.99163574505384
"5210","WT",9.91599899868168
"5211","WT",9.67835186365403
"5212","WT",8.74095922385697
"5213","WT",9.29508147605656
"5214","WT",10.3006189312714
"5215","WT",10.3748367041002
"5216","WT",9.05496467006775
"5217","WT",8.74800122122818
"5218","WT",6.77715368602566
"5219","WT",7.94004252367979
"5220","WT",8.98342678831187
"5221","WT",9.74692709496566
"5222","WT",9.1982727534128
"5223","WT",11.0947157952327
"5224","WT",9.0229229231033
"5225","WT",9.12132598789548
"5226","WT",8.90119814340598
"5227","WT",8.80143799000431
"5228","WT",8.9714099772079
"5229","WT",10.3167076942115
"5230","WT",9.83860065683034
"5231","WT",9.17944129003965
"5232","WT",7.67681293679943
"5233","WT",9.90956318050969
"5234","WT",9.04461231167972
"5235","WT",8.32128402675855
"5236","WT",8.67294413801218
"5237","WT",8.55923110542512
"5238","WT",6.46301748093034
"5239","WT",9.0153057728119
"5240","WT",10.1210177780582
"5241","WT",8.55222718818372
"5242","WT",8.78514209577278
"5243","WT",8.7266107769218
"5244","WT",9.36870492975946
"5245","WT",7.14100173584043
"5246","WT",8.77849277564197
"5247","WT",6.99744780427915
"5248","WT",8.99221023423026
"5249","WT",7.61939371032078
"5250","WT",10.5071968845865
"5251","WT",8.03194484386746
"5252","WT",8.57889029554243
"5253","WT",7.24502645766022
"5254","WT",9.51651816219522
"5255","WT",9.03662829986708
"5256","WT",7.95102477746319
"5257","WT",9.23599186527781
"5258","WT",10.9453973072072
"5259","WT",8.27837112098566
"5260","WT",9.27073428672016
"5261","WT",8.8196127285083
"5262","WT",10.180775689642
"5263","WT",7.77320220079081
"5264","WT",8.58898693659197
"5265","WT",9.61802543130681
"5266","WT",8.72849033871881
"5267","WT",9.08424323218435
"5268","WT",10.1753087385
"5269","WT",9.27940928113204
"5270","WT",9.02581198857836
"5271","WT",7.38963895495053
"5272","WT",7.47570117375538
"5273","WT",8.45367809861268
"5274","WT",7.67916671776439
"5275","WT",6.43749460574189
"5276","WT",10.702840821688
"5277","WT",9.0525164086308
"5278","WT",8.5103117249668
"5279","WT",10.082793818199
"5280","WT",9.81676379449583
"5281","WT",10.344565524711
"5282","WT",9.1919383772669
"5283","WT",9.67007917676096
"5284","WT",9.31414792834233
"5285","WT",8.54811193952954
"5286","WT",8.90466236127896
"5287","WT",7.58720216215569
"5288","WT",5.67483584717975
"5289","WT",10.0249735495917
"5290","WT",8.58666940029926
"5291","WT",8.09409729530056
"5292","WT",9.35713461348239
"5293","WT",10.5213698698808
"5294","WT",8.04569171420464
"5295","WT",8.51949306581789
"5296","WT",8.95070679532705
"5297","WT",9.3849140987759
"5298","WT",9.87048301020988
"5299","WT",9.13290214581686
"5300","WT",7.94297390512979
"5301","WT",8.95405421518584
"5302","WT",9.35493188876459
"5303","WT",6.6271152541933
"5304","WT",6.60297815610192
"5305","WT",8.22546455270858
"5306","WT",9.69268678091222
"5307","WT",8.68652758357534
"5308","WT",7.94565053674461
"5309","WT",8.08590711682804
"5310","WT",9.07803911164991
"5311","WT",9.81331582535643
"5312","WT",9.67216281487276
"5313","WT",8.61221944794251
"5314","WT",9.1740993801881
"5315","WT",9.89724539851035
"5316","WT",9.29355853152441
"5317","WT",10.4151402182935
"5318","WT",8.60963077136302
"5319","WT",9.98679279441142
"5320","WT",10.054133350676
"5321","WT",10.0160997630364
"5322","WT",9.9018018688262
"5323","WT",10.3660150337339
"5324","WT",7.51419648340474
"5325","WT",12.0505711750779
"5326","WT",10.8660517518881
"5327","WT",7.62092745081145
"5328","WT",9.34803927116458
"5329","WT",9.51547700783129
"5330","WT",9.30355414531016
"5331","WT",9.73586161190125
"5332","WT",8.44328301933253
"5333","WT",8.74072982232649
"5334","WT",8.47813975005667
"5335","WT",7.39263367677961
"5336","WT",10.0685559181819
"5337","WT",7.95030647693702
"5338","WT",7.30558964327393
"5339","WT",10.6731543318208
"5340","WT",7.83530819626891
"5341","WT",9.72499814448439
"5342","WT",9.49315747453384
"5343","WT",8.78521194227668
"5344","WT",7.31318889140915
"5345","WT",9.78871393823081
"5346","WT",8.10426369037159
"5347","Gain",9.92744780000812
"5348","Gain",10.1207970402818
"5349","Gain",7.5066360334927
"5350","Gain",9.24271847664785
"5351","Gain",10.2786647767289
"5352","Gain",11.3250442927087
"5353","Gain",10.0929024540333
"5354","Gain",9.84257346642316
"5355","Gain",11.4893942088855
"5356","Gain",11.2004440338243
"5357","Gain",8.7004294145022
"5358","Gain",9.74515036273403
"5359","Gain",10.5790984318714
"5360","Gain",9.10572441031889
"5361","Gain",9.43067698606025
"5362","Gain",11.6954904754014
"5363","Gain",8.87971609807148
"5364","Gain",9.94682137602659
"5365","Gain",8.88312199134844
"5366","Gain",11.4512831933332
"5367","Gain",10.0874020934201
"5368","Gain",9.88267036352394
"5369","Gain",11.9363709209104
"5370","Gain",10.6606818048845
"5371","Gain",10.963310712279
"5372","Gain",10.1923997820462
"5373","Gain",9.8501796959408
"5374","Gain",9.37903563693463
"5375","Gain",10.1099438808923
"5376","Gain",10.6305936052372
"5377","Gain",11.3062145704531
"5378","Gain",11.4329669848363
"5379","Gain",10.1207080411824
"5380","Gain",9.30555389335277
"5381","Gain",10.589935113006
"5382","Gain",10.8099056960173
"5383","Gain",8.58062371109612
"5384","Gain",9.67680053730434
"5385","Gain",11.802533326358
"5386","Gain",9.32785091608414
"5387","Gain",9.86202846235239
"5388","Gain",8.92563925862493
"5389","Gain",9.73094691074309
"5390","Gain",10.5261480818813
"5391","Gain",9.19918626682942
"5392","Gain",10.4178669614491
"5393","Gain",10.2713285540963
"5394","Gain",10.6976544692637
"5395","Gain",10.2091001366691
"5396","Gain",9.68352725032985
"5397","Gain",10.6052005518103
"5398","Gain",10.5388992471161
"5399","Gain",10.0590760050373
"5400","Gain",11.0067661822975
"5401","Gain",8.8544052222656
"5402","Gain",11.6404924258017
"5403","Gain",11.0585259325796
"5404","Gain",9.82202440445989
"5405","Gain",7.63932041681811
"5406","Gain",8.46985039378743
"5407","Gain",10.0275877972346
"5408","Gain",8.68058389330832
"5409","Gain",9.83280709345566
"5410","Gain",9.41989448912646
"5411","Gain",9.5771971717229
"5412","Gain",10.3782060629916
"5413","Gain",9.14591617926236
"5414","Gain",9.08046003404054
"5415","Gain",10.91996346009
"5416","Gain",10.8593089367512
"5417","Gain",10.1320720973573
"5418","Gain",9.16434058623196
"5419","Gain",7.54349928179709
"5420","Gain",12.3927810148951
"5421","Gain",8.82838070771455
"5422","Gain",8.14656501513594
"5423","Gain",11.2248732293375
"5424","Gain",10.2336311524499
"5425","Gain",8.47383869692182
"5426","Gain",8.53090197219907
"5427","Gain",10.2485856066579
"5428","Gain",11.5044243227036
"5429","Gain",10.0038638252963
"5430","Gain",12.0406578818996
"5431","Gain",9.84647761792363
"5432","Gain",10.6955017936496
"5433","Gain",9.59949657216781
"5434","Gain",8.56923283088236
"5435","Gain",8.72006324736638
"5436","Gain",10.3699115888413
"5437","Gain",9.57619253818696
"5438","Gain",8.91003330991644
"5439","Gain",11.7350452094989
"5440","Gain",9.28709984707995
"5441","Gain",9.08343889935609
"5442","Gain",9.68952571622327
"5443","Gain",11.3529885589955
"5444","Gain",9.51812475811369
"5445","Gain",10.7212281537409
"5446","Gain",9.37941280317559
"5447","Gain",10.8782271825628
"5448","Gain",9.87664618362922
"5449","Gain",9.42144804032711
"5450","Gain",8.82377090916385
"5451","Gain",10.4120861506251
"5452","Gain",10.4937671091966
"5453","Gain",9.35613711818705
"5454","Gain",8.01997062491185
"5455","Gain",10.6541894928759
"5456","Gain",9.77293729374874
"5457","Gain",10.2160834435409
"5458","Gain",11.4072736671003
"5459","Gain",9.32291243424805
"5460","Gain",8.42054030179123
"5461","Gain",11.3098790721946
"5462","Gain",11.9133048614338
"5463","Gain",9.02008165893034
"5464","Gain",9.86209585413228
"5465","Gain",7.789804286473
"5466","Gain",12.01194821692
"5467","Gain",11.0588390011362
"5468","Gain",9.36049976808655
"5469","Gain",8.79544070155545
"5470","Gain",8.99650400055963
"5471","Gain",8.64295955299148
"5472","Gain",10.0505070455151
"5473","Gain",12.9093096005506
"5474","Gain",10.5924416031287
"5475","Gain",11.1107698533586
"5476","Gain",10.6824471644247
"5477","Gain",10.769996793849
"5478","Gain",8.48985023390078
"5479","Gain",10.6475257370948
"5480","Gain",10.536860907378
"5481","Gain",9.3190830906727
"5482","Gain",9.26231297447187
"5483","Gain",10.8766316627856
"5484","Gain",8.49860691822535
"5485","Gain",10.9371278500092
"5486","Gain",10.1966794432269
"5487","Gain",9.69614299780433
"5488","Gain",9.21709510951866
"5489","Gain",9.65555504989407
"5490","Gain",10.5571356150768
"5491","Gain",10.8689752228463
"5492","Gain",9.84590504152411
"5493","Gain",10.7310036699673
"5494","Gain",11.3339723328115
"5495","Gain",9.1309462708318
"5496","Gain",12.7363266821998
"5497","Gain",9.52772124440933
"5498","Gain",10.4530687665144
"5499","Gain",10.9258423465327
"5500","Gain",9.72851285906733
"5501","Gain",10.435632985005
"5502","Gain",10.3830714809414
"5503","Gain",10.5786527143504
"5504","Gain",9.50798831295364
"5505","Gain",10.2699331752638
"5506","Gain",10.7677850731654
"5507","Gain",12.202751141994
"5508","Gain",9.58264886900076
"5509","Gain",10.7479241515768
"5510","Gain",9.23977672517081
"5511","Gain",8.53876278089871
"5512","Gain",10.1471803549874
"5513","Gain",10.0702920202503
"5514","Gain",9.85660416708589
"5515","Gain",10.2189750949275
"5516","Gain",9.62124089589084
"5517","Gain",9.16570991050207
"5518","Gain",10.2181505178676
"5519","Gain",11.0190766172695
"5520","Gain",10.0643674517634
"5521","Gain",12.0236281464312
"5522","Gain",10.2259447885035
"5523","Gain",8.43481364951705
"5524","Gain",9.29197315620226
"5525","Gain",10.0344437127477
"5526","Gain",9.46948468675677
"5527","Gain",9.6103460916698
"5528","Gain",9.49257336273516
"5529","Gain",10.0265900816826
"5530","Gain",11.8076584554322
"5531","Gain",9.51810496820669
"5532","Gain",11.3955246601417
"5533","Gain",9.42143863119081
"5534","Gain",10.9362926001772
"5535","Gain",8.6035394597816
"5536","Gain",10.695394070579
"5537","Gain",11.8584652800849
"5538","Gain",11.1923624982382
"5539","Gain",10.6566866942359
"5540","Gain",9.27565266734758
"5541","Gain",9.64813083643468
"5542","Gain",8.76026522221174
"5543","Gain",8.77293999691488
"5544","Gain",9.55803953153571
"5545","Gain",9.64641398319353
"5546","Gain",9.3390820891065
"5547","Gain",8.64077722421714
"5548","Gain",9.7342760624152
"5549","Gain",11.2582651766916
"5550","Gain",9.33230292816325
"5551","Gain",11.173436121756
"5552","Gain",11.1071487766457
"5553","Gain",10.3719494892057
"5554","Gain",9.16589324694442
"5555","Gain",9.09021704195895
"5556","Gain",8.84912281140348
"5557","Gain",9.63387324440604
"5558","Gain",9.45358505033817
"5559","Gain",9.3593767725085
"5560","Gain",10.6522379213202
"5561","Gain",10.015895421465
"5562","Gain",10.5736214236873
"5563","Gain",10.5494299365626
"5564","Gain",9.76118888967201
"5565","Gain",9.95064636232533
"5566","Gain",9.20928275550653
"5567","Gain",11.796024558399
"5568","Gain",9.9103886541317
"5569","Gain",10.2021691356289
"5570","Gain",11.3147386181563
"5571","Gain",9.26549643100406
"5572","Gain",9.69226393175176
"5573","Gain",9.85555091582359
"5574","Gain",11.9422358238308
"5575","Gain",12.1840866444666
"5576","Gain",9.30721691969756
"5577","Gain",10.655737069191
"5578","Gain",9.87652756548173
"5579","Gain",10.0713571332541
"5580","Gain",10.8096656545834
"5581","Gain",9.89320361486285
"5582","Gain",8.71823166321808
"5583","Gain",10.6373887572813
"5584","Gain",9.21062745232986
"5585","Gain",10.6513712003746
"5586","Gain",9.21066327219888
"5587","Gain",11.2088863784691
"5588","Gain",12.1054825223728
"5589","Gain",10.1826289151374
"5590","Gain",11.4788067601052
"5591","Gain",8.77395999394266
"5592","Gain",11.246701877669
"5593","Gain",12.3776014544599
"5594","Gain",10.2750087313015
"5595","Gain",10.8410145101731
"5596","Gain",8.79218421538892
"5597","Gain",10.3147543998339
"5598","Gain",10.1795541668851
"5599","Gain",9.2004041882761
"5600","Gain",10.1789697115012
"5601","Gain",10.677657373358
"5602","Gain",11.311533346127
"5603","Gain",10.173163176665
"5604","Gain",11.3745796068508
"5605","Gain",8.95583525428199
"5606","Gain",9.88797739451587
"5607","Gain",8.66749283662476
"5608","Gain",10.8608229505708
"5609","Gain",8.72003525655261
"5610","Gain",10.9754246561656
"5611","Gain",10.5552622662453
"5612","Gain",10.3816722610006
"5613","Gain",8.98615086277454
"5614","Gain",11.9372505320421
"5615","Gain",9.85959106420406
"5616","Gain",10.285784974506
"5617","Gain",10.6007873439425
"5618","Gain",10.1679778596254
"5619","Gain",8.3659478136688
"5620","Gain",8.9174661152907
"5621","Gain",11.6478484271567
"5622","Gain",10.7020522709507
"5623","Gain",9.81831843377141
"5624","Gain",9.53460556318147
"5625","Gain",9.01048322115121
"5626","Gain",10.6882077915084
"5627","Gain",8.51540597952658
"5628","Gain",10.7854019952088
"5629","Gain",9.09963534614856
"5630","Gain",12.9342320188678
"5631","Gain",10.2231033918825
"5632","Gain",12.9011894707845
"5633","Gain",10.5895428910808
"5634","Gain",10.6324321737292
"5635","Gain",11.2218392834551
"5636","Gain",9.13650571443401
"5637","Gain",10.8769313798839
"5638","Gain",10.5226501895109
"5639","Gain",11.2794051979259
"5640","Gain",10.7487071726507
"5641","Gain",9.76050480194398
"5642","Gain",10.1525351781955
"5643","Gain",9.43091415335108
"5644","Gain",11.7892524197773
"5645","Gain",9.99711033926411
"5646","Gain",9.38169293473993
"5647","Gain",10.8695256733109
"5648","Gain",11.656830820278
"5649","Gain",10.0718475321368
"5650","Gain",10.6011984821894
"5651","Gain",7.5849067714846
"5652","Gain",9.73165747423979
"5653","Gain",10.8788396873486
"5654","Gain",10.114603072655
"5655","Gain",10.2435279863396
"5656","Gain",9.48824133009776
"5657","Gain",11.3329760680509
"5658","Gain",10.3204869763385
"5659","Gain",9.88517321740719
"5660","Gain",9.39336957137569
"5661","Gain",10.9042055861524
"5662","Gain",8.78560667312295
"5663","Gain",8.70658002614912
"5664","Gain",9.79765536386843
"5665","Gain",10.7086240575457
"5666","Gain",10.6373298378917
"5667","Gain",11.0853395035115
"5668","Gain",10.3180681888263
"5669","Gain",9.6093577125403
"5670","Gain",9.59891240642993
"5671","Gain",10.9436419767945
"5672","Gain",10.1509673834387
"5673","Gain",9.7882647261389
"5674","Gain",11.272797316602
"5675","Gain",8.23489045081633
"5676","Gain",9.5248780086469
"5677","Gain",9.62600075337702
"5678","Gain",12.2997332348139
"5679","Gain",9.40470780085682
"5680","Gain",10.4098130068352
"5681","Gain",9.75367592012407
"5682","Gain",8.63311302087564
"5683","Gain",11.4258635496034
"5684","Gain",8.25326514393991
"5685","Gain",9.68134639336991
"5686","Gain",9.52339273164967
"5687","Gain",10.8586398240599
"5688","Gain",9.79955934179251
"5689","Gain",10.6433799008082
"5690","Gain",8.56095214148298
"5691","Gain",11.3241589736926
"5692","Gain",9.49789254322783
"5693","Gain",11.8320753400142
"5694","Gain",9.73213799266819
"5695","Gain",9.4931100868668
"5696","Gain",9.96791752293996
"5697","Gain",10.4112562195124
"5698","Gain",9.46149574415986
"5699","Gain",9.73513912781872
"5700","Gain",10.0908626131148
"5701","Gain",9.02512350801527
"5702","Gain",9.18389885088763
"5703","Gain",9.49456172291428
"5704","Gain",9.47348419829411
"5705","Gain",10.3109177245621
"5706","Gain",7.60443011671378
"5707","Gain",9.57202723032966
"5708","Gain",7.67196137746055
"5709","Gain",9.01110491828016
"5710","Gain",10.7730247508576
"5711","Gain",8.78475227129559
"5712","Gain",9.44811293286252
"5713","Gain",11.1319667538585
"5714","Gain",11.566241840614
"5715","Gain",11.1805735785642
"5716","Gain",9.39031247676791
"5717","Gain",9.19338730949758
"5718","Gain",10.1860180229407
"5719","Gain",9.3584880102256
"5720","Gain",9.57585052363175
"5721","Gain",9.68933103077942
"5722","Gain",10.6246216885297
"5723","Gain",9.10457614632905
"5724","Gain",11.0908056482888
"5725","Gain",9.63182965140001
"5726","Gain",9.4729236108167
"5727","Gain",10.0907646141382
"5728","Gain",10.1500235618792
"5729","Gain",11.5008831843667
"5730","Gain",11.1606546429441
"5731","Gain",9.45702152531708
"5732","Gain",10.2132283353091
"5733","Gain",11.1215762582903
"5734","Gain",10.1155425622779
"5735","Gain",10.3131694027972
"5736","Gain",10.2094435722522
"5737","Gain",10.380606553063
"5738","Gain",8.76813877206895
"5739","Gain",9.2014237119573
"5740","Gain",11.808944959418
"5741","Gain",9.65004463406146
"5742","Gain",10.3561398064416
"5743","Gain",11.1687412461352
"5744","Gain",10.7890972719695
"5745","Gain",10.3056278381023
"5746","Gain",9.79400206450019
"5747","Gain",11.8422706396905
"5748","Gain",9.93474556912658
"5749","Gain",10.1711627932758
"5750","Gain",10.4968988801925
"5751","Gain",9.5712929925853
"5752","Gain",9.99253745445209
"5753","Gain",9.7670090595669
"5754","Gain",9.88809130614882
"5755","Gain",10.0604982051961
"5756","Gain",10.0085028446555
"5757","Gain",8.91290506048627
"5758","Gain",10.5218250326685
"5759","Gain",8.9988195567318
"5760","Gain",11.0497006910747
"5761","Gain",10.1829245002729
"5762","Gain",11.8340786529769
"5763","Gain",10.401363075929
"5764","Gain",8.84270646589139
"5765","Gain",9.83226974757892
"5766","Gain",10.78556825083
"5767","Gain",8.36089192590394
"5768","Gain",9.71830383790777
"5769","Gain",10.2181081322682
"5770","Gain",10.3939092966694
"5771","Gain",10.6269253146884
"5772","Gain",8.63642664113607
"5773","Gain",11.3304930384562
"5774","Gain",10.1148497169647
"5775","Gain",11.4854959927286
"5776","Gain",9.67868520855713
"5777","Gain",11.184385796262
"5778","Gain",10.3472351700003
"5779","Gain",11.2338894257188
"5780","Gain",9.94952384951325
"5781","Gain",9.43634198245731
"5782","Gain",9.90681639373845
"5783","Gain",9.59244878428966
"5784","Gain",12.1848545377433
"5785","Gain",10.2093226459932
"5786","Gain",7.85161877596455
"5787","Gain",10.2855407760188
"5788","Gain",8.64499010764576
"5789","Gain",11.3250986359004
"5790","Gain",10.4151350686979
"5791","Gain",10.0669413939109
"5792","Gain",9.90965916130271
"5793","Gain",9.90979822702505
"5794","Gain",11.7818838827985
"5795","Gain",10.4595939158719
"5796","Gain",8.33780703565927
"5797","Gain",10.5148465424256
"5798","Gain",10.3471771156859
"5799","Gain",9.64443218808755
"5800","Gain",10.5571199439769
"5801","Gain",8.51057809267565
"5802","Gain",11.0685129638213
"5803","Gain",10.2636710851176
"5804","Gain",9.26141559747498
"5805","Gain",9.7159462310584
"5806","Gain",10.7777455151213
"5807","Gain",12.910683966086
"5808","Gain",8.48176918079659
"5809","Gain",9.390372951891
"5810","Gain",9.92789504068803
"5811","Gain",9.82975868983543
"5812","Gain",10.8953897262575
"5813","Gain",9.0606381189571
"5814","Gain",8.79070906605261
"5815","Gain",10.5654980534518
"5816","Gain",7.99880463697226
"5817","Gain",12.2194120115966
"5818","Gain",10.2107592197888
"5819","Gain",11.3163305375407
"5820","Gain",10.6205308015537
"5821","Gain",10.731119440488
"5822","Gain",11.1376261328622
"5823","Gain",10.6566666124842
"5824","Gain",11.2830167780861
"5825","Gain",9.82772775027188
"5826","Gain",10.7949732474518
"5827","Gain",9.56324919419509
"5828","Gain",9.59243182247943
"5829","Gain",11.9107520319173
"5830","Gain",10.7472114262336
"5831","Gain",10.9218202450275
"5832","Gain",6.03925411142087
"5833","Gain",9.82285299573848
"5834","Gain",10.9036188471214
"5835","Gain",9.93826601453761
"5836","Gain",10.8680292660206
"5837","Gain",8.66191683309085
"5838","Gain",10.4361040162904
"5839","Gain",9.51176174551865
"5840","Gain",8.99816997561343
"5841","Gain",10.8089507241026
"5842","Gain",8.81761714314081
"5843","Gain",10.7026703435088
"5844","Gain",9.68100105364817
"5845","Gain",9.66762312171677
"5846","Gain",11.2113443223702
"5847","Gain",9.48228331839807
"5848","Gain",10.491564691329
"5849","Gain",11.7583378222998
"5850","Gain",11.0509206482928
"5851","Gain",8.92444645113535
"5852","Gain",10.4151585021544
"5853","Gain",12.5258994731416
"5854","Gain",11.3703636918788
"5855","Gain",9.2166307054228
"5856","Gain",9.68145045182421
"5857","Gain",10.1972040239818
"5858","Gain",9.04527720797437
"5859","Gain",10.9957235970586
"5860","Gain",11.7659037948645
"5861","Gain",9.67920602535519
"5862","Gain",9.76572636037594
"5863","Gain",9.54743280794561
"5864","Gain",10.2587589702808
"5865","Gain",11.1007193850259
"5866","Gain",11.2830590555507
"5867","Gain",9.2516913967746
"5868","Gain",8.70109574448375
"5869","Gain",10.4435803223404
"5870","Gain",8.14884155033171
"5871","Gain",11.0683356055695
"5872","Gain",8.19387009962184
"5873","Gain",8.55325176719914
"5874","Gain",9.98493181467165
"5875","Gain",11.3018161044693
"5876","Gain",9.96630421341466
"5877","Gain",10.2252099160466
"5878","Gain",9.98518355414864
"5879","Gain",9.98208551772076
"5880","Gain",9.73702109049117
"5881","Gain",9.85388723187525
"5882","Gain",9.74186736438967
"5883","Gain",10.0846520836037
"5884","Gain",10.6590273244762
"5885","Gain",10.1453824103844
"5886","Gain",8.04680787850852
"5887","Gain",9.87611072566268
"5888","Gain",9.7206414499108
"5889","Gain",10.0972107534766
"5890","Gain",11.2309344813448
"5891","Gain",9.55999311040465
"5892","Gain",10.2539775391683
"5893","Gain",11.7560504502158
"5894","Gain",10.9041005431619
"5895","Gain",11.707031815206
"5896","Gain",9.55552058161111
"5897","Gain",11.4580404793865
"5898","Gain",10.222626137993
"5899","Gain",8.64472907118708
"5900","Gain",10.1516979261355
"5901","Gain",9.4452778535968
"5902","Gain",11.2725887384868
"5903","Gain",10.6519137954899
"5904","Gain",11.1575422857601
"5905","Gain",10.1732581215607
"5906","Gain",10.1897924686075
"5907","Gain",10.2890579610401
"5908","Gain",8.80170876132912
"5909","Gain",8.56985636116661
"5910","Gain",9.53688063197243
"5911","Gain",9.17298860340084
"5912","Gain",11.2416031150748
"5913","Gain",10.0146126727231
"5914","Gain",11.2103738778408
"5915","Gain",10.7295105328171
"5916","Gain",11.1276160192017
"5917","Gain",9.91704187665089
"5918","Gain",10.7641997909868
"5919","Gain",9.24914258101534
"5920","Gain",8.44700877848459
"5921","Gain",9.32667021318212
"5922","Gain",8.55209140298688
"5923","Gain",11.0355413713702
"5924","Gain",10.334950108591
"5925","Gain",10.0088847057701
"5926","Gain",9.44606164886581
"5927","Gain",9.69797798860893
"5928","Gain",10.7756995123623
"5929","Gain",10.0676542854752
"5930","Gain",10.5257680230855
"5931","Gain",11.7442121562861
"5932","Gain",9.98828046326887
"5933","Gain",9.13047812782574
"5934","Gain",11.4820609191498
"5935","Gain",8.96909451781185
"5936","Gain",10.1744501512277
"5937","Gain",9.72099327636128
"5938","Gain",9.84429159890777
"5939","Gain",11.1099783495293
"5940","Gain",9.20932687443767
"5941","Gain",9.93177524633339
"5942","Gain",13.1153127773329
"5943","Gain",9.21101409312539
"5944","Gain",9.88565852318656
"5945","Gain",8.83983573101152
"5946","Gain",10.7928723750283
"5947","Gain",10.8862366991471
"5948","Gain",10.1943559618054
"5949","Gain",7.98795142207506
"5950","Gain",10.2475818843921
"5951","Gain",9.43213660371057
"5952","Gain",10.5291559666123
"5953","Gain",11.5114634134533
"5954","Gain",10.1952800700276
"5955","Gain",9.24061740605998
"5956","Gain",8.43189366157989
"5957","Gain",7.06113545463695
"5958","Gain",9.99541096552863
"5959","Gain",9.79677909168146
"5960","Gain",11.7377584696602
"5961","Gain",9.08903930488809
"5962","Gain",10.2180752868556
"5963","Gain",7.64197398422563
"5964","Gain",10.4865554853117
"5965","Gain",10.1851168131983
"5966","Gain",10.8648056337726
"5967","Gain",9.02262445328016
"5968","Gain",10.5861810126549
"5969","Gain",9.09198918685779
"5970","Gain",10.6515186573379
"5971","Gain",10.3156648273205
"5972","Gain",10.4735981063897
"5973","Gain",10.5286336350406
"5974","Gain",8.24492566894928
"5975","Gain",10.9676288934573
"5976","Gain",10.7440639288241
"5977","Gain",10.1912844295682
"5978","Gain",9.79215506274208
"5979","Gain",11.2641090773604
"5980","Gain",9.99157346872068
"5981","Gain",8.38034453823338
"5982","Gain",10.585398790118
"5983","Gain",10.290103227258
"5984","Gain",8.89099184366898
"5985","Gain",11.9872835417152
"5986","Gain",12.2284360051254
"5987","Gain",12.1925016347187
"5988","Gain",8.02448677281617
"5989","Gain",7.69088387104084
"5990","Gain",9.89844685159424
"5991","Gain",10.1961651564032
"5992","Gain",10.3210472205476
"5993","Gain",9.76808093909479
"5994","Gain",10.2059811445178
"5995","Gain",9.40765742635668
"5996","Gain",11.0401770056058
"5997","Gain",9.04938444327249
"5998","Gain",9.38767298945361
"5999","Gain",10.75035092524
"6000","Gain",11.1408368436848
"6001","Gain",10.5146451628107
"6002","Gain",10.140316236884
"6003","Gain",12.0072821147503
"6004","Gain",9.58801665540551
"6005","Gain",8.91241319130172
"6006","Gain",10.6115283973503
"6007","Gain",12.2822547421184
"6008","Gain",9.76009043620158
"6009","Gain",9.65291405493896
"6010","Gain",8.97712538037691
"6011","Gain",10.9798942419635
"6012","Gain",9.9579254340082
"6013","Gain",9.23066745765074
"6014","Gain",11.9750194954684
"6015","Gain",10.0540463194696
"6016","Gain",9.63614310452102
"6017","Gain",9.09232798250958
"6018","Gain",8.89575837325397
"6019","Gain",9.70765127825576
"6020","Gain",10.957771868896
"6021","Gain",10.4673793429663
"6022","Gain",8.764022374315
"6023","Gain",10.6142080950668
"6024","Gain",10.5341013657918
"6025","Gain",10.7102424053046
"6026","Gain",9.51337594556046
"6027","Gain",10.9726556612175
"6028","Gain",9.51473051463547
"6029","Gain",11.2467690176169
"6030","Gain",8.30687808742885
"6031","Gain",8.58844170687301
"6032","Gain",10.2602467581271
"6033","Gain",10.902273639985
"6034","Gain",10.1084585545345
"6035","Gain",10.1375641076503
"6036","Gain",11.203468622291
"6037","Gain",10.5993517532236
"6038","Gain",10.5101184418079
"6039","Gain",9.79812610979716
"6040","Gain",9.4789864313821
"6041","Gain",10.7273960784918
"6042","Gain",9.70167610995493
"6043","Gain",10.8190796106669
"6044","Gain",10.8952823350877
"6045","Gain",9.71721766879093
"6046","Gain",12.9162839053272
"6047","Gain",10.4038800801491
"6048","Gain",10.1250884063415
"6049","Gain",10.2073056981079
"6050","Gain",9.48831659190966
"6051","Gain",10.9063566804568
"6052","Gain",9.48423781861949
"6053","Gain",11.5344548183342
"6054","Gain",10.6989757384397
"6055","Gain",7.97312355119019
"6056","Gain",8.36196680420414
"6057","Gain",9.54589429171881
"6058","Gain",10.1765853929997
"6059","Gain",9.81719171241249
"6060","Gain",11.5154532793117
"6061","Gain",8.30511823789868
"6062","Gain",11.4746696188596
"6063","Gain",10.0036820881569
"6064","Gain",9.79341976183334
"6065","Gain",10.179817796526
"6066","Gain",8.99848021367584
"6067","Gain",12.9226382434921
"6068","Gain",9.12347140167792
"6069","Gain",10.1173077737703
"6070","Gain",10.5000598196945
"6071","Gain",9.52461104183037
"6072","Gain",9.2872190879676
"6073","Gain",11.3886461384734
"6074","Gain",10.6285803846523
"6075","Gain",10.3452471643103
"6076","Gain",10.4274149990141
"6077","Gain",11.7917121922135
"6078","Gain",8.90102732390734
"6079","Gain",10.4451905409812
"6080","Gain",11.3177948603032
"6081","Gain",9.05453059275761
"6082","Gain",10.0865649035417
"6083","Gain",10.8373113284009
"6084","Gain",9.32824582126801
"6085","Gain",9.82190056989097
"6086","Gain",9.06401994973697
"6087","Gain",10.535260390423
"6088","Gain",9.68848930756359
"6089","Gain",10.6904771493747
"6090","Gain",10.2521445323206
"6091","Gain",11.7593027737825
"6092","Gain",11.5269749576594
"6093","Gain",10.5844277853864
"6094","Gain",10.5315578761311
"6095","Gain",10.1822963278439
"6096","Gain",12.2682415660978
"6097","Gain",9.13388714757411
"6098","Gain",12.2649245476716
"6099","Gain",10.5576696675725
"6100","Gain",9.50222815155759
"6101","Gain",10.5819096650734
"6102","Gain",9.95108259692217
"6103","Gain",11.5356534633771
"6104","Gain",9.70420021385887
"6105","Gain",10.8152055210558
"6106","Gain",10.5571520304958
"6107","Gain",10.4199381378727
"6108","Gain",10.9004828167913
"6109","Gain",10.5890283025965
"6110","Gain",9.11102209457932
"6111","Gain",10.8997819836812
"6112","Gain",10.7740939698508
"6113","Gain",7.99079662795707
"6114","Gain",9.46770835788072
"6115","Gain",8.64750374628582
"6116","Gain",9.51918787715583
"6117","Gain",8.82619613670428
"6118","Gain",11.5584514568627
"6119","Gain",10.2495733108612
"6120","Gain",10.5339699170271
"6121","Gain",9.05212126182974
"6122","Gain",8.4061104374913
"6123","Gain",10.2704421958683
"6124","Gain",10.6674579087788
"6125","Gain",9.63346697659547
"6126","Gain",9.93626673585416
"6127","Gain",8.1985850394761
"6128","Gain",10.894681760851
"6129","Gain",10.1890988046234
"6130","Gain",10.9495888579886
"6131","Gain",10.782815696935
"6132","Gain",11.1791905604156
"6133","Gain",9.28342936407857
"6134","Gain",10.7671308225497
"6135","Gain",10.337986325149
"6136","Gain",10.7313237305078
"6137","Gain",11.1724518517395
"6138","Gain",11.8684975104906
"6139","Gain",11.7358404475766
"6140","Gain",8.41938757555307
"6141","Gain",10.4010789313641
"6142","Gain",9.71113344052117
"6143","Gain",11.3796971079748
"6144","Gain",8.62657859625952
"6145","Gain",8.43842522974337
"6146","Gain",10.7827119375291
"6147","Gain",10.0855542912756
"6148","Gain",10.4510403827162
"6149","Gain",10.2746673196943
"6150","Gain",8.7084304514793
"6151","Gain",10.0766223336129
"6152","Gain",10.0530680560477
"6153","Gain",12.3179593415708
"6154","Gain",10.6699994215065
"6155","Gain",10.2914613645192
"6156","Gain",11.5253764557872
"6157","Gain",9.19309993994887
"6158","Gain",9.06884575546713
"6159","Gain",9.48830722065082
"6160","Gain",9.08864190547326
"6161","Gain",9.06431352837916
"6162","Gain",11.0278714477158
"6163","Gain",10.9587019062469
"6164","Gain",10.2489987399148
"6165","Gain",8.62460542111621
"6166","Gain",10.1122506859941
"6167","Gain",9.74528339595588
"6168","Gain",9.82801935358768
"6169","Gain",10.4268387062297
"6170","Gain",10.0902650903938
"6171","Gain",9.66302374364117
"6172","Gain",10.1596096839548
"6173","Gain",10.1283399202529
"6174","Gain",9.62001526214909
"6175","Gain",10.2919802577975
"6176","Gain",9.5007658595458
"6177","Gain",11.1358081859227
"6178","Gain",10.270085713315
"6179","Gain",10.3713090381617
"6180","Gain",10.9239294957827
"6181","Gain",10.8482869381397
"6182","Gain",11.0076422025907
"6183","Gain",8.94314872497374
"6184","Gain",9.72638325714185
"6185","Gain",10.7522246794595
"6186","Gain",10.0210763878036
"6187","Gain",9.26544303150048
"6188","Gain",10.5237758381135
"6189","Gain",10.8834092998524
"6190","Gain",10.0855350697026
"6191","Gain",10.8982218586611
"6192","Gain",10.7964076951939
"6193","Gain",10.0501008864646
"6194","Gain",11.4902023525208
"6195","Gain",9.25850702238316
"6196","Gain",11.0412936939593
"6197","Gain",9.6010328704549
"6198","Gain",8.90690245476851
"6199","Gain",10.6279861020424
"6200","Gain",11.0321365422564
"6201","Gain",10.5026594718897
"6202","Gain",8.85865117670695
"6203","Gain",11.0339079007487
"6204","Gain",11.4257108022416
"6205","Gain",9.88777750498364
"6206","Gain",9.8238933373254
"6207","Gain",10.4663655792013
"6208","Gain",10.3163125817443
"6209","Gain",9.80751941352213
"6210","Gain",9.15032060272885
"6211","Gain",11.0579700394969
"6212","Gain",9.4065393854813
"6213","Gain",12.4280378141419
"6214","Gain",8.84390366120394
"6215","Gain",9.99035340242854
"6216","Gain",9.78714824045041
"6217","Gain",11.850293557515
"6218","Gain",11.0852114616627
"6219","Gain",10.0385768361071
"6220","Gain",9.50893470848184
"6221","Gain",10.9203772068198
"6222","Gain",8.77752055642139
"6223","Gain",10.654527109887
"6224","LOH",9.36627208516865
"6225","LOH",8.49204955061124
"6226","LOH",9.51007654288115
"6227","LOH",9.68962576613932
"6228","LOH",9.27749972393192
"6229","LOH",10.3807242300703
"6230","LOH",9.83767439897912
"6231","LOH",8.5136733474175
"6232","LOH",9.45670821761161
"6233","LOH",6.8045119506519
"6234","LOH",9.17828228295351
"6235","LOH",8.95815698555537
"6236","LOH",9.07960431027843
"6237","LOH",10.3466844202772
"6238","LOH",9.40198460963698
"6239","LOH",7.34213126953419
"6240","LOH",10.4005555126723
"6241","LOH",9.6096835982723
"6242","LOH",11.1169779319791
"6243","LOH",9.54197142222018
"6244","LOH",10.4566656458884
"6245","LOH",9.35849968966817
"6246","LOH",8.53322743352498
"6247","LOH",8.92195617767089
"6248","LOH",8.65516120472581
"6249","LOH",9.60474608973934
"6250","LOH",8.30318908893835
"6251","LOH",8.36664191981641
"6252","LOH",8.37549315586027
"6253","LOH",10.4267191370001
"6254","LOH",6.51905998020101
"6255","LOH",8.07556349231976
"6256","LOH",10.7903110160485
"6257","LOH",7.1345273643847
"6258","LOH",10.5349663654718
"6259","LOH",8.11864860284575
"6260","LOH",9.5871324097813
"6261","LOH",8.89119603947862
"6262","LOH",8.10684341496662
"6263","LOH",8.83416924171567
"6264","LOH",10.6362741249899
"6265","LOH",9.4828976135516
"6266","LOH",9.01459282745028
"6267","LOH",10.4934028128533
"6268","LOH",7.74524370570404
"6269","LOH",8.73868156907768
"6270","LOH",9.82383200209539
"6271","LOH",8.50775353879525
"6272","LOH",7.95639978614649
"6273","LOH",10.0317981871642
"6274","LOH",8.48229864802449
"6275","LOH",10.1318269538384
"6276","LOH",10.2961521161786
"6277","LOH",8.52336301259299
"6278","LOH",10.8562376482012
"6279","LOH",9.04925582734648
"6280","LOH",8.79053831928791
"6281","LOH",9.8909243824462
"6282","LOH",11.3475945633047
"6283","LOH",8.55690266480717
"6284","LOH",9.999920936176
"6285","LOH",8.42529437511548
"6286","LOH",8.89327625132676
"6287","LOH",10.0965477927964
"6288","LOH",10.558039675409
"6289","LOH",8.62255752559403
"6290","LOH",7.1414978702995
"6291","LOH",10.9171429519235
"6292","LOH",9.41239108731186
"6293","LOH",8.3012177542214
"6294","LOH",7.81635774982582
"6295","LOH",9.18313173834757
"6296","LOH",9.91826423281917
"6297","LOH",8.14295111828686
"6298","LOH",9.4603598236566
"6299","LOH",7.70897920877305
"6300","LOH",8.81089051626929
"6301","LOH",9.95391620135698
"6302","LOH",9.03381787597216
"6303","LOH",8.80955635959047
"6304","LOH",8.50160771358501
"6305","LOH",7.42791241917536
"6306","LOH",8.38021432785828
"6307","LOH",9.6883736847329
"6308","LOH",7.98632954055101
"6309","LOH",8.82001466365975
"6310","LOH",9.64235040914595
"6311","LOH",8.62230746266364
"6312","LOH",6.51796332341022
"6313","LOH",9.57093568136557
"6314","LOH",9.97731933863912
"6315","LOH",10.6750970960048
"6316","LOH",9.8901160552439
"6317","LOH",9.26132443752224
"6318","LOH",9.53294655261499
"6319","LOH",9.83187573806096
"6320","LOH",9.40797989363518
"6321","LOH",8.2996607782047
"6322","LOH",7.70063950478861
"6323","LOH",8.547477488337
"6324","LOH",8.15224533355104
"6325","LOH",7.97064899505005
"6326","LOH",10.0530844592705
"6327","LOH",10.1914069232864
"6328","LOH",9.49615641985203
"6329","LOH",9.48354081564849
"6330","LOH",10.2901106768884
"6331","LOH",10.2781014287018
"6332","LOH",9.4664169873883
"6333","LOH",8.89936425379142
"6334","LOH",9.44138696623694
"6335","LOH",9.95642804356378
"6336","LOH",7.54802919487683
"6337","LOH",8.07447313971376
"6338","LOH",9.2557176823303
"6339","LOH",9.51745114382918
"6340","LOH",9.77054790553512
"6341","LOH",8.46037908115946
"6342","LOH",9.44721459738379
"6343","LOH",8.81204596830592
"6344","LOH",9.67940294278493
"6345","LOH",10.5959921205866
"6346","LOH",8.64401028203269
"6347","LOH",9.53373804118984
"6348","LOH",9.7418186674627
"6349","LOH",8.94210041892335
"6350","LOH",8.85945056920397
"6351","LOH",10.382909883903
"6352","LOH",8.42502675493944
"6353","LOH",9.91462114037753
"6354","LOH",7.70015207054538
"6355","LOH",10.1508709401515
"6356","LOH",7.94317597731419
"6357","LOH",7.18856857197682
"6358","LOH",11.020893581869
"6359","LOH",8.65721727527446
"6360","LOH",8.09392050152102
"6361","LOH",8.12080552210343
"6362","LOH",9.89478836068869
"6363","LOH",9.37794324759802
"6364","LOH",8.86031167475889
"6365","LOH",6.74877208977652
"6366","LOH",8.27892735701712
"6367","LOH",9.43792703378631
"6368","LOH",9.10286733405785
"6369","LOH",8.58167927983895
"6370","LOH",10.1149218404647
"6371","LOH",10.4334975647371
"6372","LOH",9.84624112826793
"6373","LOH",8.50607329232787
"6374","LOH",9.10259105891518
"6375","LOH",9.8213870547074
"6376","LOH",8.79559721970496
"6377","LOH",10.1357395488456
"6378","LOH",7.59862915632649
"6379","LOH",10.181875346265
"6380","LOH",10.7643843749033
"6381","LOH",9.86019248942694
"6382","LOH",8.86361981546875
"6383","LOH",11.3925583354795
"6384","LOH",9.42127160809037
"6385","LOH",6.51954658234358
"6386","LOH",9.41763680160109
"6387","LOH",10.1479711066948
"6388","LOH",8.42536571387234
"6389","LOH",9.94943018250468
"6390","LOH",9.54528055322509
"6391","LOH",9.02364812376175
"6392","LOH",10.1721605960824
"6393","LOH",9.01802759169369
"6394","LOH",8.63509485473196
"6395","LOH",10.530403794137
"6396","LOH",9.33025287788793
"6397","LOH",10.3049378648634
"6398","LOH",10.0936728166513
"6399","LOH",10.4936334606274
"6400","LOH",10.4597349771569
"6401","LOH",9.7886380570343
"6402","LOH",10.6583024815483
"6403","LOH",7.68950094135458
"6404","LOH",8.77731468411988
"6405","LOH",9.44466172397957
"6406","LOH",7.99655987884594
"6407","LOH",9.01036108125652
"6408","LOH",7.9875973190334
"6409","LOH",8.60048456164388
"6410","LOH",9.75439450111604
"6411","LOH",9.49910746346273
"6412","LOH",8.82819777346194
"6413","LOH",7.20323668448048
"6414","LOH",8.11470204288398
"6415","LOH",8.594866939842
"6416","LOH",8.10600966489749
"6417","LOH",9.261226038507
"6418","LOH",9.67710337102396
"6419","LOH",9.69051168311744
"6420","LOH",7.39788896478237
"6421","LOH",9.12065260534654
"6422","LOH",8.5838223017739
"6423","LOH",8.49170317802286
"6424","LOH",7.67813295716399
"6425","LOH",9.20053838731831
"6426","LOH",8.85739800256496
"6427","LOH",8.37781663116646
"6428","LOH",10.2312519677021
"6429","LOH",9.53889689627188
"6430","LOH",8.04374162224052
"6431","LOH",8.23377715314092
"6432","LOH",9.26038101004184
"6433","LOH",8.0302607137075
"6434","LOH",9.85508895925271
"6435","LOH",7.45985615052194
"6436","LOH",7.58864369956286
"6437","LOH",9.80661461644687
"6438","LOH",8.23384992015508
"6439","LOH",10.238192954507
"6440","LOH",7.96409386754964
"6441","LOH",8.30536731271533
"6442","LOH",8.43025759048712
"6443","LOH",9.18466534432957
"6444","LOH",10.6966388203616
"6445","LOH",10.2879506730511
"6446","LOH",9.65708602066336
"6447","LOH",8.27330356856289
"6448","LOH",9.06313402598386
"6449","LOH",7.78509519514489
"6450","LOH",8.99604737658026
"6451","LOH",10.2633142476532
"6452","LOH",9.61837008211072
"6453","LOH",8.1368382426446
"6454","LOH",8.99191844575288
"6455","LOH",7.57228984801931
"6456","LOH",9.06580520198185
"6457","LOH",9.70979967104365
"6458","LOH",9.93618085608161
"6459","LOH",9.63893550592974
"6460","LOH",9.46293636412283
"6461","LOH",8.60385559772616
"6462","LOH",10.1928507569489
"6463","LOH",9.92527581274489
"6464","LOH",8.05508700617006
"6465","LOH",7.74749043532331
"6466","LOH",12.2094434857682
"6467","LOH",8.77229020624209
"6468","LOH",8.60016811657427
"6469","LOH",7.87972331146829
"6470","LOH",7.01554577320762
"6471","LOH",9.00039057461447
"6472","LOH",9.19506384854081
"6473","LOH",9.16487016550548
"6474","LOH",6.88376205171935
"6475","LOH",8.61766587606237
"6476","LOH",8.87225224271069
"6477","LOH",9.50470786738679
"6478","LOH",8.74201081584167
"6479","LOH",10.4288058018861
"6480","LOH",9.37383465397002
"6481","LOH",9.3413577787087
"6482","LOH",9.8666578181266
"6483","LOH",9.01472339378203
"6484","LOH",9.68206148725858
"6485","LOH",9.69852959044439
"6486","LOH",10.6485752196547
"6487","LOH",8.69065823645624
"6488","LOH",9.91526658707764
"6489","LOH",10.0287034173138
"6490","LOH",9.81486911115328
"6491","LOH",6.96623345913143
"6492","LOH",9.42908387473021
"6493","LOH",8.18246324474373
"6494","LOH",8.94661300299554
"6495","LOH",9.29414201576144
"6496","LOH",8.89158211661652
"6497","LOH",10.3107258659382
"6498","LOH",7.58572378593635
"6499","LOH",9.04174043254506
"6500","LOH",8.08702250326628
"6501","LOH",8.34570168140245
"6502","LOH",9.93790128547044
"6503","LOH",8.90148921376905
"6504","LOH",9.64388065752097
"6505","LOH",7.2834325525323
"6506","LOH",8.65670813389109
"6507","LOH",8.32500293115144
"6508","LOH",9.26322780378511
"6509","LOH",9.19340248959322
"6510","LOH",10.5163316237668
"6511","LOH",8.9918109506227
"6512","LOH",10.0583321778194
"6513","LOH",8.95936747021817
"6514","LOH",10.2650390376777
"6515","LOH",9.20657415178586
"6516","LOH",8.87710347050764
"6517","LOH",8.35163981404574
"6518","LOH",10.0557468545621
"6519","LOH",7.39765337846841
"6520","LOH",10.7031130728811
"6521","LOH",9.50780683534292
"6522","LOH",7.525957714738
"6523","LOH",11.2279988659953
"6524","LOH",7.90413301738473
"6525","LOH",9.06392226190772
"6526","LOH",7.33704950872531
"6527","LOH",10.2016946320595
"6528","LOH",9.56127371978295
"6529","LOH",7.19881801853376
"6530","LOH",9.13884967489909
"6531","LOH",10.4558179401988
"6532","LOH",8.86920009649396
"6533","LOH",6.11702892027467
"6534","LOH",6.54612586179537
"6535","LOH",10.6085856421707
"6536","LOH",8.42602796149797
"6537","LOH",8.22708631227922
"6538","LOH",10.7560470317771
"6539","LOH",7.57358746536167
"6540","LOH",8.04040237177988
"6541","LOH",7.9643949133654
"6542","LOH",8.6240076113951
"6543","LOH",9.29230301470234
"6544","LOH",9.37926629445835
"6545","LOH",9.1342358067511
"6546","LOH",8.58734307519105
"6547","LOH",8.66303329726774
"6548","LOH",7.11994749610786
"6549","LOH",8.24171738745934
"6550","LOH",7.98199320003708
"6551","LOH",8.9192082300469
"6552","LOH",9.06366758102379
"6553","LOH",6.93542259570142
"6554","LOH",8.47442471656341
"6555","LOH",9.90503441980983
"6556","LOH",9.77526537875749
"6557","LOH",9.27807298047369
"6558","LOH",9.36426223792347
"6559","LOH",9.43549905669781
"6560","LOH",10.0792298155742
"6561","LOH",8.50260422269999
"6562","LOH",10.1576760877728
"6563","LOH",10.1272247630325
"6564","LOH",8.92248537207753
"6565","LOH",9.54987007422085
"6566","LOH",9.06538531146202
"6567","LOH",9.52015845211998
"6568","LOH",8.93605092066411
"6569","LOH",8.32476874015004
"6570","LOH",8.47258921967243
"6571","LOH",9.10864899412777
"6572","LOH",10.4711901778093
"6573","LOH",7.99835064734588
"6574","LOH",9.93576329918129
"6575","LOH",7.84405135819257
"6576","LOH",9.37429615615139
"6577","LOH",9.44792192590852
"6578","LOH",10.0508435785498
"6579","LOH",8.51160106890722
"6580","LOH",9.10692005966348
"6581","LOH",8.30368439560271
"6582","LOH",9.72760516899206
"6583","LOH",9.30028422587266
"6584","LOH",8.82703426442839
"6585","LOH",8.81124645301328
"6586","LOH",8.47805741690006
"6587","LOH",8.37191319415699
"6588","LOH",9.94189709758467
"6589","LOH",9.47024171083315
"6590","LOH",8.2937758569577
"6591","LOH",8.80944870741585
"6592","LOH",10.0769815586441
"6593","LOH",9.18505665387857
"6594","LOH",9.00123868997879
"6595","LOH",9.37015838858827
"6596","LOH",7.77779565362266
"6597","LOH",9.57101891980708
"6598","LOH",9.19239971537802
"6599","LOH",9.8157870926433
"6600","LOH",9.77677780524323
"6601","LOH",8.44391313064945
"6602","LOH",7.71756920126727
"6603","LOH",7.42399757323145
"6604","LOH",9.38563550135276
"6605","LOH",6.57023482733976
"6606","LOH",8.5859547401794
"6607","LOH",7.94739210052974
"6608","LOH",8.78197051819425
"6609","LOH",9.04209556149081
"6610","LOH",9.13025707708037
"6611","LOH",10.1598709147679
"6612","LOH",10.4482112096561
"6613","LOH",9.35169652767815
"6614","LOH",8.97770559344617
"6615","LOH",10.0529145574061
"6616","LOH",9.93322830306082
"6617","LOH",9.47912878359573
"6618","LOH",9.68886573512433
"6619","LOH",7.2133318425688
"6620","LOH",10.4197711921172
"6621","LOH",8.21652787166823
"6622","LOH",8.25529699697032
"6623","LOH",9.69631367634038
"6624","LOH",9.52043983859596
"6625","LOH",8.28705254535668
"6626","LOH",9.41821003563765
"6627","LOH",9.58106418718979
"6628","LOH",9.33071331526021
"6629","LOH",8.70157604772418
"6630","LOH",9.59818073498195
"6631","LOH",7.35867780487693
"6632","LOH",8.05230866861579
"6633","LOH",10.1949126090378
"6634","LOH",8.69935146973104
"6635","LOH",7.6959898226656
"6636","LOH",8.3308404703508
"6637","LOH",9.01871867550682
"6638","LOH",9.93971180586185
"6639","LOH",8.93790662541347
"6640","LOH",8.0979621740066
"6641","LOH",10.5651097898633
"6642","LOH",10.5209141628316
"6643","LOH",9.04995911374769
"6644","LOH",8.64503764411657
"6645","LOH",11.1299694582285
"6646","LOH",9.52711568397384
"6647","LOH",7.55055847931555
"6648","LOH",9.30836452113447
"6649","LOH",8.97216919540268
"6650","LOH",8.51055287170094
"6651","LOH",9.39142649567909
"6652","LOH",7.8523753135514
"6653","LOH",8.32667533031209
"6654","LOH",8.95112502949921
"6655","LOH",8.24893176657764
"6656","LOH",8.03449913145369
"6657","LOH",11.1826822667057
"6658","LOH",10.2995226939723
"6659","LOH",9.21998600335579
"6660","LOH",8.70967641890478
"6661","LOH",8.2245298225306
"6662","LOH",8.15293527251362
"6663","LOH",9.36903495389005
"6664","LOH",10.047892469414
"6665","LOH",8.68686705211995
"6666","LOH",8.40201378558873
"6667","LOH",9.08289750907072
"6668","LOH",9.83274095759655
"6669","LOH",9.04393010220152
"6670","LOH",10.3864449651362
"6671","LOH",9.60522134983203
"6672","LOH",9.1569580270718
"6673","LOH",9.08035458091329
"6674","LOH",9.20758749267582
"6675","LOH",9.05117338105799
"6676","LOH",8.15158036353811
"6677","LOH",8.97861068419359
"6678","LOH",5.84370204947054
"6679","LOH",7.00697277905651
"6680","LOH",9.03085805731755
"6681","LOH",7.81827342550976
"6682","LOH",9.9141062371351
"6683","LOH",7.83678791664871
"6684","LOH",8.6648578148992
"6685","LOH",9.55689249881313
"6686","LOH",8.60148489766197
"6687","LOH",8.83843128654024
"6688","LOH",9.08551645966269
"6689","LOH",9.85505364890554
"6690","LOH",10.6680365337428
"6691","LOH",8.57639848278005
"6692","LOH",8.84156889749226
"6693","LOH",10.6188849125437
"6694","LOH",8.88105190524455
"6695","LOH",9.27899488694173
"6696","LOH",8.58235660614519
"6697","LOH",8.59936846922949
"6698","LOH",9.24142836853022
"6699","LOH",8.65480971528292
"6700","LOH",10.7147748627712
"6701","LOH",9.50347193128938
"6702","LOH",8.37415347913432
"6703","LOH",9.83709603643047
"6704","LOH",10.8896921825977
"6705","LOH",9.71270480652196
"6706","LOH",8.97119806626266
"6707","LOH",9.86666272589014
"6708","LOH",8.99008507321855
"6709","LOH",9.70955276629024
"6710","LOH",7.85838394476938
"6711","LOH",8.74691005870447
"6712","LOH",11.1216755404704
"6713","LOH",8.37156894306728
"6714","LOH",9.93488299643853
"6715","LOH",7.75217566036457
"6716","LOH",7.14779357111367
"6717","LOH",9.28196952519622
"6718","LOH",8.33306915111158
"6719","LOH",10.0927747620324
"6720","LOH",9.75424699383178
"6721","LOH",8.74267817379035
"6722","LOH",11.3968111458992
"6723","LOH",9.36494938706207
"6724","LOH",9.31736071341128
"6725","LOH",9.28918082240186
"6726","LOH",9.40802978265785
"6727","LOH",9.60140980498675
"6728","LOH",10.5597161059177
"6729","LOH",7.49548165094385
"6730","LOH",9.56509098876075
"6731","LOH",10.2623384954199
"6732","LOH",9.93426751556362
"6733","LOH",8.80816946739395
"6734","LOH",11.6072985959328
"6735","LOH",9.26625209710002
"6736","LOH",10.8815102171894
"6737","LOH",9.2565413051269
"6738","LOH",8.76791846045298
"6739","LOH",8.95353545777606
"6740","LOH",10.0469210479237
"6741","LOH",9.00813706281629
"6742","LOH",7.83312108494333
"6743","LOH",9.70728626822596
"6744","LOH",8.02042571514264
"6745","LOH",10.3649313439074
"6746","LOH",10.1078540045604
"6747","LOH",9.08368650702261
"6748","LOH",8.64537643526029
"6749","LOH",10.3133469811999
"6750","LOH",8.53674417595091
"6751","LOH",9.22675448259684
"6752","LOH",9.75391936635387
"6753","LOH",7.86856630823499
"6754","LOH",9.68427297341177
"6755","LOH",8.90443143255869
"6756","LOH",7.96413638688287
"6757","LOH",9.80897927870456
"6758","LOH",9.04556762899194
"6759","LOH",10.6106434992713
"6760","LOH",6.33894968638128
"6761","LOH",8.25676224372796
"6762","LOH",9.25839578770522
"6763","LOH",8.36947782468748
"6764","LOH",10.6249120170453
"6765","LOH",8.12664930783363
"6766","LOH",7.03812418272983
"6767","LOH",9.7146164139799
"6768","LOH",7.92009501991812
"6769","LOH",9.8947894816386
"6770","LOH",9.58813620207284
"6771","LOH",9.14986611855245
"6772","LOH",8.20479134390376
"6773","LOH",7.56899972639773
"6774","LOH",9.89128454872514
"6775","LOH",10.0544218440678
"6776","LOH",9.53832222791923
"6777","LOH",10.1317633159585
"6778","LOH",9.33433869417962
"6779","LOH",9.73097921859714
"6780","LOH",7.57289482146737
"6781","LOH",9.07343927026891
"6782","LOH",8.60635597854314
"6783","LOH",7.73556021440629
"6784","LOH",8.51095224530172
"6785","LOH",8.37163551698687
"6786","LOH",7.01566732126676
"6787","LOH",8.85567417174369
"6788","LOH",9.30688103571718
"6789","LOH",8.75710870055664
"6790","LOH",10.7636867864935
"6791","LOH",8.76444318871809
"6792","LOH",9.97821005435061
"6793","LOH",8.84246938511581
"6794","LOH",8.02660537465188
"6795","LOH",9.29776704965149
"6796","LOH",10.0261017117946
"6797","LOH",8.31992305051349
"6798","LOH",10.8255893754279
"6799","LOH",9.70220193592297
"6800","LOH",10.5192918388284
"6801","LOH",9.50163218636149
"6802","LOH",8.17779725909647
"6803","LOH",10.0435305411245
"6804","LOH",8.18770175532247
"6805","LOH",9.18632531607414
"6806","LOH",8.78451331434242
"6807","LOH",10.5717255882493
"6808","LOH",8.39800869048107
"6809","LOH",6.54832055095233
"6810","LOH",9.03399929400718
"6811","LOH",10.0088851216797
"6812","LOH",11.373202519308
"6813","LOH",7.85667334623446
"6814","LOH",9.75011218528828
"6815","LOH",10.0132441255915
"6816","LOH",10.2151885158421
"6817","LOH",8.46526086017222
"6818","LOH",6.79968537863855
"6819","LOH",6.88313094050008
"6820","LOH",10.2706217752013
"6821","LOH",11.133058735932
"6822","LOH",7.44495527395493
"6823","LOH",9.12995468272046
"6824","LOH",9.64428757724417
"6825","LOH",10.327822371973
"6826","LOH",8.63391125704064
"6827","LOH",9.94944762127498
"6828","LOH",9.23970878071577
"6829","LOH",9.67811959047832
"6830","LOH",9.27446272977854
"6831","LOH",10.2876116790474
"6832","LOH",8.12360186519632
"6833","LOH",9.64766519114015
"6834","LOH",9.36491877863861
"6835","LOH",9.19278779635995
"6836","LOH",9.69751176403587
"6837","LOH",10.3418669400669
"6838","LOH",9.26842820588656
"6839","LOH",7.8867072794713
"6840","LOH",8.07366810744983
"6841","LOH",10.4413681382927
"6842","LOH",9.8440504289433
"6843","LOH",8.40724429490083
"6844","LOH",9.41683313763544
"6845","LOH",9.49352521833666
"6846","LOH",9.21702784739128
"6847","LOH",7.68896878971331
"6848","LOH",9.99361148094023
"6849","LOH",9.893394364163
"6850","LOH",8.02513308408239
"6851","LOH",7.87469222973846
"6852","LOH",7.92249765561334
"6853","LOH",9.76388600959551
"6854","LOH",8.85949339509425
"6855","LOH",11.3010618001031
"6856","LOH",8.55457815563987
"6857","LOH",9.53191814722118
"6858","LOH",8.34153363976485
"6859","LOH",9.76500711364826
"6860","LOH",9.77104167503602
"6861","LOH",8.52609084597586
"6862","LOH",9.94945881254637
"6863","LOH",10.1209183515629
"6864","LOH",10.2452040901798
"6865","LOH",10.3732946111454
"6866","LOH",7.61639874311558
"6867","LOH",8.80832379281135
"6868","LOH",9.70930207834025
"6869","LOH",8.61169922108353
"6870","LOH",8.39380769798241
"6871","LOH",8.33670748224333
"6872","LOH",8.75779968149848
"6873","LOH",9.50974474278175
"6874","LOH",7.29067869016904
"6875","LOH",7.88128415622212
"6876","LOH",8.71863553562719
"6877","LOH",7.58355067493901
"6878","LOH",8.71484972620782
"6879","LOH",9.52752377906837
"6880","LOH",5.97640655013686
"6881","LOH",8.15412789031135
"6882","LOH",8.11654152830906
"6883","LOH",8.76731806500155
"6884","LOH",10.8678437360669
"6885","LOH",7.58652738642787
"6886","LOH",7.21531838947663
"6887","LOH",7.51551109385854
"6888","LOH",8.42870875619926
"6889","LOH",9.23398179359681
"6890","LOH",9.05324088938266
"6891","LOH",7.84296184490357
"6892","LOH",9.06337665886005
"6893","LOH",8.88839184256575
"6894","LOH",9.51296264545253
"6895","LOH",8.87909978019709
"6896","LOH",7.55080564796444
"6897","LOH",9.09347713283006
"6898","LOH",7.75112040185482
"6899","LOH",8.07414701083852
"6900","LOH",7.59923134154811
"6901","LOH",10.0038206687085
"6902","LOH",7.79366519993626
"6903","LOH",8.73009633245962
"6904","LOH",7.81547280141383
"6905","LOH",8.94850185034625
"6906","LOH",8.9835639490813
"6907","LOH",6.98873792120919
"6908","LOH",9.66874232409656
"6909","LOH",10.0284534453655
"6910","LOH",8.15444429730143
"6911","LOH",9.79057623661448
"6912","LOH",8.05913066435476
"6913","LOH",10.3624639370667
"6914","LOH",7.59469924753264
"6915","LOH",8.94749937093201
"6916","LOH",8.46882616095132
"6917","LOH",9.52793657879041
"6918","LOH",7.55399686412888
"6919","LOH",8.31524982234559
"6920","LOH",7.24709725523501
"6921","LOH",7.78367269160191
"6922","LOH",8.92292877699073
"6923","LOH",9.02552844715927
"6924","LOH",5.88320261060017
"6925","LOH",9.19704679426668
"6926","LOH",8.92352385146813
"6927","LOH",7.56791861206512
"6928","LOH",9.95402625112937
"6929","LOH",7.78510563608613
"6930","LOH",8.7353951927095
"6931","LOH",8.78307787708793
"6932","LOH",8.67184955410767
"6933","LOH",8.92501592422915
"6934","LOH",9.8419827896697
"6935","LOH",9.42041542254075
"6936","LOH",8.60431126360766
"6937","LOH",7.42199099364293
"6938","LOH",11.2859879325028
"6939","LOH",10.3831870778621
"6940","LOH",11.2185569152488
"6941","LOH",10.1729493561685
"6942","LOH",8.0709996318457
"6943","LOH",10.9220171493632
"6944","LOH",9.64543707115308
"6945","LOH",6.93309610899214
"6946","LOH",7.96390506590976
"6947","LOH",8.60365172483575
"6948","LOH",7.85169367208086
"6949","LOH",8.53536311148047
"6950","LOH",7.34649332230396
"6951","LOH",10.1494833685919
"6952","LOH",9.44322937559699
"6953","LOH",9.56793453787437
"6954","LOH",7.9225780471033
"6955","LOH",8.89085147186176
"6956","LOH",8.59566805446094
"6957","LOH",8.74001234115876
"6958","LOH",7.65241190878706
"6959","LOH",9.61510556141969
"6960","LOH",8.67480585935814
"6961","LOH",10.3406670477457
"6962","LOH",11.1208193220848
"6963","LOH",10.1531163755257
"6964","LOH",8.82172402542593
"6965","LOH",9.85604518503801
"6966","LOH",9.47442192187181
"6967","LOH",9.13858294159146
"6968","LOH",8.74529753105075
"6969","LOH",8.67292848216154
"6970","LOH",9.25780867620376
"6971","LOH",8.35743646962877
"6972","LOH",10.1000660306587
"6973","LOH",7.93494817188402
"6974","LOH",9.28380794958868
"6975","LOH",8.80793009006246
"6976","LOH",9.47494597253631
"6977","LOH",10.1622217891078
"6978","LOH",7.11911383931716
"6979","LOH",7.76269319827821
"6980","LOH",9.39319486040013
"6981","LOH",8.50344766604353
"6982","LOH",9.64648346477455
"6983","LOH",8.72864250147098
"6984","LOH",11.4091319775664
"6985","LOH",10.7508375765478
"6986","LOH",9.3692757681822
"6987","LOH",10.7390709304476
"6988","LOH",9.07580721359967
"6989","LOH",10.4426656367092
"6990","LOH",7.85402751773778
"6991","LOH",10.7756579700019
"6992","LOH",8.64650136086474
"6993","LOH",7.12942055845602
"6994","LOH",7.96203126867881
"6995","LOH",9.32577907730273
"6996","LOH",8.30313592806011
"6997","LOH",10.4883102726701
"6998","LOH",8.23340698983758
"6999","LOH",7.61828109064086
"7000","LOH",9.30306129696496
"7001","LOH",7.30183246493489
"7002","LOH",10.358609755246
"7003","LOH",10.0997339399518
"7004","LOH",8.45103903289628
"7005","LOH",9.86935452704529
"7006","LOH",10.3763978420745
"7007","LOH",9.19807692879061
"7008","LOH",9.46411778665245
"7009","LOH",9.66051811532821
"7010","LOH",9.2002888304186
"7011","LOH",9.61951221746047
"7012","LOH",9.8866647719316
"7013","LOH",8.29292302986066
"7014","LOH",8.32894978003295
"7015","LOH",9.72376865151397
"7016","LOH",9.16156675556527
"7017","LOH",9.44983958827028
"7018","LOH",9.83855706090301
"7019","LOH",9.20078637082395
"7020","LOH",9.55285462649702
"7021","LOH",9.61342579238195
"7022","LOH",8.70656009366203
"7023","LOH",9.45350680454575
"7024","LOH",9.46731187501536
"7025","LOH",8.50070539775359
"7026","LOH",9.92321435812514
"7027","LOH",11.4562296759638
"7028","LOH",9.76934431726598
"7029","LOH",7.30689677795228
"7030","LOH",9.02529462626511
"7031","LOH",8.27968513498151
"7032","LOH",11.2594422972656
"7033","LOH",11.1713647891971
"7034","LOH",8.60893611085216
"7035","LOH",7.75763625465361
"7036","LOH",7.73045783911313
"7037","LOH",10.7998648007196
"7038","LOH",9.30520225846239
"7039","LOH",7.76340885087826
"7040","LOH",9.24237641977698
"7041","LOH",8.13898578844568
"7042","LOH",8.15392205676418
"7043","LOH",8.92081865652627
"7044","LOH",8.93682807317944
"7045","LOH",8.40816592106775
"7046","LOH",8.5926310926504
"7047","LOH",8.96402321937971
"7048","LOH",10.4853269732229
"7049","LOH",10.0501860633777
"7050","LOH",10.9922601809759
"7051","LOH",10.2851488425132
"7052","LOH",7.90512350112834
"7053","LOH",8.98759731326841
"7054","LOH",8.23347208605198
"7055","LOH",8.65287503887541
"7056","LOH",10.098155926107
"7057","LOH",10.5378907328249
"7058","LOH",10.232592127472
"7059","LOH",9.60253038475271
"7060","LOH",9.52760980475207
"7061","LOH",9.49440625198041
"7062","LOH",9.21357771615303
"7063","LOH",10.6612690488376
"7064","LOH",10.1149730531639
"7065","LOH",8.02960431368106
"7066","LOH",10.0607037648967
"7067","LOH",10.6511245295942
"7068","LOH",10.1210042008104
"7069","LOH",9.88252656139758
"7070","LOH",8.23783340942133
"7071","LOH",8.51407072119188
"7072","LOH",8.81269797617037
"7073","LOH",7.98403138887676
"7074","LOH",9.25844496885251
"7075","LOH",11.073561408511
"7076","LOH",7.33432642403261
"7077","LOH",9.74977853215503
"7078","LOH",6.66056486310217
"7079","LOH",10.4541582899845
"7080","LOH",10.1514047281363
"7081","LOH",10.474263673575
"7082","LOH",7.93562817467325
"7083","LOH",9.50843204698609
"7084","LOH",8.87952878142428
"7085","LOH",8.80452816376809
"7086","LOH",9.76000385352946
"7087","LOH",8.47159297054214
"7088","LOH",7.81095495316887
"7089","LOH",8.55718424713154
"7090","LOH",8.54443511125629
"7091","LOH",7.1205743326513
"7092","LOH",8.92965256780339
"7093","LOH",9.06272873898836
"7094","LOH",9.08336682015872
"7095","LOH",7.2355189585081
"7096","LOH",9.62308631186356
"7097","LOH",9.24065456924255
"7098","LOH",8.11711621441863
"7099","LOH",8.77344630836054
"7100","LOH",10.007650542082
"7101","LOH",6.75021041144139
"7102","LOH",9.75551460435811
"7103","LOH",8.37650308442912
"7104","LOH",11.0672459820752
"7105","LOH",10.8039622827043
"7106","LOH",9.12081868987956
"7107","LOH",7.51425697440696
"7108","LOH",9.11870844380823
"7109","LOH",8.23706359233178
"7110","LOH",9.37827323399273
"7111","LOH",8.12972017582636
"7112","LOH",9.47574196965637
"7113","LOH",7.93938739642113
"7114","LOH",8.35373907306908
"7115","LOH",10.0300184146333
"7116","LOH",9.23547848841127
"7117","LOH",7.73408557093214
"7118","LOH",8.87798130661246
"7119","LOH",9.40977075352212
"7120","LOH",9.60104027975748
"7121","LOH",8.92842569350212
"7122","LOH",9.54088477530075
"7123","LOH",10.0387646205043
"7124","LOH",8.4513753596643
"7125","LOH",9.59073914155528
"7126","LOH",10.5055880445142
"7127","LOH",7.95664022997675
"7128","LOH",8.99199001930825
"7129","LOH",8.1930206322905
"7130","LOH",8.18972071760182
"7131","LOH",8.79642812765428
"7132","LOH",8.06430852789471
"7133","LOH",8.31636847649137
"7134","LOH",8.58804700236082
"7135","LOH",9.47507520697682
"7136","LOH",8.60094783682552
"7137","LOH",8.80293793133865
"7138","LOH",8.39944223085368
"7139","LOH",7.69304196184437
"7140","LOH",9.04046046833825
"7141","LOH",8.22399562943683
"7142","LOH",7.94586993769144
"7143","LOH",7.77296620344377
"7144","LOH",10.0895882481021
"7145","LOH",8.87550149833536
"7146","LOH",9.45587441243953
"7147","LOH",8.3147700911742
"7148","LOH",10.4638352125132
"7149","LOH",6.55085281814487
"7150","LOH",10.5881628763338
"7151","LOH",10.86730746105
"7152","LOH",8.43099189423425
"7153","LOH",8.69453289789591
"7154","LOH",8.04136533762997
"7155","LOH",7.96618734773647
"7156","LOH",8.90454250700553
"7157","LOH",9.92297824291661
"7158","LOH",7.99335349986202
"7159","LOH",9.53775289253421
"7160","LOH",11.1351957758659
"7161","LOH",8.5102093317189
"7162","LOH",10.9106689822177
"7163","LOH",8.12903299467873
"7164","LOH",10.3323214898404
"7165","LOH",10.8131300616737
"7166","LOH",9.56566723515629
"7167","LOH",10.131835956652
"7168","LOH",9.76001783494776
"7169","LOH",7.58778164157601
"7170","LOH",8.58159127380202
"7171","LOH",9.71193302762572
"7172","LOH",9.71101425852221
"7173","LOH",9.35205099057381
"7174","LOH",8.37403034126445
"7175","LOH",9.23194296557506
"7176","LOH",10.299623638503
"7177","LOH",7.02305676383217
"7178","LOH",7.03130236072994
"7179","LOH",8.06413478566762
"7180","LOH",7.93348543841517
"7181","LOH",10.5145792358839
"7182","LOH",9.04532317035498
"7183","LOH",9.01867177119051
"7184","LOH",8.75868473543774
"7185","LOH",9.12645903472145
"7186","LOH",8.01553787211046
"7187","LOH",9.20406462494214
"7188","LOH",9.31796374117629
"7189","LOH",10.0886841676858
"7190","LOH",8.68467380141846
"7191","LOH",9.17880865430512
"7192","LOH",8.86331062614171
"7193","LOH",8.45740486611234
"7194","LOH",8.18386714493969
"7195","LOH",8.7180130134176
"7196","LOH",10.4992796359001
"7197","LOH",9.22922030967572
"7198","LOH",8.99181576335436
"7199","LOH",8.17356541445306
"7200","LOH",8.88843630340794
"7201","LOH",7.46649811297009
"7202","LOH",10.4532237768075
"7203","LOH",6.9690966179492
"7204","LOH",8.80381194367791
"7205","LOH",9.75855436129523
"7206","LOH",7.30510057781204
"7207","LOH",7.82654697473548
"7208","LOH",8.74412473804691
"7209","LOH",10.8169519462624
"7210","LOH",7.72304926425099
"7211","LOH",9.09311000760213
"7212","LOH",11.14719811438
"7213","LOH",7.71555202374138
"7214","LOH",8.55456133342565
"7215","LOH",8.43443922254929
"7216","LOH",9.00824889050917
"7217","LOH",9.92210566237092
"7218","LOH",6.96516974489087
"7219","LOH",9.00094712602085
"7220","LOH",9.89262685204313
"7221","LOH",10.5976781825469
"7222","LOH",8.72074588836149
"7223","LOH",9.1601122494117
"7224","LOH",10.1569203509768
"7225","LOH",8.19242853388017
"7226","LOH",6.25863640541666
"7227","LOH",8.33897217197157
"7228","LOH",8.77127311663322
"7229","LOH",9.97284199209316
"7230","LOH",8.01615191993746
"7231","LOH",9.49294691111119
"7232","LOH",9.40282569270761
"7233","LOH",9.24137041535851
"7234","LOH",7.55872664460677
"7235","LOH",9.57060734211308
"7236","LOH",9.10338219236821
"7237","LOH",8.39655221792158
"7238","LOH",10.5340230965135
"7239","LOH",9.56934125680533
"7240","LOH",9.42190722744303
"7241","LOH",8.19045436881835
"7242","LOH",7.20383485287717
"7243","LOH",11.2111375802481
"7244","LOH",9.32458656595149
"7245","LOH",7.95597047413513
"7246","LOH",9.95986131851622
"7247","LOH",7.49019833707551
"7248","LOH",9.45405406494975
"7249","LOH",8.62363365924486
"7250","LOH",9.68861225517001
"7251","LOH",8.16330947393412
"7252","LOH",9.69789233178681
"7253","LOH",8.69729782639329
"7254","LOH",8.50011093793135
"7255","LOH",8.96290672469718
"7256","LOH",7.96008800842803
"7257","LOH",8.77895554103176
"7258","LOH",9.13201780222744
"7259","LOH",10.3380832991547
"7260","LOH",8.10926962996534
"7261","LOH",10.0889730809183
"7262","LOH",10.3979504217274
"7263","LOH",10.7033832934045
"7264","LOH",7.2217069335182
"7265","LOH",9.9292701546147
"7266","LOH",8.9781807813653
"7267","LOH",8.82340121854844
"7268","LOH",7.73805219582809
"7269","LOH",7.10059270489275
"7270","LOH",9.26100840296811
"7271","LOH",7.66362006729506
"7272","LOH",9.30234701347405
"7273","LOH",9.43693141806867
"7274","LOH",9.4465318614871
"7275","LOH",9.01890401310246
"7276","LOH",8.85622924356874
"7277","LOH",7.99005457503967
"7278","LOH",9.69607219950596
"7279","LOH",9.99975560030955
"7280","LOH",9.4294465774958
"7281","LOH",11.2206616044379
"7282","LOH",8.41997301656361
"7283","LOH",10.4142355245251
"7284","LOH",9.1246010310665
"7285","LOH",9.11211140848705
"7286","LOH",9.46362796215293
"7287","LOH",10.285712333886
"7288","LOH",9.91082705369033
"7289","LOH",11.2157437864143
"7290","LOH",8.21869312971473
"7291","LOH",10.5841971154252
"7292","LOH",10.3226490646855
"7293","LOH",9.94509267072773
"7294","LOH",9.32668989511592
"7295","LOH",8.92919131045385
"7296","LOH",8.33459605357852
"7297","LOH",10.156237296416
"7298","LOH",8.14346951830508
"7299","LOH",9.71126027558695
"7300","LOH",9.22461889201356
"7301","LOH",9.66608778768068
"7302","LOH",9.64355441209521
"7303","LOH",10.0206513633855
"7304","LOH",9.87466972058524
"7305","LOH",10.3117735058551
"7306","LOH",8.95319760277777
"7307","LOH",8.03698105276808
"7308","LOH",7.58371468009055
"7309","LOH",9.0892398940705
"7310","LOH",8.95503103561505
"7311","LOH",8.17615778032961
"7312","LOH",9.08834201071669
"7313","LOH",9.21833433156182
"7314","LOH",9.56541270963229
"7315","LOH",9.23803474104157
"7316","LOH",8.81783503766133
"7317","LOH",8.1960950973822
"7318","LOH",8.04216159778391
"7319","LOH",10.0173002443886
"7320","LOH",8.13311050753551
"7321","LOH",8.65307037309909
"7322","LOH",9.61828085872994
"7323","LOH",8.36625711666463
"7324","LOH",8.75599534213842
"7325","LOH",7.82931336126273
"7326","LOH",8.47812964762853
"7327","LOH",9.09641561247548
"7328","LOH",8.81499513292905
"7329","LOH",8.22920076958762
"7330","LOH",9.9897700152291
"7331","LOH",8.92971380826269
"7332","LOH",8.38620347244913
"7333","LOH",11.5135800687217
"7334","LOH",7.71232240706705
"7335","LOH",8.08219955497383
"7336","LOH",8.66635986329406
"7337","LOH",9.48505237522258
"7338","LOH",8.73121298964027
"7339","LOH",8.93109901658999
"7340","LOH",7.98110863741492
"7341","LOH",10.3739024801737
"7342","LOH",7.87184141279347
"7343","LOH",9.05252571750022
"7344","LOH",9.50959697671959
"7345","LOH",8.08873659148531
"7346","LOH",8.58377649246002
"7347","LOH",8.59823364125359
"7348","LOH",8.37609405105726
"7349","LOH",8.83570624676716
"7350","LOH",9.95545416302119
"7351","LOH",8.62129029871381
"7352","LOH",11.7299542675199
"7353","LOH",9.86602225674341
"7354","LOH",9.38655687343618
"7355","LOH",7.70226585529837
"7356","LOH",8.92983577906545
"7357","LOH",10.1803126002809
"7358","LOH",8.59395576511822
"7359","LOH",9.85548108700721
"7360","LOH",9.43059606242
"7361","LOH",7.72608815785559
"7362","LOH",8.34258298819882
"7363","LOH",8.91527945607171
"7364","LOH",7.72857112405136
"7365","LOH",7.24928319735981
"7366","LOH",9.02733618732879
"7367","LOH",9.75174484868969
"7368","LOH",7.4233345730966
"7369","LOH",9.44149495591456
"7370","LOH",7.50710253130637
"7371","LOH",8.70826298124421
"7372","LOH",7.1834169541272
"7373","LOH",12.2331756847814
"7374","LOH",8.77817111825317
"7375","LOH",10.9789433518812
"7376","LOH",8.66010396432281
"7377","LOH",8.94431831177772
"7378","LOH",9.50356514229623
"7379","LOH",8.87995333422757
"7380","LOH",7.31210030724558
"7381","LOH",9.47776739755154
"7382","LOH",9.44019114359124
"7383","LOH",9.58281975468129
"7384","LOH",9.5401786908615
"7385","LOH",9.78079559148616
"7386","LOH",9.60192798803891
"7387","LOH",8.35064774624007
"7388","LOH",9.71070824148438
"7389","LOH",9.73912084352745
"7390","LOH",9.46741518695044
"7391","LOH",9.55445796526745
"7392","LOH",9.41426213725503
"7393","LOH",9.41941874031463
"7394","LOH",9.67582890919602
"7395","LOH",8.8931246043791
"7396","LOH",8.88573240848699
"7397","LOH",9.62642217889078
"7398","LOH",10.3095248177678
"7399","LOH",7.936988104903
"7400","LOH",9.4984399956581
"7401","LOH",7.58084592173064
"7402","LOH",9.75832795599966
"7403","LOH",8.72972895840479
"7404","LOH",8.0713785039283
"7405","LOH",8.7532779518619
"7406","LOH",10.3753631669395
"7407","LOH",9.36685073978231
"7408","LOH",11.2907822378694
"7409","LOH",9.6827496293347
"7410","LOH",7.76284657144589
"7411","LOH",9.89380583675756
"7412","LOH",8.22270525719444
"7413","LOH",8.16009175827006
"7414","LOH",7.35145035632058
"7415","LOH",8.66650988333863
"7416","LOH",8.37730628915251
"7417","LOH",8.38493413168321
"7418","LOH",10.0116652593212
"7419","LOH",8.78546671110109
"7420","LOH",10.5742970139881
"7421","LOH",9.11674441191632
"7422","LOH",8.43996686194487
"7423","LOH",10.9981110176778
"7424","LOH",10.2042463738837
"7425","LOH",11.0126253297462
"7426","LOH",8.2475743615068
"7427","LOH",7.53280324647885
"7428","LOH",9.49872484769003
"7429","LOH",10.1943426106917
"7430","LOH",8.29960249145328
"7431","LOH",8.90932093308223
"7432","LOH",6.96943591558344
"7433","LOH",8.35717082193965
"7434","LOH",10.0477757209603
"7435","LOH",10.2344423960018
"7436","LOH",9.11082660172032
"7437","LOH",7.75189874605035
"7438","LOH",6.77123210991042
"7439","LOH",10.1176112074539
"7440","LOH",8.71621076938202
"7441","LOH",7.65690784672396
"7442","LOH",10.0333677185281
"7443","LOH",8.49829294998614
"7444","LOH",9.61947070178539
"7445","LOH",10.2696386030937
"7446","LOH",6.72986893108613
"7447","LOH",7.55831394389717
"7448","LOH",8.55737554635757
"7449","LOH",7.88598392705413
"7450","LOH",8.72364638717744
"7451","LOH",9.61885312221691
"7452","LOH",7.71023721905329
"7453","LOH",7.60260212177514
"7454","LOH",9.31911292445847
"7455","LOH",8.9219155773475
"7456","LOH",7.89505665185431
"7457","LOH",9.00111636252865
"7458","LOH",8.62673247769535
"7459","LOH",8.7375222569528
"7460","LOH",8.45743915997582
"7461","LOH",8.99712782425312
"7462","LOH",9.73700048809513
"7463","LOH",9.19512291870415
"7464","LOH",8.14256875868063
"7465","LOH",9.59212701400813
"7466","LOH",8.2591466978973
"7467","LOH",7.97672652943942
"7468","LOH",9.38862171885271
"7469","LOH",6.94225624268315
"7470","LOH",9.67897994251381
"7471","LOH",10.4046065603484
"7472","LOH",8.92693635223125
"7473","LOH",9.56053086787587
"7474","LOH",8.48110906460499
"7475","LOH",10.6276081503465
"7476","LOH",8.75930508082194
"7477","LOH",6.80606319293562
"7478","LOH",8.31161812952115
"7479","LOH",7.97824722700551
"7480","LOH",10.7158732971546
"7481","LOH",9.37114369536271
"7482","LOH",8.86793451320152
"7483","LOH",9.11288290771587
"7484","LOH",7.12458713560845
"7485","LOH",8.90973803149269
"7486","LOH",9.1494399124491
"7487","LOH",10.6431564122241
"7488","LOH",8.57943692362921
"7489","LOH",8.08127753009226
"7490","LOH",8.60445097433435
"7491","LOH",9.21710485811554
"7492","LOH",7.68134061450823
"7493","LOH",7.25058422611618
"7494","LOH",9.67866359238265
"7495","LOH",8.47409036580177
"7496","LOH",9.79604227650453
"7497","LOH",9.84380738756899
"7498","LOH",8.8606151345536
"7499","LOH",9.62595482748486
"7500","LOH",6.88717593598371
"7501","LOH",8.90849725838678
"7502","LOH",7.87294956022813
"7503","LOH",8.53141226332938
"7504","LOH",8.93699964692693
"7505","LOH",9.06920701423564
"7506","LOH",8.7011234639088
"7507","LOH",9.03676381480045
"7508","LOH",8.57006980166091
"7509","LOH",9.543701831435
"7510","LOH",8.42789707840746
"7511","LOH",8.99204903141929
"7512","LOH",8.62172877214676
"7513","LOH",8.88975779009682
"7514","LOH",7.66677712617537
"7515","LOH",6.71010977311986
"7516","LOH",8.81047804217135
"7517","LOH",8.58557052947235
"7518","LOH",8.57880776381539
"7519","LOH",8.75071424883417
"7520","LOH",9.06871177194537
"7521","LOH",5.9395669760691
"7522","LOH",7.26415670387661
"7523","LOH",8.89679499396592
"7524","LOH",8.26749351752483
"7525","LOH",8.92772344800206
"7526","LOH",10.4331635878565
"7527","LOH",7.76590728641319
"7528","LOH",9.35183050159077
"7529","LOH",9.90488882016684
"7530","LOH",8.37645365579534
"7531","LOH",7.85765851831137
"7532","LOH",7.85353014363224
"7533","LOH",9.73529647310112
"7534","LOH",9.37748881660536
"7535","LOH",8.56968824748622
"7536","LOH",9.65806353392649
"7537","LOH",10.765822831429
"7538","LOH",8.87540981973117
"7539","LOH",9.38205560278797
"7540","LOH",8.22778964110385
"7541","LOH",9.82984590422455
"7542","LOH",10.0736536377511
"7543","LOH",9.17350864881201
"7544","LOH",10.4114851617739
"7545","LOH",8.70886548252156
"7546","LOH",7.40155553944209
"7547","LOH",9.20507269339723
"7548","LOH",8.77791054219059
"7549","LOH",10.4058149848121
"7550","LOH",8.34637026418361
"7551","LOH",9.08701689230739
"7552","LOH",8.44664437852088
"7553","LOH",7.71336850475036
"7554","LOH",9.4402145634439
"7555","LOH",9.09391343764117
"7556","LOH",11.5426815763463
"7557","LOH",11.2670232017268
"7558","LOH",9.16580537230452
"7559","LOH",9.33568009663023
"7560","LOH",8.70346916783617
"7561","LOH",7.81442129409553
"7562","LOH",8.1609174083563
"7563","LOH",9.40144819727482
"7564","LOH",9.35536616718483
"7565","LOH",8.21300247308674
"7566","LOH",9.15157354328029
"7567","LOH",7.71208454135249
"7568","LOH",8.80471011532722
"7569","LOH",9.67152720486916
"7570","LOH",10.4015688827446
"7571","LOH",9.97728948989637
"7572","LOH",7.96533708759835
"7573","LOH",9.38342292743739
"7574","LOH",7.26373793596257
"7575","LOH",7.81944588974098
"7576","LOH",9.30537186736711
"7577","LOH",9.60327066395069
"7578","LOH",8.91150771567701
"7579","LOH",9.35119816226633
"7580","LOH",9.91369166317969
"7581","LOH",9.83157891521541
"7582","LOH",7.56541603633168
"7583","LOH",10.8451730125703
"7584","LOH",7.77797092035968
"7585","LOH",9.39555361515201
"7586","LOH",9.67397769374154
"7587","LOH",9.55661649337024
"7588","LOH",9.99279606718847
"7589","LOH",7.52538538094055
"7590","LOH",7.22912970857943
"7591","LOH",7.8465374100023
"7592","LOH",9.72019819587537
"7593","LOH",9.48809033198091
"7594","LOH",9.24636301383571
"7595","LOH",10.2227595089696
"7596","LOH",10.0973866483446
"7597","LOH",10.5403823099138
"7598","LOH",7.76641351131863
"7599","LOH",10.3726071378617
"7600","LOH",8.66200855960891
"7601","LOH",8.59807198800552
"7602","LOH",8.19433193344083
"7603","LOH",9.64570068668065
"7604","LOH",8.98634906669391
"7605","LOH",8.25070658670836
"7606","LOH",9.55114576447021
"7607","LOH",7.9022886745838
"7608","LOH",8.66723797746029
"7609","LOH",8.32516090344991
"7610","LOH",7.46190750803034
"7611","LOH",9.1240584370464
"7612","LOH",11.475484890899
"7613","LOH",8.42576229219172
"7614","LOH",7.51044388410755
"7615","LOH",8.98129398476499
"7616","LOH",8.07967415056122
"7617","LOH",8.87652892577337
"7618","LOH",10.6481875468352
"7619","LOH",8.69311531570682
"7620","LOH",7.09840422984241
"7621","LOH",9.71686980359916
"7622","LOH",8.82179153024308
"7623","LOH",8.44736969949293
"7624","LOH",9.56892863330059
"7625","LOH",9.92391755606153
"7626","LOH",9.35580677792405
"7627","LOH",7.96080396151259
"7628","LOH",6.64253882211185
"7629","LOH",9.06989850060951
"7630","LOH",9.92875860423668
"7631","LOH",8.06549027459555
"7632","LOH",9.7022826328614
"7633","LOH",8.67360707249426
"7634","LOH",9.20297970593716
"7635","LOH",7.61328444851569
"7636","LOH",10.152036129176
"7637","LOH",9.61317979510988
"7638","LOH",8.69252011815351
"7639","LOH",10.0794349977072
"7640","LOH",9.00248984714225
"7641","LOH",8.4494838001759
"7642","LOH",10.4225725734635
"7643","LOH",10.4706439544416
"7644","LOH",7.611128671071
"7645","LOH",9.39498995854448
"7646","LOH",9.49333595143131
"7647","LOH",9.9818800922381
"7648","LOH",10.6798682023738
"7649","LOH",9.60559282639139
"7650","LOH",11.5452564699269
"7651","LOH",8.60011228211454
"7652","LOH",9.88167468741274
"7653","LOH",8.75905829928049
"7654","LOH",8.86800145356399
"7655","LOH",11.0742908643304
"7656","LOH",10.8478885760711
"7657","LOH",9.47098863362699
"7658","LOH",9.79600808604224
"7659","LOH",9.67665709859655
"7660","LOH",9.43955485595461
"7661","LOH",7.01211606472579
"7662","LOH",8.33275693758191
"7663","LOH",8.88809428512375
"7664","LOH",7.2914992139881
"7665","LOH",11.0468985337953
"7666","LOH",10.2219383736831
"7667","LOH",8.05602843064244
"7668","LOH",8.3211197634067
"7669","LOH",8.83581753354522
"7670","LOH",8.26269835667329
"7671","LOH",9.55444044952927
"7672","LOH",7.07820667304181
"7673","LOH",9.32564958083825
"7674","LOH",7.62892202858049
"7675","LOH",8.82266767344652
"7676","LOH",8.0447295873422
"7677","LOH",9.41216484704001
"7678","LOH",7.23992687545769
"7679","LOH",9.90584832617216
"7680","LOH",8.40568728752871
"7681","LOH",8.97123283983337
"7682","LOH",9.44619870173196
"7683","LOH",8.46755901171428
"7684","LOH",8.83243195780707
"7685","LOH",8.91711539165347
"7686","LOH",8.07009294145688
"7687","LOH",8.02711651255893
"7688","LOH",10.7042187867025
"7689","LOH",9.42389362379883
"7690","LOH",9.4133111775367
"7691","LOH",8.22866119977458
"7692","LOH",8.1046646415736
"7693","LOH",9.04136010573742
"7694","LOH",9.60252485941742
"7695","LOH",7.85966003884717
"7696","LOH",7.99781828976437
"7697","LOH",8.59357217571013
"7698","LOH",9.56786930255296
"7699","LOH",10.1569054896673
"7700","LOH",6.94085979211055
"7701","LOH",9.44690377262568
"7702","LOH",9.51014589897979
"7703","LOH",9.99691851582562
"7704","LOH",8.31401564632231
"7705","LOH",11.4865146536495
"7706","LOH",8.44028238156981
"7707","LOH",8.82262525795329
"7708","LOH",7.98749171061738
"7709","LOH",9.30535938599762
"7710","LOH",10.3361397415721
"7711","LOH",8.8409279047821
"7712","LOH",7.98628201068507
"7713","LOH",7.13178314525298
"7714","LOH",7.79273135104054
"7715","LOH",10.0567069605274
"7716","LOH",9.75095318955881
"7717","LOH",9.15484935042955
"7718","LOH",10.0031603680859
"7719","LOH",8.89728371447745
"7720","LOH",9.54318073436609
"7721","LOH",8.28910106586734
"7722","LOH",7.85774720377794
"7723","LOH",8.4040468259819
"7724","LOH",8.75906373402893
"7725","LOH",9.61952529603404
"7726","LOH",10.5439401110351
"7727","LOH",9.81870512851167
"7728","LOH",8.00310050760012
"7729","LOH",8.55612822221426
"7730","LOH",7.10563946461886
"7731","LOH",7.22609367595645
"7732","LOH",8.09462654295822
"7733","LOH",10.6315199917353
"7734","LOH",7.66625162212857
"7735","LOH",9.52214867223224
"7736","LOH",7.8452341035191
"7737","LOH",9.17864010251912
"7738","LOH",8.83646220522956
"7739","LOH",10.63539954249
"7740","LOH",9.10993529860221
"7741","LOH",8.28468812808429
"7742","LOH",8.31140015523181
"7743","LOH",8.67851802704715
"7744","LOH",7.0664648648291
"7745","LOH",10.1707479655702
"7746","LOH",9.30932414293641
"7747","LOH",9.64530749209847
"7748","LOH",8.83335407618579
"7749","LOH",7.56425667916394
"7750","LOH",8.82101680625995
"7751","LOH",9.68977234214592
"7752","LOH",7.89542629704106
"7753","LOH",8.54386082916046
"7754","LOH",7.18896409576952
"7755","LOH",8.61604264714704
"7756","LOH",7.61492028418092
"7757","LOH",9.12426594290797
"7758","LOH",9.29192733050804
"7759","LOH",9.50815824685294
"7760","LOH",10.4647873826871
"7761","LOH",8.07139657108318
"7762","LOH",10.1019854683215
"7763","LOH",9.29560195943514
"7764","LOH",8.84275914023862
"7765","LOH",9.3911027163517
"7766","LOH",10.4676026178929
"7767","LOH",8.2315437288301
"7768","LOH",9.94431200621886
"7769","LOH",9.61825734496538
"7770","LOH",8.72604910851791
"7771","LOH",8.85041709427743
"7772","LOH",9.43417850707132
"7773","LOH",7.83594997872985
"7774","LOH",9.46972081449138
"7775","LOH",9.22577732822774
"7776","LOH",9.77011845119813
"7777","LOH",8.6931564392761
"7778","LOH",7.92136879928781
"7779","LOH",8.82446200626753
"7780","LOH",8.94562153539895
"7781","LOH",9.06786288867393
"7782","LOH",9.5205139367295
"7783","LOH",8.75248514366705
"7784","LOH",9.26923698054589
"7785","LOH",8.93095605857165
"7786","LOH",8.84201079051263
"7787","LOH",8.05354903683461
"7788","LOH",10.9687329824674
"7789","LOH",7.85189388625733
"7790","LOH",9.08172366202604
"7791","LOH",9.39578232915177
"7792","LOH",9.05222328839462
"7793","LOH",9.47127460177514
"7794","LOH",9.83696133636241
"7795","LOH",7.78577570356815
"7796","LOH",9.66822841871534
"7797","LOH",8.9719578469192
"7798","LOH",7.36495029145011
"7799","LOH",9.33401449991267
"7800","LOH",12.0203147779238
"7801","LOH",10.2943238344479
"7802","LOH",10.8172482709957
"7803","LOH",10.7277583729362
"7804","LOH",10.37905475203
"7805","LOH",7.2828630593395
"7806","LOH",9.62724012276165
"7807","LOH",9.15845259239966
"7808","LOH",8.99260482681167
"7809","LOH",7.15923694620372
"7810","LOH",9.34253985294196
"7811","LOH",10.4925291155024
"7812","LOH",7.96007906913542
"7813","LOH",8.73743304402307
"7814","LOH",7.65649728769431
"7815","LOH",9.75183241928117
"7816","LOH",9.9853008360508
"7817","LOH",9.38653530991842
"7818","LOH",7.74177294385412
"7819","LOH",9.63530139792623
"7820","LOH",10.1150928987102
"7821","LOH",9.27738279708959
"7822","LOH",8.94504437456847
"7823","LOH",10.6125262706487
"7824","LOH",9.87812718361273
"7825","LOH",9.38368034679105
"7826","LOH",7.43083362210583
"7827","LOH",8.68917879469064
"7828","LOH",7.71923061426938
"7829","LOH",10.1863690785076
"7830","LOH",9.37684153492108
"7831","LOH",9.22951772960301
"7832","LOH",7.93698800208217
"7833","LOH",9.74496586988271
"7834","LOH",7.39934861491343
"7835","LOH",8.58910775469196
"7836","LOH",8.23312732180096
"7837","LOH",9.38183765280228
"7838","LOH",8.7982526168897
"7839","LOH",8.84855354945571
"7840","LOH",9.34170019565705
"7841","LOH",7.91137402166089
"7842","LOH",8.41228860020556
"7843","LOH",7.8593834325504
"7844","LOH",7.73283822876056
"7845","LOH",9.78654773849768
"7846","LOH",8.68291854246884
"7847","LOH",10.538431690934
"7848","LOH",10.1765889620578
"7849","LOH",7.95420650619945
"7850","LOH",7.62658226778391
"7851","LOH",8.00764151033749
"7852","LOH",9.06976189425885
"7853","LOH",8.30827795204673
"7854","LOH",9.17397459717341
"7855","LOH",9.46804732044598
"7856","LOH",9.65456116268594
"7857","LOH",8.61791764303223
"7858","LOH",9.29394752562578
"7859","LOH",8.56399597983584
"7860","LOH",9.11481247208802
"7861","LOH",9.62292247871314
"7862","LOH",9.74082670043029
"7863","LOH",8.75071698268642
"7864","LOH",8.21096002867417
"7865","LOH",8.40887024479198
"7866","LOH",8.5747675533265
"7867","LOH",11.0263892070079
"7868","LOH",8.86354820751575
"7869","LOH",8.81787277697911
"7870","LOH",8.15310024112726
"7871","LOH",8.57563642434143
"7872","LOH",9.45224137649316
"7873","LOH",8.23771660752566
"7874","LOH",9.04127203751309
"7875","LOH",9.89176897429182
"7876","LOH",7.09762803419516
"7877","LOH",8.38291031701282
"7878","LOH",8.11780144360168
"7879","LOH",8.14420824912869
"7880","LOH",9.76454970220528
"7881","LOH",8.41246115039312
"7882","LOH",8.73943113919126
"7883","LOH",10.3412158146182
"7884","LOH",7.5174221131012
"7885","LOH",7.96079122180774
"7886","LOH",9.15960709114002
"7887","LOH",9.05680146841036
"7888","LOH",8.75506216710635
"7889","LOH",8.66043398704876
"7890","LOH",7.61277157726885
"7891","LOH",8.93089504471904
"7892","LOH",8.49234911221524
"7893","LOH",6.41486086128254
"7894","LOH",9.59111287357267
"7895","LOH",9.13899160652785
"7896","LOH",8.88618505170556
"7897","LOH",10.5603964794683
"7898","LOH",9.89035298923272
"7899","LOH",8.60821965208712
"7900","LOH",7.72569187048397
"7901","LOH",9.66478010300395
"7902","LOH",8.56495338794334
"7903","LOH",10.2504059798968
"7904","LOH",7.78227781704434
"7905","LOH",9.98132647563413
"7906","LOH",6.96303731150834
"7907","LOH",8.92121521436065
"7908","LOH",9.69894336507419
"7909","LOH",9.46014523061986
"7910","LOH",8.06522677894735
"7911","LOH",10.5104380975608
"7912","LOH",9.31778079945441
"7913","LOH",11.1422638623823
"7914","LOH",8.9769319244483
"7915","LOH",7.31393476409412
"7916","LOH",8.07864567720554
"7917","LOH",9.9192355628641
"7918","LOH",10.517702236484
"7919","LOH",9.75185252304406
"7920","LOH",7.18851327080324
"7921","LOH",10.776018387418
"7922","LOH",9.01999096337067
"7923","LOH",9.27362273726624
"7924","LOH",9.96627308643476
"7925","LOH",8.06665441266231
"7926","LOH",9.09202485618856
"7927","LOH",8.26580953867789
"7928","LOH",9.51401332126307
"7929","LOH",9.32249941834352
"7930","LOH",9.13503518308992
"7931","LOH",8.48740458888892
"7932","LOH",7.45213478962817
"7933","LOH",7.82053307779118
"7934","LOH",9.21676053296648
"7935","LOH",9.36653864563377
"7936","LOH",8.86274270106987
"7937","LOH",8.40818128095035
"7938","LOH",9.57672258015444
"7939","LOH",9.76446748807376
"7940","LOH",8.20479523380815
"7941","LOH",9.50788299934013
"7942","LOH",7.52899859464425
"7943","LOH",10.8147110537853
"7944","LOH",9.29861943900504
"7945","LOH",8.96545436654378
"7946","LOH",7.38958156147559
"7947","LOH",9.40438720790207
"7948","LOH",9.78102794368976
"7949","LOH",10.0552690095568
"7950","LOH",8.76187649096325
"7951","LOH",9.4660845511831
"7952","LOH",10.8620453995847
"7953","LOH",9.40008830149546
"7954","LOH",9.58134675964492
"7955","LOH",8.53000027902487
"7956","LOH",8.98352507905263
"7957","LOH",8.31506789795114
"7958","LOH",8.39994803462825
"7959","LOH",9.02909919502491
"7960","LOH",7.52715909788164
"7961","LOH",11.3663197946548
"7962","LOH",8.37603655832528
"7963","LOH",8.35456205775634
"7964","LOH",10.1991320822536
"7965","LOH",8.58564265001474
"7966","LOH",9.35983266269172
"7967","LOH",9.03894763202376
"7968","LOH",7.03705062400428
"7969","LOH",9.43807105344554
"7970","LOH",10.0257184954228
"7971","LOH",10.2198974915251
"7972","LOH",6.67980270483953
"7973","LOH",8.88107906328172
"7974","LOH",9.1837599225938
"7975","LOH",8.14364395744107
"7976","LOH",9.33750592922191
"7977","LOH",8.82591983224891
"7978","LOH",8.76445046637641
"7979","LOH",8.60683474963044
"7980","LOH",9.01016693582982
"7981","LOH",8.48696716688887
"7982","LOH",9.13861235855333
"7983","LOH",10.4294866001679
"7984","LOH",9.31265719282591
"7985","LOH",7.94386232393104
"7986","LOH",9.04190127639753
"7987","LOH",9.56373054202798
"7988","LOH",6.8631080893262
"7989","LOH",8.75347789561691
"7990","LOH",9.53746703135028
"7991","LOH",7.46608071211892
"7992","LOH",8.62662737839038
"7993","LOH",9.69747030088205
"7994","LOH",9.20181620532225
"7995","LOH",9.62828541044649
"7996","LOH",9.51500732693525
"7997","LOH",6.98967165733478
"7998","LOH",9.10317420871259
"7999","LOH",10.0556727281822
"8000","LOH",8.2860440692852
"8001","LOH",8.36353927664179
"8002","LOH",7.45340809581679
"8003","LOH",7.89691569251423
"8004","LOH",9.49414706283736
"8005","LOH",8.65686993314726
"8006","LOH",10.967629192124
"8007","LOH",11.2541863437666
"8008","LOH",8.22506422812866
"8009","LOH",7.75956351797942
"8010","LOH",10.5232826681318
"8011","LOH",9.59717081575204
"8012","LOH",9.64512452667962
"8013","LOH",7.81013828520143
"8014","LOH",7.27600133527781
"8015","LOH",7.0012788393052
"8016","LOH",8.28169920605818
"8017","LOH",7.58619388442698
"8018","LOH",9.7530071093697
"8019","LOH",8.43170635911435
"8020","LOH",8.93242830216031
"8021","LOH",9.53878193133861
"8022","LOH",9.70931347305741
"8023","LOH",9.12408464396811
"8024","LOH",7.69383646812982
"8025","LOH",9.40899172328657
"8026","LOH",9.98446338906968
"8027","LOH",9.4872435354325
"8028","LOH",9.64196628016479
"8029","LOH",8.07038019980982
"8030","LOH",9.36436422797426
"8031","LOH",8.53504871617496
"8032","LOH",9.62793187143277
"8033","LOH",9.22494221904025
"8034","LOH",10.9398781277269
"8035","LOH",8.34815756697026
"8036","LOH",9.27332931250471
"8037","LOH",8.95576787921623
"8038","LOH",9.77655411537167
"8039","LOH",8.69252354365766
"8040","LOH",9.86032371810946
"8041","LOH",8.5726279669694
"8042","LOH",10.2933927380398
"8043","LOH",7.42027494995018
"8044","LOH",9.67647913838257
"8045","LOH",9.4779822151702
"8046","LOH",10.6328440466081
"8047","LOH",7.97338556982198
"8048","LOH",8.85726977277116
"8049","LOH",9.50999695536717
"8050","LOH",8.83045124240352
"8051","LOH",8.00616265862652
"8052","LOH",9.38039367382018
"8053","LOH",10.642894659002
"8054","LOH",9.81384040475412
"8055","LOH",8.9219752819622
"8056","LOH",8.77674468993832
"8057","LOH",9.78156973335897
"8058","LOH",9.64991014265469
"8059","LOH",8.58669921376203
"8060","LOH",9.68054605406291
"8061","LOH",9.50506639142301
"8062","LOH",10.9050057612213
"8063","LOH",8.2581850066361
"8064","LOH",8.2681885494931
"8065","LOH",7.92577318132604
"8066","LOH",9.50817071684494
"8067","LOH",9.35889286284136
"8068","LOH",9.51577687159847
"8069","LOH",8.27963268135747
"8070","LOH",8.51313208414295
"8071","LOH",9.15011956203611
"8072","LOH",10.5476963404563
"8073","LOH",8.85697559283696
"8074","LOH",10.7099248426611
"8075","LOH",10.7764048645774
"8076","LOH",8.06303927514811
"8077","LOH",9.51144344347141
"8078","LOH",8.09865515008702
"8079","LOH",7.79783922518082
"8080","LOH",8.63180396328719
"8081","LOH",7.64749948995097
"8082","LOH",7.79161534770633
"8083","LOH",7.83747479214404
"8084","LOH",9.75534675923855
"8085","LOH",9.17116955005201
"8086","LOH",8.57315357227458
"8087","LOH",9.65237095880468
"8088","LOH",8.02444847141948
"8089","LOH",9.22801961592882
"8090","LOH",9.0722373958676
"8091","LOH",7.51163351775456
"8092","LOH",9.38496483316802
"8093","LOH",8.92548761024312
"8094","LOH",9.74715349649818
"8095","LOH",9.41801034850201
"8096","LOH",8.60134816588241
"8097","LOH",9.52491868872967
"8098","LOH",9.13145349956399
"8099","LOH",8.41560510004698
"8100","LOH",9.62400033591655
"8101","LOH",8.87021447043455
"8102","LOH",10.8183898068022
"8103","LOH",7.96011284792256
"8104","LOH",9.39370101778181
"8105","LOH",9.53110058715017
"8106","LOH",8.52606519254076
"8107","LOH",10.2064328233852
"8108","LOH",8.8609453668657
"8109","LOH",8.79772324246685
"8110","LOH",7.37660398778864
"8111","LOH",7.32515043677072
"8112","LOH",8.36508891990752
"8113","LOH",8.51766792658822
"8114","LOH",9.65458222463703
"8115","LOH",8.58027674154671
"8116","LOH",8.32205490121158
"8117","LOH",8.03951316551825
"8118","LOH",7.84201260263473
"8119","LOH",7.79080202725365
"8120","LOH",8.50477273541854
"8121","LOH",9.80931910706167
"8122","LOH",8.82614336202794
"8123","LOH",7.93411026907984
"8124","LOH",10.9708730558853
"8125","LOH",8.71495497355788
"8126","LOH",8.80031696393386
"8127","LOH",10.7872925872588
"8128","LOH",6.34543806875124
"8129","LOH",10.0545614641182
"8130","LOH",9.35598427255162
"8131","LOH",7.90937240589598
"8132","LOH",7.99399488963702
"8133","LOH",10.9534502434071
"8134","LOH",8.49824611702291
"8135","LOH",8.85703236614965
"8136","LOH",8.92852797762884
"8137","LOH",9.21686107718805
"8138","LOH",7.48552189065813
"8139","LOH",9.17510939413758
"8140","LOH",9.66293975676599
"8141","LOH",9.87666593660515
"8142","LOH",11.714876030248
"8143","LOH",9.92720283597899
"8144","LOH",9.00647069178677
"8145","LOH",8.16111851923654
"8146","LOH",8.80580449735832
"8147","LOH",8.67105696672788
"8148","LOH",10.3455204633472
"8149","LOH",7.82606065386776
"8150","LOH",9.45692142856704
"8151","LOH",9.10584202666099
"8152","LOH",9.50399800135171
"8153","LOH",7.10866265899209
"8154","LOH",9.97964276641448
"8155","LOH",9.02687263786509
"8156","LOH",8.02014194585352
"8157","LOH",9.1523877574752
"8158","LOH",7.72161208047252
"8159","LOH",9.09571046935345
"8160","LOH",6.84235832685203
"8161","LOH",9.96810741316071
"8162","LOH",8.32321285998556
"8163","LOH",7.71935543897507
"8164","LOH",5.7619375572651
"8165","LOH",9.34082869058599
"8166","LOH",8.08049404518987
"8167","LOH",8.67070066783464
"8168","LOH",9.5087305240155
"8169","LOH",10.2824189313351
"8170","LOH",10.0585662389922
"8171","LOH",10.9832732675148
"8172","LOH",10.1830617749794
"8173","LOH",9.00422826020317
"8174","LOH",8.57649605882972
"8175","LOH",9.22982102280831
"8176","LOH",7.96773283091931
"8177","LOH",9.45733446581301
"8178","LOH",8.37180361237029
"8179","LOH",10.2379812888315
"8180","LOH",7.91318519820407
"8181","LOH",9.4985294429276
"8182","LOH",9.58869832421304
"8183","LOH",8.88557361927552
"8184","LOH",9.21044124569961
"8185","LOH",9.71569666701533
"8186","LOH",7.60245895605455
"8187","LOH",8.35225743009683
"8188","LOH",10.2271843703432
"8189","LOH",9.65431082271794
"8190","LOH",12.2735025973079
"8191","LOH",9.56367437979755
"8192","LOH",8.32746690742863
"8193","LOH",9.01483417164694
"8194","LOH",9.62778708363091
"8195","LOH",8.28305497336197
"8196","LOH",8.41617073328255
"8197","LOH",11.2658689212715
"8198","LOH",7.75396311173849
"8199","LOH",8.31850983942416
"8200","LOH",9.98303838772704
"8201","LOH",10.1563003007815
"8202","LOH",9.88245147256535
"8203","LOH",8.65292686856958
"8204","LOH",10.4925443726245
"8205","LOH",8.95106204561687
"8206","LOH",7.44267606702142
"8207","LOH",10.3972969948551
"8208","LOH",9.95192573048162
"8209","LOH",9.68454433328264
"8210","LOH",11.4654168805842
"8211","LOH",10.2395732731701
"8212","LOH",6.93538205823019
"8213","LOH",9.18243349251351
"8214","LOH",11.3138382351262
"8215","LOH",8.40202183099173
"8216","LOH",8.89266222454687
"8217","LOH",9.46465366067849
"8218","LOH",9.18053098634627
"8219","LOH",10.3619946492686
"8220","LOH",8.63563218550078
"8221","LOH",9.56008874415414
"8222","LOH",8.41519258426518
"8223","LOH",9.16459752275425
"8224","LOH",8.39776532081831
"8225","LOH",9.03431046014976
"8226","LOH",10.5747424446447
"8227","LOH",9.6012739428887
"8228","LOH",8.57065743096472
"8229","LOH",9.14128352267395
"8230","LOH",9.21913408017244
"8231","LOH",8.16585054767127
"8232","LOH",8.66064670465737
"8233","LOH",9.71084138124308
"8234","LOH",9.63958112593884
"8235","LOH",9.64331009120421
"8236","LOH",9.45164706957561
"8237","LOH",8.70160490299496
"8238","LOH",10.0967560494967
"8239","LOH",9.40377331378127
"8240","LOH",8.27885352208989
"8241","LOH",7.78387743188799
"8242","LOH",9.14721642634276
"8243","LOH",10.3598625833378
"8244","LOH",9.96042433425342
"8245","LOH",9.67630715816307
"8246","LOH",6.87206773719742
"8247","LOH",9.25911226663345
"8248","LOH",9.15142393960078
"8249","LOH",8.05523446543479
"8250","LOH",8.18235694408032
"8251","LOH",9.42106297545932
"8252","LOH",10.6749452641597
"8253","LOH",8.03140192977342
"8254","LOH",9.66298395467815
"8255","LOH",9.63919763167845
"8256","LOH",8.83691964415141
"8257","LOH",7.35145916501666
"8258","LOH",7.05788147930904
"8259","LOH",7.50516221996283
"8260","LOH",8.92151490060941
"8261","LOH",8.08649369895528
"8262","LOH",8.23243819631845
"8263","LOH",10.1285339666747
"8264","LOH",9.8092972512998
"8265","LOH",6.80836988413524
"8266","LOH",7.99580261437465
"8267","LOH",8.86071659556899
"8268","LOH",8.37974141477041
"8269","LOH",8.24549840834629
"8270","LOH",8.41675166035387
"8271","LOH",8.79171676188787
"8272","LOH",9.57632452204497
"8273","LOH",9.72097303880419
"8274","LOH",11.088434069198
"8275","LOH",9.60574682741636
"8276","LOH",8.77836996662041
"8277","LOH",9.00756592059261
"8278","LOH",10.1418572068364
"8279","LOH",7.54037041464666
"8280","LOH",8.63397675767422
"8281","LOH",8.69781365986857
"8282","LOH",8.72422075998514
"8283","LOH",8.57674500732351
"8284","LOH",9.14254486737088
"8285","LOH",9.87419246554235
"8286","LOH",8.85658224705488
"8287","LOH",10.250607916618
"8288","LOH",7.03371549252784
"8289","LOH",7.82136450470484
"8290","LOH",7.08794639728513
"8291","LOH",7.90801927013583
"8292","LOH",10.3322030891057
"8293","LOH",9.18865708346357
"8294","LOH",8.90672282284773
"8295","LOH",9.90620240682767
"8296","LOH",8.923315040449
"8297","LOH",9.88646563307622
"8298","LOH",7.85508157807806
"8299","LOH",11.1995970917853
"8300","LOH",8.32772870575104
"8301","LOH",9.50495756702467
"8302","LOH",8.22748465298024
"8303","LOH",8.00472128040887
"8304","LOH",9.46731646508434
"8305","LOH",7.61532524267325
"8306","LOH",9.34195237739027
"8307","LOH",11.3213403755993
"8308","LOH",8.6021379919557
"8309","LOH",8.0589123678152
"8310","LOH",7.48038165712879
"8311","LOH",8.5032191372988
"8312","LOH",9.15618939261234
"8313","LOH",8.91339007656654
"8314","LOH",9.63179964292915
"8315","LOH",7.60970334970909
"8316","LOH",9.3198195670029
"8317","LOH",9.63888615030786
"8318","LOH",10.1099836652532
"8319","LOH",10.298397213084
"8320","LOH",8.11407097857781
"8321","LOH",8.91122013778318
"8322","LOH",8.52220281373533
"8323","LOH",8.00991467265668
"8324","LOH",8.49287941226025
"8325","LOH",9.95670260076593
"8326","LOH",9.53829851766003
"8327","LOH",8.35863634553272
"8328","LOH",7.90667676761424
"8329","LOH",7.58220370410025
"8330","LOH",9.01358636234724
"8331","LOH",7.88693407316385
"8332","LOH",9.61967963268715
"8333","LOH",8.97779570913581
"8334","LOH",10.0622731231398
"8335","LOH",8.10921416001457
"8336","LOH",8.62491019449007
"8337","LOH",9.08835526941141
"8338","LOH",8.89764499316881
"8339","LOH",8.40049668820359
"8340","LOH",9.28168624317068
"8341","LOH",10.1265227132018
"8342","LOH",9.16264211661757
"8343","LOH",7.11350605573918
"8344","LOH",9.51646157445016
"8345","LOH",8.34380631421451
"8346","LOH",9.6609417075257
"8347","LOH",9.2348578480154
"8348","LOH",9.06351993622306
"8349","LOH",7.90436075974595
"8350","LOH",7.49079492402019
"8351","LOH",8.22485137078402
"8352","LOH",8.99368809993928
"8353","LOH",8.91811560011823
"8354","LOH",8.51987992458489
"8355","LOH",9.86104502804692
"8356","LOH",9.68114693057882
"8357","LOH",8.92710798811682
"8358","LOH",9.19777334693863
"8359","LOH",9.39081676910851
"8360","LOH",7.88416770711283
"8361","LOH",10.3109980431545
"8362","LOH",7.97780936647574
"8363","LOH",8.61741212978199
"8364","LOH",11.6939397042646
"8365","LOH",9.04476286078751
"8366","LOH",9.21637081137966
"8367","LOH",9.57026928458708
"8368","LOH",9.43689448105415
"8369","LOH",9.81365621253894
"8370","LOH",8.5535733659194
"8371","LOH",8.71824469676971
"8372","LOH",7.60604774790934
"8373","LOH",7.8391529372946
"8374","LOH",10.191126219019
"8375","LOH",8.58845800583303
"8376","LOH",8.94542353958638
"8377","LOH",9.60334909941574
"8378","LOH",10.6686597029511
"8379","LOH",6.40823704589868
"8380","LOH",10.8018840247637
"8381","LOH",8.97589716497442
"8382","LOH",9.01364218926943
"8383","LOH",9.39313617600383
"8384","LOH",5.90479133907334
"8385","LOH",10.6383407877273
"8386","LOH",9.61762119537848
"8387","LOH",8.80512878385273
"8388","LOH",9.34703955441375
"8389","LOH",7.82382629871373
"8390","LOH",8.45032137947239
"8391","LOH",8.46929205264419
"8392","LOH",9.3994725738019
"8393","LOH",8.34135164957234
"8394","LOH",7.53684030788904
"8395","LOH",6.80065426626966
"8396","LOH",7.614706764714
"8397","LOH",8.74557907962063
"8398","LOH",9.62446172154853
"8399","LOH",10.4821274891115
"8400","LOH",7.20433679916311
"8401","LOH",8.96265388875226
"8402","LOH",7.22138963277913
"8403","LOH",9.76159942880772
"8404","LOH",8.87969612162362
"8405","LOH",8.98234835317198
"8406","LOH",9.42942706715942
"8407","LOH",8.58778066979683
"8408","LOH",9.20071320067289
"8409","LOH",9.50372988603823
"8410","LOH",10.3590286279067
"8411","LOH",9.12109280747912
"8412","LOH",10.3089521203427
"8413","LOH",7.94919499055501
"8414","LOH",10.1502769265103
"8415","LOH",7.79656710901599
"8416","LOH",8.05707719069463
"8417","LOH",9.46394512057861
"8418","LOH",7.9953581089028
"8419","LOH",8.33115417768176
"8420","LOH",8.81693165134244
"8421","LOH",8.32267993120784
"8422","LOH",8.12306425741912
"8423","LOH",8.57970656763624
"8424","LOH",8.69669207035644
"8425","LOH",9.3575131674582
"8426","LOH",7.59363709418956
"8427","LOH",9.32154427746601
"8428","LOH",10.864614334213
"8429","LOH",11.0912374000016
"8430","LOH",11.0860837955053
"8431","LOH",8.92892441194919
"8432","LOH",10.198636535725
"8433","LOH",9.03446059727369
"8434","LOH",8.19975424857155
"8435","LOH",9.47057670161154
"8436","LOH",8.6510334068311
"8437","LOH",9.81109786732152
"8438","LOH",9.13759760144584
"8439","LOH",7.78942512912515
"8440","LOH",9.69759204145335
"8441","LOH",10.4690160087393
"8442","LOH",10.311372074782
"8443","LOH",9.97622239612038
"8444","LOH",9.97708273434772
"8445","LOH",9.11855990887858
"8446","LOH",9.72246012080937
"8447","LOH",8.65372107004861
"8448","LOH",10.2492206460741
"8449","LOH",8.81029372866098
"8450","LOH",9.54196851005318
"8451","LOH",8.60146134547255
"8452","LOH",7.82130048494156
"8453","LOH",7.39829865095336
"8454","LOH",8.92012554820091
"8455","LOH",9.59004857110878
"8456","LOH",9.28417016503145
"8457","LOH",9.03982615860949
"8458","LOH",7.82430703862459
"8459","LOH",8.94124165887155
"8460","LOH",9.45086164721904
"8461","LOH",9.06762197023569
"8462","LOH",7.55261026430606
"8463","LOH",8.48694052896955
"8464","LOH",8.96156050593671
"8465","LOH",9.46355396278252
"8466","LOH",7.48239922317169
"8467","LOH",9.81409122864314
"8468","LOH",9.22055218158255
"8469","LOH",8.98952657836662
"8470","LOH",9.72399943133175
"8471","LOH",8.5946417777641
"8472","LOH",8.73840984473894
"8473","LOH",8.45605693303124
"8474","LOH",8.75035819036781
"8475","LOH",8.06304235113146
"8476","LOH",10.552089063389
"8477","LOH",8.6770613754916
"8478","LOH",9.81823690211544
"8479","LOH",8.78364641656564
"8480","LOH",7.1408705970099
"8481","LOH",9.84622954128533
"8482","LOH",7.08920602428959
"8483","LOH",10.2772195455863
"8484","LOH",9.10684718097166
"8485","LOH",9.6067444345173
"8486","LOH",8.2046756768468
"8487","LOH",9.090422215302
"8488","LOH",9.07766098467728
"8489","LOH",9.88837167045092
"8490","LOH",9.02691309634885
"8491","LOH",7.55780877419556
"8492","LOH",8.03018658763603
"8493","LOH",8.14426566900094
"8494","LOH",8.76332809114833
"8495","LOH",6.45030074879042
"8496","LOH",9.06417800560599
"8497","LOH",7.30174346212051
"8498","LOH",8.24360114446626
"8499","LOH",9.05564395403859
"8500","LOH",8.82817306430676
"8501","LOH",8.85670250404382
"8502","LOH",8.87526612183428
"8503","LOH",10.2803620125458
"8504","LOH",9.16230626648754
"8505","LOH",9.15768625029977
"8506","LOH",8.34421890210531
"8507","LOH",7.97109677864344
"8508","LOH",10.3046670339586
"8509","LOH",9.40220451616724
"8510","LOH",8.6186946443843
"8511","LOH",8.09764307888383
"8512","LOH",8.85288111241027
"8513","LOH",8.87882236196664
"8514","LOH",8.6483934127604
"8515","LOH",9.66967034726122
"8516","LOH",9.85037233500092
"8517","LOH",8.34646035050429
"8518","LOH",9.61234745426936
"8519","LOH",11.4965778941199
"8520","LOH",8.67144692961051
"8521","LOH",7.57491214705131
"8522","LOH",7.36209222544111
"8523","LOH",8.96996140111554
"8524","LOH",7.34552243545923
"8525","LOH",8.92992337799353
"8526","LOH",9.21722723906738
"8527","LOH",10.0514342405769
"8528","LOH",9.58546079933422
"8529","LOH",9.35301618373702
"8530","LOH",8.7465261670512
"8531","LOH",9.01911976009436
"8532","LOH",8.32694656283454
"8533","LOH",7.75188219984436
"8534","LOH",9.81664224774762
"8535","LOH",8.27122844610992
"8536","LOH",7.27379785092835
"8537","LOH",9.0673943139851
"8538","LOH",10.0561957495598
"8539","LOH",8.74529747668563
"8540","LOH",9.36163731208965
"8541","LOH",9.52572898121572
"8542","LOH",9.48268454447757
"8543","LOH",7.65152801082294
"8544","LOH",8.86617324486927
"8545","LOH",9.53482248115929
"8546","LOH",10.2572830617824
"8547","LOH",8.15343170003044
"8548","LOH",7.18790336598925
"8549","LOH",6.40462090550994
"8550","LOH",9.55427387207573
"8551","LOH",9.02895892045916
"8552","LOH",9.26512564291391
"8553","LOH",12.0424674749257
"8554","LOH",9.23059160662381
"8555","LOH",9.94987151191411
"8556","LOH",9.18125487866059
"8557","LOH",7.9248418593887
"8558","LOH",9.15402321406743
"8559","LOH",8.62949709768874
"8560","LOH",8.26531512480265
"8561","LOH",9.20296308888984
"8562","LOH",9.84607979134208
"8563","LOH",8.2373338335418
"8564","LOH",9.07754103797017
"8565","LOH",8.75772563571832
"8566","LOH",10.0074105715304
"8567","LOH",8.82699499280258
"8568","LOH",8.66733542064191
"8569","LOH",10.7019443034847
"8570","LOH",9.78080362027619
"8571","LOH",8.61948957020124
"8572","LOH",10.814303624526
"8573","LOH",11.0699957126188
"8574","LOH",10.1364521490338
"8575","LOH",9.00283980224362
"8576","LOH",11.2002752613639
"8577","LOH",10.6540899142798
"8578","LOH",9.79582318573165
"8579","LOH",9.84495297783801
"8580","LOH",7.95377920056961
"8581","LOH",8.12962422550278
"8582","LOH",9.90887802046018
"8583","LOH",8.91674501461051
"8584","LOH",9.99624957131913
"8585","LOH",10.6008614899198
"8586","LOH",9.70580993203817
"8587","LOH",8.50979218742922
"8588","LOH",9.28456571570233
"8589","LOH",8.92797515670996
"8590","LOH",9.95708822301944
"8591","LOH",11.6127775269135
"8592","LOH",8.84681306451131
"8593","LOH",7.94088777273066
"8594","LOH",8.54821117714012
"8595","LOH",8.19059412606127
"8596","LOH",10.0764524960653
"8597","LOH",9.58161600524166
"8598","LOH",8.7964797949053
"8599","LOH",8.90024015137321
"8600","LOH",8.49513151529727
"8601","LOH",6.63349269728385
"8602","LOH",9.60504186572049
"8603","LOH",8.90914894253448
"8604","LOH",8.3144306071977
"8605","LOH",7.13932759789271
"8606","LOH",8.48428169660772
"8607","LOH",8.26758020278801
"8608","LOH",10.4761934847626
"8609","LOH",8.80647123894305
"8610","LOH",9.87276108333342
"8611","LOH",9.13736211756168
"8612","LOH",10.4024121177046
"8613","LOH",9.05301464070674
"8614","LOH",8.07883974619528
"8615","LOH",8.19162083393203
"8616","LOH",9.80501555609735
"8617","LOH",7.16773457632071
"8618","LOH",9.11051653214878
"8619","LOH",9.13586615352785
"8620","LOH",10.5133485532652
"8621","LOH",9.35847505391741
"8622","LOH",9.87684175829813
"8623","LOH",10.0618388315652
"8624","LOH",10.5922662913885
"8625","LOH",9.04530437649041
"8626","LOH",9.45148247725295
"8627","LOH",8.95451024226923
"8628","LOH",11.3374800326705
"8629","LOH",10.1444803503993
"8630","LOH",10.1194742521017
"8631","LOH",8.43641988225026
"8632","LOH",7.92741130756261
"8633","LOH",8.75549403258557
"8634","LOH",9.03600379212164
"8635","LOH",10.3101334875051
"8636","LOH",7.23454617513759
"8637","LOH",8.27155471845886
"8638","LOH",7.86025063713031
"8639","LOH",8.19573906146176
"8640","LOH",8.35336063972357
"8641","LOH",11.6906715631137
"8642","LOH",8.31829265882866
"8643","LOH",9.48573125812312
"8644","LOH",9.15516609215875
"8645","LOH",9.5577444975369
"8646","LOH",8.52035024359935
"8647","LOH",9.25655557978214
"8648","LOH",7.58278157619333
"8649","LOH",9.10922465623035
"8650","LOH",7.86342346135982
"8651","LOH",9.04418296808528
"8652","LOH",8.95427859188118
"8653","LOH",7.8636929596644
"8654","LOH",8.92047308976783
"8655","LOH",8.65361191648285
"8656","LOH",8.34391723471825
"8657","LOH",7.91605172775031
"8658","LOH",8.7414527618458
"8659","LOH",9.4700640162109
"8660","LOH",8.97353003107149
"8661","LOH",9.25924051953123
"8662","LOH",7.6939911603575
"8663","LOH",9.39490790279162
"8664","LOH",6.82328716823065
"8665","LOH",9.19253900341891
"8666","LOH",10.6853002215739
"8667","LOH",9.05730295045749
"8668","LOH",8.68508389651692
"8669","LOH",9.07357352390902
"8670","LOH",9.43607724571389
"8671","LOH",8.00795339439825
"8672","LOH",7.45840339466321
"8673","LOH",10.0579829727112
"8674","LOH",8.29322777495143
"8675","LOH",7.00926469563828
"8676","LOH",9.92188101480279
"8677","LOH",7.3571107942863
"8678","LOH",7.50735374439128
"8679","LOH",7.61592751907412
"8680","LOH",8.30974648505381
"8681","LOH",7.55210628042505
"8682","LOH",9.64541387683718
"8683","LOH",10.1855196054433
"8684","LOH",9.14336190915117
"8685","LOH",9.61651492589626
"8686","LOH",9.28628956061946
"8687","LOH",7.31365830425048
"8688","LOH",9.61886653172825
"8689","LOH",8.67749872900101
"8690","LOH",8.88002597211229
"8691","LOH",10.3272292902876
"8692","LOH",9.03521491607724
"8693","LOH",8.14733532018852
"8694","LOH",7.92164271382237
"8695","LOH",8.84672882064019
"8696","LOH",7.90984994627008
"8697","LOH",8.86024156746991
"8698","LOH",9.53785944315366
"8699","LOH",11.1357468569746
"8700","LOH",8.89816917460833
"8701","LOH",8.83056126494144
"8702","LOH",11.007103436604
"8703","LOH",7.83923585409624
"8704","LOH",8.67198929499842
"8705","LOH",10.121340523858
"8706","LOH",11.5498761783326
"8707","LOH",10.1216092952481
"8708","LOH",7.68633525919589
"8709","LOH",9.14591966416091
"8710","LOH",8.90079965177455
"8711","LOH",8.5186049112266
"8712","LOH",9.83845200906643
"8713","LOH",8.76305518131253
"8714","LOH",8.70703081226404
"8715","LOH",8.00275513997986
"8716","LOH",8.22785488851922
"8717","LOH",9.73814475091289
"8718","LOH",8.22459585012076
"8719","LOH",7.92422201346507
"8720","LOH",9.32806528171082
"8721","LOH",9.92136298957526
"8722","LOH",9.49435749393923
"8723","LOH",8.59372429475096
"8724","LOH",11.0347541986096
"8725","LOH",7.3177415074612
"8726","LOH",9.59260272817933
"8727","LOH",10.1768833502248
"8728","LOH",8.69910529933058
"8729","LOH",8.32330665090075
"8730","LOH",8.52538749785508
"8731","LOH",10.4501683175373
"8732","LOH",8.71974780020692
"8733","LOH",9.39859960494774
"8734","LOH",8.32272915848516
"8735","LOH",10.7350512406455
"8736","LOH",8.78417414339005
"8737","LOH",9.89550451737759
"8738","LOH",7.14998609589859
"8739","LOH",9.40624851185127
"8740","LOH",9.40797139579176
"8741","LOH",9.23823892426445
"8742","LOH",7.94868024806493
"8743","LOH",9.09968485442527
"8744","LOH",7.30515342028126
"8745","LOH",7.94977013002284
"8746","LOH",7.50152663392217
"8747","LOH",7.82070228721727
"8748","LOH",9.26461496477474
"8749","LOH",9.77618096016207
"8750","LOH",8.69815205261983
"8751","LOH",6.78676679989879
"8752","LOH",8.91224242563613
"8753","LOH",7.89317683093456
"8754","LOH",7.57848429120834
"8755","LOH",9.03927303263839
"8756","LOH",8.10890849338444
"8757","LOH",10.1700809899388
"8758","LOH",7.55224037713166
"8759","LOH",8.46359005393897
"8760","LOH",9.07993542222283
"8761","LOH",9.76366845939685
"8762","LOH",7.46955516918217
"8763","LOH",6.58671148681763
"8764","LOH",8.70062006595593
"8765","LOH",7.123705089189
"8766","LOH",9.58622902410354
"8767","LOH",9.28401537743039
"8768","LOH",7.05775814049369
"8769","LOH",9.89738079640649
"8770","LOH",9.05991944083883
"8771","LOH",9.8474064337486
"8772","LOH",11.3485972993461
"8773","LOH",9.62470109312741
"8774","LOH",7.44161474607155
"8775","LOH",10.0733114854505
"8776","LOH",8.57993183242728
"8777","LOH",9.42538690029723
"8778","LOH",6.9258448841886
"8779","LOH",8.93995139182873
"8780","LOH",9.52962755477148
"8781","LOH",9.17949360170235
"8782","LOH",9.4135101742962
"8783","LOH",9.81491629473942
"8784","LOH",9.564911004797
"8785","LOH",9.46072894509275
"8786","LOH",8.13902948734016
"8787","LOH",8.78479059712834
"8788","LOH",7.66165917829683
"8789","LOH",9.53039935735153
"8790","LOH",9.22945837407992
"8791","LOH",9.34564418395201
"8792","LOH",8.69423131575969
"8793","LOH",8.19429795936513
"8794","LOH",9.10415153845298
"8795","LOH",8.80121175082017
"8796","LOH",9.23381903646565
"8797","LOH",10.1648225140031
"8798","LOH",7.60068804440895
"8799","LOH",9.68086646891839
"8800","LOH",9.52876510286675
"8801","LOH",8.42086881597376
"8802","LOH",6.85608200228171
"8803","LOH",7.85398790292577
"8804","LOH",8.78863276056861
"8805","LOH",8.79815984900807
"8806","LOH",10.2463950936954
"8807","LOH",9.74492007828678
"8808","LOH",7.4276206211809
"8809","LOH",9.07219987816588
"8810","LOH",9.00623204568807
"8811","LOH",9.65945466847791
"8812","LOH",9.04936396795269
"8813","LOH",8.84950903171261
"8814","LOH",9.4602721428427
"8815","LOH",8.44563131619953
"8816","LOH",9.66432301193483
"8817","LOH",8.29192202661356
"8818","LOH",8.70790891491118
"8819","LOH",9.98398604078285
"8820","LOH",9.5415227717334
"8821","LOH",8.24111746507847
"8822","LOH",8.31383047871837
"8823","LOH",8.90221049984167
"8824","LOH",7.51068231090217
"8825","LOH",9.114875492903
"8826","LOH",9.20178414826127
"8827","LOH",9.61263410883661
"8828","LOH",8.09862886838487
"8829","LOH",7.53763014298656
"8830","LOH",9.69969437304317
"8831","LOH",8.49576386459326
"8832","LOH",8.38854454207278
"8833","LOH",8.79596020837924
"8834","LOH",7.81055417497615
"8835","LOH",8.67731435088454
"8836","LOH",9.57246908650047
"8837","LOH",8.78730020811933
"8838","LOH",8.68086810510716
"8839","LOH",10.214519214524
"8840","LOH",8.66223066580039
"8841","LOH",9.22498195051556
"8842","LOH",8.80757464558354
"8843","HD",4.41072863831622
"8844","HD",9.80936670410843
"8845","HD",4.29901192359018
"8846","HD",5.6484038510568
"8847","HD",6.18391898296759
"8848","HD",6.71155743882987
"8849","HD",4.77464777544859
"8850","HD",4.64826735521949
"8851","HD",5.37705818598071
"8852","HD",9.1034882694584
"8853","HD",3.38385830365298
"8854","HD",9.39574056310681
"8855","HD",5.58928505304767
"8856","HD",4.94256712872514
"8857","HD",7.77031947007101
"8858","HD",1.28988720278551
"8859","HD",3.98957660214921
"8860","HD",4.04705103550937
"8861","HD",5.99474030686187
"8862","HD",6.41915693602533
"8863","HD",4.9823252569672
"8864","HD",8.9334836695115
"8865","HD",8.26780527867803
"8866","HD",7.83778783331495
"8867","HD",4.69394652478247
"8868","HD",4.14868869688294
"8869","HD",2.52038338486986
"8870","HD",3.66041686676293
"8871","HD",8.05631520707971
"8872","HD",2.92596518232512
"8873","HD",8.0271783263608
"8874","HD",3.63429313643102
"8875","HD",5.99357708989081
"8876","HD",3.58251644251207
"8877","HD",3.69511293927503
"8878","HD",0.863200952424814
"8879","HD",10.1908042011752
"8880","HD",7.76510420099331
"8881","HD",4.34612238237611
"8882","HD",3.97466979539547
"8883","HD",8.65521564698479
"8884","HD",4.46132970648767
"8885","HD",4.08180296795651
"8886","HD",3.8452295267518
"8887","HD",5.39603303462595
"8888","HD",6.35203141276066
"8889","HD",5.00551576577208
"8890","HD",4.34011271511917
"8891","HD",5.09647609568874
"8892","HD",1.67887935377883
"8893","HD",1.10866026496778
"8894","HD",5.30139456511822
"8895","HD",4.94344027498636
"8896","HD",4.99195386447314
"8897","HD",6.97642565723091
"8898","HD",10.4185519492894
"8899","HD",5.93866891955963
"8900","HD",1.17791523716539
"8901","HD",4.04897564763581
"8902","HD",5.15768693638757
"8903","HD",6.31269292836682
"8904","HD",7.94761870950035
"8905","HD",4.59734188798115
"8906","HD",7.48274832448647
"8907","HD",5.24199305013992
"8908","HD",4.17499157723008
"8909","HD",9.71125914549585
"8910","HD",5.59350271938303
"8911","HD",4.69836772672638
"8912","HD",5.1663802782029
"8913","HD",3.1475381672617
"8914","HD",3.38249370563988
"8915","HD",2.9653835365023
"8916","HD",4.01807750034556
"8917","HD",6.47127520598208
"8918","HD",5.69905818739155
"8919","HD",3.30471358103321
"8920","HD",7.67608477603064
"8921","HD",8.34492018361189
"8922","HD",4.69707807270086
"8923","HD",5.44965682154203
"8924","HD",4.16560393217427
"8925","HD",5.15733359250225
"8926","HD",3.87940197073532
"8927","HD",5.75240582606709
"8928","HD",4.00318457958332
"8929","HD",7.11491045593399
"8930","HD",5.27755776135468
"8931","HD",5.53758893737153
"8932","HD",4.12043432759999
"8933","HD",6.48829357126719
"8934","HD",5.60029814164356
"8935","HD",5.16961792142305
"8936","HD",2.27199831482733
"8937","HD",7.58793186756835
"8938","HD",3.85512095473225
"8939","HD",1.62932691494547
"8940","HD",5.67415796325408
"8941","HD",7.56275142389046
"8942","HD",2.1577415254802
"8943","HD",6.26739555002166
"8944","HD",5.24220591246023
"8945","HD",4.57276458639636
"8946","HD",6.93373392335803
"8947","HD",4.7994638203809
"8948","HD",10.1929410355075
"8949","HD",6.49688233743172
"8950","HD",4.06334162346504
"8951","HD",6.80827024200142
"8952","HD",7.37384199452751
"8953","HD",5.11915391825592
"8954","HD",3.04538458405925
"8955","HD",3.0792340509795
"8956","HD",5.40406139038479
"8957","HD",5.9740145462802
"8958","HD",2.58046666806154
"8959","HD",5.25884935542948
"8960","HD",0.678434488402814
"8961","HD",2.08519287819542
"8962","HD",4.52094699517679
"8963","HD",1.2679927956507
"8964","HD",0.950957693758303
"8965","HD",3.41839426267039
"8966","HD",4.16554998964929
"8967","HD",2.73242219288247
"8968","HD",1.98999998276108
"8969","HD",5.99932865168096
"8970","HD",5.14699759641926
"8971","HD",4.83302200541051
"8972","HD",6.00017095131839
"8973","HD",7.1762576317693
"8974","HD",2.18763417232232
"8975","HD",2.7730035465436
"8976","HD",5.48396286321937
"8977","HD",6.23010776007907
"8978","HD",7.48592022415777
"8979","HD",5.26726084385526
"8980","HD",6.70186214937934
"8981","HD",3.45505939038654
"8982","HD",7.12643536605986
"8983","HD",4.14125966011911
"8984","HD",5.5718985523942
"8985","HD",1.18037066101896
"8986","HD",4.67954304208255
"8987","HD",3.67894741449074
"8988","HD",3.08241103108138
"8989","HD",6.87263009038473
"8990","HD",5.79854196978935
"8991","HD",6.60695009501644
"8992","HD",4.32342265567204
"8993","HD",4.21615871042087
"8994","HD",5.60251204061788
"8995","HD",2.02744491126243
"8996","HD",1.56707868665054
"8997","HD",4.96323097421846
"8998","HD",8.15360956241043
"8999","HD",5.15091249728693
"9000","HD",5.71525063680568
"9001","HD",8.62118978389707
"9002","HD",4.23554757831779
"9003","HD",7.12311845437241
"9004","HD",9.51778011581953
"9005","HD",7.58886754282732
"9006","HD",6.38581233501419
"9007","HD",0.133369582575696
"9008","HD",5.78931923200442
"9009","HD",6.80752584451353
"9010","HD",7.24110700177969
"9011","HD",0.869374510750485
"9012","HD",5.78392503473957
"9013","HD",6.99542929752837
"9014","HD",4.50327256637399
"9015","HD",8.41209085849336
"9016","HD",7.12975677001795
"9017","HD",5.28540725697478
"9018","HD",2.69480515110608
"9019","HD",9.58965994582531
"9020","HD",4.84107745603962
"9021","HD",1.30275239291181
"9022","HD",4.64851965387818
"9023","HD",4.35415202800262
"9024","HD",6.02178643418905
"9025","HD",5.72728177219446
"9026","HD",5.09811707254647
"9027","HD",7.26302003081825
"9028","HD",3.31236151588776
"9029","HD",4.69617531290234
"9030","HD",6.71811095287557
"9031","HD",2.57400581800237
"9032","HD",2.73399010210761
"9033","HD",3.18582866615229
"9034","HD",4.65320806707392
"9035","HD",2.70223225751875
"9036","HD",6.51711559581168
"9037","HD",4.72787177331962
"9038","HD",4.07413711503991
"9039","HD",4.7834249074983
"9040","HD",4.28373143722911
"9041","HD",9.62968205469613
"9042","HD",7.81028316854752
"9043","HD",5.51659402695453
"9044","HD",3.76079628009308
"9045","HD",4.17281274654095
"9046","HD",5.15554262801896
"9047","HD",6.25210004512183
"9048","HD",6.53915757138069
"9049","HD",6.99134218223895
"9050","HD",3.02842394158545
"9051","HD",5.43969379966827
"9052","HD",3.38974944319755
"9053","HD",2.86344637677222
"9054","HD",1.07214167507225
"9055","HD",4.19290129192883
"9056","HD",3.72520083910609
"9057","HD",4.32657042144541
"9058","HD",4.88979556001885
"9059","HD",2.97564400571047
"9060","HD",2.07931951638594
"9061","HD",3.46303215220623
"9062","HD",7.0969781568565
"9063","HD",7.43456921327389
"9064","HD",9.31819230437529
"9065","HD",6.38899687479794
"9066","HD",7.9387511871414
"9067","HD",4.73689472553711
"9068","HD",6.20078412461541
"9069","HD",4.64045765166523
"9070","HD",1.30814174580562
"9071","HD",7.48321255484426
"9072","HD",3.04761359449101
"9073","HD",0.71536497689502
"9074","HD",3.67907801161499
"9075","HD",5.74897532082743
"9076","HD",3.98298350751719
"9077","HD",3.14317910455177
"9078","HD",4.55115418313878
"9079","HD",1.97216606762756
"9080","HD",5.42503452257824
"9081","HD",4.88777706687296
"9082","HD",4.44990007523115
"9083","HD",7.14210882690152
"9084","HD",6.14249856957726
"9085","HD",1.8608206961012
"9086","HD",5.02125967876898
"9087","HD",7.07779622634108
"9088","HD",4.71240775315449
"9089","HD",7.32265659032391
"9090","HD",4.13684729135511
"9091","HD",0.47787277594606
"9092","HD",7.4381902593466
"9093","HD",5.55374127228685
"9094","HD",6.23436603944493
"9095","HD",1.63243006718945
"9096","HD",3.33387256743802
"9097","HD",6.42004275305071
"9098","HD",5.92692634097237
"9099","HD",5.27431176386042
"9100","HD",4.67728654345671
"9101","HD",7.21615920475462
"9102","HD",1.98623266228208
"9103","HD",8.68982789737284
"9104","HD",4.23931995572221
"9105","HD",8.1384934461714
"9106","HD",10.62099200563
"9107","HD",4.02471521075819
"9108","HD",2.99647909492084
"9109","HD",5.01117986354917
"9110","HD",6.92812182464593
"9111","HD",6.15845203610414
"9112","HD",4.32675247286927
"9113","HD",5.9174631403816
"9114","HD",3.5514308112441
"9115","HD",6.18885680975406
"9116","HD",2.63731350471878
"9117","HD",6.34457751364845
"9118","HD",5.65639714565417
"9119","HD",4.81030768040203
"9120","HD",6.96714870884113
"9121","HD",2.48366485865641
"9122","HD",4.64751691959447
"9123","HD",6.15931425973869
"9124","HD",5.69384223785439
"9125","HD",6.18435738846461
"9126","HD",0.0988525757860117
"9127","HD",5.61295615558758
"9128","HD",2.35769505806042
"9129","HD",4.06025187025406
"9130","HD",8.96944609922634
"9131","HD",3.22450893495359
"9132","HD",7.57255125758897
"9133","HD",6.06995563476458
"9134","HD",1.68148997274594
"9135","HD",6.48627492208597
"9136","HD",4.05364375560869
"9137","HD",4.78497701731123
"9138","HD",2.02325735278202
"9139","HD",6.16603007704977
"9140","HD",5.88692096500639
"9141","HD",3.65001464316784
"9142","HD",3.97571450450739
"9143","HD",3.09877317273279
"9144","HD",3.63044784550774
"9145","HD",5.98558128812851
"9146","HD",2.99655513622128
"9147","HD",8.26991297701418
"9148","HD",8.99548409890516
"9149","HD",8.2540052592552
"9150","HD",6.97669634591034
"9151","HD",3.20375617150078
"9152","HD",12.4774667264744
"9153","HD",4.73083419713258
"9154","HD",2.90178100746509
"9155","HD",5.13870830208197
"9156","HD",8.65103548490204
"9157","HD",6.7717358610907
"9158","HD",3.749404608404
"9159","HD",5.83976454597255
"9160","HD",6.07363964537121
"9161","HD",6.21958219332076
"9162","HD",2.85560310409044
"9163","HD",5.35254860364447
"9164","HD",4.04489967056121
"9165","HD",2.75945534806182
"9166","HD",5.76189608054349
"9167","HD",9.03196813634042
"9168","HD",3.40974746582673
"9169","HD",6.86182225597233
"9170","HD",2.59991930151985
"9171","HD",7.21681737605923
"9172","HD",2.29277101808292
"9173","HD",8.75996300154769
"9174","HD",4.61061930688708
"9175","HD",5.87491898988992
"9176","HD",6.89438826572435
"9177","HD",5.63011341070604
"9178","HD",4.04839426754746
"9179","HD",2.90991304359429
"9180","HD",10.2379764703248
"9181","HD",3.34790910440335
"9182","HD",3.15150434647204
"9183","HD",4.31795281036631
"9184","HD",8.9561363151977
"9185","HD",2.32278716165297
"9186","HD",5.49902301952333
"9187","HD",6.87952931260123
"9188","HD",4.95379528609918
"9189","HD",3.45926860389781
"9190","HD",5.32057472795939
"9191","HD",5.80072077462263
"9192","HD",4.13349920791312
"9193","HD",8.42192705761297
"9194","HD",6.38753989101449
"9195","HD",6.22934544780268
"9196","HD",2.58590664194574
"9197","HD",6.16754834901212
"9198","HD",7.78394718310195
"9199","HD",7.20553752420185
"9200","HD",7.21353010099585
"9201","HD",2.2715899360046
"9202","HD",3.16813916306362
"9203","HD",7.17880657535338
"9204","HD",5.69040969156856
"9205","HD",6.80279203760937
"9206","HD",3.38211022520928
"9207","HD",4.51555419816159
"9208","HD",2.55025543770326
"9209","HD",3.3171791797422
"9210","HD",3.68729545928543
"9211","HD",4.04351363176539
"9212","HD",4.86027089659007
"9213","HD",2.82821453272307
"9214","HD",2.31001836373542
"9215","HD",4.71633859061471
"9216","HD",2.67389288579074
"9217","HD",4.3167971368326
"9218","HD",3.97781699684771
"9219","HD",2.80985355714107
"9220","HD",2.96178008167554
"9221","HD",5.05229352431855
"9222","HD",3.88627239854405
"9223","HD",3.50374805672868
"9224","HD",2.13244022005496
"9225","HD",8.08250033173308
"9226","HD",6.84901015997114
"9227","HD",5.79570436587977
"9228","HD",4.62960931378451
"9229","HD",3.16770941404557
"9230","HD",4.91923151472637
"9231","HD",5.9209115774402
"9232","HD",8.73818690521316
"9233","HD",6.6967462340026
"9234","HD",4.34152343047321
"9235","HD",6.15234282004302
"9236","HD",8.62526446021258
"9237","HD",5.82043365654864
"9238","HD",3.7188076271202
"9239","HD",7.80076465205623
"9240","HD",3.09530589854735
"9241","HD",1.66684329080744
"9242","HD",5.27297521258915
"9243","HD",3.78955010462319
"9244","HD",6.6562271514059
"9245","HD",0.886770299383124
"9246","HD",4.79718795892518
"9247","HD",5.06349189060501
"9248","HD",5.64141087305624
"9249","HD",4.04230958874572
"9250","HD",5.6397497172653
"9251","HD",4.43017509008536
"9252","HD",6.76713482259697
"9253","HD",5.2772450432764
"9254","HD",5.24225168013889
"9255","HD",4.13382974457096
"9256","HD",0.83082188029131
"9257","HD",5.35616908098528
"9258","HD",6.55307568074222
"9259","HD",4.38193431642269
"9260","HD",6.31760019456871
"9261","HD",5.70988132691705
"9262","HD",5.02561819926555
"9263","HD",5.33293433019491
"9264","HD",5.27017949441066
"9265","HD",4.7867885335689
"9266","HD",7.01329272179937
"9267","HD",1.61367664117403
"9268","HD",6.24154871285066
"9269","HD",4.33704680002564
"9270","HD",6.84887578804805
"9271","HD",4.34172084752226
"9272","HD",5.90323491741415
"9273","HD",2.46068396766692
"9274","HD",3.7216343086004
"9275","HD",4.74815830913694
"9276","HD",2.72769067773254
"9277","HD",7.02316997973686
"9278","HD",3.40529769567178
"9279","HD",4.79797155970353
"9280","HD",1.73467355420936
"9281","HD",8.17142510591611
"9282","HD",4.46371803879822
"9283","HD",3.25309079320149
"9284","HD",4.60866265923273
"9285","HD",5.56150747354189
"9286","HD",3.10116806250929
"9287","HD",7.52321715003973
"9288","HD",3.10916544021916
"9289","HD",2.36655903028265
"9290","HD",2.74365867806082
"9291","HD",5.16157635423207
"9292","HD",7.18337240271963
"9293","HD",6.51265701750118
"9294","HD",4.69327347267381
"9295","HD",2.06039035346275
"9296","HD",3.58124006464029
"9297","HD",3.14022330587316
"9298","HD",3.92733969872792
"9299","HD",3.90453373138714
"9300","HD",7.38262259666427
"9301","HD",8.11007673560921
"9302","HD",5.3466911994222
"9303","HD",6.7041626159478
"9304","HD",6.89801213216471
"9305","HD",5.50133796184217
"9306","HD",7.84964706912249
"9307","HD",4.78011382580235
"9308","HD",2.74356971992219
"9309","HD",4.0002018818042
"9310","HD",4.30443620118371
"9311","HD",2.83289913207301
"9312","HD",1.93610761672558
"9313","HD",4.74968066071307
"9314","HD",5.94226359166968
"9315","HD",2.41150109015233
"9316","HD",2.5238459971642
"9317","HD",5.39129482042523
"9318","HD",5.09303988737641
"9319","HD",3.76311872892798
"9320","HD",5.64593121139059
"9321","HD",4.54428876192265
"9322","HD",6.50824693952845
"9323","HD",4.16381823990403
"9324","HD",6.24246946856315
"9325","HD",4.35030939848011
"9326","HD",7.61436839839946
"9327","HD",6.9493181618815
"9328","HD",6.24283887615876
"9329","HD",0.84246158085548
"9330","HD",3.39126940982432
"9331","HD",5.47840053414568
"9332","HD",5.77249452067609
"9333","HD",8.35939154565584
"9334","HD",6.23149123777781
"9335","HD",8.78783771122694
"9336","HD",8.11969376091371
"9337","HD",3.75391779126738
"9338","HD",4.54741676366234
"9339","HD",5.41212067145849
"9340","HD",8.29130395058464
"9341","HD",4.16994136704714
"9342","HD",5.50759090875553
"9343","HD",5.22997567628546
"9344","HD",2.60667626069469
"9345","HD",9.23982074708562
"9346","HD",6.85514667503463
"9347","HD",6.26884107314886
"9348","HD",5.97295415840417
"9349","HD",5.1797394169007
"9350","HD",7.21102259236117
"9351","HD",7.4817498073356
"9352","HD",3.92209347050238
"9353","HD",7.66237527917129
"9354","HD",4.0459247545259
"9355","HD",2.66957428632528
"9356","HD",4.77540967641949
"9357","HD",5.08967896548612
"9358","HD",4.82351852247687
"9359","HD",5.12738962579294
"9360","HD",7.38882091578842
"9361","HD",4.60588622372464
"9362","HD",4.44300906259999
"9363","HD",1.73625825480006
"9364","HD",3.19153092519678
"9365","HD",8.5044702127941
"9366","HD",1.36174254144508
"9367","HD",7.19315094116539
"9368","HD",7.6624938016386
"9369","HD",3.89741012170815
"9370","HD",2.37632241554503
"9371","HD",3.03406177886833
"9372","HD",5.72522860258145
"9373","HD",2.39709370990785
"9374","HD",7.86142152671481
"9375","HD",3.60326678676167
"9376","HD",5.23018364301986
"9377","HD",7.95374624683986
"9378","HD",5.31120168022192
"9379","HD",4.84837207038067
"9380","HD",3.09985506784335
"9381","HD",6.98888945635234
"9382","HD",3.0178379675707
"9383","HD",5.78723139506473
"9384","HD",3.66537103435251
"9385","HD",3.90570399838701
"9386","HD",4.98050238076226
"9387","HD",4.43608652062095
"9388","HD",6.4462382672327
"9389","HD",4.65569367462687
"9390","HD",5.16073953334897
"9391","HD",3.79581024989261
"9392","HD",6.40165105196003
"9393","HD",0.0112066585127257
"9394","HD",7.8796663778864
"9395","HD",6.58943528928014
"9396","HD",2.69230520674851
"9397","HD",5.01498193395379
"9398","HD",2.54339124068138
"9399","HD",5.11057804211221
"9400","HD",0.44860698065076
"9401","HD",-1.39595340598605
"9402","HD",4.43300567824554
"9403","HD",2.89469165140213
"9404","HD",9.22024879682535
"9405","HD",1.3306163832745
"9406","HD",5.42496459482464
"9407","HD",6.93426588667835
"9408","HD",7.68250198964897
"9409","HD",4.92269006909683
"9410","HD",4.94369696900979
"9411","HD",4.08112236777388
"9412","HD",4.45385731862134
"9413","HD",2.08389161949861
"9414","HD",2.07248204757317
"9415","HD",3.8097503952077
"9416","HD",4.29064008578489
"9417","HD",6.49734701521298
"9418","HD",2.83200241037448
"9419","HD",1.82485424106358
"9420","HD",0.542674804202997
"9421","HD",5.37956419830761
"9422","HD",6.02892279138839
"9423","HD",6.33190493057054
"9424","HD",8.32955914551759
"9425","HD",5.4381261986455
"9426","HD",3.34659723970778
"9427","HD",5.06726006223988
"9428","HD",5.86857719119168
"9429","HD",2.46951381168231
"9430","HD",1.57004097332588
"9431","HD",3.20549784423668
"9432","HD",2.83467850609595
"9433","HD",3.9738047639207
"9434","HD",6.43504603710757
"9435","HD",3.35661443431741
"9436","HD",1.01047903962067
"9437","HD",7.83530882331723
"9438","HD",5.53598588040017
"9439","HD",5.57864222053478
"9440","HD",5.91586715806696
"9441","HD",5.99512225285649
"9442","HD",6.97436592352662
"9443","HD",4.07412000160964
"9444","HD",7.22611814532336
"9445","HD",3.3619144494676
"9446","HD",5.22409873754237
"9447","HD",3.96547855628158
"9448","HD",5.86283872905273
"9449","HD",5.84038325468215
"9450","HD",3.86989207237408
"9451","HD",2.68582915391406
"9452","HD",4.83787120950694
"9453","HD",4.78004203589009
"9454","HD",3.36538573504031
"9455","HD",6.94127174532468
"9456","HD",1.59670489420123
"9457","HD",5.47562741061025
"9458","HD",8.26137867518335
"9459","HD",4.20689781619632
"9460","HD",2.47468737809264
"9461","HD",2.3479293668652
"9462","HD",3.68615403326706
"9463","HD",4.91659779945265
"9464","HD",5.0741990607424
"9465","HD",4.62179605580418
"9466","HD",9.95047380090254
"9467","HD",4.68645655995542
"9468","HD",6.011689467293
"9469","HD",3.71631950949344
"9470","HD",6.00233144444048
"9471","HD",3.74816322971214
"9472","HD",6.23089508660595
"9473","HD",6.36004483426844
"9474","HD",5.20164389161275
"9475","HD",4.97753827194963
"9476","HD",5.51307077759308
"9477","HD",5.35486541450234
"9478","HD",4.95261310649506
"9479","HD",3.31871842520328
"9480","HD",4.63400482297699
"9481","HD",4.89680155878413
"9482","HD",3.50714951798221
"9483","HD",5.24606346759004
"9484","HD",2.80629606023485
"9485","HD",3.90847823094258
"9486","HD",1.24362344297597
"9487","HD",1.60170646436029
"9488","HD",5.22651972279837
"9489","HD",7.05347072223739
"9490","HD",5.90236344694464
"9491","HD",7.33195141084348
"9492","HD",3.26578715524579
"9493","HD",2.9275016423915
"9494","HD",2.51577333423648
"9495","HD",1.70448276199212
"9496","HD",4.47606020288108
"9497","HD",8.6158183360772
"9498","HD",2.6017160579891
"9499","HD",3.31296879842122
"9500","HD",5.66817397035567
"9501","HD",4.01045680174659
"9502","HD",1.74733609575705
"9503","HD",4.72980785878969
"9504","HD",6.52157497392754
"9505","HD",3.49603709876613
"9506","HD",4.99665456746899
"9507","HD",5.05894712341292
"9508","HD",7.58089067395617
"9509","HD",6.27454272314034
"9510","HD",5.87692384121243
"9511","HD",2.64765803862321
"9512","HD",2.95516974318654
"9513","HD",4.46843075091249
"9514","HD",5.32199734024558
"9515","HD",7.91551234970057
"9516","HD",4.30637099599229
"9517","HD",6.22759785072926
"9518","HD",5.35401803706404
"9519","HD",6.68403547974457
"9520","HD",4.14209705558389
"9521","HD",8.9250227701544
"9522","HD",4.89500544211804
"9523","HD",7.44532101542577
"9524","HD",5.605680536323
"9525","HD",6.56868388108518
"9526","HD",7.30935522031726
"9527","HD",6.36768208523584
"9528","HD",9.1966298186638
"9529","HD",6.90677819616347
"9530","HD",4.57621751204984
"9531","HD",4.64707309808173
"9532","HD",3.97068982855533
"9533","HD",4.27290093516689
"9534","HD",7.677805599409
"9535","HD",3.61690636778451
"9536","HD",8.63163186333133
"9537","HD",3.98249763818185
"9538","HD",6.41614470801183
"9539","HD",4.33026969889443
"9540","HD",4.99991378174034
"9541","HD",6.85275370084899
"9542","HD",3.31532151358598
"9543","HD",5.70912508350776
"9544","HD",5.66150670061215
"9545","HD",7.27656225513451
"9546","HD",2.9103125578538
"9547","HD",5.79702115616958
"9548","HD",3.93147537896789
"9549","HD",9.53134686627258
"9550","HD",2.37625889843217
"9551","HD",5.39221464396068
"9552","HD",5.89423738607991
"9553","HD",6.01945468614303
"9554","HD",7.76119175568625
"9555","HD",3.9795073383968
"9556","HD",4.06066570215005
"9557","HD",5.71860868795334
"9558","HD",2.99870490342434
"9559","HD",2.38722518651532
"9560","HD",4.8648777780077
"9561","HD",3.69607852953613
"9562","HD",2.34550437382182
"9563","HD",3.67450523611189
"9564","HD",9.2199808711939
"9565","HD",6.25991406744333
"9566","HD",4.52613085755493
"9567","HD",3.75239296450016
"9568","HD",5.50757871434756
"9569","HD",4.07342917162617
"9570","HD",6.82827641525642
"9571","HD",6.41273648729586
"9572","HD",7.72117364199046
"9573","HD",3.27537179123951
"9574","HD",7.18472143747173
"9575","HD",3.34672910369968
"9576","HD",5.27117262971259
"9577","HD",5.21909129427598
"9578","HD",8.42059392212286
"9579","HD",4.91791156761036
"9580","HD",1.75879299577938
"9581","HD",6.58106859742992
"9582","HD",3.58482230579856
"9583","HD",0.403350368335691
"9584","HD",4.56103936710412
"9585","HD",7.29943646796729
"9586","HD",5.22480658477097
"9587","HD",6.42427458429757
"9588","HD",7.28471332284044
"9589","HD",3.43459089341404
"9590","HD",8.17589797078633
"9591","HD",6.72043899612381
"9592","HD",5.38819314731768
"9593","HD",2.52380069262314
"9594","HD",5.29810783834343
"9595","HD",3.96678546662642
"9596","HD",1.58882303904422
"9597","HD",4.60616854618309
"9598","HD",7.48738091381725
"9599","HD",3.08131826681816
"9600","HD",1.65282570519362
"9601","HD",2.84306281732498
"9602","HD",5.63381027502923
"9603","HD",7.20667152029623
"9604","HD",5.19483915827103
"9605","HD",6.09550391575876
"9606","HD",6.80939838916947
"9607","HD",3.79127598444671
"9608","HD",3.97976672899936
"9609","HD",4.30475035634841
"9610","HD",6.13931713591352
"9611","HD",5.14319368375195
"9612","HD",1.91126692147466
"9613","HD",3.01573220014265
"9614","HD",6.98209119175891
"9615","HD",4.42497827388157
"9616","HD",7.34649910043923
