"","Group","Values"
"1","WT",7.15318966693243
"2","WT",4.77017818009298
"3","WT",3.39227024666856
"4","WT",10.3748758901606
"5","WT",10.3300770790939
"6","WT",8.81871211975371
"7","WT",6.67759728547471
"8","WT",8.81724738928012
"9","WT",4.03199642580985
"10","WT",-1.5206848700477
"11","WT",8.83910933803922
"12","WT",13.7650219864637
"13","WT",3.31954934182781
"14","WT",7.03285253099388
"15","WT",9.58553074429241
"16","WT",2.72690357365125
"17","WT",11.6876586041905
"18","WT",7.78998578942342
"19","WT",5.55003988855451
"20","WT",2.98895268499708
"21","WT",7.59679149593807
"22","WT",3.28514232017477
"23","WT",3.52836290844588
"24","WT",2.50300027612363
"25","WT",13.6022216717058
"26","WT",2.38111589720058
"27","WT",7.34245107840246
"28","WT",3.58100717228348
"29","WT",8.00194789489096
"30","WT",4.47337175987175
"31","WT",6.41039654589084
"32","WT",3.25615927819947
"33","WT",4.09718081203017
"34","WT",9.34715740132614
"35","WT",10.5318265232008
"36","WT",6.65562961184759
"37","WT",3.08217564244633
"38","WT",5.84803979221561
"39","WT",7.86984612469319
"40","WT",-2.52705388632714
"41","WT",7.75027135171231
"42","WT",3.60162378687305
"43","WT",5.52544573632555
"44","WT",8.42902941584872
"45","WT",1.61988066648328
"46","WT",9.0989618311696
"47","WT",12.7007274442487
"48","WT",6.92986468879464
"49","WT",9.59352647927409
"50","WT",5.70446073614254
"51","WT",14.1549235722709
"52","WT",9.23700563725538
"53","WT",8.81628376588419
"54","WT",12.1599512303975
"55","WT",-0.703847764173169
"56","WT",2.88040920722213
"57","WT",6.8046806868832
"58","WT",8.93917255469507
"59","WT",-4.33100118707751
"60","WT",6.6141245726094
"61","WT",7.45207808332625
"62","WT",8.29384940716188
"63","WT",7.69683494256129
"64","WT",3.54114772907484
"65","WT",1.17016079528596
"66","WT",9.8901436612419
"67","WT",9.2046230639681
"68","WT",6.81717665508921
"69","WT",7.6383827197412
"70","WT",13.3021574886918
"71","WT",9.91511671645178
"72","WT",9.02061553925976
"73","WT",3.62419835316902
"74","WT",11.1461393823016
"75","WT",7.51921119409066
"76","WT",4.76303658485218
"77","WT",9.61638904153144
"78","WT",5.86778774976037
"79","WT",-0.850509708775104
"80","WT",8.6550131348759
"81","WT",7.01692080528831
"82","WT",8.7992010148913
"83","WT",9.19266182064405
"84","WT",6.95643483000339
"85","WT",7.18706015234509
"86","WT",8.43937193096896
"87","WT",2.13259749923568
"88","WT",6.53436186181624
"89","WT",5.35412496601721
"90","WT",10.9167155516087
"91","WT",7.18426285901687
"92","WT",4.51138809521483
"93","WT",5.49927378241707
"94","WT",-0.431100883069883
"95","WT",5.93502666771992
"96","WT",7.1355420996959
"97","WT",2.16591033768338
"98","WT",4.79862806162091
"99","WT",3.53958135755679
"100","WT",3.19662710772472
"101","WT",3.64742800427972
"102","WT",10.6462567742738
"103","WT",3.90691442440755
"104","WT",6.1513624054944
"105","WT",4.93073368432762
"106","WT",10.9557376991846
"107","WT",7.38598306729025
"108","WT",3.93200192178041
"109","WT",2.78001302839079
"110","WT",7.50125860050328
"111","WT",9.15091253725612
"112","WT",9.16789120008848
"113","WT",1.62407487244478
"114","WT",3.34176637058661
"115","WT",4.09795420217543
"116","WT",7.33516767720852
"117","WT",3.18707584051375
"118","WT",5.13612886186169
"119","WT",7.27365318535295
"120","WT",11.6089388362043
"121","WT",6.34092464314183
"122","WT",3.65620388234821
"123","WT",1.85410277194134
"124","WT",3.91754338275044
"125","WT",5.58900872689836
"126","WT",10.6104742391223
"127","WT",3.96382448491675
"128","WT",6.47278080284544
"129","WT",5.4417804028383
"130","WT",9.1566175937754
"131","WT",10.5189795854756
"132","WT",8.49129577879642
"133","WT",7.75533207052172
"134","WT",5.06800585076665
"135","WT",6.25227853528135
"136","WT",5.71704850106832
"137","WT",11.4738884117597
"138","WT",4.59834311073344
"139","WT",5.87124748925986
"140","WT",5.06673447233885
"141","WT",7.60738131606039
"142","WT",7.6729991904307
"143","WT",5.23353987988418
"144","WT",2.72831684471373
"145","WT",3.65080996219685
"146","WT",3.49807423426141
"147","WT",3.74407716113556
"148","WT",4.08481080326989
"149","WT",8.89652730645501
"150","WT",8.31488656560357
"151","WT",7.06028740228095
"152","WT",5.07777190534859
"153","WT",4.06713968653621
"154","WT",5.07952806047447
"155","WT",4.29035837152327
"156","WT",5.96463937795815
"157","WT",6.19930101108738
"158","WT",1.50058439116368
"159","WT",3.5816897156469
"160","WT",5.33801024855291
"161","WT",3.82165701989509
"162","WT",4.3054089760408
"163","WT",0.730034045696801
"164","WT",11.0496130243144
"165","WT",10.1228192722568
"166","WT",-0.289179217658848
"167","WT",2.89880304506999
"168","WT",5.58318445898229
"169","WT",5.92785574413946
"170","WT",3.99367678117145
"171","WT",9.76261885405394
"172","WT",14.3876384081811
"173","WT",3.51902476337725
"174","WT",2.57229815422784
"175","WT",2.74319127754052
"176","WT",7.88625476476324
"177","WT",5.51443634600187
"178","WT",1.37840112870375
"179","WT",7.87884226406815
"180","WT",9.26428626556551
"181","WT",8.5859276077976
"182","WT",7.40848958723809
"183","WT",4.4771076656281
"184","WT",3.71618528042726
"185","WT",8.0565544336949
"186","WT",11.0996164843529
"187","WT",10.1744887799285
"188","WT",4.07397672678442
"189","WT",4.46957399791976
"190","WT",5.66708001417602
"191","WT",10.3381850953578
"192","WT",5.71204136067236
"193","WT",7.18864501793442
"194","WT",8.01246972770835
"195","WT",11.515874869095
"196","WT",9.71806993673444
"197","WT",3.42139406601519
"198","WT",9.46910011069236
"199","WT",4.09114836703573
"200","WT",2.2718934392618
"201","WT",6.54818675651815
"202","WT",7.91623595371338
"203","WT",8.52328033748005
"204","WT",3.59488487033355
"205","WT",-1.12061355158355
"206","WT",5.2956130758176
"207","WT",6.39913582663703
"208","WT",7.14714212826581
"209","WT",1.24251254165623
"210","WT",6.14692274085908
"211","WT",8.2142624504537
"212","WT",2.79782512933452
"213","WT",7.62403438625153
"214","WT",5.872496736112
"215","WT",6.59850612870488
"216","WT",11.1172344914175
"217","WT",2.66655972318312
"218","WT",9.29438607063042
"219","WT",8.50780563521169
"220","WT",7.32418805575507
"221","WT",4.45320081459627
"222","WT",8.75990579480822
"223","WT",6.63949613037505
"224","WT",8.48390379496962
"225","WT",5.7534343949309
"226","WT",14.1346363875727
"227","WT",2.90361564609546
"228","WT",5.52969297140839
"229","WT",3.92932498088523
"230","WT",3.99605581778369
"231","WT",10.293079049566
"232","WT",10.9673579242456
"233","WT",-0.187813158369249
"234","WT",5.06887690687401
"235","WT",3.74401329308427
"236","WT",9.32645099159233
"237","WT",1.79159869465216
"238","WT",2.70324699194822
"239","WT",8.52064311683383
"240","WT",8.22302433880897
"241","WT",5.29976069551629
"242","WT",8.23853526621363
"243","WT",1.01026615970425
"244","WT",-1.80413084250707
"245","WT",7.2551366867084
"246","WT",5.43458431980458
"247","WT",8.34238619015339
"248","WT",5.46447080049188
"249","WT",12.3244814042733
"250","WT",4.73994236545626
"251","WT",6.24947302658081
"252","WT",3.46951481216476
"253","WT",3.18648411941472
"254","WT",1.69631101734305
"255","WT",6.72350184975489
"256","WT",8.78850190371617
"257","WT",4.3825181890384
"258","WT",7.3142939591476
"259","WT",7.2960821209466
"260","WT",9.69535542100615
"261","WT",3.83206147654428
"262","WT",3.68886688177347
"263","WT",8.96551945577499
"264","WT",4.05121631046249
"265","WT",-0.338521589206792
"266","WT",3.85427207683257
"267","WT",9.49713589230424
"268","WT",0.326053496379125
"269","WT",8.32538531733378
"270","WT",7.62094526455046
"271","WT",-0.0432010332549915
"272","WT",2.76773701108993
"273","WT",4.65884540504833
"274","WT",3.13657136040564
"275","WT",4.34727366759605
"276","WT",1.08143716365542
"277","WT",4.91350762052885
"278","WT",4.03554516683088
"279","WT",8.83871579648306
"280","WT",8.25350093006714
"281","WT",6.75184174949404
"282","WT",8.49336463106466
"283","WT",9.01794767417349
"284","WT",5.38894269124812
"285","WT",8.21332026134461
"286","WT",7.91837882070366
"287","WT",10.4619959981538
"288","WT",4.08512647094774
"289","WT",10.4745507011549
"290","WT",5.37487307095707
"291","WT",6.16760396659051
"292","WT",6.83511454727858
"293","WT",4.95073983115333
"294","WT",4.88181757313355
"295","WT",2.1331736945364
"296","WT",2.82304602408641
"297","WT",5.84254116706537
"298","WT",3.70715917400687
"299","WT",5.1036400769863
"300","WT",2.30340592252927
"301","WT",1.05804974250587
"302","WT",12.0182597598796
"303","WT",7.88812333760153
"304","WT",2.15307488753129
"305","WT",2.42005522171026
"306","WT",1.92463902718139
"307","WT",5.18207955525373
"308","WT",-0.60835811887951
"309","WT",4.46885803935611
"310","WT",3.21659369794264
"311","WT",6.05884405912443
"312","WT",4.45018384251359
"313","WT",2.30378901675502
"314","WT",11.6702467198909
"315","WT",5.48559031213238
"316","WT",4.9136994330379
"317","WT",4.34372805061518
"318","WT",5.0552688812457
"319","WT",4.91900954209572
"320","WT",7.87260017025505
"321","WT",6.97693716752224
"322","WT",8.49234325397592
"323","WT",1.32342614367023
"324","WT",11.1001420086438
"325","WT",10.1967624198715
"326","WT",5.60651787939716
"327","WT",3.51951751971817
"328","WT",7.2084600730671
"329","WT",4.83001525103073
"330","WT",7.94615932010569
"331","WT",2.88795706141913
"332","WT",5.5008171454411
"333","WT",5.78054003508506
"334","WT",2.27103501046251
"335","WT",6.49928962234495
"336","WT",12.0721402719131
"337","WT",4.8259796078398
"338","WT",4.62676814763229
"339","WT",5.82274249955979
"340","WT",10.1687127769782
"341","WT",0.986562314862212
"342","WT",4.36799677655469
"343","WT",7.28459123880838
"344","WT",1.43440199860883
"345","WT",3.58103678889326
"346","WT",8.36189284655836
"347","WT",7.76036217081216
"348","WT",4.19479620477928
"349","WT",4.44431551278719
"350","WT",10.9525952528495
"351","WT",2.97625538440621
"352","WT",5.95394042976947
"353","WT",6.51156772218384
"354","WT",10.3861253675409
"355","WT",5.17030496539855
"356","WT",3.05806929333986
"357","WT",11.4284355023273
"358","WT",-1.34253197342569
"359","WT",2.18948508535116
"360","WT",0.264398300032131
"361","WT",1.8271737069884
"362","WT",2.17342437369504
"363","WT",2.57493184729973
"364","WT",8.02394223102429
"365","WT",4.8198846454543
"366","WT",8.39696583818894
"367","WT",2.56646374343203
"368","WT",6.38655425226517
"369","WT",10.7881380574341
"370","WT",7.4911512550072
"371","WT",6.35751747792123
"372","WT",9.54718483215831
"373","WT",4.57004710164927
"374","WT",5.30344032800564
"375","WT",8.71850300909159
"376","WT",8.6820343715385
"377","WT",4.95764710611849
"378","WT",5.40808564923509
"379","WT",3.93908269551022
"380","WT",5.3540778399995
"381","WT",6.30544159972915
"382","WT",5.75784403879684
"383","WT",6.47419267647128
"384","WT",7.0086525595068
"385","WT",8.77178720222122
"386","WT",5.73890732632529
"387","WT",2.85410892263793
"388","WT",11.109303411492
"389","WT",2.01685175921136
"390","WT",9.18827414053419
"391","WT",7.30522121352245
"392","WT",5.61455589334254
"393","WT",11.2552741920649
"394","WT",6.92682878398154
"395","WT",2.07341496951151
"396","WT",5.92254623678772
"397","WT",3.82821864034642
"398","WT",12.0979725160403
"399","WT",6.02981466290361
"400","WT",4.19902484676654
"401","WT",1.06134858465963
"402","WT",3.44686104757991
"403","WT",7.77954302343221
"404","WT",7.87120426954296
"405","WT",9.7191839601265
"406","WT",6.05835610954625
"407","WT",6.79876484191753
"408","WT",4.91506606486015
"409","WT",7.77756135291792
"410","WT",6.5221418675606
"411","WT",6.57349724659338
"412","WT",7.73060314605303
"413","WT",4.19151807274167
"414","WT",3.99615848603784
"415","WT",6.67642204828666
"416","WT",2.79977231127048
"417","WT",7.58510014231036
"418","WT",9.86803570400194
"419","WT",5.625896761986
"420","WT",2.54094356540418
"421","WT",3.71863435736976
"422","WT",2.16267404287437
"423","WT",13.1506125284736
"424","WT",6.4599512200655
"425","WT",10.9597964256398
"426","WT",4.65296575657047
"427","WT",2.56275171264762
"428","WT",7.56693251871417
"429","WT",5.94728521332333
"430","WT",2.53335254610882
"431","WT",1.16843002187141
"432","WT",9.24422256576803
"433","WT",9.45649593443522
"434","WT",3.59808378326071
"435","WT",4.60078239757558
"436","WT",6.19082693328654
"437","WT",3.64854627296089
"438","WT",7.08283416184746
"439","WT",6.14852955673644
"440","WT",5.80206059290119
"441","WT",2.19960370770575
"442","WT",3.27798168093056
"443","WT",6.167984019721
"444","WT",3.78608736279545
"445","WT",4.48849268227405
"446","WT",8.49232304150428
"447","WT",13.6381763807475
"448","WT",5.34997192890273
"449","WT",4.75652815740181
"450","WT",2.71146385028526
"451","WT",3.8205123526595
"452","WT",4.11413190766264
"453","WT",4.1882343718929
"454","WT",4.31379729867813
"455","WT",7.1461892307381
"456","WT",-1.34319454141361
"457","WT",8.95967159329785
"458","WT",9.24461278980955
"459","WT",11.1414701256347
"460","WT",4.53093691007756
"461","WT",11.6978577697382
"462","WT",0.143368097568732
"463","WT",8.55993677521785
"464","WT",7.10386864055586
"465","WT",4.95936712088078
"466","WT",11.7126548612724
"467","WT",8.78531696184806
"468","WT",6.76610092156284
"469","WT",8.69908485010421
"470","WT",1.37717599435255
"471","WT",10.7081485405966
"472","WT",10.0311441404365
"473","WT",5.47274716596561
"474","WT",1.28931351322846
"475","WT",5.03274039260448
"476","WT",4.82533917468494
"477","WT",5.88115029335388
"478","WT",2.48780477312048
"479","WT",9.70635287598725
"480","WT",10.2525637056561
"481","WT",5.27860479992705
"482","WT",5.24450493652479
"483","WT",7.11487823119393
"484","WT",6.54761589612747
"485","WT",3.4861666162004
"486","WT",7.20356905517701
"487","WT",11.3460788156752
"488","WT",10.0873559440208
"489","WT",4.67911837501405
"490","WT",3.84864189911061
"491","WT",6.29155641885424
"492","WT",6.47079135837344
"493","WT",8.18827654768831
"494","WT",7.32659973411939
"495","WT",4.12448713961626
"496","WT",4.77028650995816
"497","WT",7.37464381818092
"498","WT",4.72912215924521
"499","WT",6.00618229138335
"500","WT",13.458255764579
"501","WT",5.88163932303424
"502","WT",8.70793064466961
"503","WT",4.1862850991705
"504","WT",9.19111982880966
"505","WT",7.84457205041192
"506","WT",4.58823161295694
"507","WT",3.16451722684817
"508","WT",2.81441166949262
"509","WT",8.64577401540532
"510","WT",3.43278615582786
"511","WT",1.30718036248734
"512","WT",4.80986648377326
"513","WT",7.09822246458529
"514","WT",3.84359409205437
"515","WT",11.8111359397762
"516","WT",7.1380835613214
"517","WT",3.35274925057496
"518","WT",6.77702808782382
"519","WT",8.28829911001533
"520","WT",8.2113326062518
"521","WT",5.62406502727291
"522","WT",11.2170708271696
"523","WT",4.38759669335164
"524","WT",3.84375942740093
"525","WT",1.97318145842781
"526","WT",3.51047533308071
"527","WT",3.96953739244641
"528","WT",8.99177827287268
"529","WT",3.82564156527978
"530","WT",6.18888599975533
"531","WT",5.81131369833585
"532","WT",9.92538195637319
"533","WT",2.55706415149834
"534","WT",1.56395217756086
"535","WT",10.3597315635898
"536","WT",6.31394734981349
"537","WT",5.06304685213384
"538","WT",3.40087111251081
"539","WT",7.0413271979314
"540","WT",7.28449519969845
"541","WT",9.87359463846148
"542","WT",1.48846075706941
"543","WT",0.427087180778768
"544","WT",7.58436794916914
"545","WT",9.67800669113136
"546","WT",4.97661206794425
"547","WT",5.14238531057896
"548","WT",11.6300672494633
"549","WT",8.48956234220531
"550","WT",-0.967299186069134
"551","WT",5.49703598422626
"552","WT",9.28198522806851
"553","WT",2.79781186628955
"554","WT",7.68465647077257
"555","WT",6.34006592901555
"556","WT",5.01659056038114
"557","WT",3.52841233804346
"558","WT",6.66838771543132
"559","WT",7.25221461858784
"560","WT",0.864032745219278
"561","WT",5.62985749454496
"562","WT",6.1323086639757
"563","WT",7.69750123562409
"564","WT",3.72273927870325
"565","WT",1.08266557395459
"566","WT",1.39839750329203
"567","WT",6.1340403586808
"568","WT",4.2655642780846
"569","WT",7.31337638161359
"570","WT",10.7203949601996
"571","WT",12.9157983074466
"572","WT",4.0793393287751
"573","WT",11.5224548549364
"574","WT",7.71952393381148
"575","WT",7.10001176544947
"576","WT",7.30935646233354
"577","WT",1.28928331673361
"578","WT",9.70213866882763
"579","WT",4.81311272929068
"580","WT",6.41937243860744
"581","WT",2.89805741850929
"582","WT",8.08874018824904
"583","WT",1.64844927816905
"584","WT",0.772927246455685
"585","WT",6.72207717551858
"586","WT",1.3537517047445
"587","WT",0.743988638427444
"588","WT",7.30596716595566
"589","WT",8.99248291711941
"590","WT",3.78915751578295
"591","WT",5.47983967955151
"592","WT",8.12833779309585
"593","WT",-2.10688996756921
"594","WT",2.49125825769733
"595","WT",4.26657492587418
"596","WT",6.33103983995805
"597","WT",6.58048445010761
"598","WT",8.74141155268897
"599","WT",8.26086303862896
"600","WT",5.38041619743116
"601","WT",8.54750552078522
"602","WT",11.0903977187369
"603","WT",6.68799358814675
"604","WT",2.52347822094733
"605","WT",1.69356258071825
"606","WT",3.79514554384821
"607","WT",8.03505716089666
"608","WT",10.7827999587575
"609","WT",5.91046927898186
"610","WT",7.01368841031018
"611","WT",7.30788663319166
"612","WT",10.4494693782048
"613","WT",4.59395244708847
"614","WT",4.80840875771605
"615","WT",9.97034338613375
"616","WT",3.31739355856159
"617","WT",5.6066233810071
"618","WT",7.589258018878
"619","WT",3.5365499824219
"620","WT",8.93803487925849
"621","WT",6.46979493865994
"622","WT",8.70079737430253
"623","WT",8.63996330042625
"624","WT",4.74139981100931
"625","WT",4.55557145938504
"626","WT",6.28056153822575
"627","WT",11.0074159424501
"628","WT",2.22194295686021
"629","WT",2.51822422793887
"630","WT",5.54721603961413
"631","WT",8.28934108608385
"632","WT",5.78045374155665
"633","WT",4.1159330966387
"634","WT",2.69711351215762
"635","WT",5.90998234337591
"636","WT",0.466644710419613
"637","WT",0.522013055356094
"638","WT",9.9095067883351
"639","WT",4.84930225071605
"640","WT",8.63879748206159
"641","WT",3.04358955326771
"642","WT",5.43077046832052
"643","WT",6.02290739128959
"644","WT",5.0786734172345
"645","WT",9.18503469498468
"646","WT",7.5370106576507
"647","WT",4.29990148327819
"648","WT",10.0555501664672
"649","WT",11.8006618261504
"650","WT",7.65164132607708
"651","WT",6.59803259085944
"652","WT",11.8449184837657
"653","WT",0.864209667191143
"654","WT",10.2259115312105
"655","WT",9.49090278682417
"656","WT",7.38668709166419
"657","WT",6.37882564501844
"658","WT",6.04249490838144
"659","WT",5.63329428559072
"660","WT",-0.567509142256407
"661","WT",6.24817447449604
"662","WT",10.6713817891275
"663","WT",-1.03331807033178
"664","WT",6.24090941458139
"665","WT",1.09841553239527
"666","WT",-1.57739908361002
"667","WT",-0.255125101773469
"668","WT",-1.02109183518395
"669","WT",3.54545507725016
"670","WT",3.68428507397811
"671","WT",4.10577424773687
"672","WT",5.62249385843728
"673","WT",4.09688206445378
"674","WT",8.01496752947951
"675","WT",4.64745307030558
"676","WT",5.13085129132685
"677","WT",4.29119739973703
"678","WT",6.53954437468501
"679","WT",1.49637284612767
"680","WT",9.53425265604029
"681","WT",3.99143285240457
"682","WT",4.49748920869247
"683","WT",3.05070646811546
"684","WT",9.6629459419134
"685","WT",9.91485676060931
"686","WT",8.27756645814228
"687","WT",4.38539399771974
"688","WT",6.79150246626938
"689","WT",5.56367497363281
"690","WT",3.67224949627602
"691","WT",6.84534677082076
"692","WT",3.32653325912944
"693","WT",2.91213848956398
"694","WT",3.06125297594583
"695","WT",7.85293093790943
"696","WT",5.87384387804555
"697","WT",3.39346251789648
"698","WT",3.90485404859698
"699","WT",3.3149453273378
"700","WT",7.54686602681803
"701","WT",6.59217573023765
"702","WT",6.21652476175576
"703","WT",11.6304091143502
"704","WT",7.74730533297971
"705","WT",3.28670370388386
"706","WT",3.69321478240145
"707","WT",2.80442037257866
"708","WT",3.91830317993996
"709","WT",12.1572087389975
"710","WT",0.0515888965638114
"711","WT",6.88643223331287
"712","WT",3.39503429442107
"713","WT",9.81681997938941
"714","WT",5.66725052532971
"715","WT",5.25824658431259
"716","WT",3.34489332389733
"717","WT",5.80827680579703
"718","WT",4.08610182092859
"719","WT",9.48412713800263
"720","WT",2.60531791278312
"721","WT",5.37408403010597
"722","WT",8.4895326851934
"723","WT",10.5485044385923
"724","WT",5.98537132692185
"725","WT",8.22372079347427
"726","WT",6.48457539048879
"727","WT",11.1880221000267
"728","WT",2.88406834862366
"729","WT",6.44720580181117
"730","WT",2.20429569014616
"731","WT",3.19094213693344
"732","WT",2.82702977673858
"733","WT",10.4666947199582
"734","WT",4.60144646680549
"735","WT",6.60373655964594
"736","WT",5.78102913201164
"737","WT",6.39988663562396
"738","WT",7.17276505628158
"739","WT",9.94721090544869
"740","WT",3.63234895343249
"741","WT",0.669083895807584
"742","WT",3.29041739953397
"743","WT",10.821698376068
"744","WT",4.67967136233921
"745","WT",6.27889338726732
"746","WT",5.33172111383738
"747","WT",9.71580085251599
"748","WT",4.66111344538212
"749","WT",8.01525750761901
"750","WT",8.03490924171238
"751","WT",5.92881611813267
"752","WT",7.60087543639918
"753","WT",2.97414785489292
"754","WT",7.65560769426661
"755","WT",2.63740435067633
"756","WT",6.34035749673548
"757","WT",4.61996477480561
"758","WT",4.04219786299072
"759","WT",11.5329797383952
"760","WT",3.38675192703274
"761","WT",1.532941584112
"762","WT",5.80087676910709
"763","WT",6.18766701564913
"764","WT",5.96679004821939
"765","WT",5.56969732325105
"766","WT",9.3220978084634
"767","WT",1.75730538204557
"768","WT",8.89932791179644
"769","WT",8.44828366692853
"770","WT",3.28512874621386
"771","WT",6.63741186319653
"772","WT",6.98901964770628
"773","WT",3.7779753076939
"774","WT",8.28682721750436
"775","WT",8.67561603478556
"776","WT",11.0921996242156
"777","WT",3.73434491703648
"778","WT",4.07236280178559
"779","WT",9.37133343845588
"780","WT",7.85627027512949
"781","WT",-0.0201743277383839
"782","WT",7.00751620760012
"783","WT",11.7215587232568
"784","WT",0.31191141835335
"785","WT",6.40588567092964
"786","WT",4.42255058804988
"787","WT",5.7276105327003
"788","WT",8.63674480362712
"789","WT",6.34059130030949
"790","WT",3.43739012395787
"791","WT",8.02626916314852
"792","WT",4.40071321167474
"793","WT",2.86624479952655
"794","WT",6.98503676405856
"795","WT",9.57237737071834
"796","WT",7.92505769848565
"797","WT",7.84663121688293
"798","WT",7.85420287992173
"799","WT",7.54147866464031
"800","WT",0.874953982520484
"801","WT",2.60348609348688
"802","WT",4.78093557508176
"803","WT",7.87719500814316
"804","WT",1.74529385017858
"805","WT",2.84597782645738
"806","WT",9.94722579562188
"807","WT",7.46403963483497
"808","WT",8.15025664330878
"809","WT",6.39475772980788
"810","WT",5.9413324328135
"811","WT",8.0319053321804
"812","WT",2.51772053426981
"813","WT",8.27530109607147
"814","WT",5.45774250761307
"815","WT",4.51416995236626
"816","WT",9.61346428037487
"817","WT",4.53420658095561
"818","WT",7.8154791295663
"819","WT",6.87312137343707
"820","WT",7.03263635312973
"821","WT",8.05878701112452
"822","WT",5.80370456988719
"823","WT",3.88210121572368
"824","WT",8.67998914649958
"825","WT",8.46974749236368
"826","WT",6.37888999563029
"827","WT",6.80944790884292
"828","WT",4.96112163238532
"829","WT",6.68449804697679
"830","WT",4.95126949943537
"831","WT",4.18588935902332
"832","WT",6.05390068885136
"833","WT",0.413650880010692
"834","WT",12.798982954798
"835","WT",5.5613246539553
"836","WT",5.06637568007666
"837","WT",6.1695707925305
"838","WT",1.01718424606663
"839","WT",6.16500040919518
"840","WT",13.3200469468374
"841","WT",4.60930040476178
"842","WT",14.4421649124862
"843","WT",6.37045757733486
"844","WT",-1.43657995003835
"845","WT",1.77034262768545
"846","WT",1.57979666753148
"847","WT",6.1715831510665
"848","WT",3.69987513226706
"849","WT",9.0040450245239
"850","WT",5.94448241943305
"851","WT",1.75585717522731
"852","WT",3.09585209475112
"853","WT",10.6365874197709
"854","WT",8.83659747368432
"855","WT",9.47913690324121
"856","WT",9.63110965337965
"857","WT",5.37564467773275
"858","WT",5.74036267107951
"859","WT",7.27197566177223
"860","WT",1.61745001665836
"861","WT",10.1088910579135
"862","WT",3.35920249107926
"863","WT",3.60122203947842
"864","WT",6.07725909522527
"865","WT",9.10076470834502
"866","WT",3.19598450107464
"867","WT",5.85206413197324
"868","WT",5.76842764139603
"869","WT",6.97131433877542
"870","WT",5.37036956051227
"871","WT",2.25985051499759
"872","WT",5.23023306203869
"873","WT",6.46132714141928
"874","WT",-0.460850174550967
"875","WT",7.34563725754973
"876","WT",9.89264265657173
"877","WT",9.43504475737681
"878","WT",4.9123034121655
"879","WT",11.8376626313281
"880","WT",1.74869167189971
"881","WT",12.0962962047006
"882","WT",8.00932830115568
"883","WT",4.97134607353216
"884","WT",5.27292324605063
"885","WT",9.02553503294648
"886","WT",4.03788775234601
"887","WT",4.16385032255248
"888","WT",7.18772918078096
"889","WT",-0.118546103534978
"890","WT",10.6008843140614
"891","WT",2.5247725952255
"892","WT",3.67824725407429
"893","WT",7.70330748217876
"894","WT",10.1408988140609
"895","WT",2.7823518818724
"896","WT",6.72488002101
"897","WT",5.33782762745595
"898","WT",4.84836402546438
"899","WT",6.53971031215954
"900","WT",5.95590227650451
"901","WT",8.58146875361586
"902","WT",5.6646879227865
"903","WT",7.71140448767223
"904","WT",4.08792455267998
"905","WT",10.1711090298941
"906","WT",2.93889525332103
"907","WT",4.59297249954088
"908","WT",5.24430728388978
"909","WT",5.30973182615414
"910","WT",7.05435413497283
"911","WT",4.27611997464784
"912","WT",4.66014247403477
"913","WT",3.37312845929211
"914","WT",4.87071385116867
"915","WT",8.35484478204719
"916","WT",4.76082057664469
"917","WT",9.85112831794177
"918","WT",10.3794218240873
"919","WT",5.11718415875842
"920","WT",7.48049423079403
"921","WT",5.71380807339584
"922","WT",5.46392371512866
"923","WT",4.87979517104601
"924","WT",7.96248857866409
"925","WT",6.9025100798262
"926","WT",6.7620188562325
"927","WT",1.66954974660767
"928","WT",6.16229034227961
"929","WT",10.1471147493238
"930","WT",4.75475671572993
"931","WT",3.31799368662979
"932","WT",2.70335467301191
"933","WT",2.41053428066106
"934","WT",6.23966347209167
"935","WT",4.33327793900427
"936","WT",3.18742967015397
"937","WT",0.799342967266164
"938","WT",4.29737113137774
"939","WT",3.29234960575549
"940","WT",12.397214807601
"941","WT",2.18125822067031
"942","WT",8.00304842479314
"943","WT",10.9491685137557
"944","WT",5.87983031172597
"945","WT",3.00642877764272
"946","WT",5.11296347317487
"947","WT",1.53156575495597
"948","WT",7.42247357145841
"949","WT",4.37037980688747
"950","WT",8.49660260298818
"951","WT",5.79343920306765
"952","WT",1.7806313626997
"953","WT",3.84762967979932
"954","WT",2.99624190395098
"955","WT",4.69624839893363
"956","WT",3.66708575122689
"957","WT",8.78944004130259
"958","WT",7.8563612328954
"959","WT",3.35800503027297
"960","WT",5.28832969190405
"961","WT",3.02836779133104
"962","WT",10.4670771369231
"963","WT",8.97224473331579
"964","WT",2.42490850393963
"965","WT",10.1736779727153
"966","WT",11.6620832156138
"967","WT",6.25925201181057
"968","WT",7.31378529614765
"969","WT",7.66734733090616
"970","WT",5.36549717804969
"971","WT",5.93428380079145
"972","WT",2.72258003336898
"973","WT",4.87139418611605
"974","WT",3.31759830645114
"975","WT",5.05064842103797
"976","WT",2.47300247940479
"977","WT",8.39995832180501
"978","WT",5.95639347209688
"979","WT",13.276055510904
"980","WT",5.33921640215613
"981","WT",7.68172003451738
"982","WT",8.31262112418366
"983","WT",2.95034724643322
"984","WT",5.31139982313015
"985","WT",7.76703215414489
"986","WT",7.59555538666517
"987","WT",5.3036324115596
"988","WT",6.59410328523399
"989","WT",6.02974196796935
"990","WT",5.83265234893259
"991","WT",7.95340353058968
"992","WT",10.4004340314926
"993","WT",6.67402701204851
"994","WT",7.19622299069877
"995","WT",3.07493982665341
"996","WT",2.52516214725614
"997","WT",4.77792242134317
"998","WT",6.32214847382215
"999","WT",10.3584242681086
"1000","WT",5.39948531143233
"1001","WT",11.6800853226404
"1002","WT",11.0896191417166
"1003","WT",4.30204805096212
"1004","WT",1.26855014784693
"1005","WT",7.77434114573777
"1006","WT",1.98544288687913
"1007","WT",6.04087166142683
"1008","WT",6.97452280770945
"1009","WT",4.5096054348727
"1010","WT",5.69596230192253
"1011","WT",6.1795595055719
"1012","WT",6.43173275568788
"1013","WT",9.88291651835546
"1014","WT",7.60451301990527
"1015","WT",6.05907916317741
"1016","WT",8.97539228795734
"1017","WT",8.13704296960401
"1018","WT",7.40460806853877
"1019","WT",8.40227456011246
"1020","WT",10.317219130662
"1021","WT",5.45975458922746
"1022","WT",9.38160976670594
"1023","WT",4.80623328311928
"1024","WT",5.86652614964944
"1025","WT",8.13838525622419
"1026","WT",7.9598286695253
"1027","WT",9.31945241071394
"1028","WT",5.8306968457998
"1029","WT",8.36464457585259
"1030","WT",5.19778015149746
"1031","WT",5.67962831623138
"1032","WT",7.92395758119127
"1033","WT",6.84290535341684
"1034","WT",0.70089909908909
"1035","WT",6.31071514661664
"1036","WT",5.37955885661845
"1037","WT",4.61550485662593
"1038","WT",5.32715757645942
"1039","WT",4.78503406497049
"1040","WT",5.26548290685768
"1041","WT",14.5676004578656
"1042","WT",6.69651038783512
"1043","WT",4.49016011673989
"1044","WT",3.73206601823553
"1045","WT",9.63726084711198
"1046","WT",5.20503045942083
"1047","WT",3.65966932485717
"1048","WT",6.36353948087097
"1049","WT",2.87321957777612
"1050","WT",16.0342864474011
"1051","WT",1.09135029932853
"1052","WT",8.76014594210038
"1053","WT",8.62637522419744
"1054","WT",8.80835234554744
"1055","WT",2.80290700247423
"1056","WT",2.67667675625692
"1057","WT",1.78991170195533
"1058","WT",2.25123539447128
"1059","WT",3.12731653424293
"1060","WT",10.0522532143424
"1061","WT",4.04545433463845
"1062","WT",4.99902997020877
"1063","WT",6.38270461613084
"1064","WT",2.86609399878908
"1065","WT",10.3007005480041
"1066","WT",9.64885718848551
"1067","WT",3.41148942118607
"1068","WT",3.69043277443736
"1069","WT",12.2524868219602
"1070","WT",7.31168234706925
"1071","WT",9.64885407678765
"1072","WT",6.76731335715941
"1073","WT",5.65724913210652
"1074","WT",6.74129605434659
"1075","WT",4.6200507812777
"1076","WT",7.80377466912248
"1077","WT",2.89188042888817
"1078","WT",1.14025298919239
"1079","WT",0.629577898615564
"1080","WT",8.5336688036841
"1081","WT",9.35715387242013
"1082","WT",9.79680300287369
"1083","WT",7.21288430995871
"1084","WT",9.78120140917341
"1085","WT",10.3111400844023
"1086","WT",6.59463150938492
"1087","WT",0.582450180908074
"1088","WT",5.97143755952025
"1089","WT",4.28672265467546
"1090","WT",8.38205731124607
"1091","WT",2.5200390871478
"1092","WT",7.32463616562575
"1093","WT",5.59376855561108
"1094","WT",7.53143923292351
"1095","WT",5.18817435525331
"1096","WT",8.37830003850439
"1097","WT",6.21424438961461
"1098","WT",2.42469848760064
"1099","WT",10.3685315877643
"1100","WT",5.90300712800601
"1101","WT",8.00784738049878
"1102","WT",3.89760041052999
"1103","WT",7.70023923079482
"1104","WT",2.93300642451971
"1105","WT",9.97956733579115
"1106","WT",9.50172059036661
"1107","WT",4.35102991117264
"1108","WT",2.3426261736897
"1109","WT",3.81379839577724
"1110","WT",6.21746015451462
"1111","WT",10.972821401544
"1112","WT",8.38282719221167
"1113","WT",5.57127388332441
"1114","WT",10.8763200506843
"1115","WT",7.02586214311267
"1116","WT",12.2186328504012
"1117","WT",9.25314750062971
"1118","WT",6.61553792062196
"1119","WT",3.8216235038495
"1120","WT",8.49243942190198
"1121","WT",7.56477467744235
"1122","WT",8.23767162375114
"1123","WT",5.47675174707001
"1124","WT",7.51262723942713
"1125","WT",4.01858862441507
"1126","WT",7.29079384717591
"1127","WT",3.16853103464468
"1128","WT",5.29582467100443
"1129","WT",2.39065226587629
"1130","WT",12.3430007737806
"1131","WT",8.23533365105361
"1132","WT",1.64584495609859
"1133","WT",8.55745862347142
"1134","WT",5.76257072526512
"1135","WT",5.19901029308065
"1136","WT",2.77103636315933
"1137","WT",2.56782480072463
"1138","WT",9.36570715273047
"1139","WT",6.71431067660295
"1140","WT",5.64916869608198
"1141","WT",8.23184596418583
"1142","WT",5.68643170951216
"1143","WT",2.5223432011361
"1144","WT",8.22291154345649
"1145","WT",-0.28230509958828
"1146","WT",6.57562178196638
"1147","WT",2.06348944532506
"1148","WT",6.52128281462613
"1149","WT",4.71237236094119
"1150","WT",3.60976279317286
"1151","WT",3.74316342048247
"1152","WT",5.80721739248029
"1153","WT",7.07517059258338
"1154","WT",6.02758336572607
"1155","WT",4.72326264471588
"1156","WT",10.1162062718
"1157","WT",6.19922850130069
"1158","WT",9.33791811173395
"1159","WT",3.52506185918905
"1160","WT",5.39743382459912
"1161","WT",9.6374573030439
"1162","WT",5.63317273631263
"1163","WT",3.34936936681699
"1164","WT",12.0169303743196
"1165","WT",6.6395332421513
"1166","WT",2.66374060129447
"1167","WT",2.4885096563194
"1168","WT",3.37544544247794
"1169","WT",2.84711173341268
"1170","WT",4.00972853595318
"1171","WT",8.64471232394654
"1172","WT",0.0131712144720506
"1173","WT",1.89098870355527
"1174","WT",9.97068887067736
"1175","WT",11.2937233896525
"1176","WT",6.38653670719338
"1177","WT",7.50639142726742
"1178","WT",5.44465581809391
"1179","WT",-1.17299262831235
"1180","WT",3.96576275717527
"1181","WT",6.62390452470271
"1182","WT",2.02302451706803
"1183","WT",5.70995233784222
"1184","WT",6.95975869476545
"1185","WT",6.12331041144392
"1186","WT",-0.158307930482382
"1187","WT",6.19545330705515
"1188","WT",1.62362132342181
"1189","WT",5.57590220666685
"1190","WT",10.6763408286034
"1191","WT",3.02896992109581
"1192","WT",3.54756694996788
"1193","WT",7.07053469480224
"1194","WT",7.72762606025162
"1195","WT",7.17964691816525
"1196","WT",7.90386032031415
"1197","WT",7.22891286493838
"1198","WT",3.54458912024355
"1199","WT",9.98956365336838
"1200","WT",7.12040199924103
"1201","WT",3.99234671753754
"1202","WT",5.95705990487918
"1203","WT",7.80341286084506
"1204","WT",4.96522038015724
"1205","WT",11.3167949873141
"1206","WT",5.31859022345624
"1207","WT",2.73130781260343
"1208","WT",8.0293718502927
"1209","WT",0.108617469348884
"1210","WT",0.474500524391289
"1211","WT",6.50721364674854
"1212","WT",6.04572329969329
"1213","WT",7.49149447095443
"1214","WT",6.05947959963526
"1215","WT",4.34601518111728
"1216","WT",6.62683232551158
"1217","WT",6.46962994013256
"1218","WT",9.44200503952789
"1219","WT",5.69466449065592
"1220","WT",5.76761165079272
"1221","WT",1.60343789915979
"1222","WT",6.94235542961168
"1223","WT",8.9327502276397
"1224","WT",6.39591679810107
"1225","WT",4.28199799168554
"1226","WT",4.33373514177412
"1227","WT",8.59618149644388
"1228","WT",9.46973662571207
"1229","WT",7.62403471305705
"1230","WT",6.56441147489664
"1231","WT",5.80210291669584
"1232","WT",7.80689892714444
"1233","WT",-0.667390812640171
"1234","WT",6.62404970967465
"1235","WT",6.50330392703401
"1236","WT",7.99763867467867
"1237","WT",8.19845887678039
"1238","WT",0.999684876900197
"1239","WT",5.37061030562709
"1240","WT",8.19456084795572
"1241","WT",10.7758921841501
"1242","WT",1.53519538953795
"1243","WT",2.47941008355643
"1244","WT",1.47079891641026
"1245","WT",16.4051415713983
"1246","WT",5.7390051651648
"1247","WT",6.15314985235429
"1248","WT",6.70783735038777
"1249","WT",1.79520140600059
"1250","WT",7.70710333747341
"1251","WT",0.828160010969109
"1252","WT",5.91362717207237
"1253","WT",-0.382681482626906
"1254","WT",7.75077276840075
"1255","WT",-0.709290536148612
"1256","WT",10.3826085457047
"1257","WT",3.26275298303644
"1258","WT",5.04970032501648
"1259","WT",6.20177388011312
"1260","WT",4.92222587597433
"1261","WT",5.6594465392237
"1262","WT",10.0017417002913
"1263","WT",1.64280896856688
"1264","WT",4.74969006425359
"1265","WT",6.87857223800439
"1266","WT",10.092014687151
"1267","WT",6.49883516655885
"1268","WT",0.117442367137818
"1269","WT",7.88902564292614
"1270","WT",1.48183184415736
"1271","WT",5.09200486530808
"1272","WT",7.75545147861371
"1273","WT",8.31928707594914
"1274","WT",6.72038466860366
"1275","WT",0.913710667618618
"1276","WT",2.29112161416076
"1277","WT",6.60702918285436
"1278","WT",7.03506718467716
"1279","WT",6.08487927146969
"1280","WT",2.88361620748679
"1281","WT",3.09890882245895
"1282","WT",6.34659725683001
"1283","WT",5.65920560366914
"1284","WT",6.0957914700022
"1285","WT",1.35027082992272
"1286","WT",9.34829711396711
"1287","WT",6.83568418972457
"1288","WT",5.52857319389974
"1289","WT",5.4924263408932
"1290","WT",9.53211933337216
"1291","WT",2.72412389390133
"1292","WT",9.59631950768187
"1293","WT",8.61808704081727
"1294","WT",9.28163630870436
"1295","WT",4.13052100530099
"1296","WT",12.7364578129241
"1297","WT",2.9536545969417
"1298","WT",7.87971896942559
"1299","WT",1.6726603091298
"1300","WT",7.21870730241525
"1301","WT",2.22138124078373
"1302","WT",10.4640490218695
"1303","WT",8.13280929382399
"1304","WT",2.48889400033493
"1305","WT",5.83439767460573
"1306","WT",3.46279839292202
"1307","WT",7.33120808640745
"1308","WT",5.99643010360934
"1309","WT",9.3176247789552
"1310","WT",6.84670700547418
"1311","WT",3.70860124000071
"1312","WT",5.98535798138139
"1313","WT",3.84453492167242
"1314","WT",5.12186524953966
"1315","WT",5.596532621378
"1316","WT",7.04344034667301
"1317","WT",2.83552036204128
"1318","WT",4.54034005301006
"1319","WT",10.0216171555539
"1320","WT",6.7603350379489
"1321","WT",0.0671927103915406
"1322","WT",8.86954610627208
"1323","WT",7.28777895579917
"1324","WT",5.22949410299642
"1325","WT",9.00179852279729
"1326","WT",5.6072052436276
"1327","WT",6.5159561594619
"1328","WT",5.45786916758765
"1329","WT",14.3690593059742
"1330","WT",4.82572473386563
"1331","WT",1.37203983341408
"1332","WT",5.44298980728394
"1333","WT",7.01842739420347
"1334","WT",1.92033621197289
"1335","WT",1.78950283393617
"1336","WT",8.31119538239388
"1337","WT",6.99760685201928
"1338","WT",3.62891473578457
"1339","WT",6.71947887644707
"1340","WT",4.0651506587468
"1341","WT",10.4066698149075
"1342","WT",3.80793803467919
"1343","WT",4.59116826768525
"1344","WT",6.6780762672411
"1345","WT",6.40028264816243
"1346","WT",5.28966884045408
"1347","WT",5.90277841729606
"1348","WT",6.99731708469321
"1349","WT",5.10309034299108
"1350","WT",4.94510171635
"1351","WT",6.6616777045068
"1352","WT",7.01571016094267
"1353","WT",4.31282071724237
"1354","WT",8.52363809468265
"1355","WT",-1.98498774885579
"1356","WT",9.14626991036349
"1357","WT",12.0688746511729
"1358","WT",5.19957300673478
"1359","WT",1.17332625870664
"1360","WT",8.43276411574062
"1361","WT",4.02034792944175
"1362","WT",10.3386527218268
"1363","WT",8.71146263244461
"1364","WT",7.99640139421594
"1365","WT",3.67107062215277
"1366","WT",10.7730325461884
"1367","WT",5.96101170935963
"1368","WT",6.71509819492086
"1369","WT",6.59573279487869
"1370","WT",9.27884668874792
"1371","WT",5.71370319468439
"1372","WT",8.63127716961927
"1373","WT",3.56346758783123
"1374","WT",7.63111417135545
"1375","WT",6.62424461989695
"1376","WT",4.82790882658279
"1377","WT",7.28235582147159
"1378","WT",8.25521905656722
"1379","WT",7.29021239344976
"1380","WT",3.9029248210002
"1381","WT",3.15431699142824
"1382","WT",-0.18568797687405
"1383","WT",7.11044019799284
"1384","WT",6.69419320239579
"1385","WT",7.05564818310163
"1386","WT",5.66680648570597
"1387","WT",4.58310387400111
"1388","WT",6.74728582741275
"1389","WT",1.4718430429211
"1390","WT",4.37587068466957
"1391","WT",8.86141328009314
"1392","WT",10.7742227422016
"1393","WT",7.09057904268336
"1394","WT",1.21727700056974
"1395","WT",2.09519894774176
"1396","WT",10.7606249729419
"1397","WT",9.64371111659155
"1398","WT",7.52566501186357
"1399","WT",5.95748602553585
"1400","WT",7.07819720067534
"1401","WT",8.66802693477342
"1402","WT",7.12720277377206
"1403","WT",3.8377629953862
"1404","WT",9.57455076036346
"1405","WT",9.51984598047726
"1406","WT",2.52268989903298
"1407","WT",8.21194581525264
"1408","WT",2.4042427303951
"1409","WT",7.31730307670503
"1410","WT",6.78910717866534
"1411","WT",8.86822199202299
"1412","WT",1.22878979628116
"1413","WT",3.26234659300878
"1414","WT",7.31760715007067
"1415","WT",4.40769310172137
"1416","WT",8.40225663015913
"1417","WT",-1.02092241870988
"1418","WT",6.48983900605976
"1419","WT",3.89237790014796
"1420","WT",4.66319180883151
"1421","WT",5.32594295978648
"1422","WT",9.30771527112334
"1423","WT",6.82493555851869
"1424","WT",5.58567093169474
"1425","WT",4.83618798930491
"1426","WT",9.10406123973744
"1427","WT",7.61403562559655
"1428","WT",6.98630783534386
"1429","WT",1.85637639489399
"1430","WT",10.8188707475828
"1431","WT",10.6407781025879
"1432","WT",6.27697754870331
"1433","WT",-0.314837447521448
"1434","WT",5.88364738450675
"1435","WT",3.79212829877012
"1436","WT",1.77382972265184
"1437","WT",2.54933852947505
"1438","WT",5.17257623192557
"1439","WT",2.62391786196145
"1440","WT",11.3381837658747
"1441","WT",6.38016795334413
"1442","WT",5.38723001511342
"1443","WT",3.74996845471385
"1444","WT",9.52880213919816
"1445","WT",6.39518403543062
"1446","WT",2.77503333101775
"1447","WT",6.19477888301132
"1448","WT",5.02838558086779
"1449","WT",3.89931709009351
"1450","WT",8.71471819713685
"1451","WT",5.68766890048874
"1452","WT",4.39757297493918
"1453","WT",4.87428897490271
"1454","WT",5.46831571189235
"1455","WT",5.49602031094832
"1456","WT",10.9807493640646
"1457","WT",5.8673452996889
"1458","WT",5.9037576060083
"1459","WT",5.79090799348054
"1460","WT",4.87321920275445
"1461","WT",8.50252866252468
"1462","WT",10.8856593911684
"1463","WT",1.91098695022046
"1464","WT",9.17180678815421
"1465","WT",7.48189901619895
"1466","WT",-0.570116714336533
"1467","WT",3.95661496209394
"1468","WT",3.43903920625331
"1469","WT",0.493152774923263
"1470","WT",3.36988713907043
"1471","WT",7.17032534815546
"1472","WT",4.03399874914019
"1473","WT",9.15044784002344
"1474","WT",8.9197543080832
"1475","WT",2.77190470678626
"1476","WT",6.71756521311756
"1477","WT",0.922780304565938
"1478","WT",8.78231748562833
"1479","WT",8.78042818617386
"1480","WT",5.72735408358577
"1481","WT",0.562556745220834
"1482","WT",1.44870259123278
"1483","WT",4.39316057884005
"1484","WT",5.80793982405081
"1485","WT",7.72405849003313
"1486","WT",11.4384754739525
"1487","WT",2.90868440235889
"1488","WT",6.25637090440026
"1489","WT",10.8305512871183
"1490","WT",2.95315559174533
"1491","WT",5.1234982929097
"1492","WT",11.5372440913844
"1493","WT",-0.340833073895656
"1494","WT",8.19829939244424
"1495","WT",3.9364735337332
"1496","WT",2.41218411401998
"1497","WT",4.64055442842205
"1498","WT",7.59142972806013
"1499","WT",4.4793455939509
"1500","WT",7.30011877987692
"1501","WT",3.99904664538937
"1502","WT",6.72862760622218
"1503","WT",4.19913462792729
"1504","WT",2.20707596354109
"1505","WT",8.60417415062357
"1506","WT",7.26559596368855
"1507","WT",5.4050918844844
"1508","WT",4.87968134553813
"1509","WT",-0.951252509490024
"1510","WT",6.59944556503597
"1511","WT",6.71030849491357
"1512","WT",11.1013292890457
"1513","WT",4.04690994537415
"1514","WT",10.1936671313176
"1515","WT",7.59829658236366
"1516","WT",3.82610051851406
"1517","WT",13.39876280715
"1518","WT",3.54929265820298
"1519","WT",5.30739084645579
"1520","WT",9.08598587288462
"1521","WT",1.88127175419183
"1522","WT",8.74212617625427
"1523","WT",4.6922973390402
"1524","WT",4.58922803618289
"1525","WT",8.58464748363689
"1526","WT",7.91240116241048
"1527","WT",5.3875207392554
"1528","WT",9.93643558906994
"1529","WT",8.98040755787437
"1530","WT",9.2622632952878
"1531","WT",8.81123055356767
"1532","WT",3.70138738658031
"1533","WT",6.37243548665236
"1534","WT",5.5370802988861
"1535","WT",8.07423999952803
"1536","WT",-0.471343544372195
"1537","WT",5.30650679418141
"1538","WT",5.95910335166176
"1539","WT",6.93294333046772
"1540","WT",2.32987948496688
"1541","WT",4.57756119067261
"1542","WT",6.99448213983499
"1543","WT",9.62178171426674
"1544","WT",6.99875443162509
"1545","WT",6.82494602246967
"1546","WT",6.81728416212449
"1547","WT",0.911632092689266
"1548","WT",3.11107682863118
"1549","WT",5.22475670828523
"1550","WT",8.80431182410228
"1551","WT",5.99925182485329
"1552","WT",7.76935560223071
"1553","WT",3.30400253128973
"1554","WT",8.97132322999836
"1555","WT",7.9715481718853
"1556","WT",6.93905439067844
"1557","WT",5.21176721649108
"1558","WT",6.8286070916277
"1559","WT",5.62532182674685
"1560","WT",0.68879952525445
"1561","WT",5.23676382027874
"1562","WT",5.60195773441111
"1563","WT",14.4905244737326
"1564","WT",4.62807687101054
"1565","WT",-1.56107569790269
"1566","WT",5.04857273293456
"1567","WT",1.70561380594811
"1568","WT",5.05881498132099
"1569","WT",3.80135987073879
"1570","WT",6.6434020964754
"1571","WT",10.2578577362979
"1572","WT",10.598414174664
"1573","WT",1.67424707418349
"1574","WT",7.54119530620781
"1575","WT",2.98400068518359
"1576","WT",5.73106437639389
"1577","WT",5.11315514161886
"1578","WT",1.73460110408349
"1579","WT",6.26540348674012
"1580","WT",11.3817584729339
"1581","WT",6.66664214515121
"1582","WT",7.80189731162618
"1583","WT",5.4022155783996
"1584","WT",0.687732658884356
"1585","WT",7.85837065712839
"1586","WT",6.5723433632504
"1587","WT",5.75528314160968
"1588","WT",7.14469744177042
"1589","WT",8.03339162512266
"1590","WT",6.08829342655141
"1591","WT",4.53383586054815
"1592","WT",6.78704888893641
"1593","WT",1.29453031540336
"1594","WT",4.59736579323406
"1595","WT",6.67724733030202
"1596","WT",6.6140265756589
"1597","WT",7.72722775213716
"1598","WT",6.29463278069116
"1599","WT",7.89691419168889
"1600","WT",3.71218459527881
"1601","WT",6.20207267031625
"1602","WT",0.244675390198403
"1603","WT",4.13740294139524
"1604","WT",1.88023545813732
"1605","WT",7.18116977417304
"1606","WT",4.09319671796723
"1607","WT",3.51386200937781
"1608","WT",5.71481952111288
"1609","WT",8.80370668699369
"1610","WT",3.72888719260606
"1611","WT",4.91046140954049
"1612","WT",4.52653907491307
"1613","WT",2.44098242783266
"1614","WT",9.35187365534707
"1615","WT",1.9023130404777
"1616","WT",6.79706353842603
"1617","WT",5.95787526707172
"1618","WT",5.90393756200671
"1619","WT",1.26507383498537
"1620","WT",1.08910781706716
"1621","WT",6.33742809037931
"1622","WT",4.18308597575789
"1623","WT",4.03293098378794
"1624","WT",4.62802686575392
"1625","WT",7.86656488730076
"1626","WT",9.44623136996907
"1627","WT",2.7825320866428
"1628","WT",8.27905247211588
"1629","WT",8.65744126451168
"1630","WT",3.50115660961969
"1631","WT",3.0657223953279
"1632","WT",6.87220776605275
"1633","WT",6.8817662189686
"1634","WT",9.07102334000846
"1635","WT",5.01324976814528
"1636","WT",3.59974575809117
"1637","WT",5.70716636380544
"1638","WT",10.5020975192644
"1639","WT",8.20109531803603
"1640","WT",6.10887143152636
"1641","WT",2.56038271782415
"1642","WT",6.96374799608835
"1643","WT",7.3369876838046
"1644","WT",9.56015223899989
"1645","WT",3.98894017620186
"1646","WT",7.64039646671568
"1647","WT",10.0048398933005
"1648","WT",2.82747931535039
"1649","WT",3.78158060093873
"1650","WT",6.45652441565816
"1651","WT",7.508622452719
"1652","WT",5.58903650836364
"1653","WT",2.29491487450361
"1654","WT",5.90452402073742
"1655","WT",6.72893519458687
"1656","WT",5.95441966654136
"1657","WT",2.08737918901852
"1658","WT",5.23555846634643
"1659","WT",5.54834012314279
"1660","WT",3.54193336552753
"1661","WT",7.07022747427776
"1662","WT",8.21676660719202
"1663","WT",1.61459406343602
"1664","WT",4.99083336331967
"1665","WT",5.76669916772416
"1666","WT",5.88389224230502
"1667","WT",7.84027722907706
"1668","WT",10.9276715251299
"1669","WT",4.65045053514106
"1670","WT",5.16474995211334
"1671","WT",5.04609094710741
"1672","WT",10.8721799290531
"1673","WT",3.8740354460792
"1674","WT",3.95277720543024
"1675","WT",6.68918653183462
"1676","WT",3.69575277923275
"1677","WT",6.11952715767672
"1678","WT",3.72015427797963
"1679","WT",3.4824909187738
"1680","WT",3.29183599919521
"1681","WT",2.82749252195279
"1682","WT",2.94730376290751
"1683","WT",8.15180790111521
"1684","WT",3.07190951962479
"1685","WT",10.8464975843747
"1686","WT",10.9390505940586
"1687","WT",5.9152244635649
"1688","WT",8.63844288079562
"1689","WT",2.12631563606208
"1690","WT",8.85078740511962
"1691","WT",11.682467242353
"1692","WT",4.62587214800182
"1693","WT",2.71916672671776
"1694","WT",2.72000674186453
"1695","WT",5.5944853296027
"1696","WT",5.9734215434983
"1697","WT",8.1486297026789
"1698","WT",3.75623570120747
"1699","WT",4.70242451413353
"1700","WT",2.35657491850088
"1701","WT",3.70067810772021
"1702","WT",4.51355899623579
"1703","WT",9.00633951005322
"1704","WT",8.65910833415518
"1705","WT",5.94066490900119
"1706","WT",4.63193347990116
"1707","WT",11.0307178562373
"1708","WT",10.724895939736
"1709","WT",0.77847501590283
"1710","WT",7.24704829545873
"1711","WT",6.53829149241611
"1712","WT",9.1495649997844
"1713","WT",8.86587677221984
"1714","WT",3.23193188015571
"1715","WT",7.52413867186688
"1716","WT",3.22265060489242
"1717","WT",7.25495272467659
"1718","WT",5.04378309651102
"1719","WT",8.5398690273067
"1720","WT",6.4561752990114
"1721","WT",8.09817729690169
"1722","WT",0.566589220142236
"1723","WT",6.50216701815142
"1724","WT",4.22766981344451
"1725","WT",10.7014419725677
"1726","WT",0.421523528650554
"1727","WT",2.95355429355213
"1728","WT",8.64314648573731
"1729","WT",9.65542290526222
"1730","WT",10.7510656994707
"1731","WT",4.5455753398434
"1732","WT",1.95742180631805
"1733","WT",5.78171998207916
"1734","WT",3.01159583879477
"1735","WT",9.09511327707077
"1736","WT",0.528117184080616
"1737","WT",0.788628119642683
"1738","WT",7.52105757852903
"1739","WT",3.5311744031178
"1740","WT",-1.93573522276637
"1741","WT",6.49876680741476
"1742","WT",6.70043625570863
"1743","WT",9.47349460495249
"1744","WT",8.13128068536656
"1745","WT",0.570354535467652
"1746","WT",5.0000543266067
"1747","WT",7.85583074078915
"1748","WT",6.70744474416914
"1749","WT",7.56813663493546
"1750","WT",7.51655053301887
"1751","WT",2.2564025049844
"1752","WT",2.44650348543633
"1753","WT",1.89083772716659
"1754","WT",8.96095279808455
"1755","WT",10.5125863638934
"1756","WT",6.05137399167728
"1757","WT",4.11268578094278
"1758","WT",1.77659557154942
"1759","WT",7.15209648854059
"1760","WT",7.3458739326711
"1761","WT",14.6083033804187
"1762","WT",3.03774325504943
"1763","WT",6.18057573012118
"1764","WT",12.2483038078446
"1765","WT",5.11285899212208
"1766","WT",8.32416025155516
"1767","WT",10.4015437877046
"1768","WT",1.97430832139898
"1769","WT",5.01789192949672
"1770","WT",4.44482432449426
"1771","WT",11.0778445186881
"1772","WT",10.0144428396087
"1773","WT",6.70689502104853
"1774","WT",6.67798084249199
"1775","WT",0.615018116700883
"1776","WT",5.89412435372534
"1777","WT",2.52346781730524
"1778","WT",1.08612285942288
"1779","WT",11.3103957627516
"1780","WT",1.62413603226213
"1781","WT",8.14071539569866
"1782","WT",3.76023499292037
"1783","WT",6.95952395365977
"1784","WT",8.01211120653312
"1785","WT",3.88411602721808
"1786","WT",3.17153752149984
"1787","WT",5.45454187650678
"1788","WT",2.69765250196998
"1789","WT",8.60025128045453
"1790","WT",0.413558789106402
"1791","WT",6.1956464315869
"1792","WT",4.13917241422039
"1793","WT",3.18567180322629
"1794","WT",6.09460324272401
"1795","WT",4.05788313161707
"1796","WT",3.87740340633132
"1797","WT",6.16209184115853
"1798","WT",4.64105247975261
"1799","WT",7.41173101540337
"1800","WT",3.61137063094748
"1801","WT",3.77344004045298
"1802","WT",3.68578105069534
"1803","WT",4.9297738614039
"1804","WT",4.03445832315315
"1805","WT",8.30284787610713
"1806","WT",3.97171328254869
"1807","WT",8.00709462313019
"1808","WT",2.33060624941856
"1809","WT",6.3453011578638
"1810","WT",6.57907236678915
"1811","WT",6.94531438426728
"1812","WT",5.75605507599373
"1813","WT",11.1275359486051
"1814","WT",-0.666549299075422
"1815","WT",6.57530702596235
"1816","WT",2.66001795454117
"1817","WT",2.99486644059954
"1818","WT",4.72891309509888
"1819","WT",6.20444639241358
"1820","WT",3.6193406995694
"1821","WT",7.98807102852769
"1822","WT",3.87781522349505
"1823","WT",3.36334330036342
"1824","WT",10.4757092085204
"1825","WT",8.63310172967998
"1826","WT",7.26480286505824
"1827","WT",10.0469856522487
"1828","WT",5.33939520429331
"1829","WT",5.79569441931917
"1830","WT",3.00391179349516
"1831","WT",4.79360761951197
"1832","WT",7.56438252149756
"1833","WT",8.78068808966901
"1834","WT",2.27586337432508
"1835","WT",3.29381359356367
"1836","WT",4.66577547300064
"1837","WT",13.3773158756027
"1838","WT",7.57544934581823
"1839","WT",6.36576337209945
"1840","WT",10.24605875728
"1841","WT",5.84022041928298
"1842","WT",7.14938946496327
"1843","WT",8.07259693754276
"1844","WT",8.92237486006329
"1845","WT",2.31624521043932
"1846","WT",9.45796920216213
"1847","WT",4.78010275978101
"1848","WT",7.48865731472006
"1849","WT",7.71938045031
"1850","WT",5.69478313977814
"1851","WT",4.02898286927754
"1852","WT",8.50125754115005
"1853","WT",8.69329201995167
"1854","WT",5.27975518843537
"1855","WT",9.46723160804157
"1856","WT",4.58662884634914
"1857","WT",5.5072371885988
"1858","WT",8.78440847839385
"1859","WT",7.44920250657637
"1860","WT",3.20329867645261
"1861","WT",8.69637058379896
"1862","WT",7.96789874787541
"1863","WT",4.83368920994959
"1864","WT",0.803899924991351
"1865","WT",6.46935080236878
"1866","WT",2.00112417198715
"1867","WT",2.83219814028752
"1868","WT",8.3525742234924
"1869","WT",2.34511428984538
"1870","WT",9.22259716949497
"1871","WT",5.57355749873128
"1872","WT",6.59122237554516
"1873","WT",3.60998511995372
"1874","WT",6.05578901520368
"1875","WT",3.85139106633711
"1876","WT",7.5262472900126
"1877","WT",5.09657008489379
"1878","WT",4.27817658861408
"1879","WT",9.65469971139942
"1880","WT",8.75682568768408
"1881","WT",8.43931387292288
"1882","WT",6.71531604108098
"1883","WT",2.1652262578403
"1884","WT",5.20057306029815
"1885","WT",5.55748495894698
"1886","WT",0.997919462694597
"1887","WT",4.66131742301685
"1888","WT",8.87185124360075
"1889","WT",1.63178905576596
"1890","WT",9.40811573547809
"1891","WT",4.10216252627035
"1892","WT",9.88482348974809
"1893","WT",1.25057467861702
"1894","WT",10.4513811408929
"1895","WT",10.4427911955006
"1896","WT",4.96515057504026
"1897","WT",3.9161192469999
"1898","WT",1.70604563570677
"1899","WT",3.80088404406957
"1900","WT",2.59628919663035
"1901","WT",3.84753317372366
"1902","WT",7.36234838424127
"1903","WT",7.27388976282372
"1904","WT",4.95071254321214
"1905","WT",4.23168492940749
"1906","WT",6.29865809421581
"1907","WT",11.3359434868064
"1908","WT",7.32276736045652
"1909","WT",3.76705728828743
"1910","WT",2.40740188190782
"1911","WT",2.88184121378971
"1912","WT",-1.25949293283265
"1913","WT",3.12294797681121
"1914","WT",10.8239732092371
"1915","WT",8.06450544667602
"1916","WT",10.5229456377534
"1917","WT",-0.0736281416676041
"1918","WT",0.590983556393962
"1919","WT",3.63471276892483
"1920","WT",9.05855662961385
"1921","WT",8.5753624822174
"1922","WT",6.31276335356543
"1923","WT",6.98142127065513
"1924","WT",4.42610309100174
"1925","WT",9.44125974753585
"1926","WT",4.42859622026272
"1927","WT",4.38195798322022
"1928","WT",7.20402749043384
"1929","WT",2.80959076962132
"1930","WT",2.56304958234001
"1931","WT",7.44633646434577
"1932","WT",6.21371558145239
"1933","WT",2.74587785208063
"1934","WT",3.5949953842394
"1935","WT",8.50144759268387
"1936","WT",7.95497360501763
"1937","WT",8.94169198778015
"1938","WT",8.81853679183539
"1939","WT",6.73725886436741
"1940","WT",3.84561581457386
"1941","WT",9.40584393524036
"1942","WT",1.80880521390378
"1943","WT",2.70492280880551
"1944","WT",0.181730290871902
"1945","WT",2.87791097286883
"1946","WT",4.96891733533871
"1947","WT",6.74354303411336
"1948","WT",6.51695669364078
"1949","WT",9.22684380890109
"1950","WT",6.18082955112301
"1951","WT",6.30830764277521
"1952","WT",3.83729197112626
"1953","WT",7.94128427745001
"1954","WT",0.983102807674086
"1955","WT",5.57255152802
"1956","WT",6.37458589353443
"1957","WT",3.46359361594578
"1958","WT",3.43351944215935
"1959","WT",7.93593264589009
"1960","WT",7.95124969338754
"1961","WT",2.04218752137884
"1962","WT",5.29434571698136
"1963","WT",5.01977824465198
"1964","WT",7.0273640480986
"1965","WT",9.67121743695206
"1966","WT",5.79286123242744
"1967","WT",6.12587823026777
"1968","WT",8.25065171519768
"1969","WT",0.185569406790291
"1970","WT",1.65277227331743
"1971","WT",7.06462117568225
"1972","WT",9.4832059627195
"1973","WT",6.16242875488715
"1974","WT",10.6556381937771
"1975","WT",4.69466823205203
"1976","WT",-0.836702659583414
"1977","WT",7.69072930533791
"1978","WT",4.48492294804564
"1979","WT",4.59177290622979
"1980","WT",2.98674032314505
"1981","WT",5.37442043417758
"1982","WT",6.40943200192792
"1983","WT",3.44452473081131
"1984","WT",7.3280640530325
"1985","WT",2.61086463249446
"1986","WT",1.67878476176182
"1987","WT",3.40178699825963
"1988","WT",8.43655844925514
"1989","WT",7.66602481816692
"1990","WT",2.02429847453811
"1991","WT",2.77715501826926
"1992","WT",-1.13538942252425
"1993","WT",1.7161589717705
"1994","WT",2.75716477203551
"1995","WT",-0.72181304504033
"1996","WT",8.31539639914207
"1997","WT",3.95830885461527
"1998","WT",7.13638963680631
"1999","WT",4.6896285322968
"2000","WT",6.64183019597263
"2001","WT",7.95357325895723
"2002","WT",9.97783781361413
"2003","WT",8.95981078485131
"2004","WT",8.42273440831458
"2005","WT",5.63330048980885
"2006","WT",1.21035669353793
"2007","WT",7.17920636828341
"2008","WT",7.43346877289846
"2009","WT",5.33970665712605
"2010","WT",7.79497978999777
"2011","WT",8.61796135823476
"2012","WT",6.86425241890828
"2013","WT",8.23863126315554
"2014","WT",4.79882541127131
"2015","WT",4.81356168856561
"2016","WT",1.82125360076794
"2017","WT",10.1877566363122
"2018","WT",-0.49916207705002
"2019","WT",8.6792321088369
"2020","WT",0.176775233512716
"2021","WT",7.06558802216418
"2022","WT",3.43157542537941
"2023","WT",8.42553632270364
"2024","WT",4.1173334657381
"2025","WT",5.26065882012048
"2026","WT",8.49706134014751
"2027","WT",5.53781529943357
"2028","WT",6.57827165552145
"2029","WT",6.02118110075903
"2030","WT",2.97500363390159
"2031","WT",9.04517645645687
"2032","WT",6.60729373122873
"2033","WT",4.22811510742374
"2034","WT",6.02808244628783
"2035","WT",4.96951581691199
"2036","WT",8.50957725884477
"2037","WT",8.72829058967057
"2038","WT",7.38005136725886
"2039","WT",0.849611824010423
"2040","WT",6.99531882476598
"2041","WT",6.94236555362361
"2042","WT",5.01544788051378
"2043","WT",5.06562212369562
"2044","WT",3.58270591804453
"2045","WT",1.99229009329082
"2046","WT",6.76969452098552
"2047","WT",6.39984086804114
"2048","WT",6.12077642257102
"2049","WT",10.5156004810852
"2050","WT",8.59494833021036
"2051","WT",12.3378409931513
"2052","WT",3.41621130519065
"2053","WT",1.59919867404459
"2054","WT",5.30646794170318
"2055","WT",6.2526474033506
"2056","WT",3.94550730872379
"2057","WT",1.85929222354249
"2058","WT",4.44454828260056
"2059","WT",1.03713478102485
"2060","WT",9.55378100099465
"2061","WT",7.00047473772272
"2062","WT",3.24040680119854
"2063","WT",1.80475110007794
"2064","WT",6.2898753319689
"2065","WT",2.32888317535396
"2066","WT",4.79620138259741
"2067","WT",11.251289095713
"2068","WT",7.66919682834905
"2069","WT",1.1096217951982
"2070","WT",6.62431997847042
"2071","WT",10.2285047512744
"2072","WT",10.1667245890977
"2073","WT",6.31300559525821
"2074","WT",7.38647944029291
"2075","WT",2.3944610290719
"2076","WT",5.34927092573581
"2077","WT",8.60813662436334
"2078","WT",4.89011432011917
"2079","WT",6.04986066685746
"2080","WT",7.49723952066957
"2081","WT",11.8300227153581
"2082","WT",9.01648995935282
"2083","WT",10.2276593126749
"2084","WT",4.3450601663283
"2085","WT",8.78667394946422
"2086","WT",4.95397794464519
"2087","WT",8.07606678988667
"2088","WT",5.07465495417967
"2089","WT",4.17245573985063
"2090","WT",6.98781882277873
"2091","WT",3.47917044663909
"2092","WT",7.54055840801547
"2093","WT",5.95056162857421
"2094","WT",3.49516129003029
"2095","WT",7.38234826314458
"2096","WT",6.19019594301752
"2097","WT",4.20381579944472
"2098","WT",12.3908361761472
"2099","WT",3.95387543821507
"2100","WT",4.39762402190058
"2101","WT",9.42064076530873
"2102","WT",7.79940989888207
"2103","WT",7.16231422218757
"2104","WT",8.16258800107863
"2105","WT",6.42637762370353
"2106","WT",10.6705607417936
"2107","WT",4.60724495643217
"2108","WT",-1.1439498358901
"2109","WT",5.3793357993197
"2110","WT",4.7523605405424
"2111","WT",3.82358035368773
"2112","WT",7.27742826581903
"2113","WT",4.38347755042262
"2114","WT",5.88759127956557
"2115","WT",2.78431375923944
"2116","WT",4.29436636190158
"2117","WT",6.95466363504245
"2118","WT",-0.127024935106981
"2119","WT",5.43648481482446
"2120","WT",2.81285320959227
"2121","WT",8.1631040617501
"2122","WT",10.9485723547101
"2123","WT",3.45930613012637
"2124","WT",9.13350710247853
"2125","WT",10.1957610885717
"2126","WT",5.90340624557217
"2127","WT",6.94927967261391
"2128","WT",11.1504613156776
"2129","WT",4.85308139469034
"2130","WT",4.24929923522901
"2131","WT",-1.3624882542082
"2132","WT",5.78063315153582
"2133","WT",1.36262313120575
"2134","WT",7.90621290262119
"2135","WT",4.46840548293657
"2136","WT",6.83177437157619
"2137","WT",8.06885145580952
"2138","WT",4.8602922310181
"2139","WT",9.48248948393509
"2140","WT",12.475456833548
"2141","WT",4.93426448708868
"2142","WT",5.89176862629112
"2143","WT",1.70599117627335
"2144","WT",4.25284712855124
"2145","WT",6.85231461148041
"2146","WT",3.90743921577703
"2147","WT",7.52479612934647
"2148","WT",7.66599023734926
"2149","WT",11.3278514229136
"2150","WT",3.90076876382601
"2151","WT",3.62314556168193
"2152","WT",4.47465173871488
"2153","WT",4.8714310831664
"2154","WT",4.66658557782133
"2155","WT",6.99311680594501
"2156","WT",6.12992976059961
"2157","WT",8.06119700879395
"2158","WT",6.90006204603987
"2159","WT",9.05343494875691
"2160","WT",9.20397035902896
"2161","WT",5.42723238084739
"2162","WT",6.99147956977842
"2163","WT",8.13822048614051
"2164","WT",3.35051197675472
"2165","WT",8.41685536275802
"2166","WT",2.9724485219592
"2167","WT",8.2076675584873
"2168","WT",5.13673262884276
"2169","WT",4.83239472017382
"2170","WT",6.97748554225399
"2171","WT",10.472242862353
"2172","WT",1.6534203983663
"2173","WT",3.20861093006141
"2174","WT",8.7519876758126
"2175","WT",8.29777800067151
"2176","WT",5.82680392923656
"2177","WT",3.37772117984475
"2178","WT",6.96318279928745
"2179","WT",5.18964528798558
"2180","WT",1.91374802628918
"2181","WT",8.03492781460185
"2182","WT",6.11034153130925
"2183","WT",2.71721034726587
"2184","WT",1.00328622244861
"2185","WT",10.1697883084048
"2186","WT",9.2618721756153
"2187","WT",7.07521566170408
"2188","WT",2.0924538470853
"2189","WT",8.53981849034647
"2190","WT",3.55153311942761
"2191","WT",9.16790624705861
"2192","WT",11.4688254045139
"2193","WT",5.03847564200267
"2194","WT",6.94951561872812
"2195","WT",5.98318287446029
"2196","WT",6.52765650743016
"2197","WT",0.606845925971259
"2198","WT",7.70399803719279
"2199","WT",7.71537873020131
"2200","WT",9.09877953480488
"2201","WT",9.99740054662711
"2202","WT",4.0634615474052
"2203","WT",5.42762690717494
"2204","WT",4.1057169536851
"2205","WT",6.41916760713845
"2206","WT",3.13201162451938
"2207","WT",3.66288116659365
"2208","WT",4.73610089532158
"2209","WT",10.9066666277959
"2210","WT",5.32962143132496
"2211","WT",11.0596248819108
"2212","WT",1.7945979720015
"2213","WT",6.14014924750954
"2214","WT",7.37659631102028
"2215","WT",5.56519856630033
"2216","WT",7.87382713003196
"2217","WT",4.70405568287885
"2218","WT",4.11439626719618
"2219","WT",8.05097205352242
"2220","WT",8.49932402761976
"2221","WT",4.24599689277434
"2222","WT",4.78209983692074
"2223","WT",6.13860943851326
"2224","WT",2.44254484410386
"2225","WT",3.65307455876891
"2226","WT",6.60437805015219
"2227","WT",6.53901374403708
"2228","WT",7.08252249873261
"2229","WT",2.39238956554238
"2230","WT",4.85729093543014
"2231","WT",5.21490213755755
"2232","WT",5.40830325169475
"2233","WT",8.19859700621106
"2234","WT",6.48390125586046
"2235","WT",2.20881109502536
"2236","WT",8.65397203921924
"2237","WT",6.29436488882712
"2238","WT",6.08500300467471
"2239","WT",9.06368830048791
"2240","WT",4.31003173531311
"2241","WT",3.70323694729576
"2242","WT",3.48160279494055
"2243","WT",4.40433882533666
"2244","WT",6.72340091897866
"2245","WT",6.48832253638815
"2246","WT",8.47039666510946
"2247","WT",7.67677671631247
"2248","WT",4.92828656496732
"2249","WT",8.13779762333877
"2250","WT",12.1001399689518
"2251","WT",7.47163986863637
"2252","WT",8.34989234310463
"2253","WT",11.2756326540547
"2254","WT",4.22072161063174
"2255","WT",2.88055591661677
"2256","WT",7.77693858602926
"2257","WT",5.12933093839698
"2258","WT",4.23104580973386
"2259","WT",7.52388471763616
"2260","WT",7.22673059426771
"2261","WT",5.60741991071461
"2262","WT",4.20273499712912
"2263","WT",5.21076415211272
"2264","WT",7.4342538047233
"2265","WT",7.68582399268961
"2266","WT",3.8967320292355
"2267","WT",11.3163857994383
"2268","WT",2.9063432948236
"2269","WT",4.63887988491053
"2270","WT",3.70414132382696
"2271","WT",2.84496459476968
"2272","WT",5.82255334929014
"2273","WT",3.57372955488352
"2274","WT",3.90293408159451
"2275","WT",5.75529645070212
"2276","WT",3.40915891381391
"2277","WT",6.60162309011306
"2278","WT",7.46021275609163
"2279","WT",7.58630100481009
"2280","WT",9.00487662585828
"2281","WT",5.68950140178411
"2282","WT",6.94069505340256
"2283","WT",4.38261604695559
"2284","WT",0.847892025834486
"2285","WT",8.83132659858462
"2286","WT",2.50102786974415
"2287","WT",6.5770867746255
"2288","WT",5.2482582997397
"2289","WT",5.55929968196073
"2290","WT",5.95501038660639
"2291","WT",6.36884304006157
"2292","WT",6.96335834863924
"2293","WT",3.37922388400668
"2294","WT",3.66483803723913
"2295","WT",10.1966428503651
"2296","WT",8.24868464266794
"2297","WT",-0.0410382191034113
"2298","WT",5.03160450870504
"2299","WT",4.2697937515319
"2300","WT",4.09914406252885
"2301","WT",3.26156384765164
"2302","WT",4.42977358050885
"2303","WT",1.9669387609968
"2304","WT",7.44031479984383
"2305","WT",14.7846964889405
"2306","WT",5.82443960540243
"2307","WT",7.87420634331789
"2308","WT",7.26452087647374
"2309","WT",6.19213344959336
"2310","WT",8.70775992681505
"2311","WT",6.09081611917826
"2312","WT",8.77579967333787
"2313","WT",6.45551887293613
"2314","WT",8.54087712576844
"2315","WT",9.25412679974536
"2316","WT",8.40106141758501
"2317","WT",4.99537131067469
"2318","WT",7.10296714262137
"2319","WT",2.21887069156386
"2320","WT",4.58026396246311
"2321","WT",8.7538017890858
"2322","WT",8.31189918486629
"2323","WT",8.16261036233396
"2324","WT",7.74441691280202
"2325","WT",5.91332900541452
"2326","WT",4.75940678492237
"2327","WT",2.15890580509329
"2328","WT",5.51498207269001
"2329","WT",7.3732062111916
"2330","WT",12.6532904644384
"2331","WT",5.94415654265719
"2332","WT",4.95013682846441
"2333","WT",11.2750586328087
"2334","WT",12.8023103725403
"2335","WT",4.81893474515047
"2336","WT",6.79508719355635
"2337","WT",6.1597453353098
"2338","WT",5.60671428853104
"2339","WT",6.7773157656061
"2340","WT",4.6864386115944
"2341","WT",7.17339241852909
"2342","WT",3.10195561072143
"2343","WT",5.92742888364933
"2344","WT",9.42698344503857
"2345","WT",4.60443633978192
"2346","WT",6.26480266229153
"2347","WT",4.96329147100028
"2348","WT",7.34734666916184
"2349","WT",3.51108898201989
"2350","WT",3.07736869054505
"2351","WT",4.16258098128006
"2352","WT",9.15468854691098
"2353","WT",3.88878365427068
"2354","WT",4.04750617630746
"2355","WT",6.72840109404169
"2356","WT",5.54433207081734
"2357","WT",5.24821649249417
"2358","WT",3.82556097478013
"2359","WT",6.80262768722612
"2360","WT",3.91248724145493
"2361","WT",2.49627815125728
"2362","WT",7.65328037512231
"2363","WT",5.90755455331915
"2364","WT",2.3741803577415
"2365","WT",10.4750563101535
"2366","WT",2.04918015598005
"2367","WT",5.95233704700245
"2368","WT",2.05041846654912
"2369","WT",3.88650885328294
"2370","WT",4.27061479108802
"2371","WT",4.89663682493024
"2372","WT",4.78614568853964
"2373","WT",8.36727430607752
"2374","WT",4.82399067778584
"2375","WT",6.99864855023629
"2376","WT",2.84107905449439
"2377","WT",6.54303719522107
"2378","WT",4.0766158795271
"2379","WT",3.49896928463542
"2380","WT",2.890610411889
"2381","WT",4.96603823691073
"2382","WT",4.68904665393507
"2383","WT",10.7452100637198
"2384","WT",6.86026751920878
"2385","WT",6.5241346024746
"2386","WT",5.74778615996597
"2387","WT",10.907172145808
"2388","WT",8.130021381903
"2389","WT",5.16837844121939
"2390","WT",6.8436164394651
"2391","WT",4.59666775295792
"2392","WT",4.67953883706171
"2393","WT",7.27609321136068
"2394","WT",-1.35125715854792
"2395","WT",5.61967560783635
"2396","WT",5.31335613869512
"2397","WT",6.66869584947204
"2398","WT",9.43432744453411
"2399","WT",12.1248360777906
"2400","WT",6.47052878727918
"2401","WT",6.32676356117548
"2402","WT",3.24231802186032
"2403","WT",6.93999232499262
"2404","WT",3.57697062095485
"2405","WT",8.52237835831831
"2406","WT",4.53200290333742
"2407","WT",4.92493034259101
"2408","WT",-0.672364442654555
"2409","WT",7.62554846110979
"2410","WT",6.53830502104856
"2411","WT",7.34711401096423
"2412","WT",7.66060286825722
"2413","WT",9.27391084123891
"2414","WT",8.92013304937367
"2415","WT",4.61902596853974
"2416","WT",7.0806741229102
"2417","WT",4.58481176998009
"2418","WT",6.60070919853813
"2419","WT",7.93773843826271
"2420","WT",4.1146456303128
"2421","WT",-0.321107316608607
"2422","WT",5.68811551292433
"2423","WT",9.87188956695823
"2424","WT",8.99261928291787
"2425","WT",4.3205606357385
"2426","WT",5.22718124091366
"2427","WT",4.73600005682932
"2428","WT",4.53980730229606
"2429","WT",5.49902949814059
"2430","WT",7.92271314545082
"2431","WT",1.57093926452634
"2432","WT",10.9604170519103
"2433","WT",11.4865699234378
"2434","WT",4.5996133192787
"2435","WT",11.001653956141
"2436","WT",9.15975926794233
"2437","WT",1.91145833094902
"2438","WT",4.07717948910125
"2439","WT",6.3334318813505
"2440","WT",2.12364806191352
"2441","WT",5.8572560700519
"2442","WT",6.96721390151706
"2443","WT",3.58820558807156
"2444","WT",10.8215587760756
"2445","WT",4.99071681368471
"2446","WT",11.1702630627533
"2447","WT",0.532727830633664
"2448","WT",8.90570730329497
"2449","WT",7.9278153832555
"2450","WT",0.747766528908592
"2451","WT",3.17555664945374
"2452","WT",10.583822847138
"2453","WT",3.44928314092693
"2454","WT",5.38599696055702
"2455","WT",6.07863490499802
"2456","WT",6.85819435066442
"2457","WT",10.8098100255872
"2458","WT",4.64946550811113
"2459","WT",10.6887975111943
"2460","WT",5.58232760718408
"2461","WT",1.63062287582076
"2462","WT",3.11343629981825
"2463","WT",10.3673932819405
"2464","WT",7.15700069543914
"2465","WT",7.13006054723364
"2466","WT",2.96760632125201
"2467","WT",8.42349701741962
"2468","WT",-0.013538773995144
"2469","WT",6.07504747558073
"2470","WT",6.44307227042667
"2471","WT",5.4792433969751
"2472","WT",1.56663539501545
"2473","WT",9.7037358571026
"2474","WT",10.3823640491066
"2475","WT",6.73472835373279
"2476","WT",4.19453888359044
"2477","WT",8.2541716998572
"2478","WT",8.28246396370492
"2479","WT",5.02181999814739
"2480","WT",3.89315864334071
"2481","WT",5.01288388143434
"2482","WT",5.62257135985379
"2483","WT",9.94672306839924
"2484","WT",4.73101177270092
"2485","WT",10.3440377806487
"2486","WT",12.5976106666749
"2487","WT",8.40051342520497
"2488","WT",5.78683935356553
"2489","WT",12.8432048575392
"2490","WT",1.434246288658
"2491","WT",6.77626038662654
"2492","WT",7.43688519748008
"2493","WT",11.6453820700012
"2494","WT",7.42755473873482
"2495","WT",7.61645035874933
"2496","WT",1.32367313571782
"2497","WT",8.83606070327309
"2498","WT",7.84654337753102
"2499","WT",1.56378596261236
"2500","WT",3.25937181751758
"2501","WT",6.53839686617717
"2502","WT",8.23553447485861
"2503","WT",6.04095638780508
"2504","WT",4.29827843688441
"2505","WT",7.5587090916383
"2506","WT",8.42502185094405
"2507","WT",8.94046185670891
"2508","WT",2.5935101296135
"2509","WT",5.66441820058363
"2510","WT",1.602942591254
"2511","WT",4.85959647192749
"2512","WT",5.54692882904528
"2513","WT",10.8410505481727
"2514","WT",5.39972399372686
"2515","WT",1.35006588726457
"2516","WT",9.21907047376991
"2517","WT",5.49501459395927
"2518","WT",8.56251204072064
"2519","WT",9.2555333860802
"2520","WT",1.42273920704135
"2521","WT",10.0804820307513
"2522","WT",9.89692088314357
"2523","WT",5.35193938787233
"2524","WT",3.35793960408255
"2525","WT",7.03576331327956
"2526","WT",8.25034196076184
"2527","WT",1.10890262848796
"2528","WT",7.57780861720844
"2529","WT",7.07255006049763
"2530","WT",6.96609517809152
"2531","WT",6.83348488971978
"2532","WT",8.81577486674091
"2533","WT",6.71650719653291
"2534","WT",6.18171923457176
"2535","WT",-0.369280109049337
"2536","WT",13.6558544665787
"2537","WT",6.60539656817703
"2538","WT",5.39029447445111
"2539","WT",4.78960561127393
"2540","WT",4.42334512098121
"2541","WT",6.72775967182836
"2542","WT",4.75358159908667
"2543","WT",4.14236393570021
"2544","WT",4.91361256226359
"2545","WT",4.29483144115642
"2546","WT",8.42652923693992
"2547","WT",1.92940099815389
"2548","WT",8.55037408201122
"2549","WT",6.55495670577875
"2550","WT",4.28944688146669
"2551","WT",5.2340882711257
"2552","WT",7.35091461400812
"2553","WT",2.952148687445
"2554","WT",10.3766863054777
"2555","WT",7.87919205537487
"2556","WT",8.41913678520842
"2557","WT",5.35024579168568
"2558","WT",8.50502926585377
"2559","WT",3.5938356835536
"2560","WT",7.00327087951992
"2561","WT",9.23536186524104
"2562","WT",6.51122762325074
"2563","WT",6.5285378536599
"2564","WT",8.67343138162327
"2565","WT",2.4819994335232
"2566","WT",9.06418679980211
"2567","WT",6.96528189938056
"2568","WT",10.4605859104537
"2569","WT",8.42558443856828
"2570","WT",10.1786928883042
"2571","WT",3.51031651505061
"2572","WT",9.28436265018437
"2573","WT",7.27543168288901
"2574","WT",8.03144125187084
"2575","WT",3.2402819694295
"2576","WT",2.56555559746223
"2577","WT",5.74381483700027
"2578","WT",6.10945672676987
"2579","WT",4.13651453281975
"2580","WT",8.16050419045819
"2581","WT",7.15170703897416
"2582","WT",3.93361299931394
"2583","WT",6.79622506220096
"2584","WT",5.32219510015917
"2585","WT",8.20207269469917
"2586","WT",2.87463935426441
"2587","WT",2.24340963497334
"2588","WT",9.36255699753219
"2589","WT",4.79502792151997
"2590","WT",8.53195764200575
"2591","WT",3.79301141447463
"2592","WT",9.05362326548554
"2593","WT",7.87487531018799
"2594","WT",1.6861769011488
"2595","WT",5.42466003155693
"2596","WT",7.78043898153622
"2597","WT",2.36717089439817
"2598","WT",3.36935853473277
"2599","WT",6.033269581528
"2600","WT",2.21668671940503
"2601","WT",2.68761050868106
"2602","WT",10.0209052699585
"2603","WT",3.53693013841962
"2604","WT",5.27300468689585
"2605","WT",10.9515225772543
"2606","WT",1.50820765004825
"2607","WT",8.68822907984912
"2608","WT",4.35052940401968
"2609","WT",3.94849448125048
"2610","WT",4.52837487270997
"2611","WT",7.34109383508324
"2612","WT",2.65727848711254
"2613","WT",4.12697660467888
"2614","WT",6.35912219443551
"2615","WT",11.9905211293174
"2616","WT",6.93857334139833
"2617","WT",1.7723855828788
"2618","WT",2.4821121725722
"2619","WT",6.91772720416728
"2620","WT",9.14739540098838
"2621","WT",6.59206662292647
"2622","WT",2.54268287125595
"2623","WT",7.36297745192268
"2624","WT",5.50491993316493
"2625","WT",3.82168208914907
"2626","WT",4.44552526018147
"2627","WT",5.80156249512315
"2628","WT",9.0795844302392
"2629","WT",5.70335190278941
"2630","WT",6.30657647034491
"2631","WT",6.71655160878533
"2632","WT",8.12994565324334
"2633","WT",6.01050269432588
"2634","WT",7.2060330875447
"2635","WT",4.61023446300078
"2636","WT",9.77416810990914
"2637","WT",7.04717106661818
"2638","WT",6.70843931339432
"2639","WT",11.4155505387302
"2640","WT",7.17625309283093
"2641","WT",5.96413835586678
"2642","WT",2.65891241671161
"2643","WT",5.3259510943584
"2644","WT",6.85616896442709
"2645","WT",6.03324235300249
"2646","WT",5.81028474136765
"2647","WT",4.43769127679537
"2648","WT",4.8596305148765
"2649","WT",7.26131984278065
"2650","WT",6.54265574664041
"2651","WT",8.10154333606536
"2652","WT",6.39151749493438
"2653","WT",2.73016419330953
"2654","WT",6.12732518046949
"2655","WT",5.16024942369588
"2656","WT",10.1947057122073
"2657","WT",4.63380987120803
"2658","WT",9.06583840616055
"2659","WT",8.26703895514234
"2660","WT",2.57434721767197
"2661","WT",8.81512302939869
"2662","WT",7.2208780276968
"2663","WT",9.89029542765992
"2664","WT",10.5976647103608
"2665","WT",-0.279802440128716
"2666","WT",1.38615860698843
"2667","WT",8.06056783614859
"2668","WT",4.74001775382645
"2669","WT",5.23528657335016
"2670","WT",3.6241798453082
"2671","WT",6.51750208162974
"2672","WT",6.10770846265695
"2673","WT",7.48780570398676
"2674","WT",5.41213512230247
"2675","WT",7.78260212341127
"2676","WT",5.14985708555658
"2677","WT",12.1730177205802
"2678","WT",4.38204078620071
"2679","WT",2.46178108975981
"2680","WT",2.11638994323318
"2681","WT",0.925769376378756
"2682","WT",6.25666372684292
"2683","WT",10.0018510847081
"2684","WT",6.21843120917077
"2685","WT",5.37605828330196
"2686","WT",13.9505120135751
"2687","WT",7.00926029270116
"2688","WT",8.39455086143032
"2689","WT",7.88791540321304
"2690","WT",6.45705957618659
"2691","WT",9.04459101647405
"2692","WT",6.69469458474101
"2693","WT",2.48581055122522
"2694","WT",8.35096430674563
"2695","WT",6.01314909584911
"2696","WT",4.0600138277952
"2697","WT",5.21360920287408
"2698","WT",6.21806507531002
"2699","WT",3.90982455673385
"2700","WT",6.27586400260429
"2701","WT",1.68408528148774
"2702","WT",-2.13329927781437
"2703","WT",7.85199284865883
"2704","WT",11.7608591288837
"2705","WT",8.51921273878178
"2706","WT",5.43098421048328
"2707","WT",-0.130400370485635
"2708","WT",4.84073242168845
"2709","WT",7.3580607585714
"2710","WT",6.38118499981347
"2711","WT",9.88229093625222
"2712","WT",1.7483000400611
"2713","WT",6.49544400524422
"2714","WT",9.5774469283332
"2715","WT",5.65984605129132
"2716","WT",7.54055559067665
"2717","WT",8.12106186026966
"2718","WT",4.28700798337285
"2719","WT",4.99695425179903
"2720","WT",10.5402498426673
"2721","WT",-2.12031296794953
"2722","WT",4.1367947063023
"2723","WT",4.19449697860403
"2724","WT",9.97806826409709
"2725","WT",6.29223624491207
"2726","WT",2.7230305834611
"2727","WT",4.93823585587023
"2728","WT",9.50022060669654
"2729","WT",5.03503573571436
"2730","WT",6.42363369261238
"2731","WT",7.49415167638714
"2732","WT",6.8293673296915
"2733","WT",12.9125529910947
"2734","WT",9.81755922896116
"2735","WT",5.61163570707992
"2736","WT",3.37571014347922
"2737","WT",4.48878364352952
"2738","WT",6.53796706225364
"2739","WT",2.32566895557283
"2740","WT",6.13448766104424
"2741","WT",0.725137890197605
"2742","WT",6.18922389562808
"2743","WT",4.34127629552272
"2744","WT",4.73132200771984
"2745","WT",9.34944624426294
"2746","WT",4.34376223974696
"2747","WT",6.30018044220614
"2748","WT",6.58382770494437
"2749","WT",5.98261370233344
"2750","WT",6.9002609272309
"2751","WT",8.11794191326271
"2752","WT",9.40272610810941
"2753","WT",9.21968733018516
"2754","WT",9.49283656666944
"2755","WT",7.23358905214186
"2756","WT",0.0523058734110453
"2757","WT",7.46685871199991
"2758","WT",3.245648730835
"2759","WT",15.9035181085939
"2760","WT",5.0475370092858
"2761","WT",7.55091946052516
"2762","WT",4.0184583537497
"2763","WT",5.3736739672183
"2764","WT",7.67482448513031
"2765","WT",8.62844833475446
"2766","WT",5.39354724202632
"2767","WT",9.61611766224108
"2768","WT",4.07610187037052
"2769","WT",5.94619427774043
"2770","WT",4.64233698984223
"2771","WT",8.47047384834168
"2772","WT",9.0966516198381
"2773","WT",6.29713788063097
"2774","WT",4.40867295249615
"2775","WT",2.75769919535765
"2776","WT",3.6523272568471
"2777","WT",9.51584649659674
"2778","WT",4.21141747299278
"2779","WT",5.32921498874157
"2780","WT",6.86985821457155
"2781","WT",12.0612736145671
"2782","WT",4.44818793394191
"2783","WT",9.27787372163293
"2784","WT",8.89336841631441
"2785","WT",6.01444780968376
"2786","WT",8.89005430454808
"2787","WT",8.27344814493113
"2788","WT",2.49452814162623
"2789","WT",6.42604664603221
"2790","WT",6.89381583788682
"2791","WT",2.99690697816913
"2792","WT",7.45327215049883
"2793","WT",10.2768195468412
"2794","WT",12.3277403866178
"2795","WT",13.8376606095814
"2796","WT",2.88371799971948
"2797","WT",3.63384481943263
"2798","WT",7.00324279335741
"2799","WT",7.49810609248092
"2800","WT",7.7039986871792
"2801","WT",3.48468574799328
"2802","WT",9.53922972728479
"2803","WT",6.64181820121926
"2804","WT",8.06653213871886
"2805","WT",8.90314793094428
"2806","WT",3.48017268888289
"2807","WT",4.66661100675928
"2808","WT",0.533332410049084
"2809","WT",1.19316511660314
"2810","WT",5.75463732862247
"2811","WT",0.176427738767821
"2812","WT",8.02069836990821
"2813","WT",7.36312431373222
"2814","WT",3.9056007121187
"2815","WT",5.85190075845173
"2816","WT",5.57875609694387
"2817","WT",7.97579849162306
"2818","WT",8.41768896968218
"2819","WT",6.03086579230178
"2820","WT",10.016493480761
"2821","WT",6.71645732735197
"2822","WT",9.58532578748221
"2823","WT",7.00333353511684
"2824","WT",5.68799767388734
"2825","WT",5.48435104120954
"2826","WT",5.30065380355603
"2827","WT",6.23588234420669
"2828","WT",1.59330710495831
"2829","WT",4.46434072624494
"2830","WT",8.3891796651365
"2831","WT",4.57446025273355
"2832","WT",9.10159673515516
"2833","WT",5.24402744775467
"2834","WT",4.27782264761463
"2835","WT",2.08105731983969
"2836","WT",8.08519012917567
"2837","WT",5.90621500934053
"2838","WT",5.70996283123699
"2839","WT",5.9521674181529
"2840","WT",11.0610590294711
"2841","WT",8.13751867318423
"2842","WT",11.1640361702615
"2843","WT",1.83775187433929
"2844","WT",3.86515293156936
"2845","WT",4.23792206354442
"2846","WT",6.58590396326667
"2847","WT",5.75433911288083
"2848","WT",2.86827974336157
"2849","WT",0.578505370898252
"2850","WT",10.3017802756872
"2851","WT",-0.224663860873022
"2852","WT",7.13817291651728
"2853","WT",9.84567128493689
"2854","WT",7.2325683366409
"2855","WT",8.29688561631614
"2856","WT",6.70178965209737
"2857","WT",4.95275102430597
"2858","WT",6.96281517311515
"2859","WT",9.79952156964783
"2860","WT",5.71307176066392
"2861","WT",9.85573770223229
"2862","WT",7.76432545722375
"2863","WT",5.57224557787456
"2864","WT",6.16165474535721
"2865","WT",13.3264393542354
"2866","WT",8.90634645615741
"2867","WT",4.85171180428005
"2868","WT",6.1134289991483
"2869","WT",8.33972353614658
"2870","WT",6.9529518614296
"2871","WT",1.06462452453904
"2872","WT",6.12564719422411
"2873","WT",2.20294534604499
"2874","WT",7.17087673906539
"2875","WT",7.77077047973994
"2876","WT",5.29614490972744
"2877","WT",2.23491252735757
"2878","WT",7.24886308342639
"2879","WT",4.90724700399288
"2880","WT",2.40585676406554
"2881","WT",4.90084804316975
"2882","WT",11.9963363285524
"2883","WT",6.12868376309076
"2884","WT",4.87306871831199
"2885","WT",4.8908149660079
"2886","WT",6.7468087885353
"2887","WT",6.11919233626618
"2888","WT",3.66719727628718
"2889","WT",10.7123333630222
"2890","WT",7.60075409562157
"2891","WT",3.68623449977628
"2892","WT",7.40349521710453
"2893","WT",-2.793652883434
"2894","WT",7.70093795996733
"2895","WT",2.29248791900427
"2896","WT",11.8741554269694
"2897","WT",7.05839156096199
"2898","WT",6.39146313383165
"2899","WT",4.52643402886548
"2900","WT",8.29980404577928
"2901","WT",7.40537579666721
"2902","WT",6.45594571060993
"2903","WT",9.22918068463113
"2904","WT",5.51626816789258
"2905","WT",3.50414929717981
"2906","WT",10.0682050970914
"2907","WT",6.51145036797028
"2908","WT",7.68338934903587
"2909","WT",9.59787558702459
"2910","WT",6.01366137985485
"2911","WT",5.86826374022007
"2912","WT",8.64958247371891
"2913","WT",16.0737968178503
"2914","WT",9.22258578697305
"2915","WT",11.0920443339974
"2916","WT",2.4441411030441
"2917","WT",7.66277177598303
"2918","WT",6.13986564868233
"2919","WT",1.92911942159391
"2920","WT",4.36309346940689
"2921","WT",7.79610847138443
"2922","WT",8.73156418731208
"2923","WT",9.8796726491972
"2924","WT",5.7054482722804
"2925","WT",10.8090434310452
"2926","WT",10.0212896775032
"2927","WT",4.71376951959582
"2928","WT",7.10110682272922
"2929","WT",4.89834211290864
"2930","WT",7.04709079264802
"2931","WT",8.10990279794297
"2932","WT",9.29935953296585
"2933","WT",4.75114253436004
"2934","WT",3.37467031105488
"2935","WT",9.88625383572096
"2936","WT",1.93121694646462
"2937","WT",6.82070140729637
"2938","WT",5.48038852679969
"2939","WT",8.54686089343974
"2940","WT",7.32638863951019
"2941","WT",2.98301453893334
"2942","WT",7.25249826382021
"2943","WT",4.31600198156902
"2944","WT",14.9347051268975
"2945","WT",6.0700720000917
"2946","WT",5.87468742004585
"2947","WT",3.41194509776175
"2948","WT",7.88601103955666
"2949","WT",2.5185651378207
"2950","WT",4.08357732010394
"2951","WT",4.24753605768578
"2952","WT",9.22968799465756
"2953","WT",8.53531841899159
"2954","WT",2.5686356977136
"2955","WT",7.31176339595982
"2956","WT",5.25737376490589
"2957","WT",6.03599199270277
"2958","WT",13.573379753879
"2959","WT",9.43173963605622
"2960","WT",5.12468126809386
"2961","WT",9.10250419968835
"2962","WT",4.45037813494144
"2963","WT",3.80787949756173
"2964","WT",5.61789020557782
"2965","WT",5.02855214354586
"2966","WT",8.82285444657511
"2967","WT",9.29310501813803
"2968","WT",5.05572484899416
"2969","WT",9.62077100930178
"2970","WT",4.33294455049602
"2971","WT",5.3105329622826
"2972","WT",7.09358015274027
"2973","WT",4.45070784777967
"2974","WT",11.624314878959
"2975","WT",9.53248280984216
"2976","WT",6.74861663201064
"2977","WT",9.0070770212715
"2978","WT",4.47396193354674
"2979","WT",12.0889331743969
"2980","WT",3.33095970485763
"2981","WT",6.14111199451358
"2982","WT",10.7308667935487
"2983","WT",7.22247063437466
"2984","WT",11.236789755055
"2985","WT",1.96677752674816
"2986","WT",4.95087437120423
"2987","WT",3.04381794434026
"2988","WT",9.68129443162111
"2989","WT",2.66262688990911
"2990","WT",7.41446683171076
"2991","WT",2.53708281393396
"2992","WT",8.43025841363411
"2993","WT",4.22970594654169
"2994","WT",6.05990292081094
"2995","WT",7.683797670433
"2996","WT",7.25234488812961
"2997","WT",4.28316851733931
"2998","WT",8.60901787396339
"2999","WT",3.03776342539138
"3000","WT",2.33069032335404
"3001","WT",1.35499882739029
"3002","WT",2.51989051930623
"3003","WT",2.42574253569993
"3004","WT",0.974282688202135
"3005","WT",6.5068270553003
"3006","WT",7.23915601327075
"3007","WT",7.53009324691128
"3008","WT",4.85501790279506
"3009","WT",2.76949617348375
"3010","WT",2.87525039869938
"3011","WT",2.40222730897703
"3012","WT",3.66689674363513
"3013","WT",8.69279770425411
"3014","WT",3.1314807771657
"3015","WT",4.79309709122612
"3016","WT",8.13056458541405
"3017","WT",-1.12286118278797
"3018","WT",5.15957024954456
"3019","WT",4.0070624809904
"3020","WT",7.33188738470811
"3021","WT",7.94256971846745
"3022","WT",4.79209134087956
"3023","WT",10.7545473378642
"3024","WT",0.403493251071854
"3025","WT",9.43268023368121
"3026","WT",7.95536772620999
"3027","WT",9.21430118700132
"3028","WT",6.56665626109012
"3029","WT",3.36822191806386
"3030","WT",5.35152186313415
"3031","WT",0.674153525706382
"3032","WT",5.84794296755216
"3033","WT",9.94420471333244
"3034","WT",3.69660817539164
"3035","WT",5.23640157931695
"3036","WT",0.567583436562941
"3037","WT",5.35057786489599
"3038","WT",3.90468280860494
"3039","WT",3.3549245073979
"3040","WT",5.28489302352028
"3041","WT",5.05593932120686
"3042","WT",1.96253490826343
"3043","WT",12.5820977207608
"3044","WT",1.19067650579154
"3045","WT",3.78354442952925
"3046","WT",10.3056499824698
"3047","WT",7.31234444018831
"3048","WT",8.56154868280997
"3049","WT",1.1055292541656
"3050","WT",9.29186659236994
"3051","WT",3.27552052121339
"3052","WT",3.04748781576877
"3053","WT",7.91311113446802
"3054","WT",7.80858585619512
"3055","WT",8.21064197386953
"3056","WT",6.79856682828766
"3057","WT",7.50484309410834
"3058","WT",2.6141352295856
"3059","WT",8.10907625472345
"3060","WT",7.26642914548271
"3061","WT",4.64237531922114
"3062","WT",9.03145986346991
"3063","WT",5.33348557140617
"3064","WT",0.600797852055795
"3065","WT",6.18215489644056
"3066","WT",5.71279801928293
"3067","WT",6.09899467445911
"3068","WT",1.32389219665805
"3069","WT",1.51804320518675
"3070","WT",7.65643139568406
"3071","WT",-0.959509325395594
"3072","WT",9.13764966839117
"3073","WT",4.90518613786874
"3074","WT",2.34290955757088
"3075","WT",6.83977664180323
"3076","WT",4.2499377579646
"3077","WT",4.94743971249273
"3078","WT",6.20540930025072
"3079","WT",2.70644017291408
"3080","WT",5.75295559161876
"3081","WT",7.51511201042928
"3082","WT",2.26444791433379
"3083","WT",6.58006203200054
"3084","WT",2.21028659281353
"3085","WT",2.20578147133718
"3086","WT",3.70966159228281
"3087","WT",4.36864170253601
"3088","WT",6.24915204684315
"3089","WT",5.80417763987346
"3090","WT",-0.506155359307662
"3091","WT",6.53552747603328
"3092","WT",-0.226160716714508
"3093","WT",-4.61696795073206
"3094","WT",5.47280020690627
"3095","WT",5.98644282864959
"3096","WT",4.60423630617751
"3097","WT",13.1555306694285
"3098","WT",1.19710350671837
"3099","WT",9.10860559874711
"3100","WT",4.2696738314958
"3101","WT",8.35942190875456
"3102","WT",2.82225209771163
"3103","WT",8.59115277826531
"3104","WT",4.07543834799961
"3105","WT",6.56121053020157
"3106","WT",7.52443224665677
"3107","WT",7.46417871207273
"3108","WT",5.06497717013305
"3109","WT",9.98025091434656
"3110","WT",5.41509111617064
"3111","WT",4.94174982861945
"3112","WT",6.30952851511894
"3113","WT",-0.510654830592971
"3114","WT",7.62996342136213
"3115","WT",6.28804146699707
"3116","WT",4.87188367865236
"3117","WT",4.99524423064443
"3118","WT",3.03007443141745
"3119","WT",8.67392680401839
"3120","WT",6.21122556172228
"3121","WT",5.6071620607795
"3122","WT",7.84160850755748
"3123","WT",3.82735577447085
"3124","WT",3.5769772390796
"3125","WT",7.23628309755232
"3126","WT",2.56086908174077
"3127","WT",2.0394626165269
"3128","WT",4.12261634607512
"3129","WT",4.45789152545575
"3130","WT",8.14762549204153
"3131","WT",11.0971563281822
"3132","WT",6.41630514526556
"3133","WT",-1.53847400834187
"3134","WT",7.41048640530948
"3135","WT",4.9983415330085
"3136","WT",0.475044863037968
"3137","WT",8.88722664211092
"3138","WT",0.631445162260453
"3139","WT",7.19579446266926
"3140","WT",6.36676686016589
"3141","WT",6.10598526133902
"3142","WT",6.21002138704262
"3143","WT",3.14565557272058
"3144","WT",10.8844606356369
"3145","WT",3.52781397775451
"3146","WT",3.87702855552972
"3147","WT",8.77888261838028
"3148","WT",7.32943327953802
"3149","WT",8.31852415958832
"3150","WT",2.14642644004345
"3151","WT",12.9480579830168
"3152","WT",3.60412418406743
"3153","WT",8.35511152627217
"3154","WT",5.19368911113741
"3155","WT",2.49770163545075
"3156","WT",9.17230439164151
"3157","WT",4.3509942724165
"3158","WT",1.06426207489626
"3159","WT",3.79713370868299
"3160","WT",2.46587220695504
"3161","WT",7.39960129848875
"3162","WT",5.71863192667776
"3163","WT",8.8291645876323
"3164","WT",1.33644146724955
"3165","WT",1.5460493639894
"3166","WT",7.70729094283323
"3167","WT",8.3106539128573
"3168","WT",4.31156581721009
"3169","WT",8.68786668911853
"3170","WT",8.31830897291035
"3171","WT",10.6491772621714
"3172","WT",12.987029913638
"3173","WT",8.06661200641856
"3174","WT",7.94920851090314
"3175","WT",1.19854326343493
"3176","WT",6.28428845630861
"3177","WT",3.97999263281014
"3178","WT",2.01090947947811
"3179","WT",1.02901155923274
"3180","WT",3.95733708620191
"3181","WT",4.32037652797814
"3182","WT",0.619039342789856
"3183","WT",6.28926761268842
"3184","WT",2.65292813558492
"3185","WT",3.60369040432105
"3186","WT",7.87099665776317
"3187","WT",7.10996040969911
"3188","WT",8.02927507194325
"3189","WT",2.51336041576664
"3190","WT",6.12261461642776
"3191","WT",6.39480835097185
"3192","WT",2.72897676872292
"3193","WT",-0.215655866918043
"3194","WT",9.01352143136317
"3195","WT",5.6399933612755
"3196","WT",2.58367213746404
"3197","WT",7.29139684122902
"3198","WT",2.15823689893914
"3199","WT",6.93022274247773
"3200","WT",3.44799096167548
"3201","WT",13.7086071862798
"3202","WT",7.66620188434821
"3203","WT",8.37716515879754
"3204","WT",1.23714486903735
"3205","WT",5.09739525100427
"3206","WT",8.12302696328566
"3207","WT",4.7435295737259
"3208","WT",4.10475637061189
"3209","WT",5.0544381033969
"3210","WT",6.95537754018154
"3211","WT",7.86766486542535
"3212","WT",10.4610955537601
"3213","WT",3.94309497047377
"3214","WT",8.4808812794473
"3215","WT",1.64107251919999
"3216","WT",2.09195747284044
"3217","WT",1.99261288850595
"3218","WT",6.24588558707448
"3219","WT",9.19066931761417
"3220","WT",1.94783778523202
"3221","WT",6.45398126420728
"3222","WT",3.74690174036317
"3223","WT",3.63071432106565
"3224","WT",7.49103368139938
"3225","WT",8.41884457694358
"3226","WT",2.5992413698655
"3227","WT",9.97246470715308
"3228","WT",-0.656590496177683
"3229","WT",3.54180266499952
"3230","WT",4.97906490146455
"3231","WT",5.13094004953802
"3232","WT",2.46329539702038
"3233","WT",5.46657255618676
"3234","WT",8.68163284316032
"3235","WT",11.5016954996171
"3236","WT",7.90390886609278
"3237","WT",11.6563105956385
"3238","WT",1.37661036766343
"3239","WT",7.43135477184336
"3240","WT",2.77180966454959
"3241","WT",6.18642178860137
"3242","WT",7.38966534145098
"3243","WT",1.2881586267439
"3244","WT",4.44871422971749
"3245","WT",2.00295644928266
"3246","WT",9.03463146238985
"3247","WT",9.50186542261805
"3248","WT",1.59184468499521
"3249","WT",6.48866852354659
"3250","WT",7.37207492247273
"3251","WT",6.39528162965747
"3252","WT",3.42020349101448
"3253","WT",5.99641441807941
"3254","WT",5.83605628065172
"3255","WT",-0.345669381166534
"3256","WT",4.7553006932538
"3257","WT",6.93296309183107
"3258","WT",7.0109089955157
"3259","WT",8.96225197919099
"3260","WT",7.95410442453892
"3261","WT",4.40529209662999
"3262","WT",5.84965626051273
"3263","WT",6.1055835941578
"3264","WT",7.91530819783502
"3265","WT",8.18643633582007
"3266","WT",4.49671731502856
"3267","WT",9.10161902030238
"3268","WT",5.7145611648509
"3269","WT",4.43197667431626
"3270","WT",8.27890626455241
"3271","WT",10.5205285364937
"3272","WT",1.53638203803504
"3273","WT",7.58749361694452
"3274","WT",3.27416661758931
"3275","WT",9.41178025855496
"3276","WT",5.26207931638418
"3277","WT",4.60110429378227
"3278","WT",9.58897040556859
"3279","WT",6.34716533401273
"3280","WT",6.79869692915149
"3281","WT",9.42577649291294
"3282","WT",3.04499472416163
"3283","WT",0.456787932107396
"3284","WT",9.54770925207283
"3285","WT",3.04900399971317
"3286","WT",8.0108701944542
"3287","WT",6.67370738862544
"3288","WT",2.64174783039806
"3289","WT",7.04356927750899
"3290","WT",4.27033049726996
"3291","WT",2.61481026385249
"3292","WT",4.27886665075606
"3293","WT",2.33291727368988
"3294","WT",10.6824904896681
"3295","WT",9.31855265228842
"3296","WT",1.14899678997131
"3297","WT",1.14618459974719
"3298","WT",7.06972187839818
"3299","WT",3.11129736354327
"3300","WT",0.0165962127630275
"3301","WT",7.93720867042215
"3302","WT",8.19977140084035
"3303","WT",7.07260951068929
"3304","WT",4.89325996777338
"3305","WT",9.03780615454087
"3306","WT",3.81565837086683
"3307","WT",1.99020319782753
"3308","WT",4.24138390617877
"3309","WT",3.56528614354694
"3310","WT",6.85857508881012
"3311","WT",2.24096701839947
"3312","WT",3.96386658834993
"3313","WT",-1.22623733297902
"3314","WT",13.1774614986145
"3315","WT",-2.36689230197661
"3316","WT",4.62590160889451
"3317","WT",6.19010807624002
"3318","WT",6.68611707666553
"3319","WT",5.9650188402629
"3320","WT",6.06802447974647
"3321","WT",4.88532546430845
"3322","WT",10.6402127151996
"3323","WT",8.12305791875358
"3324","WT",7.28940278338766
"3325","WT",9.43078436155698
"3326","WT",6.20524203682821
"3327","WT",3.96439211187018
"3328","WT",7.96432184526562
"3329","WT",1.79207194305808
"3330","WT",2.70319216580322
"3331","WT",11.5981387334841
"3332","WT",7.83640130360768
"3333","WT",7.4022233552166
"3334","WT",6.91245649629426
"3335","WT",8.80173518652317
"3336","WT",12.8813590902239
"3337","WT",3.7947441729218
"3338","WT",8.77026972494576
"3339","WT",4.39362207017875
"3340","WT",2.41272659255027
"3341","WT",2.60630957073509
"3342","WT",9.65604311254675
"3343","WT",10.4134465593663
"3344","WT",3.78925272306015
"3345","WT",8.80876998345293
"3346","WT",5.15705156998635
"3347","WT",9.10699780474028
"3348","WT",1.65550474787072
"3349","WT",-0.721663710471206
"3350","WT",8.09092190673937
"3351","WT",-0.714632300472708
"3352","WT",10.3149220063219
"3353","WT",7.36543935314022
"3354","WT",6.88349994942763
"3355","WT",6.53688132521546
"3356","WT",4.89737879790125
"3357","WT",10.716916193335
"3358","WT",2.50512427139464
"3359","WT",5.71424588315059
"3360","WT",8.32531898726643
"3361","WT",4.88922893888137
"3362","WT",5.12824954471784
"3363","WT",5.79953707636268
"3364","WT",3.33210170221288
"3365","WT",4.5366243947993
"3366","WT",6.90486347476296
"3367","WT",7.78971884114917
"3368","WT",9.43954442037137
"3369","WT",11.1538839005193
"3370","WT",9.35053016219878
"3371","WT",6.80622494414166
"3372","WT",6.65256010476848
"3373","WT",11.5097180818337
"3374","WT",3.73748542070769
"3375","WT",4.21934792216092
"3376","WT",9.89171030735595
"3377","WT",8.06388799511638
"3378","WT",8.25437220581944
"3379","WT",4.72443141791246
"3380","WT",9.78044326352576
"3381","WT",5.34984101329808
"3382","WT",3.31682361437564
"3383","WT",6.62373757494171
"3384","WT",2.91798286669205
"3385","WT",4.34195860778242
"3386","WT",2.16846043825911
"3387","WT",3.95919052515306
"3388","WT",6.06001360143386
"3389","WT",6.99328809397356
"3390","WT",3.33561024545996
"3391","WT",5.74306945241031
"3392","WT",6.73659093336121
"3393","WT",5.84872003462458
"3394","WT",9.0914814833
"3395","WT",4.07067142195016
"3396","WT",7.88865121888946
"3397","WT",7.80893196074214
"3398","WT",8.65391305455243
"3399","WT",8.43650379115952
"3400","WT",1.21573520476255
"3401","WT",9.84555588597445
"3402","WT",7.83659803271745
"3403","WT",8.05525585651947
"3404","WT",4.81117007651674
"3405","WT",3.9907518923923
"3406","WT",2.96468627455487
"3407","WT",7.10799450105507
"3408","WT",7.60285798706918
"3409","WT",11.3611804675274
"3410","WT",4.66585426368419
"3411","WT",6.94191542744821
"3412","WT",9.20810885473285
"3413","WT",7.67571612932155
"3414","WT",15.0984783692921
"3415","WT",8.94504861459724
"3416","WT",7.99420403452983
"3417","WT",4.46455752055644
"3418","WT",4.45681311253857
"3419","WT",6.36596116550957
"3420","WT",10.118783880919
"3421","WT",5.96042127978063
"3422","WT",2.93869114531019
"3423","WT",0.713586834403738
"3424","WT",11.3925049994951
"3425","WT",7.39918263327249
"3426","WT",7.18958347762559
"3427","WT",3.57533511668437
"3428","WT",6.13008541333678
"3429","WT",9.34054389075941
"3430","WT",7.10446888117386
"3431","WT",6.09000805441688
"3432","WT",5.64647496929075
"3433","WT",4.79128403408436
"3434","WT",7.52308773828714
"3435","WT",9.90119890391744
"3436","WT",1.24402765821506
"3437","WT",0.961800256373538
"3438","WT",9.18166551551084
"3439","WT",3.13825834635635
"3440","WT",4.78732115796049
"3441","WT",2.29362144033909
"3442","WT",5.9535098789761
"3443","WT",-1.38586236497881
"3444","WT",7.90086704663415
"3445","WT",8.27345876587476
"3446","WT",6.79608078287808
"3447","WT",4.72868470247596
"3448","WT",10.6164542696653
"3449","WT",4.64639377016855
"3450","WT",3.00899154219103
"3451","WT",3.28930605352531
"3452","WT",4.84795568787839
"3453","WT",6.36002776110597
"3454","WT",8.61390698639844
"3455","WT",4.21463976357447
"3456","WT",5.28807285671005
"3457","WT",8.08234560951924
"3458","WT",4.17319995154209
"3459","WT",4.37927541858313
"3460","WT",4.98415539117889
"3461","WT",8.5950802847945
"3462","WT",11.9000204554979
"3463","WT",8.81741358498336
"3464","WT",6.54614988833316
"3465","WT",10.3310682990504
"3466","WT",4.17708731472291
"3467","WT",7.88529398510432
"3468","WT",4.84141744782465
"3469","WT",0.339092431726964
"3470","WT",4.30483931898413
"3471","WT",8.32740891117757
"3472","WT",10.5292548787819
"3473","WT",0.73680812669618
"3474","WT",9.15290308906738
"3475","WT",5.10500051163251
"3476","WT",4.87980085395428
"3477","WT",6.81381068015108
"3478","WT",11.0570145532526
"3479","WT",7.32570240769752
"3480","WT",3.26389366301357
"3481","WT",8.14111266414423
"3482","WT",1.47675433075001
"3483","WT",3.37641411305194
"3484","WT",9.93745561496917
"3485","WT",6.97782911582356
"3486","WT",1.94172209917349
"3487","WT",5.34484571519126
"3488","WT",4.00505612320151
"3489","WT",4.68021042479416
"3490","WT",0.254304140658518
"3491","WT",15.9545469256273
"3492","WT",7.77857653308059
"3493","WT",3.96015553902546
"3494","WT",9.96783509943336
"3495","WT",10.3740272000217
"3496","WT",6.38532883032575
"3497","WT",10.6274050885242
"3498","WT",9.0822642878678
"3499","WT",11.9690600161214
"3500","WT",3.51782285829299
"3501","WT",10.3343879881662
"3502","WT",3.03657751979773
"3503","WT",12.4178635111014
"3504","WT",4.90364203836074
"3505","WT",8.50460475040511
"3506","WT",13.1313765901869
"3507","WT",1.69826002178821
"3508","WT",5.47769004631889
"3509","WT",7.80031109402664
"3510","WT",5.0253430588133
"3511","WT",1.97098989427885
"3512","WT",6.67412148090032
"3513","WT",7.27425565288821
"3514","WT",7.95455904842842
"3515","WT",12.3670847012769
"3516","WT",7.71528706610972
"3517","WT",3.28458667887243
"3518","WT",8.15636999177238
"3519","WT",5.37940442367522
"3520","WT",3.1371020231208
"3521","WT",2.62607247837215
"3522","WT",5.24024292955683
"3523","WT",3.50143915274984
"3524","WT",4.45821685281741
"3525","WT",3.3661509209163
"3526","WT",3.52002077037173
"3527","WT",6.55367790827471
"3528","WT",15.7378760713572
"3529","WT",10.8383019172745
"3530","WT",4.19718573498923
"3531","WT",5.9874050616007
"3532","WT",5.11468150355897
"3533","WT",8.20845223160371
"3534","WT",7.03112381713057
"3535","WT",1.13816432461152
"3536","WT",-0.869412543935496
"3537","WT",6.44460571327883
"3538","WT",7.32669932845217
"3539","WT",7.77848849110208
"3540","WT",8.68071121205486
"3541","WT",4.64981593029531
"3542","WT",8.36249068219734
"3543","WT",3.01208400290012
"3544","WT",4.27930370834479
"3545","WT",8.48429269696569
"3546","WT",8.94559846574705
"3547","WT",1.05961542568128
"3548","WT",7.73371383808427
"3549","WT",12.9693073726728
"3550","WT",2.88350245640107
"3551","WT",6.33530089831898
"3552","WT",-1.88703851298521
"3553","WT",5.56601471995018
"3554","WT",4.79157927580535
"3555","WT",3.64348599776142
"3556","WT",5.51858464156507
"3557","WT",5.5354890069331
"3558","WT",5.88865084302736
"3559","WT",7.80617548785114
"3560","WT",5.04040804061927
"3561","WT",5.76502687488596
"3562","WT",8.15071959595031
"3563","WT",4.55229833052503
"3564","WT",9.17773688394176
"3565","WT",4.02342896208266
"3566","WT",4.58324350391925
"3567","WT",3.29319688008596
"3568","WT",1.73013563904292
"3569","WT",3.19345868970269
"3570","WT",1.9569315912559
"3571","WT",2.57322414926227
"3572","WT",3.96635491032299
"3573","WT",2.57766149953206
"3574","WT",5.41370212785794
"3575","WT",13.0614857841649
"3576","WT",12.3639251850849
"3577","WT",10.133188398061
"3578","WT",3.63266878279422
"3579","WT",7.00316897236211
"3580","WT",5.23798240697887
"3581","WT",4.30456557141405
"3582","WT",8.52726446246273
"3583","WT",8.57455098757472
"3584","WT",12.3719453933415
"3585","WT",8.36729029073269
"3586","WT",10.0997492853606
"3587","WT",6.29548312486621
"3588","WT",8.93901015358228
"3589","WT",7.34797865086714
"3590","WT",8.18725110178548
"3591","WT",2.22532120762649
"3592","WT",3.62595401291797
"3593","WT",10.0883779450631
"3594","WT",3.15632953378108
"3595","WT",6.55939723546785
"3596","WT",7.31858780220906
"3597","WT",1.16262902169669
"3598","WT",4.36267577830629
"3599","WT",10.6007936608137
"3600","WT",4.95703486802639
"3601","WT",2.38654190499706
"3602","WT",5.30130668309952
"3603","WT",4.68975420069056
"3604","WT",7.19010011841311
"3605","WT",3.10494559068836
"3606","WT",2.27687365806494
"3607","WT",10.9959700054218
"3608","WT",7.80509588628684
"3609","WT",6.12795946994099
"3610","WT",8.5739657307068
"3611","WT",5.56936704380473
"3612","WT",4.54666938192078
"3613","WT",6.72267073778986
"3614","WT",8.29938316018922
"3615","WT",5.52641156773591
"3616","WT",9.05552419429485
"3617","WT",3.50228975426982
"3618","WT",8.55511720624071
"3619","WT",-1.67379678131029
"3620","WT",7.1713111010436
"3621","WT",4.2701176155726
"3622","WT",3.0994755586899
"3623","WT",5.68573052511442
"3624","WT",-0.58413716558433
"3625","WT",4.86032951150356
"3626","WT",5.55670254788549
"3627","WT",8.23439719533033
"3628","WT",1.38164712838057
"3629","WT",2.22641216152067
"3630","WT",7.87326124085419
"3631","WT",3.78304348046833
"3632","WT",9.60990333986018
"3633","WT",1.8349287438363
"3634","WT",6.04115248008171
"3635","WT",11.1366452133367
"3636","WT",11.3108820311396
"3637","WT",5.10936864931905
"3638","WT",2.49880610362137
"3639","WT",7.07883979733821
"3640","WT",10.5701613786323
"3641","WT",4.9598454500499
"3642","WT",6.01464346397203
"3643","WT",9.29432088754228
"3644","WT",0.39947675155806
"3645","WT",1.52761977731973
"3646","WT",8.17838135721437
"3647","WT",3.88816044027914
"3648","WT",6.02388274211833
"3649","WT",-0.694781245970528
"3650","WT",4.35652455083105
"3651","WT",6.64154494772664
"3652","WT",3.01992440509417
"3653","WT",2.89811256316471
"3654","WT",4.62031799208466
"3655","WT",3.75105188900605
"3656","WT",6.72246665549463
"3657","WT",3.72045643149169
"3658","WT",7.318441546618
"3659","WT",9.04430200276064
"3660","WT",8.19824434939671
"3661","WT",5.04514777155923
"3662","WT",5.95856553889626
"3663","WT",8.45116190983104
"3664","WT",5.29156143356807
"3665","WT",6.36155820776781
"3666","WT",6.14434720368511
"3667","WT",1.51080848135688
"3668","WT",7.36832893172368
"3669","WT",7.67006449686591
"3670","WT",7.04838105170369
"3671","WT",9.13848587947936
"3672","WT",6.13547832814903
"3673","WT",1.35375809838598
"3674","WT",3.112044042521
"3675","WT",5.11201599378916
"3676","WT",5.75933504227391
"3677","WT",6.80849904404846
"3678","WT",0.458367523870033
"3679","WT",5.66647010696927
"3680","WT",6.86897772094044
"3681","WT",6.45279426189871
"3682","WT",0.0503043550753768
"3683","WT",3.29417620693462
"3684","WT",9.83252173569712
"3685","WT",4.71297823448354
"3686","WT",3.38327294442522
"3687","WT",6.49524387442456
"3688","WT",10.0503793806942
"3689","WT",7.43095163766689
"3690","WT",5.22989103012114
"3691","WT",1.13289296937992
"3692","WT",8.12311243199453
"3693","WT",8.13018497889984
"3694","WT",10.7648318441155
"3695","WT",4.24384236451495
"3696","WT",4.53033772932465
"3697","WT",5.31405634988555
"3698","WT",0.918532806631105
"3699","WT",5.15561621703643
"3700","WT",5.44046128400166
"3701","WT",5.50493640469635
"3702","WT",4.53265178962871
"3703","WT",6.00336011577169
"3704","WT",12.8605272479353
"3705","WT",4.75657213323098
"3706","WT",4.730811265598
"3707","WT",7.52014450969455
"3708","WT",10.3141723915273
"3709","WT",5.04301608219393
"3710","WT",10.0926264186816
"3711","WT",4.803656802485
"3712","WT",10.1615612033773
"3713","WT",5.48306041413396
"3714","WT",2.92871516803262
"3715","WT",4.5806934008486
"3716","WT",6.90689166756621
"3717","WT",7.01938836699791
"3718","WT",11.4900382034301
"3719","WT",5.38280394774311
"3720","WT",10.3515333229567
"3721","WT",6.6561686273356
"3722","WT",8.73993442667871
"3723","WT",2.46069372826992
"3724","WT",4.6289933919755
"3725","WT",2.40831414154876
"3726","WT",7.16583157211977
"3727","WT",3.67027379348406
"3728","WT",5.37073426465984
"3729","WT",5.90648418597551
"3730","WT",6.28057618502438
"3731","WT",4.58224952749644
"3732","WT",3.96765976686899
"3733","WT",9.87017100437023
"3734","WT",5.78996525385923
"3735","WT",6.47523837826712
"3736","WT",6.35355655769656
"3737","WT",11.2873781045689
"3738","WT",3.64049335767796
"3739","WT",6.61165773627381
"3740","WT",11.1236852591049
"3741","WT",3.06229858937356
"3742","WT",7.21499238002886
"3743","WT",7.9840881669388
"3744","WT",8.60084150350778
"3745","WT",6.36174214308437
"3746","WT",2.74233503292624
"3747","WT",6.46324472515255
"3748","WT",6.40038068914258
"3749","WT",3.3285364810128
"3750","WT",7.54808380916221
"3751","WT",6.407977750577
"3752","WT",5.7716722689547
"3753","WT",7.45265853647259
"3754","WT",10.161724908542
"3755","WT",8.1553338836638
"3756","WT",3.24717274303717
"3757","WT",5.84960764300732
"3758","WT",6.35320212015696
"3759","WT",6.98427584245766
"3760","WT",6.81014633797376
"3761","WT",1.22225050015398
"3762","WT",6.08400003737107
"3763","WT",2.20091163605716
"3764","WT",5.11341544028531
"3765","WT",3.47346635255089
"3766","WT",5.11725583217912
"3767","WT",4.21049299245101
"3768","WT",9.64269618163457
"3769","WT",2.12695029574021
"3770","WT",7.63608736909377
"3771","WT",5.58617578434406
"3772","WT",5.28178451180096
"3773","WT",5.34860033472826
"3774","WT",5.52544307990783
"3775","WT",8.04991776717637
"3776","WT",6.47910272786868
"3777","WT",4.97993332380945
"3778","WT",6.44296746768865
"3779","WT",2.28718063151022
"3780","WT",8.75105596369817
"3781","WT",4.96774330143488
"3782","WT",7.91716784042937
"3783","WT",7.33272720313633
"3784","WT",2.22956205352113
"3785","WT",6.53479942134526
"3786","WT",5.36593754937945
"3787","WT",4.97471468238715
"3788","WT",6.21149971265221
"3789","WT",5.83484879620629
"3790","WT",5.68279288601463
"3791","WT",8.3931052780066
"3792","WT",8.5800339831782
"3793","WT",12.0061354477881
"3794","WT",4.76412287008165
"3795","WT",2.24776875700895
"3796","WT",6.65170537891666
"3797","WT",7.73542896175639
"3798","WT",11.1398045943643
"3799","WT",10.1708806033626
"3800","WT",2.83301373717199
"3801","WT",2.12613875661305
"3802","WT",5.87723853174868
"3803","WT",2.27086267046363
"3804","WT",0.888775734416614
"3805","WT",6.77871140025994
"3806","WT",3.11735149413881
"3807","WT",6.55923434327266
"3808","WT",11.4429805687598
"3809","WT",3.18482601957984
"3810","WT",7.07087757798041
"3811","WT",2.91682196541134
"3812","WT",9.68258996073165
"3813","WT",7.5897446428641
"3814","WT",0.389177515027786
"3815","WT",4.91556833631775
"3816","WT",6.09810906747064
"3817","WT",7.21935909421472
"3818","WT",4.52117018947179
"3819","WT",6.96976103772347
"3820","WT",5.05870655918813
"3821","WT",-0.706498846314313
"3822","WT",13.054245748767
"3823","WT",-1.14329675903669
"3824","WT",8.87617741988703
"3825","WT",6.04217284587169
"3826","WT",8.49609377564263
"3827","WT",6.32371543503855
"3828","WT",8.00139209919745
"3829","WT",5.04730818079994
"3830","WT",4.89418282580522
"3831","WT",0.257067205133855
"3832","WT",8.87981663379294
"3833","WT",11.4336508747276
"3834","WT",4.69438525665569
"3835","WT",4.39371950787984
"3836","WT",9.55568855574391
"3837","WT",6.49114961953472
"3838","WT",9.6917462585195
"3839","WT",4.44893647478275
"3840","WT",-0.0154526142556
"3841","WT",1.69563995192577
"3842","WT",6.53994471267988
"3843","WT",6.44381287723346
"3844","WT",11.2479270186805
"3845","WT",8.45878068931663
"3846","WT",4.08264016612873
"3847","WT",3.44418017583914
"3848","WT",0.941442694419316
"3849","WT",0.915404849908265
"3850","WT",6.66049561252843
"3851","WT",8.72552567360383
"3852","WT",4.28470053683061
"3853","WT",7.58989161489271
"3854","WT",5.43367749813281
"3855","WT",9.06391367992256
"3856","WT",2.20465000797627
"3857","WT",3.62239159952309
"3858","WT",6.89532152597233
"3859","WT",8.50034226094158
"3860","WT",4.19015045426563
"3861","WT",12.8810126399801
"3862","WT",11.2831927702064
"3863","WT",2.72775286262841
"3864","WT",2.57683236505524
"3865","WT",4.42042919033791
"3866","WT",1.30430241938014
"3867","WT",5.46619637414842
"3868","WT",4.50615501936541
"3869","WT",3.98005204546713
"3870","WT",5.68494714104444
"3871","WT",3.22663581585499
"3872","WT",9.5702879562913
"3873","WT",7.57472454266407
"3874","WT",7.00590021282279
"3875","WT",10.2218876417849
"3876","WT",3.05620643063885
"3877","WT",3.8662677808607
"3878","WT",5.19067688780305
"3879","WT",1.70133616172875
"3880","WT",8.00391317155753
"3881","WT",9.23971553377498
"3882","WT",6.10899963368916
"3883","WT",2.72092791233588
"3884","WT",3.61879679184916
"3885","WT",2.86829322958725
"3886","WT",2.76583479748936
"3887","WT",7.63819674360272
"3888","WT",7.92552930905137
"3889","WT",4.8197197312371
"3890","WT",6.81403524894284
"3891","WT",4.03528142847976
"3892","WT",7.6372117062593
"3893","WT",9.49433632501602
"3894","WT",9.39944390552309
"3895","WT",7.68030817211492
"3896","WT",8.89217624987307
"3897","WT",5.62964668895406
"3898","WT",1.01820424548741
"3899","WT",8.21248426314326
"3900","WT",2.19300081099928
"3901","WT",1.53408595971737
"3902","WT",8.37595824769439
"3903","WT",6.01289886646387
"3904","WT",4.65401367291908
"3905","WT",5.84909645448323
"3906","WT",1.98528633902044
"3907","WT",9.3519626535278
"3908","WT",8.90767250933359
"3909","WT",5.82529654786464
"3910","WT",-1.30793575000193
"3911","WT",10.5736202162336
"3912","WT",7.48294258161576
"3913","WT",2.41535569964297
"3914","WT",2.60404429148718
"3915","WT",5.37452270900704
"3916","WT",10.4344074000978
"3917","WT",5.76661840589616
"3918","WT",7.75954362348715
"3919","WT",11.0649694782725
"3920","WT",9.71763461855184
"3921","WT",7.67085538019274
"3922","WT",6.35928105278491
"3923","WT",9.4159182425931
"3924","WT",3.40614952432251
"3925","WT",2.37511034832831
"3926","WT",6.82216838278061
"3927","WT",2.99716560526867
"3928","WT",9.05879618583957
"3929","WT",8.40462798185582
"3930","WT",1.50981696258622
"3931","WT",4.95256494117049
"3932","WT",2.22930001309686
"3933","WT",13.0999745372141
"3934","WT",3.38682402706748
"3935","WT",4.51323657150057
"3936","WT",6.87048483017647
"3937","WT",10.1247697087374
"3938","WT",7.58827891822197
"3939","WT",3.48505942458633
"3940","WT",5.42193686001099
"3941","WT",8.30970687243882
"3942","WT",13.3244122325444
"3943","WT",9.55153126997453
"3944","WT",11.8109125050965
"3945","WT",1.99854669074159
"3946","WT",7.44352480276881
"3947","WT",10.4038928091184
"3948","WT",1.01057384455351
"3949","WT",4.69414838781233
"3950","WT",2.04675434445775
"3951","WT",9.38804615110117
"3952","WT",10.0500232928116
"3953","WT",2.58007713239826
"3954","WT",7.63526235438247
"3955","WT",7.21966018748165
"3956","WT",5.46264077305577
"3957","WT",4.62379584237779
"3958","WT",2.28722887818551
"3959","WT",8.54755550035146
"3960","WT",8.89816662774434
"3961","WT",8.83013469575182
"3962","WT",6.60833492473167
"3963","WT",4.07675672446526
"3964","WT",5.27166180941614
"3965","WT",3.82055769941662
"3966","WT",9.76774903295298
"3967","WT",8.16777240135123
"3968","WT",4.34501223010284
"3969","WT",3.76806139413431
"3970","WT",4.7557551619457
"3971","WT",5.52787460021842
"3972","WT",11.7670867060501
"3973","WT",4.24175309094012
"3974","WT",7.31389205827341
"3975","WT",6.5156519358537
"3976","WT",7.13706156131314
"3977","WT",-1.14151614264668
"3978","WT",-3.55498714185797
"3979","WT",7.61012673751185
"3980","WT",8.25971279445177
"3981","WT",4.94133336121357
"3982","WT",6.68484219112996
"3983","WT",6.74208467640266
"3984","WT",8.17690131872574
"3985","WT",10.524397979452
"3986","WT",7.8355304956891
"3987","WT",4.05767185788322
"3988","WT",7.16862273308731
"3989","WT",6.85662938418483
"3990","WT",5.07581796103903
"3991","WT",4.76641888599879
"3992","WT",5.31588483776753
"3993","WT",6.9846403968741
"3994","WT",8.82461813440948
"3995","WT",8.61375563173693
"3996","WT",8.47956898592924
"3997","WT",2.89944392698892
"3998","WT",-0.713916424510182
"3999","WT",4.95188932136245
"4000","WT",-1.43728036187806
"4001","WT",3.29514967769575
"4002","WT",5.601167933205
"4003","WT",4.04694125189237
"4004","WT",5.92957486921262
"4005","WT",7.01809035488348
"4006","WT",3.3653053148704
"4007","WT",5.49208717282247
"4008","WT",8.54514274618926
"4009","WT",-2.04640893609865
"4010","WT",4.93478841197245
"4011","WT",8.2958935903061
"4012","WT",1.91256094995754
"4013","WT",3.98417620799623
"4014","WT",8.13704628175976
"4015","WT",8.87348059319605
"4016","WT",0.588613467293509
"4017","WT",1.61941144286312
"4018","WT",3.90482337568504
"4019","WT",7.92956319927125
"4020","WT",5.63880427416426
"4021","WT",5.50963684699427
"4022","WT",5.60051715407949
"4023","WT",4.74159523965673
"4024","WT",2.92224909498955
"4025","WT",7.43097649350936
"4026","WT",6.87022721637335
"4027","WT",7.0338714409597
"4028","WT",3.94079832068312
"4029","WT",7.67534647477587
"4030","WT",9.70454854652064
"4031","WT",8.06856311958787
"4032","WT",8.7644988569685
"4033","WT",5.85609541971295
"4034","WT",11.1413142220374
"4035","WT",10.4106404262604
"4036","WT",4.20615689578965
"4037","WT",13.1775792963643
"4038","WT",5.1104982690023
"4039","WT",7.73912423248099
"4040","WT",4.19109255140358
"4041","WT",14.2952073280287
"4042","WT",5.09859973173827
"4043","WT",11.0009954676764
"4044","WT",4.41920795203655
"4045","WT",5.05021498566789
"4046","WT",2.49285929302365
"4047","WT",4.52025712252425
"4048","WT",4.98063610442254
"4049","WT",10.3884154301582
"4050","WT",2.83959633484756
"4051","WT",6.42650521495314
"4052","WT",4.82745729041645
"4053","WT",4.85292986365839
"4054","WT",6.0372335562169
"4055","WT",6.75175112910757
"4056","WT",1.77258747297501
"4057","WT",2.92489649700735
"4058","WT",8.92431869880744
"4059","WT",4.32058941969524
"4060","WT",8.61671808975929
"4061","WT",0.873943142901057
"4062","WT",2.06360911470371
"4063","WT",5.39264666626622
"4064","WT",3.5758763263755
"4065","WT",7.56069814417518
"4066","WT",9.23650348733067
"4067","WT",8.48679464624443
"4068","WT",9.28739480075552
"4069","WT",8.1358732185068
"4070","WT",2.34396663765242
"4071","WT",7.0103015472784
"4072","WT",3.80547583019671
"4073","WT",8.19200544866512
"4074","WT",5.87001771674262
"4075","WT",4.60908675387186
"4076","WT",5.59737987785512
"4077","WT",4.03158998145116
"4078","WT",7.92031720325056
"4079","WT",5.45676888596424
"4080","WT",4.72846918526704
"4081","WT",11.7078076734098
"4082","WT",5.70951801070339
"4083","WT",9.87842013553417
"4084","WT",10.6766500415803
"4085","WT",6.85031734762346
"4086","WT",7.02315084874271
"4087","WT",5.0450052644035
"4088","WT",3.44344194560401
"4089","WT",8.48257648291668
"4090","WT",10.0508895371675
"4091","WT",0.648064011599168
"4092","WT",11.0335500408271
"4093","WT",7.77706058310182
"4094","WT",5.70466862069784
"4095","WT",4.01334138200412
"4096","WT",3.20652593888498
"4097","WT",13.8555845988594
"4098","WT",9.59379550869731
"4099","WT",3.63755585479005
"4100","WT",4.84148699505314
"4101","WT",4.86037189163507
"4102","WT",9.45563139630418
"4103","WT",4.62126295829199
"4104","WT",3.95820498864887
"4105","WT",2.52527271622812
"4106","WT",1.12580116948533
"4107","WT",7.31257997625811
"4108","WT",8.16117405657944
"4109","WT",4.60741575940013
"4110","WT",-0.0643519149516338
"4111","WT",8.40610105410909
"4112","WT",1.63034189692612
"4113","WT",3.30155088510769
"4114","WT",5.94740438475258
"4115","WT",7.29980446465724
"4116","WT",11.6318672983275
"4117","WT",8.14520751031598
"4118","WT",7.48342705683221
"4119","WT",7.2057573240692
"4120","WT",2.50609563093515
"4121","WT",5.29149501659448
"4122","WT",10.5087692216397
"4123","WT",8.6173161455632
"4124","WT",3.73222999948418
"4125","WT",1.67807531812735
"4126","WT",5.70792882625448
"4127","WT",6.33568765144982
"4128","WT",6.38077827710461
"4129","WT",5.10267278883147
"4130","WT",8.55080062049765
"4131","WT",2.97682897321932
"4132","WT",2.80373642542995
"4133","WT",0.370901719188765
"4134","WT",4.41575721755619
"4135","WT",10.3484491270497
"4136","WT",4.60858254558253
"4137","WT",3.64495075101643
"4138","WT",11.9226294640521
"4139","WT",7.16916982158777
"4140","WT",4.34059677275198
"4141","WT",11.4652334526145
"4142","WT",10.0653548967792
"4143","WT",11.1687747710062
"4144","WT",10.719083013524
"4145","WT",6.37794981067607
"4146","WT",-0.114520061891613
"4147","WT",9.59727148039741
"4148","WT",2.17325565112976
"4149","WT",7.42215821926698
"4150","WT",8.04505625625342
"4151","WT",4.39785971573621
"4152","WT",11.4767972054109
"4153","WT",5.68612646076335
"4154","WT",5.90701042916133
"4155","WT",4.16054114440595
"4156","WT",1.74470861974418
"4157","WT",4.80873786030691
"4158","WT",6.43530478492065
"4159","WT",6.27774900612595
"4160","WT",7.13677562842714
"4161","WT",3.53579719547856
"4162","WT",9.61551782077856
"4163","WT",0.72590489815873
"4164","WT",2.81328134955565
"4165","WT",1.55900581149187
"4166","WT",9.01632332824034
"4167","WT",6.1188902543479
"4168","WT",10.2999233408376
"4169","WT",1.35265995715994
"4170","WT",3.78923881416818
"4171","WT",-0.758056424884527
"4172","WT",3.36706283059931
"4173","WT",7.67888489137915
"4174","WT",8.04599730789825
"4175","WT",4.85995075274893
"4176","WT",6.06532618621759
"4177","WT",1.37691344819996
"4178","WT",8.76760587309258
"4179","WT",7.7603805653605
"4180","WT",3.11987641584228
"4181","WT",1.51280715432954
"4182","WT",5.71326048890162
"4183","WT",3.88337745540523
"4184","WT",3.7371911809014
"4185","WT",4.89692159325554
"4186","WT",3.66733171366951
"4187","WT",-0.230612313559993
"4188","WT",5.34076503761278
"4189","WT",7.64565527581812
"4190","WT",6.98441070427095
"4191","WT",5.26435027675565
"4192","WT",1.97159102050529
"4193","WT",9.60289246076672
"4194","WT",6.02280439019912
"4195","WT",-0.826643212818466
"4196","WT",9.60496417106238
"4197","WT",6.18841533153096
"4198","WT",6.60986751732277
"4199","WT",8.83106145964347
"4200","WT",6.53888120010922
"4201","WT",10.0260637946823
"4202","WT",7.66616501452837
"4203","WT",6.27584870802296
"4204","WT",4.78093142022516
"4205","WT",7.18392436779088
"4206","WT",9.97688485855074
"4207","WT",0.742399138610028
"4208","WT",5.55048498487626
"4209","WT",0.832019820086293
"4210","WT",6.06489486152266
"4211","WT",8.22982678362371
"4212","WT",6.80191031548295
"4213","WT",5.87226286069902
"4214","WT",6.28737927404049
"4215","WT",2.81200871321426
"4216","WT",5.34380909568779
"4217","WT",9.03861818593033
"4218","WT",5.50082339158328
"4219","WT",7.98106922026646
"4220","WT",3.27635570050542
"4221","WT",-0.689019734401076
"4222","WT",7.5641015948086
"4223","WT",3.78679460804112
"4224","WT",4.8774533434509
"4225","WT",5.89568910549218
"4226","WT",7.13038537757636
"4227","WT",4.96838783830515
"4228","WT",9.83584899819267
"4229","WT",7.62062658214981
"4230","WT",5.79099299621566
"4231","WT",6.08412077532053
"4232","WT",2.6810908150588
"4233","WT",3.67715978058157
"4234","WT",6.22543988314061
"4235","WT",8.08276073446655
"4236","WT",6.033442495326
"4237","WT",11.7172344930693
"4238","WT",0.931129511024654
"4239","WT",2.16226116864236
"4240","WT",10.642929571392
"4241","WT",5.54756275380612
"4242","WT",3.25726633916499
"4243","WT",5.34161689727861
"4244","WT",4.83801053374276
"4245","WT",4.06310729858953
"4246","WT",9.51928911039013
"4247","WT",8.92026260624326
"4248","WT",8.16655725951419
"4249","WT",5.26002526538367
"4250","WT",10.7962623438521
"4251","WT",8.6332968216616
"4252","WT",11.298386333537
"4253","WT",3.59923480379629
"4254","WT",4.13851644193941
"4255","WT",2.77458815374766
"4256","WT",5.5035739261125
"4257","WT",4.07024239288843
"4258","WT",6.01213578897009
"4259","WT",4.0199374918341
"4260","WT",2.04635758878833
"4261","WT",-0.777441144563154
"4262","WT",5.83081067625085
"4263","WT",4.61817577654801
"4264","WT",-0.613797543452669
"4265","WT",4.23361528646295
"4266","WT",7.97854738806315
"4267","WT",5.1039229027548
"4268","WT",4.68701659549903
"4269","WT",5.77546060698876
"4270","WT",4.42968084193343
"4271","WT",5.21451746173847
"4272","WT",4.67490976489195
"4273","WT",7.29938153819738
"4274","WT",3.78769114313226
"4275","WT",6.8075836625726
"4276","WT",7.23701440439585
"4277","WT",5.36984631018798
"4278","WT",7.48916330392656
"4279","WT",5.91400760822865
"4280","WT",1.77987757415393
"4281","WT",2.20070338417049
"4282","WT",-0.654846306452771
"4283","WT",3.51699894463478
"4284","WT",3.30316162656399
"4285","WT",5.27219716636326
"4286","WT",9.29451138840966
"4287","WT",0.270844351661486
"4288","WT",7.91405921119481
"4289","WT",3.26812487136863
"4290","WT",3.39429433023962
"4291","WT",6.42445192985687
"4292","WT",8.12202820084012
"4293","WT",9.4632541939235
"4294","WT",7.79612037734867
"4295","WT",9.30748548791824
"4296","WT",6.83531751090685
"4297","WT",3.02850291251357
"4298","WT",7.6280209065842
"4299","WT",9.84272306181142
"4300","WT",4.79368267531815
"4301","WT",2.259588419789
"4302","WT",6.01000999356715
"4303","WT",8.1903521905689
"4304","WT",2.34051797716048
"4305","WT",5.81351168519694
"4306","WT",1.91676160788711
"4307","WT",9.47546131252756
"4308","WT",7.50966896165762
"4309","WT",4.77573169661116
"4310","WT",8.48070529241364
"4311","WT",9.05077194639446
"4312","WT",6.39161400887988
"4313","WT",2.0726907027253
"4314","WT",8.49572970206542
"4315","WT",7.16171494720526
"4316","WT",9.03743274499891
"4317","WT",1.71260244464891
"4318","WT",6.07933201434967
"4319","WT",7.46120903662997
"4320","WT",7.57502541407125
"4321","WT",5.47719558576425
"4322","WT",7.54496642396177
"4323","WT",5.81548311439761
"4324","WT",5.95990844661181
"4325","WT",4.88993084330539
"4326","WT",9.61363590822485
"4327","WT",8.08111210268129
"4328","WT",11.3467711507315
"4329","WT",10.0931494136155
"4330","WT",4.16021022534279
"4331","WT",8.17067183497272
"4332","WT",8.93647216606862
"4333","WT",6.36902001387191
"4334","WT",3.55425694754556
"4335","WT",-0.164327742606353
"4336","WT",6.0701289593771
"4337","WT",3.73216800469613
"4338","WT",4.88107713274527
"4339","WT",9.37580053226566
"4340","WT",10.1842392982285
"4341","WT",2.45513892590574
"4342","WT",4.90250867456303
"4343","WT",3.199587139691
"4344","WT",5.11507546635013
"4345","WT",13.6508376043801
"4346","WT",5.78459233072627
"4347","WT",3.98415292328929
"4348","WT",11.0642007741324
"4349","WT",5.98285154606172
"4350","WT",0.823903571487612
"4351","WT",8.45832021064035
"4352","WT",2.64340949591508
"4353","WT",8.20507409794713
"4354","WT",6.70773196033624
"4355","WT",11.2692707774912
"4356","WT",4.08125245944291
"4357","WT",0.396863678982717
"4358","WT",16.1025015163254
"4359","WT",3.68610548191088
"4360","WT",5.26457797577079
"4361","WT",8.02775758675137
"4362","WT",1.60943234896711
"4363","WT",1.57531444927785
"4364","WT",3.37371303679211
"4365","WT",2.60549894408016
"4366","WT",4.35585042869758
"4367","WT",8.43716112491521
"4368","WT",8.14929107987339
"4369","WT",4.70116786138385
"4370","WT",3.88748638765237
"4371","WT",4.38049204472699
"4372","WT",5.14685229356009
"4373","WT",-0.743893762105953
"4374","WT",0.134396178805984
"4375","WT",7.4738554159502
"4376","WT",8.69626743399717
"4377","WT",10.1442264618369
"4378","WT",8.66910270017033
"4379","WT",-0.395561469859352
"4380","WT",7.63950099052775
"4381","WT",6.46023465790238
"4382","WT",4.15327788669056
"4383","WT",7.53599168380915
"4384","WT",1.62694335794199
"4385","WT",4.50235071997827
"4386","WT",5.52414524393122
"4387","WT",6.57509558170005
"4388","WT",1.29087479412964
"4389","WT",0.991367981936927
"4390","WT",0.261903559340618
"4391","WT",0.00851855842369709
"4392","WT",8.46463789664529
"4393","WT",8.60020040631681
"4394","WT",6.25019497609314
"4395","WT",6.98646276532879
"4396","WT",0.797509235074806
"4397","WT",7.82911035294949
"4398","WT",6.68486442374231
"4399","WT",7.74885415706029
"4400","WT",1.94151140534282
"4401","WT",4.19582019121365
"4402","WT",4.81262757085877
"4403","WT",5.01091908245592
"4404","WT",3.02751897355818
"4405","WT",6.07168072397248
"4406","WT",9.1278782477798
"4407","WT",9.20300163124862
"4408","WT",5.38292796858642
"4409","WT",7.41451240336001
"4410","WT",9.16162668478705
"4411","WT",2.94623857645929
"4412","WT",6.06329136375556
"4413","WT",5.08232746371824
"4414","WT",7.97457006191731
"4415","WT",8.29547345754498
"4416","WT",6.67477797581435
"4417","WT",7.06172616821383
"4418","WT",5.28954643885983
"4419","WT",7.58695505888578
"4420","WT",13.2489944134555
"4421","WT",10.6329877289392
"4422","WT",3.07825504401579
"4423","WT",7.85144963432965
"4424","WT",7.62720592331393
"4425","WT",5.87871873176171
"4426","WT",7.63605093439689
"4427","WT",6.14526728039797
"4428","WT",7.78685652210945
"4429","WT",1.19846675969036
"4430","WT",6.47414099825818
"4431","WT",2.72135468123649
"4432","WT",10.9790400146761
"4433","WT",8.64657774196895
"4434","WT",3.44967426211443
"4435","WT",8.45584927073201
"4436","WT",4.55800235769858
"4437","WT",9.70166990887836
"4438","WT",5.38668509825401
"4439","WT",7.97614211363603
"4440","WT",1.85740744830624
"4441","WT",0.881339863604555
"4442","WT",4.51283683193888
"4443","WT",3.31844620101977
"4444","WT",6.39456476760425
"4445","WT",3.93207394337001
"4446","WT",7.13585140267275
"4447","WT",3.89204088294123
"4448","WT",7.08206218718958
"4449","WT",4.83099885398777
"4450","WT",4.58804404834494
"4451","WT",7.22895538494789
"4452","WT",6.93413432325317
"4453","WT",4.37641021693283
"4454","WT",4.72790019747663
"4455","WT",9.48913907763507
"4456","WT",12.9861486324103
"4457","WT",4.04466906759759
"4458","WT",-0.0762740621869096
"4459","WT",1.99999935488599
"4460","WT",4.61131691093853
"4461","WT",6.85729965302235
"4462","WT",4.59771935264775
"4463","WT",4.9307940199065
"4464","WT",4.87457326469547
"4465","WT",4.28956352043953
"4466","WT",6.19893692844553
"4467","WT",6.89994407446892
"4468","WT",7.44556789169625
"4469","WT",7.498857852078
"4470","WT",6.88980650674171
"4471","WT",8.15840498074193
"4472","WT",11.9386711132218
"4473","WT",8.99516954206256
"4474","WT",1.93561552104051
"4475","WT",6.35849527330748
"4476","WT",8.82165573686795
"4477","WT",5.36932539972095
"4478","WT",8.63786507100979
"4479","WT",1.60931954968874
"4480","WT",-0.57328119161742
"4481","WT",6.90220144721868
"4482","WT",4.61276902307638
"4483","WT",5.59080687323538
"4484","WT",4.90383773828767
"4485","WT",12.1999975425611
"4486","WT",7.10618218041213
"4487","WT",7.99858600644029
"4488","WT",2.87349488157401
"4489","WT",3.86898924593871
"4490","WT",4.2295081746349
"4491","WT",6.79459955299435
"4492","WT",7.60537377372019
"4493","WT",-0.215001671337042
"4494","WT",6.75249925507346
"4495","WT",3.3204181833538
"4496","WT",6.34619829299966
"4497","WT",1.14107336863512
"4498","WT",7.223832200884
"4499","WT",1.01453013580054
"4500","WT",11.3780114533421
"4501","WT",6.83848877494922
"4502","WT",8.68681150457194
"4503","WT",5.80979909447474
"4504","WT",5.40840534534712
"4505","WT",12.7229202838793
"4506","WT",5.70858319972456
"4507","WT",1.93546867250683
"4508","WT",6.74122122191628
"4509","WT",7.8656428501308
"4510","WT",5.21748937962503
"4511","WT",5.57547682657407
"4512","WT",5.54879663406693
"4513","WT",-3.31015945513168
"4514","WT",5.42801820104239
"4515","WT",1.45259444842906
"4516","WT",7.01156493911259
"4517","WT",8.59477378820054
"4518","WT",5.96535377595196
"4519","WT",7.08492794513115
"4520","WT",8.9523506849569
"4521","WT",8.85698990464222
"4522","WT",9.77445846019186
"4523","WT",3.78148326674669
"4524","WT",-0.214026637038354
"4525","WT",9.27381601031349
"4526","WT",8.65267869726642
"4527","WT",1.96517687822076
"4528","WT",7.055004675294
"4529","WT",6.42817475233784
"4530","WT",-2.47012174878705
"4531","WT",1.51467237417141
"4532","WT",0.285562591198707
"4533","WT",2.90594061444022
"4534","WT",5.90620761850905
"4535","WT",6.73960281500136
"4536","WT",12.0810407750882
"4537","WT",7.74674791581629
"4538","WT",7.11703633672934
"4539","WT",7.22192274428124
"4540","WT",10.124034674549
"4541","WT",8.8165914187979
"4542","WT",6.10667968598984
"4543","WT",14.3771996762653
"4544","WT",8.9116341261678
"4545","WT",10.1694718414402
"4546","WT",8.53718634846458
"4547","WT",9.29397928162984
"4548","WT",7.84423260984381
"4549","WT",5.73793197963226
"4550","WT",6.61576097222742
"4551","WT",12.4795114700409
"4552","WT",6.9669601014891
"4553","WT",6.39725382165453
"4554","WT",5.47470008513669
"4555","WT",8.18464651059678
"4556","WT",5.33576188319333
"4557","WT",-0.221781136114133
"4558","WT",9.97912682617618
"4559","WT",2.97507722960771
"4560","WT",3.89629582160042
"4561","WT",5.7073114504532
"4562","WT",9.01399964581596
"4563","WT",5.23465675675726
"4564","WT",7.57425358263215
"4565","WT",4.96163979263266
"4566","WT",2.3851231071784
"4567","WT",5.77708651650316
"4568","WT",4.34943228032017
"4569","WT",10.5252841659394
"4570","WT",6.08713190428483
"4571","WT",7.20963111993857
"4572","WT",3.91138246256501
"4573","WT",-0.809647696982453
"4574","WT",9.94212487577607
"4575","WT",5.96847767182987
"4576","WT",1.32381351334587
"4577","WT",9.4225486691658
"4578","WT",0.459074626220492
"4579","WT",4.94586397841563
"4580","WT",5.05427344361792
"4581","WT",3.96804968822656
"4582","WT",4.29688821628234
"4583","WT",14.0357272693759
"4584","WT",5.4220921667661
"4585","WT",7.6542683457635
"4586","WT",10.9947242440966
"4587","WT",5.7617684231474
"4588","WT",9.9230269695474
"4589","WT",8.62753956437136
"4590","WT",0.554551012164149
"4591","WT",3.03510880681688
"4592","WT",10.1108708542829
"4593","WT",4.79934767128083
"4594","WT",10.6806196549254
"4595","WT",4.86773142531588
"4596","WT",5.35809269514494
"4597","WT",0.538987050300806
"4598","WT",10.0111553088265
"4599","WT",9.43373517781261
"4600","WT",6.00104724323634
"4601","WT",0.631859018660502
"4602","WT",6.86229943928043
"4603","WT",9.44895111388957
"4604","WT",5.77125290708038
"4605","WT",5.91043388481656
"4606","WT",7.62565134666447
"4607","WT",4.92573365127983
"4608","WT",3.82805145914616
"4609","WT",8.03107832923797
"4610","WT",4.26294882020079
"4611","WT",8.50819775636904
"4612","WT",5.89811205542714
"4613","WT",4.45121743431727
"4614","WT",5.01762677370064
"4615","WT",4.16791836192586
"4616","WT",3.71825117434826
"4617","WT",2.37896037521518
"4618","WT",6.74591727105643
"4619","WT",7.66517694205684
"4620","WT",2.71848488908118
"4621","WT",9.54960437328506
"4622","WT",9.69668399691525
"4623","WT",8.41265637735765
"4624","WT",7.68421849308059
"4625","WT",5.92546981249001
"4626","WT",8.63290280513561
"4627","WT",6.85393105676827
"4628","WT",5.84044318033066
"4629","WT",4.19179576615537
"4630","WT",4.15063390971013
"4631","WT",8.93242152247221
"4632","WT",4.40025527670604
"4633","WT",5.30585992981327
"4634","WT",-1.26732976247485
"4635","WT",7.42159519299765
"4636","WT",10.6382379912224
"4637","WT",5.62369885615913
"4638","WT",1.92423370358878
"4639","WT",7.19938784519902
"4640","WT",5.57114618268623
"4641","WT",4.38269268914813
"4642","WT",6.29068599785776
"4643","WT",13.5943484234006
"4644","WT",5.19311374995149
"4645","WT",5.88180655449408
"4646","WT",6.20806318655363
"4647","WT",-0.633787628544426
"4648","WT",9.31011037343833
"4649","WT",5.95971398632701
"4650","WT",7.18544926279775
"4651","WT",9.7417196261811
"4652","WT",5.24563075971997
"4653","WT",9.22037207659699
"4654","WT",6.35365825913206
"4655","WT",4.11609895804996
"4656","WT",1.26001115533991
"4657","WT",9.17875087787087
"4658","WT",9.95285842840823
"4659","WT",7.72715702572825
"4660","WT",9.61619341377571
"4661","WT",5.072053128221
"4662","WT",6.95553734498163
"4663","WT",7.28025452515377
"4664","WT",6.72514353895911
"4665","WT",5.16803291449831
"4666","WT",9.74275589994637
"4667","WT",5.52783797440221
"4668","WT",4.89434053971813
"4669","WT",8.12756312885574
"4670","WT",5.45086192238376
"4671","WT",4.47607946589156
"4672","WT",1.54764962859125
"4673","WT",4.76914499711293
"4674","WT",10.0483675903732
"4675","WT",1.32325201721674
"4676","WT",7.8762635941935
"4677","WT",9.79722678141282
"4678","WT",6.66699653005817
"4679","WT",6.39161664421281
"4680","WT",8.47412815496017
"4681","WT",7.90555001755402
"4682","WT",7.62292694461138
"4683","WT",4.32639074766147
"4684","WT",3.82865255315223
"4685","WT",7.29643033934431
"4686","WT",2.34805508031988
"4687","WT",3.50356584289556
"4688","WT",3.10632220127333
"4689","WT",4.24778380282638
"4690","WT",4.60895857236766
"4691","WT",5.09825789445595
"4692","WT",3.09724433818668
"4693","WT",8.96031207337708
"4694","WT",10.0249900989787
"4695","WT",8.12078618378933
"4696","WT",7.32790700696125
"4697","WT",7.3924921809854
"4698","WT",8.77032547308735
"4699","WT",2.28429343448073
"4700","WT",5.25989202386246
"4701","WT",5.75150423709929
"4702","WT",3.89085969864745
"4703","WT",10.3276776241738
"4704","WT",4.19345114264657
"4705","WT",6.32047989884119
"4706","WT",5.65857599324837
"4707","WT",6.23990984874472
"4708","WT",7.91481466018501
"4709","WT",5.37668502398422
"4710","WT",8.07168820897594
"4711","WT",8.21656421493416
"4712","WT",6.19040886401364
"4713","WT",3.91061828554013
"4714","WT",9.27561863997392
"4715","WT",4.34136189165903
"4716","WT",3.66037947860863
"4717","WT",0.385224095553184
"4718","WT",10.5989947473834
"4719","WT",2.917697206126
"4720","WT",5.71573481937646
"4721","WT",4.26828068021498
"4722","WT",11.1503002545681
"4723","WT",7.39760965948541
"4724","WT",2.51677451924242
"4725","WT",6.02723115387705
"4726","WT",11.9317925998378
"4727","WT",2.04232857247164
"4728","WT",3.71033994015168
"4729","WT",6.53833216928141
"4730","WT",5.24441832988726
"4731","WT",5.17911967735153
"4732","WT",10.671222117047
"4733","WT",6.12784293940847
"4734","WT",5.93862234052262
"4735","WT",1.43317837238202
"4736","WT",5.38143551453806
"4737","WT",11.9224063436345
"4738","WT",7.66995047170256
"4739","WT",6.14080701609242
"4740","WT",9.49254427680686
"4741","WT",7.34591741700397
"4742","WT",4.77847705903595
"4743","WT",7.75465328890109
"4744","WT",4.443334244458
"4745","WT",8.45056483704567
"4746","WT",5.94854372407831
"4747","WT",11.6958456677376
"4748","WT",-1.77082676230972
"4749","WT",4.09993417921782
"4750","WT",4.69712932184011
"4751","WT",5.46397547885049
"4752","WT",4.64548913221996
"4753","WT",6.79655866576599
"4754","WT",7.2935572788044
"4755","WT",9.28977910414745
"4756","WT",5.9384234589114
"4757","WT",5.94153162461541
"4758","WT",0.383850314634573
"4759","WT",7.68754308361809
"4760","WT",7.33083837495271
"4761","WT",0.563076293592773
"4762","WT",7.17575899430646
"4763","WT",3.50107793717082
"4764","WT",4.21061521241589
"4765","WT",5.10173877363197
"4766","WT",0.539518155817348
"4767","WT",1.98302917284168
"4768","WT",5.22015467758057
"4769","WT",9.15213038936696
"4770","WT",1.70517841762775
"4771","WT",6.28678586794418
"4772","WT",5.48916803567053
"4773","WT",5.64342125095229
"4774","WT",6.57080294892236
"4775","WT",6.97249187662933
"4776","WT",8.51680420031289
"4777","WT",5.9919323782715
"4778","WT",7.35612420795661
"4779","WT",8.96851006793371
"4780","WT",5.1949064888208
"4781","WT",7.71711184817685
"4782","WT",2.19501258056788
"4783","WT",9.34771592582836
"4784","WT",5.38318772558291
"4785","WT",5.32740667885038
"4786","WT",8.39692287608941
"4787","WT",7.17480701319417
"4788","WT",4.80061120459396
"4789","WT",8.27052922361602
"4790","WT",3.74080081063807
"4791","WT",2.31480699456103
"4792","WT",6.55031019739911
"4793","WT",0.205235916047198
"4794","WT",3.51800114553825
"4795","WT",5.38817561967062
"4796","WT",1.5696209495962
"4797","WT",5.28881078344914
"4798","WT",5.33240529263008
"4799","WT",3.38758211336666
"4800","WT",9.72625652504573
"4801","WT",0.132633429325662
"4802","WT",5.68791897026352
"4803","WT",7.14546209665309
"4804","WT",3.7576535572184
"4805","WT",9.15450360287202
"4806","WT",11.2296856541376
"4807","WT",6.26659135063155
"4808","WT",6.01419870095035
"4809","WT",6.22030932335861
"4810","WT",4.96838822667409
"4811","WT",9.18113565902571
"4812","WT",4.8170515948652
"4813","WT",3.30536623326318
"4814","WT",5.36432011213733
"4815","WT",2.36179756281391
"4816","WT",3.95867758108215
"4817","WT",1.56505906086738
"4818","WT",2.34867879071969
"4819","WT",6.50199842165128
"4820","WT",6.29393259186272
"4821","WT",6.39970107578739
"4822","WT",9.85388206732125
"4823","WT",6.52432653839329
"4824","WT",6.10780443044173
"4825","WT",10.7430395379578
"4826","WT",3.35056877585478
"4827","WT",4.2510275995561
"4828","WT",12.5693732191233
"4829","WT",7.90539682094804
"4830","WT",4.6939315563449
"4831","WT",1.63081851458493
"4832","WT",4.19301379115817
"4833","WT",7.41434697799299
"4834","WT",8.82360209192945
"4835","WT",6.57534343535703
"4836","WT",10.2300271206309
"4837","WT",4.43379451877558
"4838","WT",2.5028103465791
"4839","WT",5.50769792035532
"4840","WT",9.78495096172229
"4841","WT",3.98697572076622
"4842","WT",8.58610482325683
"4843","WT",5.24960809397877
"4844","WT",7.3586276717268
"4845","WT",5.63981064191584
"4846","WT",3.40769340434029
"4847","WT",5.57844708958421
"4848","WT",7.98540039326655
"4849","WT",-0.338038497072309
"4850","WT",6.94417892448137
"4851","WT",8.51065373307529
"4852","WT",6.56375195259074
"4853","WT",10.1398735695087
"4854","WT",3.83741880545547
"4855","WT",9.87412482990869
"4856","WT",6.02230709570293
"4857","WT",6.9274886001451
"4858","WT",1.98053739637584
"4859","WT",7.35335026422745
"4860","WT",7.56479425164386
"4861","WT",4.86241403634045
"4862","WT",10.6988957683096
"4863","WT",5.03085638903094
"4864","WT",8.28187115930542
"4865","WT",5.39033311422697
"4866","WT",2.91209140697138
"4867","WT",5.13142114506357
"4868","WT",0.744221583244886
"4869","WT",8.35167725765298
"4870","WT",6.68455636835251
"4871","WT",12.0205951322291
"4872","WT",5.54250985083458
"4873","WT",5.50134043963892
"4874","WT",7.6595167467934
"4875","WT",4.63532677872263
"4876","WT",7.23458679576731
"4877","WT",10.4119021087177
"4878","WT",5.11112819120998
"4879","WT",6.75149895703133
"4880","WT",3.17261354938429
"4881","WT",5.00300901264962
"4882","WT",6.46168113480776
"4883","WT",5.15293840034601
"4884","WT",8.87504470790765
"4885","WT",13.3194538646056
"4886","WT",10.1769732848832
"4887","WT",11.4126385553416
"4888","WT",6.49147007917718
"4889","WT",2.28235898386409
"4890","WT",5.10610447095067
"4891","WT",8.00019299119124
"4892","WT",8.89165248412487
"4893","WT",6.7616341826664
"4894","WT",4.11236378913404
"4895","WT",4.29237843146696
"4896","WT",9.51541214376238
"4897","WT",5.1022849020176
"4898","WT",7.574533026293
"4899","WT",8.45160590121947
"4900","WT",1.45676446432542
"4901","WT",8.60294663570945
"4902","WT",8.11546186678849
"4903","WT",10.7666259286442
"4904","WT",3.02368161937035
"4905","WT",6.49182943765231
"4906","WT",8.15155298837816
"4907","WT",12.3225537182039
"4908","WT",8.04369475692867
"4909","WT",3.95113754380138
"4910","WT",4.90620454518145
"4911","WT",4.2455364027728
"4912","WT",2.26036476656083
"4913","WT",6.77705066831933
"4914","WT",8.44426702404856
"4915","WT",8.29518923749488
"4916","WT",8.00853407009653
"4917","WT",6.30329191601639
"4918","WT",8.04724683216474
"4919","WT",7.84335026486253
"4920","WT",8.54621401027972
"4921","WT",1.28746277484077
"4922","WT",4.99700472729462
"4923","WT",6.48560392181156
"4924","WT",4.28464066480389
"4925","WT",1.32675902080639
"4926","WT",5.50484360726662
"4927","WT",7.72584397796537
"4928","WT",5.50237145410816
"4929","WT",10.1729682379679
"4930","WT",4.76579168606104
"4931","WT",9.14310360513003
"4932","WT",10.9252611450922
"4933","WT",3.74439299670454
"4934","WT",3.55936852786351
"4935","WT",4.82660218767924
"4936","WT",10.5473484653922
"4937","WT",7.74586494471005
"4938","WT",8.40866279041977
"4939","WT",6.30898802668333
"4940","WT",7.27394933267108
"4941","WT",7.2942299213755
"4942","WT",5.38210495217116
"4943","WT",3.34014772774694
"4944","WT",12.0964610534283
"4945","WT",9.98119272842291
"4946","WT",9.04186429028197
"4947","WT",6.06254087125937
"4948","WT",-2.69351629676606
"4949","WT",4.4329123419383
"4950","WT",9.14230307429719
"4951","WT",5.85454541523672
"4952","WT",8.24567537114412
"4953","WT",6.71897953691481
"4954","WT",8.37112779968399
"4955","WT",4.0991590868536
"4956","WT",3.54795937902816
"4957","WT",2.2013887867889
"4958","WT",9.21077088300918
"4959","WT",5.77606227333955
"4960","WT",3.45731017015586
"4961","WT",8.77180759654103
"4962","WT",6.5068552793563
"4963","WT",5.57521461601242
"4964","WT",5.93025528803147
"4965","WT",5.94687977450565
"4966","WT",11.4868980497514
"4967","WT",6.46363017640609
"4968","WT",6.95966827207478
"4969","WT",2.31396029590161
"4970","WT",6.50606499365215
"4971","WT",13.9347444842418
"4972","WT",7.0142629457859
"4973","WT",0.694497711010314
"4974","WT",6.81562250828954
"4975","WT",9.37770999578528
"4976","WT",9.94819500389267
"4977","WT",9.35280761910094
"4978","WT",-0.370263290808392
"4979","WT",7.29857352769918
"4980","WT",7.3900558354944
"4981","WT",5.23018613599918
"4982","WT",8.85624103906023
"4983","WT",7.61831774100929
"4984","WT",3.19080979110424
"4985","WT",5.40912711618476
"4986","WT",1.12316797418778
"4987","WT",5.46955172067232
"4988","WT",7.55797140419354
"4989","WT",8.24672934067631
"4990","WT",3.86171252793678
"4991","WT",4.53291662176776
"4992","WT",2.18239476850338
"4993","WT",9.50865745316753
"4994","WT",4.61051157314435
"4995","WT",6.13650535669854
"4996","WT",4.12708296880372
"4997","WT",6.31337958738092
"4998","WT",8.22556985019793
"4999","WT",10.0691365992062
"5000","WT",5.35638010126012
"5001","WT",12.2331478321339
"5002","WT",9.56982571095426
"5003","WT",4.2620592384918
"5004","WT",5.6482964965386
"5005","WT",4.45036573665766
"5006","WT",6.65260567813846
"5007","WT",1.51561080615881
"5008","WT",3.85759829859657
"5009","WT",4.48865710041603
"5010","WT",5.98659137716155
"5011","WT",7.99593317816001
"5012","WT",8.07853653202317
"5013","WT",1.81697226469389
"5014","WT",5.89444222625306
"5015","WT",5.09425864513383
"5016","WT",4.21532212072768
"5017","WT",6.13412683144059
"5018","WT",4.66779392519442
"5019","WT",7.21044542886347
"5020","WT",-0.00625860956837521
"5021","WT",3.55480789503073
"5022","WT",1.49989928982028
"5023","WT",5.10348566699013
"5024","WT",2.56862927196606
"5025","WT",7.18305985878132
"5026","WT",3.55044966630263
"5027","WT",0.569260958366333
"5028","WT",7.57428933336314
"5029","WT",6.66764326960438
"5030","WT",2.10010741031884
"5031","WT",2.18567280451088
"5032","WT",9.36220801601528
"5033","WT",-0.516720444832719
"5034","WT",1.00509975275089
"5035","WT",12.0439349555419
"5036","WT",6.50173610828342
"5037","WT",6.29384768523378
"5038","WT",0.517419112128628
"5039","WT",5.73589667453119
"5040","WT",9.43097873944781
"5041","WT",10.8603904330376
"5042","WT",9.10544544494766
"5043","WT",4.18001621069469
"5044","WT",2.43133260809968
"5045","WT",1.68419194752076
"5046","WT",3.66832888505754
"5047","WT",8.48879984834014
"5048","WT",8.67057626074607
"5049","WT",6.63219065294214
"5050","WT",8.83500516151847
"5051","WT",5.88623608060035
"5052","WT",10.0120396469456
"5053","WT",9.33003014601969
"5054","WT",3.50292280246387
"5055","WT",9.18366497481322
"5056","WT",4.17372174629452
"5057","WT",7.42638765042809
"5058","WT",12.7255069328887
"5059","WT",0.550777465564851
"5060","WT",6.91607730427218
"5061","WT",3.96396192098941
"5062","WT",9.34566422875818
"5063","WT",7.08458028001442
"5064","WT",4.09456016989421
"5065","WT",3.90578176750744
"5066","WT",11.7249273558601
"5067","WT",5.17735911547995
"5068","WT",8.52011892964028
"5069","WT",6.89371302888017
"5070","WT",8.11365503754465
"5071","WT",10.823501036234
"5072","WT",5.46469635891375
"5073","WT",9.19413527798251
"5074","WT",3.06556504246229
"5075","WT",1.78872082424522
"5076","WT",8.87605114862655
"5077","WT",2.01120592157566
"5078","WT",1.24162572183908
"5079","WT",5.03868882303202
"5080","WT",8.11545322862672
"5081","WT",7.96087046822756
"5082","WT",4.11251084613968
"5083","WT",6.0272672685367
"5084","WT",6.47275154595082
"5085","WT",9.40174791737162
"5086","WT",6.15038236124741
"5087","WT",8.33563794589774
"5088","WT",4.95619828518081
"5089","WT",0.408540000443447
"5090","WT",3.2608318479311
"5091","WT",5.03356473773255
"5092","WT",5.45292241353061
"5093","WT",2.7252113045777
"5094","WT",4.80646412158918
"5095","WT",1.96345198419138
"5096","WT",8.48564952744697
"5097","WT",8.26523044680475
"5098","WT",7.9053272124082
"5099","WT",11.0374647435629
"5100","WT",5.3273622294204
"5101","WT",0.420927455342128
"5102","WT",5.69400444311251
"5103","WT",3.56711302381359
"5104","WT",8.65614869328067
"5105","WT",6.92380787322334
"5106","WT",2.95732743257361
"5107","WT",2.99483898581214
"5108","WT",4.80825662157184
"5109","WT",7.18785147822977
"5110","WT",8.96720116321551
"5111","WT",7.43927826856967
"5112","WT",8.7714548081886
"5113","WT",6.83029052155484
"5114","WT",1.48443996993826
"5115","WT",11.3128009193447
"5116","WT",6.83871399291895
"5117","WT",5.65507205738886
"5118","WT",3.70731196265219
"5119","WT",4.87341324060888
"5120","WT",5.06672240592337
"5121","WT",5.5441500745238
"5122","WT",6.60754563799991
"5123","WT",6.08248120811184
"5124","WT",3.94389458942789
"5125","WT",1.50107867238435
"5126","WT",7.88679199382996
"5127","WT",3.04975237235502
"5128","WT",5.36658750947689
"5129","WT",4.99325058507247
"5130","WT",3.99573446226062
"5131","WT",5.6989778189634
"5132","WT",6.23031217927609
"5133","WT",10.5692463195603
"5134","WT",2.49704999221936
"5135","WT",4.91738711046122
"5136","WT",5.28633870797399
"5137","WT",1.89087346978075
"5138","WT",3.29410059257721
"5139","WT",8.83411725072666
"5140","WT",13.5930331371988
"5141","WT",3.06239796235867
"5142","WT",6.35432140080492
"5143","WT",-0.574641999245468
"5144","WT",5.41037262198647
"5145","WT",6.52354075839303
"5146","WT",5.55193100607869
"5147","WT",2.69956113953495
"5148","WT",4.97061351973885
"5149","WT",11.8527513836267
"5150","WT",4.59804302173561
"5151","WT",-0.844821605294056
"5152","WT",6.86021337187359
"5153","WT",10.4623541650965
"5154","WT",3.81035312336714
"5155","WT",9.54261335653665
"5156","WT",0.258979912160352
"5157","WT",2.15168636503259
"5158","WT",3.68645172609756
"5159","WT",9.46049290346638
"5160","WT",3.13277944265756
"5161","WT",3.34039485080413
"5162","WT",7.23051083665479
"5163","WT",5.82639387015482
"5164","WT",6.41923885679566
"5165","WT",5.48655387562311
"5166","Gain",2.35602109160877
"5167","Gain",4.52203067941052
"5168","Gain",4.9891469899496
"5169","Gain",3.81589247551891
"5170","Gain",6.4798355321919
"5171","Gain",6.2599510765633
"5172","Gain",1.0662520675992
"5173","Gain",-1.87425985217182
"5174","Gain",1.60044674068866
"5175","Gain",9.60086042491248
"5176","Gain",3.74057686271114
"5177","Gain",1.66635716819447
"5178","Gain",2.64698692385644
"5179","Gain",4.22802138008961
"5180","Gain",-4.42587909563795
"5181","Gain",9.97616746098576
"5182","Gain",4.52499722132526
"5183","Gain",4.21741660304248
"5184","Gain",3.75179089933532
"5185","Gain",6.61266657998028
"5186","Gain",3.75882035901817
"5187","Gain",3.12806513647658
"5188","Gain",-0.524493648372488
"5189","Gain",1.4723445616929
"5190","Gain",4.31165585671702
"5191","Gain",6.33575249537632
"5192","Gain",7.89337983633625
"5193","Gain",0.25090935498542
"5194","Gain",1.28005180514337
"5195","Gain",2.18461875046365
"5196","Gain",3.56858252624758
"5197","Gain",4.89194201362883
"5198","Gain",4.76257073195492
"5199","Gain",4.72155695416364
"5200","Gain",8.14247006809491
"5201","Gain",6.78178561508143
"5202","Gain",7.06615509205532
"5203","Gain",0.000405237410081138
"5204","Gain",6.43700413986163
"5205","Gain",5.72869954044261
"5206","Gain",0.595662850055792
"5207","Gain",4.13030952758742
"5208","Gain",5.18037601229894
"5209","Gain",3.20271041106874
"5210","Gain",-2.72623135037331
"5211","Gain",1.13470532189382
"5212","Gain",3.70206546321018
"5213","Gain",4.48370168250304
"5214","Gain",6.11673926699425
"5215","Gain",6.44957082582281
"5216","Gain",6.91738128767616
"5217","Gain",6.40751821128716
"5218","Gain",6.83074323619649
"5219","Gain",0.502714583298151
"5220","Gain",-0.228733064101427
"5221","Gain",5.6513006146849
"5222","Gain",2.13607794925271
"5223","Gain",5.8273688765294
"5224","Gain",3.18510403788865
"5225","Gain",5.21617615527882
"5226","Gain",3.88233505856958
"5227","Gain",1.79685033073614
"5228","Gain",6.84889051308835
"5229","Gain",5.73226027186443
"5230","Gain",2.11541395241036
"5231","Gain",8.08280651432496
"5232","Gain",5.78540576488592
"5233","Gain",0.237193166281281
"5234","Gain",9.90296746818388
"5235","Gain",2.6883409181928
"5236","Gain",7.80156505697876
"5237","Gain",5.63680762210922
"5238","Gain",2.63086765010287
"5239","Gain",3.1530066281373
"5240","Gain",4.91968989089256
"5241","Gain",-1.06686883960663
"5242","Gain",4.98994565993835
"5243","Gain",0.372922418636306
"5244","Gain",3.63701216457539
"5245","Gain",2.46187424188812
"5246","Gain",3.94083152357633
"5247","Gain",5.32028682197298
"5248","Gain",3.72829944704968
"5249","Gain",3.71598375254826
"5250","Gain",11.2427612637261
"5251","Gain",2.50717486069155
"5252","Gain",-0.531243218336957
"5253","Gain",2.18119521974083
"5254","Gain",1.28135531766743
"5255","Gain",2.67621442611524
"5256","Gain",-0.466812588316802
"5257","Gain",8.37087293554495
"5258","Gain",5.0299597988666
"5259","Gain",-1.51588862147715
"5260","Gain",4.09661518017
"5261","Gain",7.72673500866118
"5262","Gain",2.45422530640055
"5263","Gain",0.493195628552546
"5264","Gain",3.50414810405415
"5265","Gain",11.4039207930174
"5266","Gain",2.43868179173547
"5267","Gain",3.12943817997763
"5268","Gain",4.45473353869873
"5269","Gain",4.96621649870441
"5270","Gain",6.68569830883997
"5271","Gain",8.6557939048177
"5272","Gain",9.6628028481234
"5273","Gain",1.77794874195064
"5274","Gain",6.09906126785292
"5275","Gain",6.28641489085737
"5276","Gain",2.98212176908288
"5277","Gain",-2.45945662919538
"5278","Gain",0.326595539128129
"5279","Gain",8.88787743891581
"5280","Gain",13.6362612613377
"5281","Gain",-0.553199646410669
"5282","Gain",2.65277503828991
"5283","Gain",-0.151806656122377
"5284","Gain",0.198331730410013
"5285","Gain",7.22044089207074
"5286","Gain",6.01600228085066
"5287","Gain",4.64867624460438
"5288","Gain",1.80522535096151
"5289","Gain",1.22411856538014
"5290","Gain",4.58293433841199
"5291","Gain",0.388054359381265
"5292","Gain",6.94068311292216
"5293","Gain",-1.73278275246655
"5294","Gain",-0.329626355470585
"5295","Gain",6.26437274768874
"5296","Gain",8.83256958390768
"5297","Gain",6.07833689004099
"5298","Gain",0.990567501622276
"5299","Gain",5.72662051621598
"5300","Gain",7.83639078802236
"5301","Gain",2.33830655883693
"5302","Gain",8.70471230913782
"5303","Gain",3.99481017981293
"5304","Gain",5.75555018061036
"5305","Gain",1.76711870199027
"5306","Gain",3.22087319659572
"5307","Gain",7.2249918449725
"5308","Gain",2.66250544102455
"5309","Gain",-0.304897618029923
"5310","Gain",1.35391586891989
"5311","Gain",-0.316115653678946
"5312","Gain",2.02544716873862
"5313","Gain",4.40972985513715
"5314","Gain",4.89240292121734
"5315","Gain",5.54227106091517
"5316","Gain",7.63527370201731
"5317","Gain",5.72276839957314
"5318","Gain",0.605102039079823
"5319","Gain",1.87469890484965
"5320","Gain",5.25857698079166
"5321","Gain",0.202042989692528
"5322","Gain",-0.0562586516264236
"5323","Gain",4.8804103375285
"5324","Gain",-5.20164078678528
"5325","Gain",1.36827113297237
"5326","Gain",3.40104207383974
"5327","Gain",9.54248394343912
"5328","Gain",1.13739158938047
"5329","Gain",10.2747709861093
"5330","Gain",10.9804853926557
"5331","Gain",2.50775926260031
"5332","Gain",3.09373388519073
"5333","Gain",4.77646998141557
"5334","Gain",4.54503872983295
"5335","Gain",6.90569363553383
"5336","Gain",4.15047030255887
"5337","Gain",6.60891259347271
"5338","Gain",3.93488649156118
"5339","Gain",9.01401483982175
"5340","Gain",1.80005576230071
"5341","Gain",3.78773191179218
"5342","Gain",0.229435793556321
"5343","Gain",0.518283979057604
"5344","Gain",3.4495060220589
"5345","Gain",10.4905566936024
"5346","Gain",0.136733588813468
"5347","Gain",3.95625292175006
"5348","Gain",6.13155159763926
"5349","Gain",5.12343326220295
"5350","Gain",0.431909844673562
"5351","Gain",2.59801637586904
"5352","Gain",-0.0262828909004078
"5353","Gain",5.53146926716977
"5354","Gain",-2.21879189362708
"5355","Gain",4.41266805854902
"5356","Gain",3.96298924678993
"5357","Gain",0.157223278348896
"5358","Gain",3.90304778690003
"5359","Gain",8.05962903263144
"5360","Gain",1.54075661018559
"5361","Gain",2.1994702267873
"5362","Gain",1.91702756965806
"5363","Gain",0.337614449513961
"5364","Gain",3.57745979254773
"5365","Gain",7.35904155440829
"5366","Gain",2.84322851871347
"5367","Gain",1.70117340267594
"5368","Gain",5.24307078028199
"5369","Gain",9.82897103823765
"5370","Gain",1.5889798082532
"5371","Gain",4.61572649062667
"5372","Gain",0.63905501855752
"5373","Gain",3.44855679982489
"5374","Gain",4.0522146385511
"5375","Gain",3.81797706609162
"5376","Gain",6.11204281448022
"5377","Gain",0.795985391480454
"5378","Gain",1.95792881254974
"5379","Gain",0.600294491967921
"5380","Gain",3.19647328438699
"5381","Gain",1.69524299212913
"5382","Gain",-2.41142916066597
"5383","Gain",7.06513655470778
"5384","Gain",6.95665957048859
"5385","Gain",3.77814445826103
"5386","Gain",-0.991924584917765
"5387","Gain",4.61331256432101
"5388","Gain",6.73653398396621
"5389","Gain",1.71347616272934
"5390","Gain",2.35618062862544
"5391","Gain",9.08856310624019
"5392","Gain",10.7756529071765
"5393","Gain",-0.930243077816145
"5394","Gain",6.54227247645836
"5395","Gain",-0.665585820051451
"5396","Gain",5.44223432950013
"5397","Gain",12.4044461432297
"5398","Gain",2.66494081314839
"5399","Gain",7.32976392692036
"5400","Gain",2.67657078537777
"5401","Gain",0.0700246766887043
"5402","Gain",5.49590557282038
"5403","Gain",4.3016178226699
"5404","Gain",1.29026601550883
"5405","Gain",6.49364348259031
"5406","Gain",2.42484518196428
"5407","Gain",3.81345986169144
"5408","Gain",-0.593797814015997
"5409","Gain",4.78618948693288
"5410","Gain",1.71130610336371
"5411","Gain",-0.114702839093779
"5412","Gain",2.79026717989513
"5413","Gain",6.98014438750928
"5414","Gain",-0.55973914587803
"5415","Gain",5.12323623460636
"5416","Gain",6.0979373957398
"5417","Gain",2.83403818201658
"5418","Gain",9.4693374069463
"5419","Gain",5.72663858071565
"5420","Gain",5.77627307114526
"5421","Gain",4.86283022412345
"5422","Gain",5.51582894120066
"5423","Gain",10.4194440428446
"5424","Gain",1.80329748855341
"5425","Gain",0.71583253185067
"5426","Gain",3.00721915262978
"5427","Gain",3.23733517805188
"5428","Gain",0.0160979578922262
"5429","Gain",3.71608370585593
"5430","Gain",1.09199536157675
"5431","Gain",2.30192189920939
"5432","Gain",4.52679694079398
"5433","Gain",8.92380206815966
"5434","Gain",4.24153466871346
"5435","Gain",2.52085346686414
"5436","Gain",6.22500253926425
"5437","Gain",10.2102390424155
"5438","Gain",6.59650444251692
"5439","Gain",8.98940905741477
"5440","Gain",7.77189620833619
"5441","Gain",7.01935013760601
"5442","Gain",1.27610713452913
"5443","Gain",10.4104488311911
"5444","Gain",5.97645884333284
"5445","Gain",4.8226734672013
"5446","Gain",1.52017836240356
"5447","Gain",3.21752839258244
"5448","Gain",4.93308754406474
"5449","Gain",9.58408982462918
"5450","Gain",4.20975289072008
"5451","Gain",2.50336583628963
"5452","Gain",8.36485520030071
"5453","Gain",3.5666097731329
"5454","Gain",9.76096852669032
"5455","Gain",6.89880842047733
"5456","Gain",0.102712612517205
"5457","Gain",4.88042647114499
"5458","Gain",5.3360583777904
"5459","Gain",5.69037376756702
"5460","Gain",3.82687846002286
"5461","Gain",3.99829877114691
"5462","Gain",-3.30741926128696
"5463","Gain",9.43559320276154
"5464","Gain",0.522210646897647
"5465","Gain",1.37570620466287
"5466","Gain",8.57981119376439
"5467","Gain",1.91737275670239
"5468","Gain",4.38654184124464
"5469","Gain",8.97424796894299
"5470","Gain",8.62984368945299
"5471","Gain",0.0262401685667779
"5472","Gain",5.10531531892767
"5473","Gain",3.00879595866673
"5474","Gain",8.26495929096878
"5475","Gain",7.17862660131775
"5476","Gain",6.42293866506491
"5477","Gain",2.11669165544521
"5478","Gain",1.96942219370966
"5479","Gain",3.36705741659532
"5480","Gain",6.0571173075244
"5481","Gain",6.74100274284688
"5482","Gain",9.04933447703981
"5483","Gain",1.59197100229133
"5484","Gain",5.62135699217943
"5485","Gain",4.25866873862371
"5486","Gain",0.383818462470588
"5487","Gain",5.5878724050846
"5488","Gain",1.15185974557673
"5489","Gain",8.39040687525449
"5490","Gain",6.184024446122
"5491","Gain",7.39245960389503
"5492","Gain",6.76976951077506
"5493","Gain",3.13943741330694
"5494","Gain",7.27969911272643
"5495","Gain",3.28498313253134
"5496","Gain",1.66190914057691
"5497","Gain",6.23870147003237
"5498","Gain",1.94836142786614
"5499","Gain",6.03194319691999
"5500","Gain",5.85351435916668
"5501","Gain",3.02591996890453
"5502","Gain",5.6533512364802
"5503","Gain",5.3053052812391
"5504","Gain",7.82839961519528
"5505","Gain",4.42904933328825
"5506","Gain",2.63547094550613
"5507","Gain",5.45616532401636
"5508","Gain",3.68550589435833
"5509","Gain",3.01082890978552
"5510","Gain",5.78137581365334
"5511","Gain",6.53605155689027
"5512","Gain",4.00699581886909
"5513","Gain",5.17899738150816
"5514","Gain",3.35672181721131
"5515","Gain",12.2261161813994
"5516","Gain",5.54866376212447
"5517","Gain",2.30746460948498
"5518","Gain",3.54278423466627
"5519","Gain",10.9009604408279
"5520","Gain",4.77783991786577
"5521","Gain",6.39382955721016
"5522","Gain",5.51898595468304
"5523","Gain",2.99722343436616
"5524","Gain",-0.20413527590072
"5525","Gain",6.20954506371988
"5526","Gain",1.07614130002236
"5527","Gain",2.45178798853157
"5528","Gain",1.00600030122611
"5529","Gain",-3.96005488647673
"5530","Gain",4.78509153418558
"5531","Gain",0.295892735258752
"5532","Gain",0.843165177283804
"5533","Gain",0.20579806201887
"5534","Gain",4.08883281742274
"5535","Gain",2.52432822001773
"5536","Gain",4.65338303975081
"5537","Gain",4.53818483167023
"5538","Gain",9.18097165901457
"5539","Gain",7.05372102137921
"5540","Gain",0.886483044021547
"5541","Gain",3.04523267809043
"5542","Gain",8.8799726190577
"5543","Gain",7.69543109022107
"5544","Gain",7.50055922248433
"5545","Gain",2.28970465281401
"5546","Gain",6.90322767747574
"5547","Gain",5.33515149202809
"5548","Gain",9.00703591748803
"5549","Gain",-0.83280268912783
"5550","Gain",3.05723814561792
"5551","Gain",-0.521456064491321
"5552","Gain",3.73462639753592
"5553","Gain",7.0976921714947
"5554","Gain",5.10762850102392
"5555","Gain",1.97594352802082
"5556","Gain",4.64274998886645
"5557","Gain",2.45106522470004
"5558","Gain",1.65696501066564
"5559","Gain",6.63813353517873
"5560","Gain",0.161924060383691
"5561","Gain",3.52185898942821
"5562","Gain",8.26313803189619
"5563","Gain",5.31858078935599
"5564","Gain",8.76523923008941
"5565","Gain",4.74771577624295
"5566","Gain",0.714295902219367
"5567","Gain",8.12729792850197
"5568","Gain",8.87968026065306
"5569","Gain",14.3778251683269
"5570","Gain",13.5727403941741
"5571","Gain",12.0005530470101
"5572","Gain",9.85546592067993
"5573","Gain",15.3268113986917
"5574","Gain",18.3131957595101
"5575","Gain",13.53723291247
"5576","Gain",19.3496764055024
"5577","Gain",17.4890236379003
"5578","Gain",13.9134231701982
"5579","Gain",15.9356391388837
"5580","Gain",13.5675857918815
"5581","Gain",10.0381045286684
"5582","Gain",20.9487801197349
"5583","Gain",14.240706288816
"5584","Gain",14.1095705978241
"5585","Gain",16.5270258678048
"5586","Gain",14.2510025050779
"5587","Gain",16.9088580111041
"5588","Gain",13.7820354282752
"5589","Gain",16.9282043184908
"5590","Gain",14.2194545035279
"5591","Gain",15.3033862634229
"5592","Gain",14.3754342412963
"5593","Gain",10.4544594310602
"5594","Gain",12.5069815746831
"5595","Gain",12.1283586910294
"5596","Gain",12.9377168988815
"5597","Gain",13.6233076231257
"5598","Gain",17.2887371514286
"5599","Gain",11.9650072355015
"5600","Gain",8.4669062080994
"5601","Gain",15.2613495019231
"5602","Gain",16.4893124337916
"5603","Gain",14.4541214703955
"5604","Gain",17.4981151712212
"5605","Gain",15.1993891727027
"5606","Gain",18.6623366908122
"5607","Gain",13.9225168386881
"5608","Gain",9.25392761895475
"5609","Gain",14.6066678850361
"5610","Gain",15.5770208004364
"5611","Gain",13.8955547078666
"5612","Gain",15.9034025866851
"5613","Gain",14.7562331667095
"5614","Gain",16.5303490190467
"5615","Gain",14.9299733866817
"5616","Gain",17.8738627148422
"5617","Gain",11.9608680561235
"5618","Gain",14.1011230260958
"5619","Gain",16.5117271883166
"5620","Gain",7.20586195072906
"5621","Gain",16.3837410563073
"5622","Gain",12.5487496552971
"5623","Gain",12.8525287657755
"5624","Gain",12.2395489428569
"5625","Gain",14.6287450349144
"5626","Gain",15.2866090984415
"5627","Gain",17.7156220388364
"5628","Gain",16.7777897970824
"5629","Gain",13.0207783715381
"5630","Gain",13.3186772932793
"5631","Gain",8.26953913582247
"5632","Gain",14.0680315242585
"5633","Gain",9.91888522084214
"5634","Gain",8.0175692555957
"5635","Gain",14.5267078625746
"5636","Gain",12.5877711714042
"5637","Gain",15.0112292746689
"5638","Gain",12.8976021363697
"5639","Gain",14.7454514152979
"5640","Gain",12.0659350150334
"5641","Gain",9.02211618907049
"5642","Gain",11.9697328337591
"5643","Gain",13.0323961731403
"5644","Gain",11.8303830688182
"5645","Gain",17.6744776102578
"5646","Gain",11.7146795235195
"5647","Gain",18.7853770909653
"5648","Gain",8.02655883704161
"5649","Gain",14.184907192859
"5650","Gain",14.2777993166344
"5651","Gain",13.1109691609542
"5652","Gain",13.4407740932921
"5653","Gain",8.32146472887818
"5654","Gain",10.2178552187766
"5655","Gain",15.4909218613004
"5656","Gain",16.3764504058739
"5657","Gain",14.6051006460812
"5658","Gain",10.5705682086512
"5659","Gain",13.498466574925
"5660","Gain",18.4431638651013
"5661","Gain",8.39572690643364
"5662","Gain",16.1821446175988
"5663","Gain",13.4214067744156
"5664","Gain",12.3465645153671
"5665","Gain",14.2068375343698
"5666","Gain",8.31150844280812
"5667","Gain",13.8082010596604
"5668","Gain",15.593545758435
"5669","Gain",15.7188189915495
"5670","Gain",16.0513281553902
"5671","Gain",17.8880105341136
"5672","Gain",18.761465172948
"5673","Gain",14.9602761050021
"5674","Gain",14.9457033050025
"5675","Gain",18.6276107559422
"5676","Gain",11.548238733175
"5677","Gain",13.0408303033961
"5678","Gain",15.2661448852553
"5679","Gain",17.3590544481809
"5680","Gain",11.7592675854998
"5681","Gain",12.261728515244
"5682","Gain",13.205869320085
"5683","Gain",15.0262839988749
"5684","Gain",10.6492279907323
"5685","Gain",16.9156743387205
"5686","Gain",9.48918795490197
"5687","Gain",11.6467032870897
"5688","Gain",10.6910682655218
"5689","Gain",10.0067767036285
"5690","Gain",15.5021773331337
"5691","Gain",13.3415987938774
"5692","Gain",14.020754863238
"5693","Gain",17.1064773864521
"5694","Gain",12.9568500910285
"5695","Gain",15.1144647720886
"5696","Gain",17.2629496638168
"5697","Gain",17.7016237691598
"5698","Gain",14.8489375411114
"5699","Gain",14.0662928238336
"5700","Gain",7.31039009323538
"5701","Gain",14.9898151050019
"5702","Gain",14.2283022768625
"5703","Gain",12.7303767861929
"5704","Gain",13.5922146601763
"5705","Gain",16.462776017504
"5706","Gain",17.140325438913
"5707","Gain",14.7188586982562
"5708","Gain",21.0549858769684
"5709","Gain",12.0041275550637
"5710","Gain",15.2743193071229
"5711","Gain",11.6239679166331
"5712","Gain",11.9028570032214
"5713","Gain",10.8173089564772
"5714","Gain",21.9514071910291
"5715","Gain",12.4294109886394
"5716","Gain",14.0230626725767
"5717","Gain",16.3823141700363
"5718","Gain",8.77621746915233
"5719","Gain",13.993854121338
"5720","Gain",11.3480214118175
"5721","Gain",19.709307420408
"5722","Gain",18.8114555051813
"5723","Gain",13.820724793677
"5724","Gain",13.6127816415651
"5725","Gain",14.0578414657507
"5726","Gain",14.9717911095624
"5727","Gain",13.8572743654393
"5728","Gain",9.65352887599803
"5729","Gain",15.1336722090525
"5730","Gain",18.0439441625125
"5731","Gain",14.2567814272603
"5732","Gain",14.1589797015914
"5733","Gain",14.9660970796366
"5734","Gain",12.003629835037
"5735","Gain",11.3763928284673
"5736","Gain",14.9817636504891
"5737","Gain",10.8239569005104
"5738","Gain",14.8383138960992
"5739","Gain",8.86569186968513
"5740","Gain",11.2863014387132
"5741","Gain",8.01300100023662
"5742","Gain",9.59185141153396
"5743","Gain",11.7281858177076
"5744","Gain",10.9359276065142
"5745","Gain",13.0589817364739
"5746","Gain",14.1979236503538
"5747","Gain",14.0918667966362
"5748","Gain",11.4157683980223
"5749","Gain",12.6404914645633
"5750","Gain",12.1961166749084
"5751","Gain",19.4877913866324
"5752","Gain",10.616542773311
"5753","Gain",8.93536446682701
"5754","Gain",13.0113043596101
"5755","Gain",17.3050084400084
"5756","Gain",17.1485365002848
"5757","Gain",12.8330257617217
"5758","Gain",15.6596622945486
"5759","Gain",14.8138914891127
"5760","Gain",16.4803161026824
"5761","Gain",13.3263637012478
"5762","Gain",13.1555436282915
"5763","Gain",14.6827660179107
"5764","Gain",11.1461714939768
"5765","Gain",11.5135195858378
"5766","Gain",10.992581680205
"5767","Gain",13.7109305703622
"5768","Gain",16.2764758869098
"5769","Gain",16.7914469358306
"5770","Gain",14.7513852087017
"5771","Gain",10.5428013549505
"5772","Gain",15.5012428119459
"5773","Gain",14.7885312200448
"5774","Gain",17.0709725985588
"5775","Gain",12.5184261945475
"5776","Gain",13.0978676166379
"5777","Gain",15.1075784526381
"5778","Gain",12.7093569324989
"5779","Gain",17.2067311191085
"5780","Gain",11.0704406084114
"5781","Gain",15.7543478152937
"5782","Gain",15.2071903410168
"5783","Gain",16.4437421039077
"5784","Gain",15.3184313030106
"5785","Gain",9.73294063243468
"5786","Gain",17.8596671921086
"5787","Gain",13.6994590820365
"5788","Gain",15.1967403258881
"5789","Gain",14.9724069556429
"5790","Gain",16.3367356242494
"5791","Gain",13.661376456302
"5792","Gain",15.485813387021
"5793","Gain",15.4599637429169
"5794","Gain",11.361623656648
"5795","Gain",16.3642764148034
"5796","Gain",14.923589184844
"5797","Gain",12.5133777629414
"5798","Gain",14.254615107121
"5799","Gain",12.3888609228537
"5800","Gain",10.3675642562443
"5801","Gain",7.65335929375073
"5802","Gain",15.7615405743121
"5803","Gain",17.3067265779504
"5804","Gain",9.9981086332803
"5805","Gain",7.86619623007558
"5806","Gain",14.2386457468632
"5807","Gain",15.55443978094
"5808","Gain",20.068883759304
"5809","Gain",12.9437170868394
"5810","Gain",12.4942678832893
"5811","Gain",19.9176177300393
"5812","Gain",11.3080172711519
"5813","Gain",18.6488620275131
"5814","Gain",19.1137087182397
"5815","Gain",15.1461434692592
"5816","Gain",4.27552286659308
"5817","Gain",15.1323984269986
"5818","Gain",15.3046215345635
"5819","Gain",16.9792223339548
"5820","Gain",16.778836636069
"5821","Gain",11.4307088810271
"5822","Gain",12.3781309473087
"5823","Gain",13.0096295317392
"5824","Gain",12.0627852716275
"5825","Gain",15.4178476155403
"5826","Gain",15.5807727155069
"5827","Gain",11.680197643737
"5828","Gain",19.5606753460818
"5829","Gain",13.0628679191581
"5830","Gain",21.213508926202
"5831","Gain",12.259565515839
"5832","Gain",14.7002510038994
"5833","Gain",12.880826080314
"5834","Gain",6.99071107200897
"5835","Gain",19.9082236357857
"5836","Gain",17.1409215276013
"5837","Gain",13.8277601261838
"5838","Gain",12.961858458983
"5839","Gain",11.800366516404
"5840","Gain",18.2024206070779
"5841","Gain",13.0785958901759
"5842","Gain",15.6792216239716
"5843","Gain",15.0707809861218
"5844","Gain",10.7271090647466
"5845","Gain",13.5535960606451
"5846","Gain",18.8022123164181
"5847","Gain",16.0776068865663
"5848","Gain",16.6244001736159
"5849","Gain",10.162650387806
"5850","Gain",9.82139908360358
"5851","Gain",9.84084244275289
"5852","Gain",14.4949754687283
"5853","Gain",13.0907398739429
"5854","Gain",17.5361662110251
"5855","Gain",16.5242985974029
"5856","Gain",13.087717148243
"5857","Gain",15.8102035641871
"5858","Gain",14.7751907592518
"5859","Gain",13.5702336350062
"5860","Gain",15.699539659579
"5861","Gain",17.7480271821859
"5862","Gain",11.7969822044746
"5863","Gain",16.8019251297975
"5864","Gain",10.5867519133024
"5865","Gain",12.7339038392091
"5866","Gain",14.9163884719876
"5867","Gain",14.4266113351387
"5868","Gain",10.856465857638
"5869","Gain",10.7588816173153
"5870","Gain",10.6864880878146
"5871","Gain",9.01731179324758
"5872","Gain",12.6680980060581
"5873","Gain",12.1562884700286
"5874","Gain",11.3598897708554
"5875","Gain",14.7388754486359
"5876","Gain",13.4969819794058
"5877","Gain",13.5528773761687
"5878","Gain",9.65515566876349
"5879","Gain",16.1550716891547
"5880","Gain",13.6838870001956
"5881","Gain",13.9219957440916
"5882","Gain",18.2238599222647
"5883","Gain",15.8217706450572
"5884","Gain",8.15173478135587
"5885","Gain",14.848027200034
"5886","Gain",11.3235809305972
"5887","Gain",12.2873025681852
"5888","Gain",12.7880994339229
"5889","Gain",11.2459849796177
"5890","Gain",6.18883489763692
"5891","Gain",12.6191110456852
"5892","Gain",11.2459363011602
"5893","Gain",17.9042506855006
"5894","Gain",14.1562186277741
"5895","Gain",16.4098180282504
"5896","Gain",11.4423846817264
"5897","Gain",11.7098871558801
"5898","Gain",9.38042619102806
"5899","Gain",11.2728638304139
"5900","Gain",12.0827858152734
"5901","Gain",16.369234600564
"5902","Gain",17.1307155683959
"5903","Gain",16.2414372532125
"5904","Gain",10.9301538078575
"5905","Gain",14.6301658000982
"5906","Gain",16.3162194917127
"5907","Gain",18.4019922225274
"5908","Gain",17.2355863812528
"5909","Gain",13.204760115776
"5910","Gain",11.8726036207215
"5911","Gain",8.89676209975896
"5912","Gain",15.4793594311262
"5913","Gain",14.2758474279153
"5914","Gain",13.7621027461875
"5915","Gain",7.31644506483448
"5916","Gain",16.2783409092889
"5917","Gain",16.6938132097967
"5918","Gain",12.0489080931228
"5919","Gain",10.62942938253
"5920","Gain",17.3606147969042
"5921","Gain",13.9871430933376
"5922","Gain",14.9616955924282
"5923","Gain",11.3699541825414
"5924","Gain",18.993042113004
"5925","Gain",13.8849025773087
"5926","Gain",20.0021666875327
"5927","Gain",11.7980210815487
"5928","Gain",14.9649273668784
"5929","Gain",14.3614751439953
"5930","Gain",13.0800518276405
"5931","Gain",14.3602739493527
"5932","Gain",17.1561839695955
"5933","Gain",12.2609641931727
"5934","Gain",15.6485270432581
"5935","Gain",13.3324744472745
"5936","Gain",9.93899857030567
"5937","Gain",14.8125494989635
"5938","Gain",17.1166756778867
"5939","Gain",16.4552054036013
"5940","Gain",17.4137106537722
"5941","Gain",15.2270599826573
"5942","Gain",14.4809476462028
"5943","Gain",13.5065481222161
"5944","Gain",19.4358223625433
"5945","Gain",8.72697874106708
"5946","Gain",17.241182566745
"5947","Gain",8.00791983155322
"5948","Gain",12.0357038273407
"5949","Gain",15.8463917739392
"5950","Gain",15.7301086513337
"5951","Gain",11.5823085163647
"5952","Gain",14.6639416013052
"5953","Gain",11.24741158831
"5954","Gain",16.4628008895338
"5955","Gain",22.0940670939132
"5956","Gain",15.3207132257209
"5957","Gain",18.4656682292941
"5958","Gain",16.1047664670806
"5959","Gain",14.1448291327075
"5960","Gain",9.37369794329591
"5961","Gain",17.9480174539173
"5962","Gain",8.52529573957466
"5963","Gain",17.2844394241571
"5964","Gain",15.1044570784367
"5965","Gain",15.1506166566114
"5966","Gain",15.4012783586785
"5967","Gain",12.3131576459449
"5968","Mut",8.69519887221973
"5969","Mut",10.5062116852201
"5970","Mut",9.59251640785011
"5971","Mut",8.66292617082087
"5972","Mut",8.14133290724206
"5973","Mut",7.43477378321492
"5974","Mut",9.46404500625759
"5975","Mut",10.682884625555
"5976","Mut",8.24895168660761
"5977","Mut",9.16442753397799
"5978","Mut",10.0998840911379
"5979","Mut",7.90541591443811
"5980","Mut",10.1282379916561
"5981","Mut",10.3077251481797
"5982","Mut",9.60610193493463
"5983","Mut",10.1457910406444
"5984","Mut",8.82673343309412
"5985","Mut",10.938461852676
"5986","Mut",7.89773414052907
"5987","Mut",7.22886992140465
"5988","Mut",8.29360442355744
"5989","Mut",7.10643265604669
"5990","Mut",11.614366017378
"5991","Mut",8.12245386063412
"5992","Mut",8.29423320296897
"5993","Mut",6.87108476377548
"5994","Mut",7.10206217207228
"5995","Mut",9.1474754970234
"5996","Mut",7.64741813547661
"5997","Mut",8.35465872335596
"5998","Mut",7.44890823047553
"5999","Mut",7.74497102623635
"6000","Mut",7.62200097388597
"6001","Mut",8.16848463235485
"6002","Mut",11.3840155813718
"6003","Mut",6.2442550013404
"6004","Mut",10.4006113440017
"6005","Mut",8.85196743855543
"6006","Mut",9.25266197542607
"6007","Mut",10.301035753562
"6008","Mut",7.99702530615258
"6009","Mut",8.91586326326409
"6010","Mut",7.470510033845
"6011","Mut",7.11753912695551
"6012","Mut",8.09498780620715
"6013","Mut",8.70148651840104
"6014","Mut",8.3543141556032
"6015","Mut",10.9505765243578
"6016","Mut",6.157454271575
"6017","Mut",9.62665392776735
"6018","Mut",9.75087474840328
"6019","Mut",9.35907532264275
"6020","Mut",10.8293283298603
"6021","Mut",7.86382442766553
"6022","Mut",11.0697830705502
"6023","Mut",9.76682925201347
"6024","Mut",9.50616653590168
"6025","Mut",8.69070860210896
"6026","Mut",6.71548178149711
"6027","Mut",10.0875921428352
"6028","Mut",7.70815284824824
"6029","Mut",6.58492255365077
"6030","Mut",8.15016675817144
"6031","Mut",7.1608640054487
"6032","Mut",10.5438704375003
"6033","Mut",9.83575757358392
"6034","Mut",9.62841440838589
"6035","Mut",9.83294621435863
"6036","Mut",7.12026780509426
"6037","Mut",11.4231682198626
"6038","Mut",8.07877584542078
"6039","Mut",7.78746243717758
"6040","Mut",8.57165419165875
"6041","Mut",9.16338587553329
"6042","Mut",9.92689612636044
"6043","Mut",11.1223612612481
"6044","Mut",11.8363828349957
"6045","Mut",8.12699600750455
"6046","Mut",9.85833369587255
"6047","Mut",6.86154916906716
"6048","Mut",10.1146125443749
"6049","Mut",9.77486821063468
"6050","Mut",9.43292968470643
"6051","Mut",7.83598207591856
"6052","Mut",6.14146686321727
"6053","Mut",9.37730051115462
"6054","Mut",8.62594756288379
"6055","Mut",7.33571672935493
"6056","Mut",11.4573708559905
"6057","Mut",10.4659330445294
"6058","Mut",9.81166739917848
"6059","Mut",12.113143463979
"6060","Mut",7.47024619302302
"6061","Mut",7.69539737796337
"6062","Mut",9.64979829875677
"6063","Mut",7.72983989004851
"6064","Mut",7.86612420802231
"6065","Mut",6.05645378193769
"6066","Mut",9.01090503230915
"6067","Mut",6.99033239599685
"6068","Mut",9.59536766190003
"6069","Mut",10.4441267965638
"6070","Mut",10.0119786415455
"6071","Mut",8.87815481275808
"6072","Mut",10.8233906204165
"6073","Mut",7.9777275164604
"6074","Mut",9.71527658859695
"6075","Mut",7.82402290517106
"6076","Mut",9.40132407292256
"6077","Mut",7.61068359730598
"6078","Mut",11.7399166627216
"6079","Mut",6.75273368022171
"6080","Mut",6.78006854127198
"6081","Mut",8.24802621180729
"6082","Mut",6.62150914217787
"6083","Mut",6.23811135084086
"6084","Mut",7.91647214680535
"6085","Mut",8.62194899217488
"6086","Mut",8.98427975990126
"6087","Mut",8.83348614350609
"6088","Mut",10.6305091028345
"6089","Mut",8.66500214398673
"6090","Mut",8.10916689156504
"6091","Mut",9.51520564525665
"6092","Mut",7.12805457511439
"6093","Mut",7.32858098430804
"6094","Mut",9.33404627907382
"6095","Mut",9.56991097503051
"6096","Mut",6.43558001006432
"6097","Mut",11.5221391593019
"6098","Mut",11.5974085090207
"6099","Mut",5.74171154420926
"6100","Mut",9.8866732273358
"6101","Mut",6.01205790911244
"6102","Mut",9.12439432869756
"6103","Mut",9.854586109901
"6104","Mut",8.57937769081674
"6105","Mut",9.94246891152876
"6106","Mut",10.4872704977718
"6107","Mut",10.1594049846146
"6108","Mut",9.32283290263832
"6109","Mut",10.9380735812304
"6110","Mut",7.99976534794928
"6111","Mut",10.1315816861614
"6112","Mut",5.54316183299252
"6113","Mut",8.66945484241591
"6114","Mut",8.52475915727446
"6115","Mut",10.4567107695641
"6116","Mut",12.1764986335902
"6117","Mut",12.0296515514309
"6118","Mut",8.06134794735355
"6119","Mut",8.99981536372064
"6120","Mut",9.06811777520726
"6121","Mut",8.77762904361466
"6122","Mut",9.40976364259364
"6123","Mut",7.7815873635135
"6124","Mut",7.86935279359632
"6125","Mut",8.39031174998819
"6126","Mut",9.86103557910389
"6127","Mut",8.55632346795096
"6128","Mut",10.1520755955675
"6129","Mut",9.14961246627252
"6130","Mut",8.45402847158664
"6131","Mut",7.21531905314369
"6132","Mut",8.87938673711174
"6133","Mut",7.27262546707229
"6134","Mut",7.75873787943401
"6135","Mut",8.33199199634636
"6136","Mut",10.4699543348022
"6137","Mut",8.17881035249778
"6138","Mut",8.56056686783211
"6139","Mut",9.65181349091215
"6140","Mut",7.1946114056978
"6141","Mut",9.00508917177277
"6142","Mut",7.9874026003651
"6143","Mut",9.92847037477088
"6144","Mut",9.74050068007537
"6145","Mut",11.2428913346343
"6146","Mut",9.16482665001594
"6147","Mut",9.92590035537962
"6148","Mut",9.19229592131373
"6149","Mut",9.3118555725501
"6150","Mut",8.65218356741851
"6151","Mut",7.22659458321521
"6152","Mut",8.26173809315888
"6153","Mut",7.26457660836777
"6154","Mut",7.60971271932465
"6155","Mut",6.40020459614738
"6156","Mut",8.16685222353913
"6157","Mut",8.10307868783419
"6158","Mut",6.9231127062574
"6159","Mut",9.47026957311057
"6160","Mut",8.72398014492665
"6161","Mut",6.36794923666904
"6162","Mut",11.1348195141903
"6163","Mut",8.05156762244034
"6164","Mut",8.13224250111996
"6165","Mut",9.37720221973251
"6166","Mut",9.26355496034524
"6167","Mut",8.34235950613154
"6168","Mut",7.17589729011302
"6169","Mut",8.94452719813021
"6170","Mut",7.68126667151428
"6171","Mut",10.5015411734472
"6172","Mut",9.33357683377347
"6173","Mut",9.48045292139209
"6174","Mut",8.52957425019125
"6175","Mut",10.0994739945168
"6176","Mut",6.28073873794188
"6177","Mut",8.15800922058858
"6178","Mut",10.5115001214624
"6179","Mut",7.61845165129439
"6180","Mut",9.67796117385598
"6181","Mut",10.3058320761871
"6182","Mut",9.03353030469198
"6183","Mut",12.0258222358447
"6184","Mut",8.08547277295872
"6185","Mut",9.96394512362073
"6186","Mut",9.4072763216
"6187","Mut",5.42009890641598
"6188","Mut",10.5474987127967
"6189","Mut",10.9595206464802
"6190","Mut",8.44525103977685
"6191","Mut",6.50595176968584
"6192","Mut",9.09489342747451
"6193","Mut",9.13340664829666
"6194","Mut",10.3532945682179
"6195","Mut",8.04472617035714
"6196","Mut",7.10875751315147
"6197","Mut",9.76272095685869
"6198","Mut",7.39921444266075
"6199","Mut",8.84833057707447
"6200","Mut",8.0458987566207
"6201","Mut",9.44168489245917
"6202","Mut",7.21323725729943
"6203","Mut",8.78163372463346
"6204","Mut",8.62254175009329
"6205","Mut",8.20472442278594
"6206","Mut",7.86429414072549
"6207","Mut",9.40662920444212
"6208","Mut",10.0363791934951
"6209","Mut",10.9909996753391
"6210","Mut",8.3084319664389
"6211","Mut",8.55327955792835
"6212","Mut",10.0287454264887
"6213","Mut",9.30196969743623
"6214","Mut",8.581905497697
"6215","Mut",7.75662405187261
"6216","Mut",9.26390784669679
"6217","Mut",8.7401835371947
"6218","Mut",8.08202375574773
"6219","Mut",9.73347814764597
"6220","Mut",8.42817061281894
"6221","Mut",9.61240462811211
"6222","Mut",7.80373443166586
"6223","Mut",8.417271527047
"6224","Mut",6.98537379597608
"6225","Mut",8.95354742364427
"6226","Mut",8.1818581781798
"6227","Mut",10.8599227926563
"6228","Mut",7.74200502900844
"6229","Mut",8.47581855047962
"6230","Mut",8.17746719115395
"6231","Mut",10.0633829666854
"6232","Mut",7.72929119442855
"6233","Mut",11.105198408266
"6234","Mut",8.36787275244754
"6235","Mut",7.46159910256775
"6236","Mut",6.58537881021554
"6237","Mut",9.44127966870455
"6238","Mut",9.26101218031938
"6239","Mut",9.21600509108636
"6240","Mut",7.78599474315191
"6241","Mut",9.1729716429219
"6242","Mut",11.7421113881724
"6243","Mut",5.55493213918533
"6244","Mut",9.39706839669686
"6245","Mut",5.93074712170148
"6246","Mut",10.4707819727182
"6247","Mut",9.39851244916417
"6248","Mut",10.9357138300696
"6249","Mut",8.94773546355652
"6250","Mut",9.57159313995382
"6251","Mut",7.01399387028103
"6252","Mut",9.07043618151474
"6253","Mut",9.0905503370242
"6254","Mut",8.84061586500679
"6255","Mut",9.65461295449203
"6256","Mut",9.46564013194868
"6257","Mut",9.29038693258399
"6258","Mut",7.29536594242377
"6259","Mut",10.6336768312626
"6260","Mut",7.86444328740005
"6261","Mut",7.80604975324995
"6262","Mut",7.82144187864549
"6263","Mut",9.28727015908483
"6264","Mut",7.82381362314788
"6265","Mut",9.59480192959401
"6266","Mut",8.99889933071023
"6267","Mut",8.32243632562831
"6268","Mut",8.76934943231746
"6269","Mut",11.2849769976776
"6270","Mut",11.4662524002934
"6271","Mut",10.0702440769773
"6272","Mut",8.36319453480694
"6273","Mut",9.37213260222892
"6274","Mut",8.88408064031724
"6275","Mut",10.1238972421304
"6276","Mut",8.18072692115418
"6277","Mut",10.0688606326927
"6278","Mut",11.3887164555836
"6279","Mut",12.522908141356
"6280","Mut",10.2132995665675
"6281","Mut",9.84398177541155
"6282","Mut",8.40220572504771
"6283","Mut",9.23273856172292
"6284","Mut",8.01115096570995
"6285","Mut",6.77505744486449
"6286","Mut",9.75203283820277
"6287","Mut",8.60263334257443
"6288","Mut",8.44690274992992
"6289","Mut",8.75697883959652
"6290","Mut",8.98487189895692
"6291","Mut",8.31268412131318
"6292","Mut",7.93630310836672
"6293","Mut",8.44475425343327
"6294","Mut",12.5822165466868
"6295","Mut",10.1658839022332
"6296","Mut",8.59664623391097
"6297","Mut",10.1475491431553
"6298","Mut",11.9882020070161
"6299","Mut",7.91598416597743
"6300","Mut",6.75418616257607
"6301","Mut",8.87369723954308
"6302","Mut",7.47617863008652
"6303","Mut",8.61214496402159
"6304","Mut",13.2934281907315
"6305","Mut",8.60132921841468
"6306","Mut",10.066922481995
"6307","Mut",10.8714106809496
"6308","Mut",5.95434974712301
"6309","Mut",7.72857199253296
"6310","Mut",9.34281082379525
"6311","Mut",8.13533194011136
"6312","Mut",9.29636413828011
"6313","Mut",7.32505723771922
"6314","Mut",11.0407698154832
"6315","Mut",9.672479875027
"6316","Mut",9.00295830403862
"6317","Mut",10.9166792424525
"6318","Mut",8.45642278821059
"6319","Mut",10.694717019473
"6320","Mut",7.8159780871552
"6321","Mut",7.22722128272939
"6322","Mut",10.434795321903
"6323","Mut",12.3115501011611
"6324","Mut",6.19325538311813
"6325","Mut",8.94322385975606
"6326","Mut",8.44077998733038
"6327","Mut",8.76381586991436
"6328","Mut",8.12497334259027
"6329","Mut",9.30538496727125
"6330","Mut",8.05642200979778
"6331","Mut",10.689413956753
"6332","Mut",9.46701729687092
"6333","Mut",9.83281672693533
"6334","Mut",6.02234440643417
"6335","Mut",9.95820495971134
"6336","Mut",9.24761105534921
"6337","Mut",10.3990117935646
"6338","Mut",11.2859010304337
"6339","Mut",8.93971754802144
"6340","Mut",8.07139808645749
"6341","Mut",5.92424910453301
"6342","Mut",11.6293010738673
"6343","Mut",10.3541924052077
"6344","Mut",8.10656587820601
"6345","Mut",9.08785736587792
"6346","Mut",7.96992428366568
"6347","Mut",10.5819943245473
"6348","Mut",10.0874325229065
"6349","Mut",10.6489330553034
"6350","Mut",11.4805439479675
"6351","Mut",10.7738702739781
"6352","Mut",6.33734246258338
"6353","Mut",8.76112999446714
"6354","Mut",7.11573744683953
"6355","Mut",8.01797857750299
"6356","Mut",7.6628754290849
"6357","Mut",9.36564549527064
"6358","Mut",9.74506427512324
"6359","Mut",7.08007638326155
"6360","Mut",7.03843970156715
"6361","Mut",9.51273074318058
"6362","Mut",9.34370766912001
"6363","Mut",6.05662762201333
"6364","Mut",7.47481586034709
"6365","Mut",10.6289127128601
"6366","Mut",12.7245567734353
"6367","Mut",10.1509178498813
"6368","Mut",9.02835025220473
"6369","Mut",8.86062276992466
"6370","Mut",9.42278391089681
"6371","Mut",8.38084754436549
"6372","Mut",10.8846079862057
"6373","Mut",9.03512489554908
"6374","Mut",9.71836817451166
"6375","Mut",7.73907259715702
"6376","Mut",9.25924458456435
"6377","Mut",7.69063924302081
"6378","Mut",6.27516199359622
"6379","Mut",9.46765274561072
"6380","Mut",8.3697738085439
"6381","Mut",7.79055047225394
"6382","Mut",10.8746529542869
"6383","Mut",7.33578617815311
"6384","Mut",10.5309677212673
"6385","Mut",8.26822412393856
"6386","Mut",6.10292092816285
"6387","Mut",9.69934515392194
"6388","Mut",10.7616222892418
"6389","Mut",8.02633185972399
"6390","Mut",10.0654880871267
"6391","Mut",11.6496424150124
"6392","Mut",5.72354538949874
"6393","Mut",5.11636984186984
"6394","Mut",9.17155957380074
"6395","Mut",6.84828152163421
"6396","Mut",7.79311850977348
"6397","Mut",10.3589993709092
"6398","Mut",9.17376231223752
"6399","Mut",8.44073707055371
"6400","Mut",7.07518496216077
"6401","Mut",8.68776836859458
"6402","Mut",8.16949710191087
"6403","Mut",9.56758499473788
"6404","Mut",8.45101902454251
"6405","Mut",8.70386540013312
"6406","Mut",10.5604639083292
"6407","Mut",8.42954691578264
"6408","Mut",12.1708905046473
"6409","Mut",8.84704654023618
"6410","Mut",9.5817059909782
"6411","Mut",8.75126648840408
"6412","Mut",9.02940367814019
"6413","Mut",7.4984159352133
"6414","Mut",10.7675331583084
"6415","Mut",8.13073372255602
"6416","Mut",8.68925863260675
"6417","Mut",6.20206617832863
"6418","Mut",9.67482178021528
"6419","Mut",11.7487360634328
"6420","Mut",6.57716997008375
"6421","Mut",7.71292266507375
"6422","Mut",9.08782553751042
"6423","Mut",8.3944143141486
"6424","Mut",10.2245329009472
"6425","Mut",8.19340204125099
"6426","Mut",8.73647656136116
"6427","Mut",7.39777816012102
"6428","Mut",10.7353835780788
"6429","Mut",8.44664796131461
"6430","Mut",8.45631720207417
"6431","Mut",10.4758553434166
"6432","Mut",10.9078284153052
"6433","Mut",9.34287425996193
"6434","Mut",7.82713604320064
"6435","Mut",9.34451852977628
"6436","Mut",11.253934962832
"6437","Mut",8.75887150350967
"6438","Mut",10.1851564034506
"6439","Mut",8.89893697241028
"6440","Mut",10.9424373678817
"6441","Mut",9.83748551854582
"6442","Mut",6.45700970651559
"6443","Mut",7.72836828661171
"6444","Mut",9.92952388208765
"6445","Mut",7.56906166771468
"6446","Mut",9.73252320351147
"6447","Mut",13.5628456582818
"6448","Mut",9.44003932866574
"6449","Mut",5.81496203452622
"6450","Mut",9.90947424858062
"6451","Mut",9.10551333882034
"6452","Mut",9.79142670961343
"6453","Mut",8.25733400700253
"6454","Mut",7.30928678304717
"6455","Mut",11.0772771679633
"6456","Mut",6.61885537248661
"6457","Mut",8.17245729349555
"6458","Mut",9.81421976466751
"6459","Mut",9.06636878257267
"6460","Mut",6.74977057521403
"6461","Mut",8.47413343252722
"6462","Mut",7.02461217533125
"6463","Mut",10.4737534391429
"6464","Mut",8.93640704551629
"6465","Mut",8.47170010171678
"6466","Mut",8.81997920603337
"6467","Mut",7.08854858430705
"6468","Mut",10.1860631532544
"6469","Mut",10.2044022606189
"6470","Mut",11.3565098041566
"6471","Mut",7.2411447680022
"6472","Mut",9.01578634962459
"6473","Mut",11.0530429714586
"6474","Mut",10.2298718688949
"6475","Mut",7.18595922378172
"6476","Mut",9.06234031863272
"6477","Mut",7.68354253254614
"6478","Mut",9.25268965574792
"6479","Mut",8.62689640331363
"6480","Mut",9.10793523938622
"6481","Mut",10.1309608398238
"6482","Mut",9.1404758989934
"6483","Mut",9.00851129675368
"6484","Mut",10.2179784130375
"6485","Mut",8.35547498087903
"6486","Mut",7.82772455338501
"6487","Mut",5.70177235485241
"6488","Mut",9.874593524981
"6489","Mut",12.2292096245451
"6490","Mut",8.54074988089179
"6491","Mut",8.9120499694999
"6492","Mut",9.25549459433345
"6493","Mut",9.44052195849435
"6494","Mut",8.10577426153908
"6495","Mut",8.27201262569122
"6496","Mut",10.0223686760675
"6497","Mut",9.16414833737416
"6498","Mut",8.79565981527491
"6499","Mut",8.99301365920237
"6500","Mut",10.7648528204538
"6501","Mut",11.1708344026944
"6502","Mut",10.6855115394867
"6503","Mut",9.29370012402556
"6504","Mut",7.45061465513733
"6505","Mut",9.24252505385778
"6506","Mut",7.99201655353219
"6507","Mut",9.30424500190493
"6508","Mut",7.47839282695593
"6509","Mut",7.98246042673108
"6510","Mut",7.80002769356201
"6511","Mut",10.8914625745592
"6512","Mut",7.1640254428931
"6513","Mut",6.96089848273104
"6514","Mut",9.63867350005719
"6515","Mut",7.63267449820937
"6516","Mut",8.56874552502197
"6517","Mut",6.95214967919576
"6518","Mut",6.25557101518726
"6519","Mut",8.78432458825908
"6520","Mut",7.22352691843585
"6521","Mut",8.68517086014822
"6522","Mut",8.12371028927872
"6523","Mut",8.75366431127392
"6524","Mut",9.8495320074354
"6525","Mut",9.50541171793318
"6526","Mut",10.6767445632408
"6527","Mut",10.2901752181769
"6528","Mut",9.20577428257003
"6529","Mut",9.24724509879307
"6530","Mut",5.36626473003212
"6531","Mut",8.94773523391448
"6532","Mut",11.9319679940388
"6533","Mut",9.28825639549384
"6534","Mut",10.6807915092135
"6535","Mut",8.85254643695215
"6536","Mut",11.4998736386841
"6537","Mut",10.6567296882937
"6538","Mut",8.69256257150883
"6539","Mut",9.68927330229618
"6540","Mut",7.79129809632045
"6541","Mut",9.38805488403347
"6542","Mut",9.73362506894978
"6543","Mut",9.4038224236725
"6544","Mut",6.07028073504432
"6545","Mut",5.65570225070014
"6546","Mut",9.69565962904967
"6547","Mut",9.12502668091412
"6548","Mut",6.05507850786271
"6549","Mut",8.24479033335965
"6550","Mut",8.55889822697676
"6551","Mut",9.83651250641324
"6552","Mut",12.8293986023152
"6553","Mut",7.52988817929068
"6554","Mut",8.53456055719635
"6555","Mut",8.48307952253737
"6556","Mut",6.71130513092417
"6557","Mut",7.13328977969514
"6558","Mut",10.0199060080431
"6559","Mut",7.99200572803034
"6560","Mut",11.058569245888
"6561","Mut",12.348274804633
"6562","Mut",8.88812077750135
"6563","Mut",7.26272134387675
"6564","Mut",10.9136033554359
"6565","Mut",8.15595167481005
"6566","Mut",10.9734065804467
"6567","Mut",5.94067358809578
"6568","Mut",9.65258509700443
"6569","Mut",9.42772831394532
"6570","Mut",10.0860302892319
"6571","Mut",9.40968701475343
"6572","Mut",8.06101982231063
"6573","Mut",10.054524585747
"6574","Mut",10.0854119161633
"6575","Mut",10.5800693820472
"6576","Mut",12.573480101255
"6577","Mut",9.69312443798635
"6578","Mut",6.73712365139943
"6579","Mut",8.96403907511778
"6580","Mut",7.74433612062095
"6581","Mut",11.8960777980027
"6582","Mut",7.80698037912782
"6583","Mut",8.5418354377339
"6584","Mut",9.76328450270119
"6585","Mut",9.590587929198
"6586","Mut",12.052032030515
"6587","Mut",8.34381811984382
"6588","Mut",10.0900491168676
"6589","Mut",7.40773788945909
"6590","Mut",9.57300254940064
"6591","Mut",9.46617595639505
"6592","Mut",10.5960289521102
"6593","Mut",8.91569474185491
"6594","Mut",9.2371940360535
"6595","Mut",10.4907301268226
"6596","Mut",7.5637563707658
"6597","Mut",8.14497622383024
"6598","Mut",11.403293929163
"6599","Mut",11.6194917440059
"6600","Mut",11.7339918127122
"6601","Mut",8.53201714671547
"6602","Mut",7.96606757869221
"6603","Mut",8.22370955504753
"6604","Mut",7.10841949315201
"6605","Mut",8.73430084180692
"6606","Mut",9.72489937013908
"6607","Mut",8.30254912498668
"6608","Mut",8.56959937562887
"6609","Mut",8.92026873163821
"6610","Mut",10.5747700285928
"6611","Mut",8.00778058407863
"6612","Mut",10.4953282819005
"6613","Mut",10.2841673992998
"6614","Mut",8.92762966937555
"6615","Mut",9.10557061940902
"6616","Mut",6.57396524183505
"6617","Mut",8.30868544793156
"6618","Mut",9.70292450066706
"6619","Mut",6.99237100180607
"6620","Mut",9.6154112402082
"6621","Mut",7.78865699913002
"6622","Mut",7.61974311035102
"6623","Mut",8.68964659467277
"6624","Mut",8.19333779466221
"6625","Mut",6.98422813427147
"6626","Mut",11.1168884691725
"6627","Mut",7.19041079896087
"6628","Mut",7.10701842818083
"6629","Mut",10.123378840306
"6630","Mut",8.11792777375731
"6631","Mut",10.2238890907146
"6632","Mut",10.6401381745658
"6633","Mut",7.53741855797152
"6634","Mut",8.72836653450526
"6635","Mut",10.4239455605719
"6636","Mut",11.1099558830785
"6637","Mut",7.65181433577744
"6638","Mut",7.52890134326618
"6639","Mut",7.12608305086727
"6640","Mut",9.30885754015627
"6641","Mut",9.070569884395
"6642","Mut",7.887667084206
"6643","Mut",8.69745860096845
"6644","Mut",10.2841816686568
"6645","Mut",7.01386476701102
"6646","Mut",9.05778728833486
"6647","Mut",8.39261891221163
"6648","Mut",9.84859477307936
"6649","Mut",10.3283984207748
"6650","Mut",7.41176625038323
"6651","Mut",8.60604269492395
"6652","Mut",8.58187901020247
"6653","Mut",8.17727349201453
"6654","Mut",9.61504998480594
"6655","Mut",9.43806421336921
"6656","Mut",10.0970930509289
"6657","Mut",9.25512149304924
"6658","Mut_Gain",5.58124322688091
"6659","Mut_Gain",9.74695235801391
"6660","Mut_Gain",8.38258691183839
"6661","Mut_Gain",1.56253096618059
"6662","Mut_Gain",7.78095732405743
"6663","Mut_Gain",7.60434409923716
"6664","Mut_Gain",9.29843367393262
"6665","Mut_Gain",10.4598983858244
"6666","Mut_Gain",8.7365904569146
"6667","Mut_Gain",9.89329635613646
"6668","Mut_Gain",9.9233963539424
"6669","Mut_Gain",10.2628794682505
"6670","Mut_Gain",6.77035763657092
"6671","Mut_Gain",7.57474584672482
"6672","Mut_Gain",9.14003901907876
"6673","Mut_Gain",9.78171320168808
"6674","Mut_Gain",7.47878099919041
"6675","Mut_Gain",10.0577795465093
"6676","Mut_Gain",10.0730949487245
"6677","Mut_Gain",7.38556173138213
"6678","Mut_Gain",8.11102778924908
"6679","Mut_Gain",8.58418627460158
"6680","Mut_Gain",7.81989818114304
"6681","Mut_Gain",10.26184901498
"6682","Mut_Gain",10.7144826382931
"6683","Mut_Gain",6.66288903169043
"6684","Mut_Gain",8.83454512877656
"6685","Mut_Gain",8.01354263655
"6686","Mut_Gain",8.84333221830827
"6687","Mut_Gain",10.2728061130617
"6688","Mut_Gain",8.78292935512315
"6689","Mut_Gain",7.05200403721704
"6690","Mut_Gain",11.0094103913622
"6691","Mut_Gain",12.2760109831571
"6692","Mut_Gain",8.90619760384105
"6693","Mut_Gain",9.63352059552926
"6694","Mut_Gain",6.89421596859545
"6695","Mut_Gain",9.61969969367097
"6696","Mut_Gain",9.81896492648443
"6697","Mut_Gain",11.3637251599856
"6698","Mut_Gain",11.6823143262427
"6699","Mut_Gain",5.82854737783331
"6700","Mut_Gain",9.06824283373684
"6701","Mut_Gain",12.2421892896886
"6702","Mut_Gain",6.81610429051968
"6703","Mut_Gain",10.1592615823447
"6704","Mut_Gain",8.60157144000272
"6705","Mut_Gain",4.88284947892261
"6706","Mut_Gain",8.5579777200698
"6707","Mut_Gain",7.93745934795004
"6708","Mut_Gain",10.1177117225271
"6709","Mut_Gain",7.65871120385171
"6710","Mut_Gain",9.04207186180498
"6711","Mut_Gain",6.81727878813441
"6712","Mut_Gain",9.03002915401148
"6713","Mut_Gain",5.68997872878036
"6714","Mut_Gain",9.76882753100091
"6715","Mut_Gain",7.99378174711987
"6716","Mut_Gain",10.9623578554728
"6717","Mut_Gain",9.37157300009974
"6718","Mut_Gain",8.2676818415233
"6719","Mut_Gain",6.24293976467617
"6720","Mut_Gain",10.4554988067343
"6721","Mut_Gain",10.0644335621498
"6722","Mut_Gain",6.57172863940599
"6723","Mut_Gain",12.4566131161178
"6724","Mut_Gain",7.67644586061124
"6725","Mut_Gain",8.94730724204139
"6726","Mut_Gain",10.4759467113916
"6727","Mut_Gain",7.43860075125771
"6728","Mut_Gain",8.97790484975889
"6729","Mut_Gain",7.90502544665171
"6730","Mut_Gain",9.49658675482756
"6731","Mut_Gain",5.20675228239495
"6732","Mut_Gain",7.12214781364046
"6733","Mut_Gain",10.4508501332799
"6734","Mut_Gain",6.6003431521634
"6735","Mut_Gain",7.36197155576943
"6736","Mut_Gain",10.1593325872531
"6737","Mut_Gain",8.05985323962042
"6738","Mut_Gain",9.65684219317033
"6739","Mut_Gain",10.4568599376928
"6740","Mut_Gain",9.20117382658325
"6741","Mut_Gain",10.6532821097296
"6742","Mut_Gain",10.0283991362937
"6743","Mut_Gain",4.61595473440075
"6744","Mut_Gain",10.1688687119729
"6745","Mut_Gain",8.54755855176775
"6746","Mut_Gain",10.9599313038551
"6747","Mut_Gain",10.6640867271009
"6748","Mut_Gain",7.52254635964729
"6749","Mut_Gain",1.28826421170176
"6750","Mut_Gain",7.62460560363874
"6751","Mut_Gain",8.62493138153133
"6752","Mut_Gain",8.94437491606008
"6753","Mut_Gain",6.77431914222022
"6754","Mut_Gain",10.9776013005397
"6755","Mut_Gain",10.6638730569169
"6756","Mut_Gain",4.96265488511921
"6757","Mut_Gain",8.61039107332532
"6758","Mut_Gain",8.3969309154034
"6759","Mut_Gain",8.11083750810822
"6760","Mut_Gain",11.2243487807589
"6761","Mut_Gain",5.20525622233589
"6762","Mut_Gain",7.43199866419572
"6763","Mut_Gain",10.0020062280619
"6764","Mut_Gain",8.00684174310908
"6765","Mut_Gain",7.69681757265108
"6766","Mut_Gain",9.2301019439443
"6767","Mut_Gain",8.93170059890323
"6768","Mut_Gain",10.5608958197051
"6769","Mut_Gain",11.6123583201052
"6770","Mut_Gain",7.64584266073567
"6771","Mut_Gain",9.21840072731767
"6772","Mut_Gain",6.79758891020419
"6773","Mut_Gain",8.8263972460241
"6774","Mut_Gain",3.89946341168025
"6775","Mut_Gain",10.1441375150677
"6776","Mut_Gain",7.29986946097473
"6777","Mut_Gain",6.81709638171509
"6778","Mut_Gain",9.52245836544013
"6779","Mut_Gain",10.6771100590914
"6780","Mut_Gain",9.94097365725442
"6781","Mut_Gain",9.54781919725457
"6782","Mut_Gain",5.67822887227203
"6783","Mut_Gain",6.67115112754856
"6784","Mut_Gain",11.8921842828072
"6785","Mut_Gain",9.47751696308154
"6786","Mut_Gain",7.53593566498079
"6787","Mut_Gain",8.03789329066738
"6788","Mut_Gain",7.4273515834727
"6789","Mut_Gain",4.67172087112449
"6790","Mut_Gain",7.53712820479395
"6791","Mut_Gain",6.1163192919281
"6792","Mut_Gain",4.52974200875115
"6793","Mut_Gain",8.73396649849298
"6794","Mut_Gain",9.67557824543125
"6795","Mut_Gain",7.78984754984159
"6796","Mut_Gain",8.27908764174645
"6797","Mut_Gain",7.21320722515385
"6798","Mut_Gain",11.9229468062005
"6799","Mut_Gain",8.48437135301844
"6800","Mut_Gain",9.51080332328786
"6801","Mut_Gain",5.95909648393162
"6802","Mut_Gain",9.14197835021735
"6803","Mut_Gain",9.5584503965763
"6804","Mut_Gain",9.49763921567868
"6805","Mut_Gain",3.82392660217668
"6806","Mut_Gain",8.98156758729096
"6807","Mut_Gain",5.20591299386825
"6808","Mut_Gain",7.62935900912927
"6809","Mut_Gain",11.226325733424
"6810","Mut_Gain",10.3230251036068
"6811","Mut_Gain",10.5975113314366
"6812","Mut_Gain",8.41586660946577
"6813","Mut_Gain",6.19121601942419
"6814","Mut_Gain",7.45101765718135
"6815","Mut_Gain",5.83510349372035
"6816","Mut_Gain",6.68770997142156
"6817","Mut_Gain",8.85163341664372
"6818","Mut_Gain",6.62800872905999
"6819","Mut_Gain",9.66309544379032
"6820","Mut_Gain",9.40042631518085
"6821","Mut_Gain",8.99386521932817
"6822","Mut_Gain",6.06339897435423
"6823","Mut_Gain",12.7464299156826
"6824","Mut_Gain",7.91540042617808
"6825","Mut_Gain",8.58095609487103
"6826","Mut_Gain",12.0002195309636
"6827","Mut_Gain",13.9245369390521
"6828","Mut_Gain",9.68602211070222
"6829","Mut_Gain",6.51549655235275
"6830","Mut_Gain",9.96990996046732
"6831","Mut_Gain",6.02643618046551
"6832","Mut_Gain",6.29327329033832
"6833","Mut_Gain",9.45235890566383
"6834","Mut_Gain",11.2451941477828
"6835","Mut_Gain",3.50581540075971
"6836","Mut_Gain",11.2114220186649
"6837","Mut_Gain",9.91247632322875
"6838","Mut_Gain",7.4724720654173
"6839","Mut_Gain",10.2776591292272
"6840","Mut_Gain",6.76059909501608
"6841","Mut_Gain",9.29695942776839
"6842","Mut_Gain",10.239243943676
"6843","Mut_Gain",9.94429155757342
"6844","Mut_Gain",8.53564124269366
"6845","Mut_Gain",9.60194974862147
"6846","Mut_Gain",10.0503315937689
"6847","Mut_Gain",7.3678742072541
"6848","Mut_Gain",9.49621446028079
"6849","Mut_Gain",9.32585546522493
"6850","Mut_Gain",4.99824866668605
"6851","Mut_Gain",10.1382100091976
"6852","Mut_Gain",8.07229798669149
"6853","Mut_Gain",8.93573490881791
"6854","Mut_Gain",8.55542094216226
"6855","Mut_Gain",8.49552396092358
"6856","Mut_Gain",5.39144199784872
"6857","Mut_Gain",8.34373651656675
"6858","Mut_Gain",7.37761092587025
"6859","Mut_Gain",3.75121432870952
"6860","Mut_Gain",7.42301794139718
"6861","Mut_Gain",8.75655463295441
"6862","Mut_Gain",7.01130322937801
"6863","Mut_Gain",9.65148003861381
"6864","Mut_Gain",8.83782797129737
"6865","Mut_Gain",7.19287662402193
"6866","Mut_Gain",6.87097399680629
"6867","Mut_Gain",4.61504131538501
"6868","Mut_Gain",9.27088709650872
"6869","Mut_Gain",9.72365087263612
"6870","Mut_Gain",11.4790864056134
"6871","Mut_Gain",9.93812955809662
"6872","Mut_Gain",11.5265740820463
"6873","Mut_Gain",11.2479758242813
"6874","Mut_Gain",7.03956910822988
"6875","Mut_Gain",9.44817942946745
"6876","Mut_Gain",8.53348525898316
"6877","Mut_Gain",7.31031531315905
"6878","Mut_Gain",6.21994679924886
"6879","Mut_Gain",7.92206755051243
"6880","Mut_Gain",9.37968452230109
"6881","Mut_Gain",5.7542746686501
"6882","Mut_Gain",8.19020049270149
"6883","Mut_Gain",6.12369257096311
"6884","Mut_Gain",10.1176292374774
"6885","Mut_Gain",10.9035785290201
"6886","Mut_Gain",8.21929719161023
"6887","Mut_Gain",12.8544633239019
"6888","Mut_Gain",3.48672215221786
"6889","Mut_Gain",8.53265605509326
"6890","Mut_Gain",8.77045750848306
"6891","Mut_Gain",10.1644718680806
"6892","Mut_Gain",12.3592605792174
"6893","Mut_Gain",8.58574570712521
"6894","Mut_Gain",9.03650659864458
"6895","Mut_Gain",8.35822641457987
"6896","Mut_Gain",8.39604442802839
"6897","Mut_Gain",7.59068812477792
"6898","Mut_Gain",10.5220443994881
"6899","Mut_Gain",8.80117402871663
"6900","Mut_Gain",5.63209987393825
"6901","Mut_Gain",10.1574823241229
"6902","Mut_Gain",12.6193835432559
"6903","Mut_Gain",5.59983305239201
"6904","Mut_Gain",10.690086042335
"6905","Mut_Gain",7.73305680870392
"6906","Mut_Gain",9.56432143436796
"6907","Mut_Gain",11.4771087691145
"6908","Mut_Gain",8.5694791149436
"6909","Mut_Gain",5.43996088783991
"6910","Mut_Gain",10.7401757859664
"6911","Mut_Gain",7.42063767357298
"6912","Mut_Gain",10.7467112666051
"6913","Mut_Gain",8.03190335960849
"6914","Mut_Gain",6.24640391678341
"6915","Mut_Gain",4.68828513091391
"6916","Mut_Gain",11.0180636310759
"6917","Mut_Gain",5.60869557213055
"6918","Mut_Gain",7.19401502478184
"6919","Mut_Gain",11.6713336095715
"6920","Mut_Gain",12.1086024594049
"6921","Mut_Gain",7.81115475630333
"6922","Mut_Gain",8.35922694939939
"6923","Mut_Gain",6.22750162330232
"6924","Mut_Gain",8.41622340083906
"6925","Mut_Gain",11.9463331326176
"6926","Mut_Gain",10.2156707506102
"6927","Mut_Gain",10.4692131177681
"6928","Mut_Gain",10.0274650865106
"6929","Mut_Gain",11.8735614337815
"6930","Mut_Gain",6.53568561679643
"6931","Mut_Gain",6.7511116721432
"6932","Mut_Gain",5.42843640194515
"6933","Mut_Gain",8.23472164643652
"6934","Mut_Gain",5.58963505293132
"6935","Mut_Gain",11.8885805793922
"6936","Mut_Gain",8.78016339019231
"6937","Mut_Gain",11.5621738358624
"6938","Mut_Gain",8.99189504725415
"6939","Mut_Gain",5.56025465413082
"6940","Mut_Gain",6.75500490107578
"6941","Mut_Gain",9.2634066995976
"6942","Mut_Gain",6.59434729994426
"6943","Mut_Gain",10.7761144418214
"6944","Mut_Gain",9.69717744025274
"6945","Mut_Gain",7.03061765011003
"6946","Mut_Gain",7.15940291199759
"6947","Mut_Gain",10.093422759265
"6948","Mut_Gain",5.2866664554274
"6949","Mut_Gain",9.10665205652385
"6950","Mut_Gain",8.87575854247325
"6951","Mut_Gain",10.3511653088312
"6952","Mut_Gain",6.46930949499357
"6953","Mut_Gain",6.11153757510183
"6954","Mut_Gain",6.751765106457
"6955","Mut_Gain",8.63853477675839
"6956","Mut_Gain",10.5669942933181
"6957","Mut_Gain",7.56528010875306
"6958","Mut_Gain",14.681402545827
"6959","Mut_Gain",7.30691540835449
"6960","Mut_Gain",4.89560800572312
"6961","Mut_Gain",4.82772763328574
"6962","Mut_Gain",10.3601593611794
"6963","Mut_Gain",8.9167499804435
"6964","Mut_Gain",10.8165203875972
"6965","Mut_Gain",9.95661610470459
"6966","Mut_Gain",8.31164137872002
"6967","Mut_Gain",8.7682029823268
"6968","Mut_LOH",10.0546198726718
"6969","Mut_LOH",12.3750641730165
"6970","Mut_LOH",9.48157729275473
"6971","Mut_LOH",6.25195490749016
"6972","Mut_LOH",8.79897542728249
"6973","Mut_LOH",12.5274169516011
"6974","Mut_LOH",8.1368575217864
"6975","Mut_LOH",3.05082952737529
"6976","Mut_LOH",9.17243175163415
"6977","Mut_LOH",3.14636864576985
"6978","Mut_LOH",12.7171200746592
"6979","Mut_LOH",10.8604357812624
"6980","Mut_LOH",12.4012957890254
"6981","Mut_LOH",10.4750416394079
"6982","Mut_LOH",11.620416426709
"6983","Mut_LOH",8.84776939432567
"6984","Mut_LOH",15.0855452229093
"6985","Mut_LOH",8.16642716124832
"6986","Mut_LOH",11.906392395409
"6987","Mut_LOH",14.0356059950418
"6988","Mut_LOH",7.16121337119893
"6989","Mut_LOH",10.4812059715947
"6990","Mut_LOH",6.93119209173361
"6991","Mut_LOH",13.3313151572598
"6992","Mut_LOH",10.351156836646
"6993","Mut_LOH",14.2225218877595
"6994","Mut_LOH",14.0454232283827
"6995","Mut_LOH",10.5880394038658
"6996","Mut_LOH",14.6254860592976
"6997","Mut_LOH",10.9147601587247
"6998","Mut_LOH",8.40433968106289
"6999","Mut_LOH",8.23799109177012
"7000","Mut_LOH",9.31574824264916
"7001","Mut_LOH",11.7204633204293
"7002","Mut_LOH",12.1362849422823
"7003","Mut_LOH",8.98477083426375
"7004","Mut_LOH",11.2118268068522
"7005","Mut_LOH",5.844283846263
"7006","Mut_LOH",9.05841386796595
"7007","Mut_LOH",8.40277261304416
"7008","Mut_LOH",11.7170523301399
"7009","Mut_LOH",9.59955373812411
"7010","Mut_LOH",6.85047114576959
"7011","Mut_LOH",8.62965852500268
"7012","Mut_LOH",12.2447119544124
"7013","Mut_LOH",10.767625488975
"7014","Mut_LOH",8.55881565569257
"7015","Mut_LOH",8.985351196833
"7016","Mut_LOH",15.9316286151192
"7017","Mut_LOH",10.9400417726011
"7018","Mut_LOH",6.45412852676653
"7019","Mut_LOH",9.65711645933975
"7020","Mut_LOH",9.38365107008745
"7021","Mut_LOH",10.8189055833887
"7022","Mut_LOH",7.88919697772505
"7023","Mut_LOH",12.3684921882602
"7024","Mut_LOH",8.02635722594078
"7025","Mut_LOH",5.51930504493601
"7026","Mut_LOH",11.1593050316715
"7027","Mut_LOH",13.5128513603518
"7028","Mut_LOH",13.8487646911056
"7029","Mut_LOH",10.9257209730481
"7030","Mut_LOH",8.85172834523349
"7031","Mut_LOH",13.8355757721279
"7032","Mut_LOH",8.124434491573
"7033","Mut_LOH",12.2828876500766
"7034","Mut_LOH",11.4644331531662
"7035","Mut_LOH",13.2788631475959
"7036","Mut_LOH",9.83457362332926
"7037","Mut_LOH",13.4072809723707
"7038","Mut_LOH",13.9265281331373
"7039","Mut_LOH",13.0493494901311
"7040","Mut_LOH",6.54864300292144
"7041","Mut_LOH",3.96927022695538
"7042","Mut_LOH",10.8167495549369
"7043","Mut_LOH",11.4988814256306
"7044","Mut_LOH",7.91993376049708
"7045","Mut_LOH",6.68072766719144
"7046","Mut_LOH",10.4326288904895
"7047","Mut_LOH",11.6564282253426
"7048","Mut_LOH",5.45759851150032
"7049","Mut_LOH",9.33026871602494
"7050","Mut_LOH",11.2527044466568
"7051","Mut_LOH",10.6086698284991
"7052","Mut_LOH",7.84689422568103
"7053","Mut_LOH",9.97393877514263
"7054","Mut_LOH",8.7458561214249
"7055","Mut_LOH",7.73103199911923
"7056","Mut_LOH",11.6261075709605
"7057","Mut_LOH",9.06260572771043
"7058","Mut_LOH",9.62033897712574
"7059","Mut_LOH",9.92514801816723
"7060","Mut_LOH",15.1305945588848
"7061","Mut_LOH",9.17562847872495
"7062","Mut_LOH",10.0625814032125
"7063","Mut_LOH",5.18140824415625
"7064","Mut_LOH",10.5514872463017
"7065","Mut_LOH",10.7503424931984
"7066","Mut_LOH",7.42908277108011
"7067","Mut_LOH",10.5302887035867
"7068","Mut_LOH",14.5059368942285
"7069","Mut_LOH",6.32606316549058
"7070","Mut_LOH",4.6796833064424
"7071","Mut_LOH",12.9795949111296
"7072","Mut_LOH",7.11213061846084
"7073","Mut_LOH",9.81280305626398
"7074","Mut_LOH",7.51592779444759
"7075","Mut_LOH",7.77088800287279
"7076","Mut_LOH",4.53728402171414
"7077","Mut_LOH",10.2192137350427
"7078","Mut_LOH",9.78154992155129
"7079","Mut_LOH",8.10540991323415
"7080","Mut_LOH",8.36234150755194
"7081","Mut_LOH",7.47551993181835
"7082","Mut_LOH",9.94297295039803
"7083","Mut_LOH",11.9770818124832
"7084","Mut_LOH",8.75632052612592
"7085","Mut_LOH",13.4556775895017
"7086","Mut_LOH",14.3797424090905
"7087","LOH",3.71131237367451
"7088","LOH",14.3698922440848
"7089","LOH",13.4438799929926
"7090","LOH",7.86197690628559
"7091","LOH",8.26527457666426
"7092","LOH",6.25889223423774
"7093","LOH",9.28210219514279
"7094","LOH",1.77082703407935
"7095","LOH",8.60068358874608
"7096","LOH",5.30177291522535
"7097","LOH",9.27564774682968
"7098","LOH",9.65060689707074
"7099","LOH",8.33855700366716
"7100","LOH",-0.540422521801283
"7101","LOH",9.89741482178838
"7102","LOH",0.794668278003698
"7103","LOH",2.61811947310453
"7104","LOH",5.20342161342692
"7105","LOH",6.4585057100262
"7106","LOH",7.47418719071561
"7107","LOH",3.22072388364664
"7108","LOH",14.682670539543
"7109","LOH",4.29664384837042
"7110","LOH",13.918206237098
"7111","LOH",5.77087904706595
"7112","LOH",3.87201358324226
"7113","LOH",10.2519091620172
"7114","LOH",12.572304081392
"7115","LOH",-3.09356765984592
"7116","LOH",11.0306449406622
"7117","LOH",13.5215575939578
"7118","LOH",1.07719210537905
"7119","LOH",6.28627904570469
"7120","LOH",6.99946148552164
"7121","LOH",11.6514750402634
"7122","LOH",8.83228771574441
"7123","LOH",3.55608594925302
"7124","LOH",7.22262161577967
"7125","LOH",9.9065190925697
"7126","LOH",5.26884972949591
"7127","LOH",6.58308949831048
"7128","LOH",2.61264069662877
"7129","LOH",14.9358923994231
"7130","LOH",1.1797346447934
"7131","LOH",8.21357470346651
"7132","LOH",17.9362957255624
"7133","LOH",-1.31231106945735
"7134","LOH",7.93127579049886
"7135","LOH",1.24962360098347
"7136","LOH",13.1415903332909
"7137","LOH",7.78308007383938
"7138","LOH",7.07868929147358
"7139","LOH",0.951819088482224
"7140","LOH",-3.63178299964076
"7141","LOH",8.85619533210903
"7142","LOH",14.0540276642164
"7143","LOH",2.83620914888711
"7144","LOH",12.6585215049493
"7145","LOH",4.36583045378534
"7146","LOH",4.08135960105142
"7147","LOH",2.0466333292076
"7148","LOH",3.53633519024006
"7149","LOH",11.8185622463225
"7150","LOH",7.24279599586793
"7151","LOH",10.2439886838232
"7152","LOH",12.1502052407255
"7153","LOH",2.39331327607202
"7154","LOH",21.840418830174
"7155","LOH",9.4676574007093
"7156","LOH",10.0072103813398
"7157","LOH",6.88201349739923
"7158","LOH",14.5885190662388
"7159","LOH",6.60288882243085
"7160","LOH",9.94879216353371
"7161","LOH",10.2065416356228
"7162","LOH",9.57197119326021
"7163","LOH",7.04943058505244
"7164","LOH",1.00882218895427
"7165","LOH",4.27496605123633
"7166","LOH",0.825031845645607
"7167","LOH",16.0282203557671
"7168","LOH",17.1503171896644
"7169","LOH",11.5085532846411
"7170","LOH",4.05161703366279
"7171","LOH",2.74896547152213
"7172","LOH",13.5755703974044
"7173","LOH",12.8048804284976
"7174","LOH",9.5073996544805
"7175","LOH",4.7859275350689
"7176","LOH",-0.189520874171137
"7177","LOH",5.29032504414606
"7178","LOH",-2.22916333237557
"7179","LOH",15.8777894474033
"7180","LOH",15.236723427953
"7181","LOH",15.2778418118523
"7182","LOH",12.5813951406218
"7183","LOH",2.00211938007014
"7184","LOH",5.83621195191056
"7185","LOH",5.32026555362344
"7186","LOH",2.49259455385001
"7187","LOH",8.9499016103591
"7188","LOH",9.84661116690801
"7189","LOH",4.22661189506576
"7190","LOH",4.75909090559323
"7191","LOH",16.4473444332897
"7192","LOH",12.209803573504
"7193","LOH",4.54874851645721
"7194","LOH",12.7904304048209
"7195","LOH",13.4074860636047
"7196","LOH",17.2119752392389
"7197","LOH",6.99974453033369
"7198","LOH",2.30534365734164
"7199","LOH",12.2069538826908
"7200","LOH",9.82282554096537
"7201","LOH",9.65894768502919
"7202","LOH",6.49507159269296
"7203","LOH",9.32402033072699
"7204","LOH",2.52060434078321
"7205","LOH",13.546166654173
"7206","LOH",13.5492925249007
"7207","LOH",0.0766346457433063
"7208","LOH",-2.9367500695239
"7209","LOH",10.5487751868354
"7210","LOH",7.28792863835017
"7211","LOH",4.92084951137309
"7212","LOH",16.4750307277902
"7213","LOH",7.59836300083512
"7214","LOH",14.6821860955556
"7215","LOH",7.34387652621505
"7216","LOH",4.39947592291058
"7217","LOH",3.77192802666043
"7218","LOH",9.61061883240775
"7219","LOH",15.1259870580527
"7220","LOH",7.7325467743913
"7221","LOH",5.69490257517758
"7222","LOH",0.634046514292768
"7223","LOH",5.9282986925508
"7224","LOH",4.54938126717442
"7225","LOH",3.15585937244669
"7226","LOH",4.02109697633353
"7227","LOH",11.5933068671625
"7228","LOH",10.2309859739709
"7229","LOH",7.88830932454934
"7230","LOH",6.24549584820488
"7231","LOH",5.51684441914933
"7232","LOH",1.56088850818811
"7233","LOH",0.566747802894451
"7234","LOH",8.71091806077602
"7235","LOH",8.86180930063635
"7236","LOH",-5.49177565038089
"7237","LOH",7.98995318591287
"7238","LOH",6.50391724005797
"7239","LOH",18.8253017113036
"7240","LOH",1.85665891094728
"7241","LOH",3.96795269232614
"7242","LOH",14.2429994379369
"7243","LOH",17.2116344232884
"7244","LOH",9.91640092537194
"7245","LOH",1.16708005404092
"7246","LOH",5.16746952320446
"7247","LOH",10.6100909249429
"7248","LOH",5.84297929782872
"7249","LOH",2.12903156312968
"7250","LOH",12.6662187998954
"7251","LOH",4.92697537762236
"7252","LOH",14.2280404951435
"7253","LOH",9.55077562894096
"7254","LOH",-0.26210654018807
"7255","LOH",7.00415003961437
"7256","LOH",12.0646180249535
"7257","LOH",16.108908463607
"7258","LOH",14.7300149699283
"7259","LOH",7.42242784025935
"7260","LOH",19.9595920110279
"7261","LOH",2.07326881038956
"7262","LOH",15.5070407109989
"7263","LOH",7.99882346038778
"7264","LOH",8.78256170380737
"7265","LOH",8.08262115090288
"7266","LOH",10.8102048136462
"7267","LOH",-0.630510595132165
"7268","LOH",9.90711888728841
"7269","LOH",17.9115797856772
"7270","LOH",6.72701377098208
"7271","LOH",6.30584581381685
"7272","LOH",19.6376713261055
"7273","LOH",15.6151246737897
"7274","LOH",3.67108818041261
"7275","LOH",11.9411341028805
"7276","LOH",3.46105589461328
"7277","LOH",2.620288674567
"7278","LOH",4.30951693516587
"7279","LOH",3.88490422040032
"7280","LOH",11.9018517912303
"7281","LOH",1.52898938724196
"7282","LOH",-0.410245046246402
"7283","LOH",2.17761821484114
"7284","LOH",4.31789139496302
"7285","LOH",12.4426872344931
"7286","LOH",20.7752015089931
"7287","LOH",6.7152167705348
"7288","LOH",8.33461496196616
"7289","LOH",11.9394287647152
"7290","LOH",5.955131530826
"7291","LOH",11.1930489905748
"7292","LOH",9.0436926734199
"7293","LOH",6.85419148167004
"7294","LOH",11.2095821739829
"7295","LOH",4.27113500981685
"7296","LOH",4.78499898381279
"7297","LOH",5.40801932991379
"7298","LOH",11.7571639089005
"7299","LOH",5.47906399258978
"7300","LOH",11.7084088688223
"7301","LOH",8.92401918107721
"7302","LOH",16.5658779878725
"7303","LOH",8.95773643672207
"7304","LOH",22.4850790068814
"7305","LOH",7.83251271466453
"7306","LOH",1.95386443576523
"7307","LOH",-3.58642144627914
"7308","LOH",8.75741505307952
"7309","LOH",8.49245045479799
"7310","LOH",9.56242151685441
"7311","LOH",3.55783308887318
"7312","LOH",4.89352365781922
"7313","LOH",16.0086971834814
"7314","LOH",2.25832088108904
"7315","LOH",5.08426875290794
"7316","LOH",6.67144680689074
"7317","LOH",9.09452288040325
"7318","LOH",3.61647286627984
"7319","LOH",3.5076811999993
"7320","LOH",8.9384754041741
"7321","LOH",2.81392646850086
"7322","LOH",13.1587404911142
"7323","LOH",7.84617039136414
"7324","LOH",7.64218384549862
"7325","LOH",8.74703554129779
"7326","LOH",3.88261508445008
"7327","LOH",13.0572836224388
"7328","LOH",3.43707981487342
"7329","LOH",2.41196064324321
"7330","LOH",14.1782191002988
"7331","LOH",1.37307324239672
"7332","LOH",8.17287933038968
"7333","LOH",3.99363620377842
"7334","LOH",10.8244945208687
"7335","LOH",5.18503829229562
"7336","LOH",-0.460852686241502
"7337","LOH",13.079666029696
"7338","LOH",-0.270442776431855
"7339","LOH",6.11793878293217
"7340","LOH",4.62296639347144
"7341","LOH",8.83166766935958
"7342","LOH",12.7318549234741
"7343","LOH",13.7809768252501
"7344","LOH",7.96958524280412
"7345","LOH",2.19257470951413
"7346","LOH",11.7059009914485
"7347","LOH",2.77822239434562
"7348","LOH",10.0590432180087
"7349","LOH",1.72977443975527
"7350","LOH",8.46815475146675
"7351","LOH",8.84387294896512
"7352","LOH",11.4021598328929
"7353","LOH",6.5320184769182
"7354","LOH",9.21871806714514
"7355","LOH",4.77108943412115
"7356","LOH",16.9655947014009
"7357","LOH",6.67686346514388
"7358","LOH",7.81273986498489
"7359","LOH",10.2026424879594
"7360","LOH",5.07079367776226
"7361","LOH",11.501734900099
"7362","LOH",2.93418304361264
"7363","LOH",12.625420348658
"7364","LOH",12.9531946607228
"7365","LOH",7.14807908167449
"7366","LOH",5.27439732826262
"7367","LOH",4.78922829004194
"7368","LOH",5.52752798220884
"7369","LOH",10.0748033443031
"7370","LOH",12.5230850698923
"7371","LOH",12.4761005762156
"7372","LOH",6.73903817864794
"7373","LOH",7.74905771808349
"7374","LOH",3.18341972337557
"7375","LOH",10.33405229816
"7376","LOH",-0.222072147555419
"7377","LOH",7.3692374426793
"7378","LOH",7.67868990724288
"7379","LOH",7.88293328347506
"7380","LOH",2.73251170722205
"7381","LOH",8.66638075137297
"7382","LOH",10.7605918361207
"7383","LOH",13.1461162125166
"7384","LOH",4.7978931354144
"7385","LOH",0.420059039069239
"7386","LOH",2.3713508467467
"7387","LOH",10.7478528880835
"7388","LOH",7.44756772450643
"7389","LOH",3.66082792739873
"7390","LOH",8.76090090307476
"7391","LOH",13.2804945722134
"7392","LOH",12.2814319909705
"7393","LOH",8.14012103045447
"7394","LOH",12.0703852910639
"7395","LOH",13.2378312526666
"7396","LOH",2.86553323063601
"7397","LOH",6.51752939772205
"7398","LOH",4.45222149532999
"7399","LOH",7.67505645987709
"7400","LOH",14.0159058017759
"7401","LOH",8.97262763455777
"7402","LOH",5.35674905107281
"7403","LOH",5.89829896499333
"7404","LOH",9.29448084715203
"7405","LOH",2.98270142579485
"7406","LOH",8.85436619430466
"7407","LOH",17.3556351103964
"7408","LOH",10.2827745393897
"7409","LOH",6.33696845987114
"7410","LOH",10.2597765130505
"7411","LOH",13.297283465087
"7412","LOH",4.25808575308724
"7413","LOH",5.01324743185345
"7414","LOH",16.6685225433505
"7415","LOH",11.544451031317
"7416","LOH",15.5932103394047
"7417","LOH",6.50084032289152
"7418","LOH",10.1937283167107
"7419","LOH",13.6506805421301
"7420","LOH",2.12561705828859
"7421","LOH",3.0573844456063
"7422","LOH",2.97369717033315
"7423","LOH",11.9355575068356
"7424","LOH",4.45447387525404
"7425","LOH",4.02704873757601
"7426","LOH",11.529998366141
"7427","LOH",-3.79178544994358
"7428","LOH",9.26747208127379
"7429","LOH",10.4973221249433
"7430","LOH",11.6955005700815
"7431","LOH",11.9172876916211
"7432","LOH",9.70570004488468
"7433","LOH",11.8981494598076
"7434","LOH",10.5985265668527
"7435","LOH",5.544195121071
"7436","LOH",10.5481028247057
"7437","LOH",11.2116481038912
"7438","LOH",11.7323658873046
"7439","LOH",14.4360775335738
"7440","LOH",11.1943799857357
"7441","LOH",-0.100295223389343
"7442","LOH",8.18923848714014
"7443","LOH",13.4149031466058
"7444","LOH",2.54680672509396
"7445","LOH",1.76175377095807
"7446","LOH",5.80861726892162
"7447","LOH",-4.4463552637918
"7448","LOH",8.68108088305033
"7449","LOH",5.28458833285578
"7450","LOH",10.798300085606
"7451","LOH",13.980667123199
"7452","LOH",12.2697768770107
"7453","LOH",13.9639319346701
"7454","LOH",7.09547688153845
"7455","LOH",8.82758468245159
"7456","LOH",10.1590285344307
"7457","LOH",-0.934717596486166
"7458","LOH",-0.109053772380722
"7459","LOH",10.42568666672
"7460","LOH",1.56293300366123
"7461","LOH",-4.31807041038577
"7462","LOH",5.69622042144238
"7463","LOH",6.59669084844228
"7464","LOH",6.13147893661165
"7465","LOH",1.93567163395301
"7466","LOH",11.5157945948458
"7467","LOH",5.53181817323079
"7468","LOH",8.57195358227325
"7469","LOH",11.4503981141424
"7470","LOH",11.5703295942281
"7471","LOH",6.00554824954024
"7472","LOH",5.87008020987224
"7473","LOH",3.99302406740592
"7474","LOH",8.90815042595451
"7475","LOH",8.96542264272896
"7476","LOH",3.42824938435673
"7477","LOH",13.2701215003343
"7478","LOH",12.2651250409337
"7479","LOH",12.8107947402887
"7480","LOH",15.3256709999469
"7481","LOH",9.176554049918
"7482","LOH",5.98736650629328
"7483","LOH",10.4606103861274
"7484","LOH",6.22628008286837
"7485","LOH",6.79736720527923
"7486","LOH",14.0351083011591
"7487","LOH",9.89958579466676
"7488","LOH",6.09785055297666
"7489","LOH",12.460916228246
"7490","LOH",12.9598560479712
"7491","LOH",7.81560384785456
"7492","LOH",0.726087475861727
"7493","LOH",6.14238922143652
"7494","LOH",11.1843596085548
"7495","LOH",10.954431022694
"7496","LOH",8.08797010309396
"7497","LOH",0.383012544287967
"7498","LOH",-0.360600734588319
"7499","LOH",2.90244464204549
"7500","LOH",4.88162696205345
"7501","LOH",2.91405574447583
"7502","LOH",-1.97740563507344
"7503","LOH",4.94130357853326
"7504","LOH",15.3399845294776
"7505","LOH",8.56658515405248
"7506","LOH",9.32337584534152
"7507","LOH",7.02908692490365
"7508","LOH",0.760020269479285
"7509","LOH",-4.78921880912792
"7510","LOH",11.8265560535738
"7511","LOH",1.53220892187637
"7512","LOH",9.9552323485861
"7513","LOH",6.16227475162544
"7514","LOH",12.9415956071321
"7515","LOH",9.56731544145788
"7516","LOH",9.49561906641182
"7517","LOH",11.0205464829021
"7518","LOH",11.1948055946945
"7519","LOH",5.10327491411354
"7520","LOH",15.466001823558
"7521","LOH",7.4994692211719
"7522","LOH",7.05767686346224
"7523","LOH",6.38127751298684
"7524","LOH",8.5009696711793
"7525","LOH",10.8540518649224
"7526","LOH",14.6013057733687
"7527","LOH",4.82288324883262
"7528","LOH",0.800444325295327
"7529","LOH",11.5649520738719
"7530","LOH",3.918336737745
"7531","LOH",18.220735311658
"7532","LOH",2.49468285281934
"7533","LOH",11.6435875065182
"7534","LOH",8.55254545677008
"7535","LOH",5.59045509108394
"7536","LOH",5.37890633632568
"7537","LOH",11.4660763389644
"7538","LOH",7.59321316519448
"7539","LOH",9.18638162232726
"7540","LOH",2.02474283577969
"7541","LOH",3.54773214046376
"7542","LOH",8.43652952313893
"7543","LOH",-0.418301402025616
"7544","LOH",6.64572840257829
"7545","LOH",10.2854434580286
"7546","LOH",5.14280512896046
"7547","LOH",0.554972974934005
"7548","LOH",5.31864795994985
"7549","LOH",11.7838479197493
"7550","LOH",1.49254531326537
"7551","LOH",10.5765279563532
"7552","LOH",13.9907348370414
"7553","LOH",17.1049599455448
"7554","LOH",1.1503326789981
"7555","LOH",10.038757599909
"7556","LOH",-2.9142222006013
"7557","LOH",4.53938196624888
"7558","LOH",14.682029085654
"7559","LOH",8.56221811907066
"7560","LOH",15.1639170274394
"7561","LOH",4.83511117965874
"7562","LOH",17.4600537933359
"7563","LOH",9.21298497445808
"7564","LOH",5.75261113088515
"7565","LOH",3.93689489681397
"7566","LOH",19.1037650163462
"7567","LOH",4.85823939563673
"7568","LOH",4.82218269498032
"7569","LOH",1.67025242423984
"7570","LOH",2.40413059570208
"7571","LOH",9.43619053017694
"7572","LOH",10.2964244671086
"7573","LOH",9.32299159072921
"7574","LOH",12.6611822724134
"7575","LOH",3.4977463227094
"7576","LOH",8.59468548699835
"7577","LOH",2.39979819583558
"7578","LOH",8.3864882840216
"7579","LOH",16.7498310822604
"7580","LOH",11.9509648584427
"7581","LOH",5.14712049602248
"7582","LOH",2.68701973635491
"7583","LOH",10.8890307011182
"7584","LOH",14.8108818682308
"7585","LOH",2.89638417475054
"7586","LOH",-1.18724044497749
"7587","LOH",7.97011472529008
"7588","LOH",6.31911373231511
"7589","LOH",8.091597828053
"7590","LOH",7.46002819079261
"7591","LOH",7.67864308592506
"7592","LOH",8.59047865363663
"7593","LOH",7.89638990264941
"7594","LOH",8.38941511189493
"7595","LOH",8.21278517879017
"7596","LOH",0.722845583164327
"7597","LOH",11.8700807555638
"7598","LOH",7.53446213134305
"7599","LOH",10.4500706472944
"7600","LOH",16.4746707042014
"7601","LOH",4.04193855961708
"7602","LOH",12.8395195417757
"7603","LOH",12.5990803616826
"7604","LOH",5.94776390250014
"7605","LOH",15.7753207203606
"7606","LOH",7.71335287371659
"7607","LOH",17.1969160071362
"7608","LOH",14.8101055890363
"7609","LOH",13.1801491698081
"7610","LOH",9.22991130701229
"7611","LOH",3.35527880614065
"7612","LOH",10.1035712800069
"7613","LOH",2.30789552737504
"7614","LOH",7.73142551897126
"7615","LOH",12.0008222569752
"7616","LOH",3.48759386943915
"7617","LOH",8.60378919488851
"7618","LOH",8.35732334501759
"7619","LOH",8.25000671410023
"7620","LOH",3.78790712346112
"7621","LOH",5.59669874784402
"7622","LOH",11.0889280966522
"7623","LOH",15.3463312211457
"7624","LOH",5.80458606997351
"7625","LOH",11.0938539602524
"7626","LOH",1.86583342661885
"7627","LOH",7.81471003733696
"7628","LOH",18.4804775476625
"7629","LOH",6.74592602573733
"7630","LOH",11.7122126310993
"7631","LOH",10.713285688301
"7632","LOH",7.56981265674502
"7633","LOH",3.65668733278312
"7634","LOH",4.88690138889331
"7635","LOH",10.9344977397985
"7636","LOH",3.29026704855672
"7637","LOH",1.39877991810993
"7638","LOH",3.59646338324065
"7639","LOH",4.37518206818051
"7640","LOH",3.9222616799665
"7641","LOH",17.5326920910309
"7642","LOH",16.3155398945315
"7643","LOH",5.22588101962629
"7644","LOH",4.68188477386256
"7645","LOH",5.30713626871959
"7646","LOH",8.96387054786811
"7647","LOH",11.7360631975532
"7648","LOH",5.13851013311448
"7649","LOH",4.34520014558586
"7650","LOH",17.8350909926406
"7651","LOH",0.78717220437108
"7652","LOH",5.3135209755635
"7653","LOH",7.5452717525642
"7654","LOH",4.44845649341543
"7655","LOH",2.42326210886265
"7656","LOH",10.2944480581868
"7657","LOH",11.7494319917292
"7658","LOH",9.47732945835323
"7659","LOH",4.61866500526973
"7660","LOH",6.02474524995409
"7661","LOH",7.03991633119417
"7662","LOH",5.55629289853687
"7663","LOH",16.2575727203538
"7664","LOH",14.1129648553896
"7665","LOH",13.0018120068632
"7666","LOH",-0.953149814993949
"7667","LOH",3.52486835249999
"7668","LOH",5.64504806464976
"7669","LOH",12.6459880818455
"7670","LOH",7.10273587827787
"7671","LOH",15.4926458532739
"7672","LOH",12.5187046334372
"7673","LOH",12.358232848345
"7674","LOH",15.2672564666269
"7675","LOH",5.09813838946405
"7676","LOH",10.7655319057804
"7677","LOH",5.58924633171316
"7678","LOH",1.13201110548655
"7679","LOH",9.56183178980418
"7680","LOH",9.83982589469947
"7681","LOH",13.1626373756681
"7682","LOH",12.5811478367281
"7683","LOH",14.1028191067992
"7684","LOH",-1.16895506163583
"7685","LOH",4.44290500674257
"7686","LOH",15.0737162351522
"7687","LOH",15.7048445979993
"7688","LOH",5.62375663167887
"7689","LOH",5.17280654066464
"7690","LOH",13.8408802794455
"7691","LOH",-6.92241230075036
"7692","LOH",6.86577238484419
"7693","LOH",7.61212286950624
"7694","LOH",6.93151408721079
"7695","LOH",7.22173312072042
"7696","LOH",11.1521951956326
"7697","LOH",17.1169284271021
"7698","LOH",3.90014459985201
"7699","LOH",8.58773753486308
"7700","LOH",-0.780083974735081
"7701","LOH",13.1031265523621
"7702","LOH",7.20255235627688
"7703","LOH",5.18672209651728
"7704","LOH",2.6816684374998
"7705","LOH",6.11318114570791
"7706","LOH",8.80410456792771
"7707","LOH",13.8837446051181
"7708","LOH",6.56514450863933
"7709","LOH",12.801428027412
"7710","LOH",4.77780280750376
"7711","LOH",-0.697288411352638
"7712","LOH",7.33109668012324
"7713","LOH",10.3550069473186
"7714","LOH",17.2452573705813
"7715","LOH",13.3933166989346
"7716","LOH",5.24368087344825
"7717","LOH",2.78643375405774
"7718","LOH",12.1152656410452
"7719","LOH",14.7167179930181
"7720","LOH",3.44685704379761
"7721","LOH",-4.5338545062443
"7722","LOH",3.11148104288764
"7723","LOH",-2.88141803230543
"7724","LOH",8.03755612328464
"7725","LOH",8.70476728645659
"7726","LOH",4.36212639357755
"7727","LOH",8.59808526019482
"7728","LOH",8.34749070647002
"7729","LOH",1.75034553393027
"7730","LOH",7.3622919615052
"7731","LOH",11.0974615669073
"7732","LOH",3.40449731389792
"7733","LOH",10.9936160558685
"7734","LOH",11.0660214551896
"7735","LOH",1.85678656188476
"7736","LOH",7.74602443636182
"7737","LOH",12.5399767935406
"7738","LOH",15.3407174196171
"7739","LOH",7.31369545768117
"7740","LOH",0.66774805475338
"7741","LOH",9.26531916742029
"7742","LOH",9.73155110300949
"7743","LOH",10.1929546540459
"7744","LOH",6.80572920911864
"7745","LOH",13.8009611872311
"7746","LOH",5.69586478809177
"7747","LOH",4.59435135149837
"7748","LOH",4.18728736416634
"7749","LOH",15.3638712536597
"7750","LOH",9.77586275179998
"7751","LOH",14.2928026458945
"7752","LOH",10.3979737612306
"7753","LOH",7.47559053308559
"7754","LOH",11.1905932442834
"7755","LOH",2.85249417314548
"7756","LOH",14.2759446503426
"7757","LOH",9.42292541389853
"7758","LOH",12.9760204164074
"7759","LOH",1.78232831257056
"7760","LOH",-1.88989234908511
"7761","LOH",7.35780928345639
"7762","LOH",15.3866533076562
"7763","LOH",0.912159429705522
"7764","LOH",10.8836187264728
"7765","LOH",12.2885847150122
"7766","LOH",10.7552346916227
"7767","LOH",4.41654132562081
"7768","LOH",4.69787659105152
"7769","LOH",-0.0585154927630231
"7770","LOH",10.553755223561
"7771","LOH",3.82724289807177
"7772","LOH",1.71498359414356
"7773","LOH",4.50928712979365
"7774","LOH",7.01936579452103
"7775","LOH",7.47579595563645
"7776","LOH",7.40326218102639
"7777","LOH",-3.49768035599143
"7778","LOH",4.40818380640222
"7779","LOH",10.4156481552437
"7780","LOH",16.9367006168276
"7781","LOH",13.9643398941706
"7782","LOH",11.7221466075395
"7783","LOH",2.51323942544108
"7784","LOH",6.61740983621373
"7785","LOH",12.6164399950332
"7786","LOH",11.0129777799832
"7787","LOH",4.85271195312537
"7788","LOH",9.78096217023041
"7789","LOH",16.7390163967615
"7790","LOH",9.75031593812483
"7791","LOH",10.4272501907186
"7792","LOH",11.5234566515562
"7793","LOH",12.4782206044854
"7794","LOH",8.42313478642276
"7795","LOH",4.99258842958248
"7796","LOH",0.342258059452079
"7797","LOH",4.2140957171365
"7798","LOH",6.10377519466615
"7799","LOH",10.2942992668404
"7800","LOH",3.42270873299064
"7801","LOH",12.1161178201498
"7802","LOH",8.40592503296233
"7803","LOH",3.9492088461407
"7804","LOH",13.7087274747192
"7805","LOH",11.0242751064145
"7806","LOH",17.7260467029441
"7807","LOH",0.649019493884045
"7808","LOH",2.18424579582942
"7809","LOH",7.85184425087273
"7810","LOH",19.5753605566657
"7811","LOH",9.25005711493294
"7812","LOH",0.867735903865251
"7813","LOH",-1.34006290886597
"7814","LOH",2.83004170112147
"7815","LOH",5.91276178059635
"7816","LOH",1.43876045119162
"7817","LOH",3.0531304931998
"7818","LOH",5.67543801771641
"7819","LOH",7.03869057860304
"7820","LOH",9.58417448506132
"7821","LOH",15.2546562614628
"7822","LOH",8.85180855423835
"7823","LOH",17.6246424499382
"7824","LOH",9.83475501669735
"7825","LOH",11.360195820571
"7826","LOH",8.51773919240541
"7827","LOH",4.03532490049944
"7828","LOH",11.7653471817251
"7829","LOH",-2.85019384434599
"7830","LOH",1.82866544458297
"7831","LOH",17.7399111418576
"7832","LOH",5.98909887722442
"7833","LOH",9.03773315441823
"7834","LOH",4.57383871315143
"7835","LOH",15.707171858839
"7836","LOH",-0.399579096125157
"7837","LOH",18.9229106311896
"7838","LOH",0.396031981816998
"7839","LOH",17.3572907877776
"7840","LOH",5.59424854745981
"7841","LOH",2.3588408135929
"7842","LOH",7.41762466455236
"7843","LOH",10.6430798389267
"7844","LOH",0.559378897792866
"7845","LOH",5.40097731297974
"7846","LOH",4.72583289126809
"7847","LOH",16.0898329276253
"7848","LOH",19.8677072434043
"7849","LOH",17.482115729604
"7850","LOH",6.12531362096846
"7851","LOH",14.2891552196565
"7852","LOH",9.9339858020916
"7853","LOH",14.7404328210479
"7854","LOH",17.1186576432514
"7855","LOH",9.4039251637488
"7856","LOH",9.23333679588273
"7857","LOH",8.20403219674417
"7858","LOH",3.65008530277489
"7859","LOH",15.9950060633287
"7860","LOH",6.16308013106852
"7861","LOH",11.350690806842
"7862","LOH",12.3148686088195
"7863","LOH",11.2638118487183
"7864","LOH",9.45871486056792
"7865","LOH",16.0812745078835
"7866","LOH",10.3231607267121
"7867","LOH",9.53962362816599
"7868","LOH",0.295788028562797
"7869","LOH",1.04559515215673
"7870","LOH",4.48837263402876
"7871","LOH",1.61700294954544
"7872","LOH",15.7695373917667
"7873","LOH",3.71314182406153
"7874","LOH",9.36903817558323
"7875","LOH",3.63367758668663
"7876","LOH",8.83178305313736
"7877","LOH",1.0772390642316
"7878","LOH",6.61207488687948
"7879","LOH",15.1975761038891
"7880","LOH",11.9716172451461
"7881","LOH",13.52599877924
"7882","LOH",9.26975703740056
"7883","LOH",12.963665870079
"7884","LOH",6.62369649489442
"7885","LOH",15.2795447741341
"7886","LOH",9.97767143436446
"7887","LOH",11.2440074563266
"7888","LOH",4.15917351386623
"7889","LOH",3.30867735640301
"7890","LOH",10.7212162671583
"7891","LOH",5.69789988207352
"7892","LOH",5.33369622046258
"7893","LOH",6.51166734146655
"7894","LOH",5.25415207436561
"7895","LOH",14.4511701860112
"7896","LOH",6.53119593312114
"7897","LOH",7.51257363351598
"7898","LOH",8.81870759742106
"7899","LOH",10.0938001961643
"7900","LOH",5.416539851603
"7901","LOH",8.11059261832426
"7902","LOH",9.88511509339319
"7903","LOH",11.6932420308141
"7904","LOH",13.7749983630323
"7905","LOH",15.1983071082523
"7906","LOH",4.75477295407503
"7907","LOH",4.54878512241642
"7908","LOH",7.01387868997554
"7909","LOH",11.7200388181638
"7910","LOH",6.99816276625813
"7911","LOH",2.81270279709806
"7912","LOH",-1.39793669130327
"7913","LOH",-0.558413929375631
"7914","LOH",11.7629986950808
"7915","LOH",7.3610865648882
"7916","LOH",9.81028839691662
"7917","LOH",1.2717163731808
"7918","LOH",6.33910116653458
"7919","LOH",4.65621756323308
"7920","LOH",3.2353814669111
"7921","LOH",5.95813696756217
"7922","LOH",14.0978951955115
"7923","LOH",9.19012589774978
"7924","LOH",2.97554270048165
"7925","LOH",4.51490045441499
"7926","LOH",11.1902228192909
"7927","LOH",3.89500576723834
"7928","LOH",5.68003156432653
"7929","LOH",7.74949926679676
"7930","LOH",8.78156700296501
"7931","LOH",2.12318666899406
"7932","LOH",2.92018043387149
"7933","LOH",11.9919947278698
"7934","LOH",5.47133778149596
"7935","LOH",4.65770326451497
"7936","LOH",3.73065479435297
"7937","LOH",6.84990573232982
"7938","LOH",8.77949942413333
"7939","LOH",0.170156803738037
"7940","LOH",10.3160001921919
"7941","LOH",5.63092684624515
"7942","LOH",6.02239830984853
"7943","LOH",8.91461830825894
"7944","LOH",12.9363476091067
"7945","LOH",10.3180392073765
"7946","LOH",3.22071482088873
"7947","LOH",-0.727020066748775
"7948","LOH",4.35105137745435
"7949","LOH",-0.437089465880454
"7950","LOH",0.472635303148047
"7951","LOH",9.28316137372962
"7952","LOH",7.20389162718231
"7953","LOH",11.7121894767991
"7954","LOH",12.560230170398
"7955","LOH",8.27935477298723
"7956","LOH",2.4229806217205
"7957","LOH",7.32251822034147
"7958","LOH",9.80915353144212
"7959","LOH",4.1642684512916
"7960","LOH",11.8234912600801
"7961","LOH",14.5938062669158
"7962","LOH",12.5878082060585
"7963","LOH",5.7243882540667
"7964","LOH",6.90527388599905
"7965","LOH",11.3801566927386
"7966","LOH",10.2418601745454
"7967","LOH",7.10742533465717
"7968","LOH",10.5415177239666
"7969","LOH",-2.35916489398437
"7970","LOH",21.428634344982
"7971","LOH",13.4500772261625
"7972","LOH",10.2702828319691
"7973","LOH",7.53586655443564
"7974","LOH",10.4024297659021
"7975","LOH",11.2824105544048
"7976","LOH",16.5590099740846
"7977","LOH",4.57039377792807
"7978","LOH",-3.72242386496124
"7979","LOH",7.75276873382731
"7980","LOH",17.8278126464088
"7981","LOH",11.7217047300003
"7982","LOH",10.1968884347196
"7983","LOH",-0.3294491017909
"7984","LOH",2.93651474772251
"7985","LOH",8.99470229263332
"7986","LOH",3.37974002880576
"7987","LOH",8.0568392802632
"7988","LOH",8.31651307606351
"7989","LOH",4.29116477049892
"7990","LOH",3.33948175927615
"7991","LOH",11.9197696617669
"7992","LOH",16.3776565468101
"7993","LOH",5.53213452419164
"7994","LOH",13.2151504900725
"7995","LOH",18.0302765982137
"7996","LOH",10.4546049669872
"7997","LOH",5.55945719077326
"7998","LOH",2.6276034823717
"7999","LOH",3.90107918765279
"8000","LOH",6.8547889380139
"8001","LOH",10.5673822405624
"8002","LOH",-2.59456842376262
"8003","LOH",13.4372505155519
"8004","LOH",20.0179160889069
"8005","LOH",5.27205379790801
"8006","LOH",13.6091016957856
"8007","LOH",11.6629669177378
"8008","LOH",5.56621143015697
"8009","LOH",16.5773641679821
"8010","LOH",10.9998435030669
"8011","LOH",18.4763629049867
"8012","LOH",-8.05613384086008
"8013","LOH",0.755594495387697
"8014","LOH",7.0285853016446
"8015","LOH",8.68807477369763
"8016","LOH",6.51992216132205
"8017","LOH",3.35013136289041
"8018","LOH",6.52497896192518
"8019","LOH",3.26676515071419
"8020","LOH",10.358697658674
"8021","LOH",10.3128095946546
"8022","LOH",-1.51618423227887
"8023","LOH",6.03260054678377
"8024","LOH",15.9450908202026
"8025","LOH",9.7148835628672
"8026","LOH",13.4759854107716
"8027","LOH",4.10457058195212
"8028","LOH",3.94962799848087
"8029","LOH",9.92259934007597
"8030","LOH",7.08730174798542
"8031","LOH",7.0568471689652
"8032","LOH",6.74140561854422
"8033","LOH",7.12366820647288
"8034","LOH",8.30364980636284
"8035","LOH",9.10242109090296
"8036","LOH",13.6566403117667
"8037","LOH",3.42836540699066
"8038","LOH",6.48291391691905
"8039","LOH",5.89227937770162
"8040","LOH",15.659305889935
"8041","LOH",4.21929576702975
"8042","LOH",-0.402434434103354
"8043","LOH",5.99461843505851
"8044","LOH",9.45019096101067
"8045","LOH",10.0646503264334
"8046","LOH",6.2749896896852
"8047","LOH",11.702059851535
"8048","LOH",6.57080742074836
"8049","LOH",-1.69733030450036
"8050","LOH",2.89820547463419
"8051","LOH",15.5529865886668
"8052","LOH",11.1801834671635
"8053","LOH",11.4002452698645
"8054","LOH",4.49370409514856
"8055","LOH",11.2572064125924
"8056","LOH",7.18361739383931
"8057","LOH",7.264005163021
"8058","LOH",1.03485634488084
"8059","LOH",6.72246330113727
"8060","LOH",13.6118964885136
"8061","LOH",7.32230138856876
"8062","LOH",3.09001021809983
"8063","LOH",9.82852916595341
"8064","LOH",7.59544359747566
"8065","LOH",13.9012462208442
"8066","LOH",6.83402208176596
"8067","LOH",2.48223039407849
"8068","LOH",18.4738962933802
"8069","LOH",6.60831458745129
"8070","LOH",16.4205976634898
"8071","LOH",11.1454214256458
"8072","LOH",5.96933434448673
"8073","LOH",5.10978989785942
"8074","LOH",10.9975656451301
"8075","LOH",3.72956046454625
"8076","LOH",8.34002623953613
"8077","LOH",0.0851398505746435
"8078","LOH",5.00635576438237
"8079","LOH",4.61411031180785
"8080","LOH",16.5478788874685
"8081","LOH",1.53523883109508
"8082","LOH",9.63258547104951
"8083","LOH",4.13110216971993
"8084","LOH",7.06273864590292
"8085","LOH",13.705897731499
"8086","LOH",0.764723864939454
"8087","LOH",12.7312354361197
"8088","LOH",10.16710928615
"8089","LOH",18.1677916934998
"8090","LOH",11.1286112907594
"8091","LOH",15.6391683519006
"8092","LOH",3.21730423949331
"8093","LOH",9.84607996293781
"8094","LOH",15.1314775666515
"8095","LOH",5.40346621135872
"8096","LOH",2.8425638035563
"8097","LOH",1.98195840708783
"8098","LOH",10.5359593450377
"8099","LOH",6.03186428204826
"8100","LOH",-0.604340214844173
"8101","LOH",-1.78968214283654
"8102","LOH",10.1730201181797
"8103","LOH",11.7011023537072
"8104","LOH",1.41837480244543
"8105","LOH",1.26435515064002
"8106","LOH",-0.0722768724141307
"8107","LOH",-1.89153799180368
"8108","LOH",15.6984415978703
"8109","LOH",7.34416845412705
"8110","LOH",9.09060867753007
"8111","LOH",8.94138030992049
"8112","LOH",11.0790945468309
"8113","LOH",4.16080934200853
"8114","LOH",12.4348815650879
"8115","LOH",8.37184713668966
"8116","LOH",3.76816835967089
"8117","LOH",6.5115272459285
"8118","LOH",8.56260842832744
"8119","LOH",5.62411745556772
"8120","LOH",12.4257002645826
"8121","LOH",9.79042390056281
"8122","LOH",8.57661900860481
"8123","LOH",7.11239298708722
"8124","LOH",13.1972530372897
"8125","LOH",2.1149559019281
"8126","LOH",13.8931666760219
"8127","LOH",12.523160711218
"8128","LOH",12.3531423689887
"8129","LOH",11.1682493114601
"8130","LOH",5.337387487758
"8131","LOH",7.75749030044026
"8132","LOH",18.028009478693
"8133","LOH",2.44279196390507
"8134","LOH",6.07837687317669
"8135","LOH",2.53482195429853
"8136","LOH",4.49281905575883
"8137","LOH",10.1866477750454
"8138","LOH",10.8798143891803
"8139","LOH",7.12670235687983
"8140","LOH",6.58864356448815
"8141","LOH",12.7596571497641
"8142","LOH",15.7637453785506
"8143","LOH",1.85473164965242
"8144","LOH",3.44412049793943
"8145","LOH",10.7152719127331
"8146","LOH",-6.88029808030264
"8147","LOH",11.6552988152203
"8148","LOH",16.7108564638516
"8149","LOH",10.2527430231028
"8150","LOH",8.63016102632089
"8151","LOH",5.7682302359698
"8152","LOH",10.2539939675624
"8153","LOH",12.3670132327206
"8154","LOH",9.27837940140932
"8155","LOH",14.6971868262004
"8156","LOH",5.02891769520888
"8157","LOH",8.66386342592913
"8158","LOH",12.5752023534839
"8159","LOH",11.0458212243938
"8160","LOH",8.54830948283668
"8161","LOH",6.69130472093973
"8162","LOH",9.8042301069661
"8163","LOH",7.76276795907096
"8164","LOH",10.2945524687373
"8165","LOH",10.4368697701874
"8166","LOH",4.58504397510225
"8167","LOH",12.46457697471
"8168","LOH",10.0575482958564
"8169","LOH",15.106546718917
"8170","LOH",8.96622066887219
"8171","LOH",16.1593131792013
"8172","LOH",11.1598809345381
"8173","LOH",6.4193455849726
"8174","LOH",11.6378190140828
"8175","LOH",13.0750566823743
"8176","LOH",6.46402253353662
"8177","LOH",7.02010692088652
"8178","LOH",18.6901115515495
"8179","LOH",6.10881438613363
"8180","LOH",5.51649983374578
"8181","LOH",11.0254077440901
"8182","LOH",12.0790268208776
"8183","LOH",1.45943495857794
"8184","LOH",8.25466821192164
"8185","LOH",5.27107278527938
"8186","LOH",12.567509826398
"8187","LOH",11.7588061862287
"8188","LOH",9.47049096530977
"8189","LOH",17.553321547251
"8190","LOH",9.2384259308129
"8191","LOH",7.7473651694079
"8192","LOH",9.09918086971246
"8193","LOH",6.67105607609506
"8194","LOH",11.6729137095176
"8195","LOH",2.09711579971489
"8196","LOH",8.03094388404061
"8197","LOH",14.9363811911377
"8198","LOH",8.49219501974786
"8199","LOH",2.41177287312282
"8200","LOH",-0.396221136022511
"8201","LOH",15.880088370695
"8202","LOH",6.02090628771718
"8203","LOH",13.4012560573384
"8204","LOH",7.25735131322502
"8205","LOH",-0.260165894504151
"8206","LOH",11.1754939061484
"8207","LOH",7.75339942342225
"8208","LOH",10.7228555232941
"8209","LOH",13.0779714623219
"8210","LOH",4.98074995489104
"8211","LOH",19.1063734390087
"8212","LOH",15.25376609365
"8213","LOH",4.52791600387415
"8214","LOH",9.18479657067657
"8215","LOH",5.21548393794725
"8216","LOH",6.47168512604377
"8217","LOH",9.0942792424146
"8218","LOH",8.61275544444068
"8219","LOH",5.77204358895087
"8220","LOH",4.92164712881174
"8221","LOH",4.77629663822098
"8222","LOH",-0.732812241660836
"8223","LOH",9.66071713303689
"8224","LOH",7.15914436583161
"8225","LOH",6.72690800865494
"8226","LOH",1.63111425068282
"8227","LOH",14.068133710061
"8228","LOH",2.58009608630593
"8229","LOH",19.4814271225359
"8230","LOH",4.86760771074508
"8231","LOH",-4.16889758795306
"8232","LOH",14.0412649400362
"8233","LOH",8.46980336083296
"8234","LOH",-1.01077098564592
"8235","LOH",11.6046377330556
"8236","LOH",12.7661730320401
"8237","LOH",7.30808209607917
"8238","LOH",12.485177277919
"8239","LOH",10.5611231997253
"8240","LOH",0.648150377371216
"8241","LOH",5.11480498137764
"8242","LOH",9.56411782945527
"8243","LOH",2.84018215033043
"8244","LOH",8.84952340818076
"8245","LOH",4.44169400754431
"8246","LOH",12.4449547134724
"8247","LOH",8.27000147884214
"8248","LOH",12.9269275278361
"8249","LOH",4.53368082494662
"8250","LOH",9.06620265893663
"8251","LOH",6.81191432870654
"8252","LOH",7.33860982314084
"8253","LOH",8.45394391657947
"8254","LOH",5.11434679904739
"8255","LOH",9.29721288340107
"8256","LOH",12.9904409752039
"8257","LOH",4.63861931397508
"8258","LOH",24.4951282001744
"8259","LOH",4.7246998910314
"8260","LOH",4.6821135126494
"8261","LOH",6.27066257324218
"8262","LOH",13.4154445658703
"8263","LOH",5.13517806832416
"8264","LOH",3.75601133085732
"8265","LOH",15.066277868936
"8266","LOH",9.85696421609586
"8267","LOH",10.1453196871804
"8268","LOH",6.44218627530158
"8269","LOH",8.28668674701513
"8270","LOH",4.77227405340082
"8271","LOH",10.965888440113
"8272","LOH",11.3748653348096
"8273","LOH",9.283227168228
"8274","LOH",2.65534748288542
"8275","LOH",4.78630124546013
"8276","LOH",1.11193934506851
"8277","LOH",5.64747859487114
"8278","LOH",2.09546929679352
"8279","LOH",10.9276745574063
"8280","LOH",1.22739349137247
"8281","LOH",13.7479376173308
"8282","LOH",8.62262587466957
"8283","LOH",11.6591196068446
"8284","LOH",1.71021504731848
"8285","LOH",5.41222405514027
"8286","LOH",7.4396568262299
"8287","LOH",7.63727723785101
"8288","LOH",14.1469295947849
"8289","LOH",7.66882369983519
"8290","LOH",6.83969940812224
"8291","LOH",5.98009346244543
"8292","LOH",-5.03267989537983
"8293","LOH",11.9215369109924
"8294","LOH",6.74919147402447
"8295","LOH",11.2256746952264
"8296","LOH",12.1084719081086
"8297","LOH",12.9993450589113
"8298","LOH",11.9824821024351
"8299","LOH",15.4981520859193
"8300","LOH",3.76445564283385
"8301","LOH",9.97954186788238
"8302","LOH",8.72378308101716
"8303","LOH",2.93137548045006
"8304","LOH",18.5010336084997
"8305","LOH",13.5115105107031
"8306","LOH",6.74608762195635
"8307","LOH",8.52210825394225
"8308","LOH",13.6252522813393
"8309","LOH",11.4860914978024
"8310","LOH",-0.377501100994492
"8311","LOH",8.49392028348124
"8312","LOH",1.69442153151606
"8313","LOH",4.93473867390366
"8314","LOH",12.3021382725491
"8315","LOH",10.6185008742012
"8316","LOH",9.93071968127282
"8317","LOH",5.54530571453476
"8318","LOH",18.7411290648166
"8319","LOH",6.72431737048607
"8320","LOH",0.72310903729668
"8321","LOH",16.6342130585011
"8322","LOH",4.28450202603666
"8323","LOH",8.9450403487052
"8324","LOH",9.78471394530809
"8325","LOH",1.33458763012281
"8326","LOH",6.04514918702548
"8327","LOH",12.4573119785919
"8328","LOH",14.9243910146181
"8329","LOH",9.5104688782958
"8330","LOH",4.96826168728476
"8331","LOH",9.61238207511796
"8332","LOH",8.66041202963965
"8333","LOH",10.8460491264242
"8334","LOH",7.65423067878097
"8335","LOH",3.25162352838608
"8336","LOH",8.1097573090186
"8337","LOH",7.72861272008883
"8338","LOH",-3.59704560961074
"8339","LOH",12.3392862867367
"8340","LOH",5.40302097369377
"8341","LOH",7.32773214992403
"8342","LOH",10.0361775960537
"8343","LOH",5.55693831107701
"8344","LOH",13.6568105329595
"8345","LOH",-1.26504613069952
"8346","LOH",5.88812258730113
"8347","LOH",13.9482632883661
"8348","LOH",9.65445562119952
"8349","LOH",12.9220132361463
"8350","LOH",11.8115771851688
"8351","LOH",13.891315688858
"8352","LOH",8.94435363178995
"8353","LOH",8.30094331527277
"8354","LOH",14.9092552669415
"8355","LOH",3.44763116265848
"8356","LOH",11.5304439192905
"8357","LOH",9.45857717772292
"8358","LOH",17.9439032624862
"8359","LOH",16.2900304421072
"8360","LOH",10.9774712795888
"8361","LOH",9.99670791929472
"8362","LOH",1.62269692808774
"8363","LOH",3.59146796374823
"8364","LOH",7.24271204391697
"8365","LOH",6.79741375852359
"8366","LOH",9.26555396284267
"8367","LOH",12.908312882769
"8368","LOH",-2.20003757865044
"8369","LOH",3.60894926882416
"8370","LOH",15.3491360482314
"8371","LOH",2.8013194817682
"8372","LOH",7.43019720717758
"8373","LOH",5.42219311834382
"8374","LOH",5.12075693893152
"8375","LOH",8.67272310737215
"8376","LOH",14.286374088127
"8377","LOH",1.17836604741585
"8378","LOH",9.83102448663243
"8379","LOH",1.56327363365519
"8380","LOH",8.00478431543342
"8381","LOH",6.81738184105537
"8382","LOH",9.7327130324844
"8383","LOH",5.88849837853875
"8384","LOH",10.3731674805011
"8385","LOH",9.27693586730609
"8386","LOH",6.3927236952585
"8387","LOH",-3.58183554463992
"8388","LOH",10.2937402938181
"8389","LOH",13.1298501357902
"8390","LOH",11.481453392909
"8391","LOH",0.0216456924428314
"8392","LOH",8.60078249953671
"8393","LOH",9.11370402946574
"8394","LOH",3.22832119238793
"8395","LOH",8.76516786843654
"8396","LOH",14.7329170515773
"8397","LOH",14.0599351658964
"8398","LOH",7.34608980187346
"8399","LOH",12.9050290603737
"8400","LOH",9.90512360478354
"8401","LOH",3.20573197095096
"8402","LOH",11.7623076041846
"8403","LOH",5.56578776849068
"8404","LOH",7.57057588882962
"8405","LOH",8.96242712255605
"8406","LOH",9.82318412161543
"8407","LOH",-3.02687491333955
"8408","LOH",15.9882665577203
"8409","LOH",3.2648720796291
"8410","LOH",1.13708159491364
"8411","LOH",11.5550337012857
"8412","LOH",18.1014424288521
"8413","LOH",7.15981434977437
"8414","LOH",14.3101702583087
"8415","LOH",2.63707675241955
"8416","LOH",6.47939438013591
"8417","LOH",5.36199832862291
"8418","LOH",12.7469360383701
"8419","LOH",6.58846454915882
"8420","LOH",10.2134842086177
"8421","LOH",4.96013452414603
"8422","LOH",16.6516706034893
"8423","LOH",7.0273812565329
"8424","LOH",10.86788253843
"8425","LOH",18.6150933865219
"8426","LOH",8.1383623525764
"8427","LOH",9.05843194589994
"8428","LOH",11.8053317622982
"8429","LOH",4.59175382664113
"8430","LOH",7.30368379431896
"8431","LOH",8.23884526909205
"8432","LOH",9.49253886169071
"8433","LOH",11.7921049869931
"8434","LOH",2.07295923414432
"8435","LOH",3.35229781195623
"8436","LOH",11.5679028439959
"8437","LOH",14.7740725764564
"8438","LOH",12.5708868918358
"8439","LOH",9.53939049655235
"8440","LOH",2.92291205513316
"8441","LOH",13.1457048687226
"8442","LOH",5.39494219440135
"8443","LOH",11.948510969051
"8444","LOH",19.7050624499756
"8445","LOH",14.1267963834728
"8446","LOH",8.30810665109992
"8447","LOH",8.95944280827575
"8448","LOH",11.5520541257499
"8449","LOH",5.4374453300464
"8450","LOH",4.21120178028562
"8451","LOH",2.89859791417072
"8452","LOH",11.3154715469463
"8453","LOH",7.31406559023092
"8454","LOH",8.53830024396193
"8455","LOH",10.7470314201225
"8456","LOH",7.7364148906343
"8457","LOH",13.5732365419056
"8458","LOH",5.79185513956014
"8459","LOH",6.05101081440508
"8460","LOH",14.8222478577568
"8461","LOH",0.55272154763065
"8462","LOH",1.82128204241019
"8463","LOH",15.8196890061699
"8464","LOH",14.2224718096504
"8465","LOH",4.49604878528768
"8466","LOH",13.2568945725822
"8467","LOH",11.0970437331034
"8468","LOH",3.1708382834454
"8469","LOH",10.3905291377423
"8470","LOH",0.873895568273354
"8471","LOH",6.72995919169703
"8472","LOH",8.77322478906974
"8473","LOH",-5.76815902193468
"8474","LOH",12.8689849467414
"8475","LOH",3.98652494402257
"8476","LOH",14.5270900554528
"8477","LOH",9.42400436856973
"8478","LOH",7.99020428063911
"8479","LOH",-2.81429237197953
"8480","LOH",6.74921691603705
"8481","LOH",18.4171890003113
"8482","LOH",4.15249312502809
"8483","LOH",19.0770786290333
"8484","LOH",6.68031542490233
"8485","LOH",17.5810993054971
"8486","LOH",-1.63933604065128
"8487","LOH",-2.86478398458249
"8488","LOH",7.03327656813824
"8489","LOH",19.1851419942005
"8490","LOH",3.5968495489319
"8491","LOH",15.2728790489056
"8492","LOH",12.0119708132307
"8493","LOH",10.4014092438085
"8494","LOH",8.99006105406467
"8495","LOH",6.30062785567486
"8496","LOH",10.8918193889529
"8497","LOH",10.367843161414
"8498","LOH",9.58772943120879
"8499","LOH",7.75290777789331
"8500","LOH",7.43932673201805
"8501","LOH",5.50048309303026
"8502","LOH",11.3751429879535
"8503","LOH",9.28672585195203
"8504","LOH",-4.60010323947697
"8505","LOH",4.46645848727607
"8506","LOH",5.21993083096784
"8507","LOH",3.43269856530699
"8508","LOH",13.1135354477445
"8509","LOH",13.8989160697816
"8510","LOH",0.730615273673294
"8511","LOH",8.31368041717593
"8512","LOH",5.64071547727861
"8513","LOH",7.6610470108572
"8514","LOH",12.5554932917829
"8515","LOH",8.93536214015318
"8516","LOH",15.9109409809977
"8517","LOH",2.79146809485236
"8518","LOH",3.38758272059689
"8519","LOH",-0.427159407193116
"8520","LOH",1.59727358829332
"8521","LOH",10.2882915390226
"8522","LOH",2.91880588522864
"8523","LOH",9.39294327157355
"8524","LOH",7.33983663168561
"8525","LOH",5.60705149181358
"8526","LOH",1.23946687381866
"8527","LOH",8.21769582163223
"8528","LOH",4.53522901268124
"8529","LOH",3.23268624846276
"8530","LOH",13.1246838128849
"8531","LOH",8.18482779806067
"8532","LOH",3.6163688859049
"8533","LOH",2.25889867204888
"8534","LOH",5.72052107225845
"8535","LOH",2.25982246270836
"8536","LOH",6.26628339977397
"8537","LOH",4.19519471971052
"8538","LOH",2.26928551047764
"8539","LOH",3.56034606848332
"8540","LOH",10.5053635801884
"8541","LOH",5.12184227550618
"8542","LOH",8.95009599670356
"8543","LOH",3.96937213601813
"8544","LOH",11.3794924105867
"8545","LOH",7.75100645612568
"8546","LOH",3.45441321991488
"8547","LOH",14.2234659786791
"8548","LOH",0.350882350592981
"8549","LOH",15.114830492305
"8550","LOH",9.65791674908178
"8551","LOH",7.49565407458513
"8552","LOH",2.34643622791694
"8553","LOH",17.0885232648174
"8554","LOH",7.19826227528254
"8555","LOH",3.39181871409552
"8556","LOH",4.69396915365885
"8557","LOH",7.63613413131921
"8558","LOH",10.0863278806581
"8559","LOH",12.1550939961289
"8560","LOH",7.48240133705068
"8561","LOH",3.75290435307147
"8562","LOH",15.8955029548755
"8563","LOH",14.6573296049844
"8564","LOH",7.39445583875633
"8565","LOH",-1.94813405517884
"8566","LOH",7.31019722764186
"8567","LOH",-4.31304625839186
"8568","LOH",4.42708389995928
"8569","LOH",9.82352991912929
"8570","LOH",7.8075225197789
"8571","LOH",7.13298450219248
"8572","LOH",1.51349101606466
"8573","LOH",7.76155615346408
"8574","LOH",10.5711761123666
"8575","LOH",6.76857239856602
"8576","LOH",8.22187887494962
"8577","LOH",3.96723301372479
"8578","LOH",14.9797767059225
"8579","LOH",-2.3305146684653
"8580","LOH",4.9491512477669
"8581","LOH",9.85725289825695
"8582","LOH",8.15985167626793
"8583","LOH",9.55975260587345
"8584","LOH",7.67248959281049
"8585","LOH",8.76800243793193
"8586","LOH",4.65416047725097
"8587","LOH",12.9740289789221
"8588","LOH",13.9317952108226
"8589","LOH",10.3578065327772
"8590","LOH",11.117325243314
"8591","LOH",2.34460611810528
"8592","LOH",0.287256663080902
"8593","LOH",6.96679481712117
"8594","LOH",-0.404348705227543
"8595","LOH",16.527551193486
"8596","LOH",8.08660114643194
"8597","LOH",10.2825514798543
"8598","LOH",12.6907705416196
"8599","LOH",11.4154437419327
"8600","LOH",3.47320345527691
"8601","LOH",6.50871319199271
"8602","LOH",7.30544059045728
"8603","LOH",0.0234386794074268
"8604","LOH",8.61350759481964
"8605","LOH",13.8369560940381
"8606","LOH",1.56389815159512
"8607","LOH",9.45165645053872
"8608","LOH",5.33965408578768
"8609","LOH",-1.47563640305932
"8610","LOH",1.44082075504647
"8611","LOH",1.78329778541171
"8612","LOH",13.233249836727
"8613","LOH",2.13053413169157
"8614","LOH",6.39758825273992
"8615","LOH",3.91149503255705
"8616","LOH",13.8639133791835
"8617","LOH",10.8191464685192
"8618","LOH",8.80729664470342
"8619","LOH",4.15460976207293
"8620","LOH",2.97883695900466
"8621","LOH",18.9392957053373
"8622","LOH",-3.61918111763741
"8623","LOH",16.7668854576989
"8624","LOH",6.96549497841053
"8625","LOH",11.7123751737201
"8626","LOH",8.15763829657012
"8627","LOH",4.89492107395908
"8628","LOH",9.63914028106747
"8629","LOH",8.70975600875476
"8630","LOH",7.97275479361854
"8631","LOH",3.27684888125185
"8632","LOH",12.2753699231966
"8633","LOH",1.36468360778927
"8634","LOH",5.06663429514749
"8635","LOH",6.61892571150357
"8636","LOH",8.26016108273233
"8637","LOH",-3.56058174359017
"8638","LOH",11.7953749167432
"8639","LOH",24.7605793301645
"8640","LOH",9.11771531673641
"8641","LOH",11.2764297839987
"8642","LOH",14.2781904199897
"8643","LOH",8.92676815783212
"8644","LOH",3.21474254634238
"8645","LOH",4.82026413642101
"8646","LOH",10.6186546243376
"8647","LOH",13.2636400631316
"8648","LOH",7.44123791962981
"8649","LOH",5.17286691174158
"8650","LOH",4.42305866986953
"8651","LOH",9.15261532905462
"8652","LOH",14.5220605733586
"8653","LOH",5.53291355841016
"8654","LOH",-4.55926948689915
"8655","LOH",6.71577537459321
"8656","LOH",10.8118783123476
"8657","LOH",8.25464563911078
"8658","LOH",8.55524471557483
"8659","LOH",3.59767648572734
"8660","LOH",13.6709381165283
"8661","LOH",10.5803892596265
"8662","LOH",8.08310923026117
"8663","LOH",12.6745029018446
"8664","LOH",5.16918790273769
"8665","LOH",6.86096606621394
"8666","LOH",14.2842395903119
"8667","LOH",6.60046401339695
"8668","LOH",7.493294750834
"8669","LOH",3.18422491922405
"8670","LOH",-0.64044739160107
"8671","LOH",12.1253648829491
"8672","LOH",-1.00145821619375
"8673","LOH",6.4621226916988
"8674","LOH",4.4383937937708
"8675","LOH",6.32300715569211
"8676","LOH",5.33801382917146
"8677","LOH",7.71095633251344
"8678","LOH",6.8573775872789
"8679","LOH",17.0677475756133
"8680","LOH",19.9891654739808
"8681","LOH",0.388538576375078
"8682","LOH",6.34974674690635
"8683","LOH",9.80805177632513
"8684","LOH",10.706028806264
"8685","LOH",8.19061645681674
"8686","LOH",12.6677773698048
"8687","LOH",-0.996389672751516
"8688","LOH",7.41277897370364
"8689","LOH",0.023582522713129
"8690","LOH",3.03538636040819
"8691","LOH",5.74755149255876
"8692","LOH",11.3991446362814
"8693","LOH",7.05333140419079
"8694","LOH",6.21725101829889
"8695","LOH",2.30174775517491
"8696","LOH",17.6507781428346
"8697","LOH",9.91973372730846
"8698","LOH",3.88532936943842
"8699","LOH",10.9159978108451
"8700","LOH",8.14123870374635
"8701","LOH",4.30942394586762
"8702","LOH",14.6557486394015
"8703","LOH",7.38209504572791
"8704","LOH",0.582502446719096
"8705","LOH",7.25086662554691
"8706","LOH",-0.185610939676645
"8707","LOH",1.15340010413307
"8708","LOH",13.3544750568245
"8709","LOH",14.2001078700032
"8710","LOH",16.7516421564421
"8711","LOH",8.71091488074692
"8712","LOH",4.59661405726048
"8713","LOH",6.74787910441706
"8714","LOH",6.84636697228868
"8715","LOH",7.33215335090411
"8716","LOH",9.8732766361093
"8717","LOH",4.52520276264663
"8718","LOH",2.13617736226869
"8719","LOH",7.26788872488177
"8720","LOH",-3.56053229208861
"8721","LOH",8.6613535051791
"8722","LOH",13.0756278877895
"8723","LOH",8.68549654672375
"8724","LOH",13.5772119366161
"8725","LOH",5.28833387686397
"8726","LOH",15.9843043533898
"8727","LOH",0.608079816506575
"8728","LOH",4.42122474645079
"8729","LOH",10.6625678930132
"8730","LOH",2.13986848261752
"8731","LOH",5.10115086730162
"8732","LOH",6.09406561356233
"8733","LOH",3.19867210176601
"8734","LOH",7.88689691345409
"8735","LOH",1.06485100779264
"8736","LOH",5.60307741658256
"8737","LOH",9.20366800245808
"8738","LOH",0.332176839466335
"8739","LOH",3.51321857541275
"8740","LOH",18.8382246671411
"8741","LOH",10.4473083986375
"8742","LOH",5.16539963889006
"8743","LOH",13.2816108473772
"8744","LOH",4.24027046928112
"8745","LOH",10.2494938734938
"8746","LOH",1.31343261540739
"8747","LOH",9.5812128066943
"8748","LOH",3.08384678609171
"8749","LOH",10.6827405845826
"8750","LOH",13.295716799839
"8751","LOH",15.4348639677921
"8752","LOH",7.71491303892133
"8753","LOH",6.91745589207635
"8754","LOH",23.9116938042181
"8755","LOH",12.0897141114422
"8756","LOH",7.53359302864024
"8757","LOH",-2.99295218812676
"8758","LOH",13.1120820981902
"8759","LOH",2.65632169532621
"8760","LOH",6.44702028713871
"8761","LOH",8.01208333662474
"8762","LOH",8.17962695000058
"8763","LOH",14.7478609216548
"8764","LOH",5.39101210343955
"8765","LOH",9.91875694057311
"8766","LOH",6.66272672363224
"8767","LOH",10.9431992436626
"8768","LOH",10.7314951859869
"8769","LOH",2.72520683173186
"8770","LOH",11.2565053019313
"8771","LOH",-0.642730570157861
"8772","LOH",10.9675024257754
"8773","LOH",16.9184306475655
"8774","LOH",9.96183179642554
"8775","LOH",-1.73764827479642
"8776","LOH",4.99873865339647
"8777","LOH",9.07556999250656
"8778","LOH",10.5906740489084
"8779","LOH",18.4156611317356
"8780","LOH",7.16316485525098
"8781","LOH",8.56908481221428
"8782","LOH",4.86313995305785
"8783","LOH",8.54248390855899
"8784","LOH",10.9407681889636
"8785","LOH",1.7526432904019
"8786","LOH",12.5868145655463
"8787","LOH",6.15685311937344
"8788","LOH",8.52803453775566
"8789","LOH",3.35039522565764
"8790","LOH",-0.910942114537631
"8791","LOH",10.0211745341112
"8792","LOH",0.894982631995377
"8793","LOH",7.76171857709237
"8794","LOH",-5.1917123499849
"8795","LOH",5.83592879279249
"8796","LOH",10.5907652263428
"8797","LOH",12.422479125605
"8798","LOH",0.149740625388539
"8799","LOH",8.16823235905392
"8800","LOH",7.88277858370601
"8801","LOH",19.8122664613399
"8802","LOH",3.70609419726138
"8803","LOH",14.2079250335939
"8804","LOH",7.54408798585369
"8805","LOH",6.64739992703008
"8806","LOH",6.89867192033514
"8807","LOH",9.81186661045538
"8808","LOH",13.4231906559965
"8809","LOH",3.54349515009861
"8810","LOH",3.16755764401012
"8811","LOH",4.33742055399134
"8812","LOH",8.91736307381589
"8813","LOH",9.92150593492557
"8814","LOH",7.3727684771417
"8815","LOH",4.30048738555216
"8816","LOH",14.9496994573221
"8817","LOH",6.78783010158171
"8818","LOH",2.36846950027511
"8819","LOH",10.7747174343376
"8820","LOH",15.1141785730825
"8821","LOH",15.2295460319655
"8822","LOH",6.01996319266629
"8823","LOH",10.4349333721588
"8824","LOH",5.52834275293631
"8825","LOH",12.0546681955261
"8826","LOH",-3.92111303461245
"8827","LOH",5.76171956015017
"8828","LOH",7.81096530589598
"8829","LOH",12.9710477147939
"8830","LOH",5.68740282115691
"8831","LOH",4.78752966031152
"8832","LOH",17.8442107268869
"8833","LOH",12.1745547632762
"8834","LOH",2.57580261790849
"8835","LOH",1.38971023569989
"8836","LOH",4.69274900705598
"8837","LOH",7.01644617196881
"8838","LOH",2.89071933959534
"8839","LOH",12.8876771783065
"8840","LOH",8.20697737160581
"8841","LOH",3.82383415502146
"8842","LOH",11.5438997298263
"8843","LOH",10.7822653995994
"8844","LOH",6.6014363949043
"8845","LOH",11.0047160621293
"8846","LOH",9.03143905580111
"8847","LOH",4.47271155274818
"8848","LOH",12.0075275491674
"8849","LOH",7.39131176607385
"8850","LOH",0.261624947040872
"8851","LOH",11.8103762002017
"8852","LOH",12.2351548901536
"8853","LOH",11.8129044453182
"8854","LOH",4.16606505286244
"8855","LOH",1.21258194138916
"8856","LOH",10.6558702317349
"8857","LOH",4.90169415419429
"8858","LOH",-2.03751861344804
"8859","LOH",6.1413801144981
"8860","LOH",2.72370075662299
"8861","LOH",5.48307157976587
"8862","LOH",3.3059231831048
"8863","LOH",14.7535817095696
"8864","LOH",8.77815160245192
"8865","LOH",8.37559513456495
"8866","LOH",0.689899784990204
"8867","LOH",15.7797428745137
"8868","LOH",5.47068725755734
"8869","LOH",14.0819615074324
"8870","LOH",12.0019217928675
"8871","LOH",14.4356155173077
"8872","LOH",2.49981445710487
"8873","LOH",1.2227047767512
"8874","LOH",10.3698434756212
"8875","LOH",14.0387960474686
"8876","LOH",6.57995281666782
"8877","LOH",-2.81262789990628
"8878","LOH",12.5806533219363
"8879","LOH",9.89240881313235
"8880","LOH",11.6489958796513
"8881","LOH",12.3299718395981
"8882","LOH",10.8748361834723
"8883","LOH",4.37572222354421
"8884","LOH",6.96622039606997
"8885","LOH",11.1732307046303
"8886","LOH",4.79107923248634
"8887","LOH",5.63420549947882
"8888","LOH",4.87063463179099
"8889","LOH",10.8762476613548
"8890","LOH",9.53322852021915
"8891","LOH",5.55101651028967
"8892","LOH",15.0763026660673
"8893","LOH",11.7629836307443
"8894","LOH",6.84201249397707
"8895","LOH",9.33458209694213
"8896","LOH",6.86338330973065
"8897","LOH",13.5451010387474
"8898","LOH",3.75519551377519
"8899","LOH",5.04945810965503
"8900","LOH",12.3476638598289
"8901","LOH",10.0966221954836
"8902","LOH",3.76107952034569
"8903","LOH",5.92356420765513
"8904","LOH",9.9660530356349
"8905","LOH",3.98519982453309
"8906","LOH",8.71313737922495
"8907","LOH",9.12743690426132
"8908","LOH",12.1424413652254
"8909","LOH",6.1140950144168
"8910","LOH",12.3572433670353
"8911","LOH",6.00814404270008
"8912","LOH",0.0921111721404415
"8913","LOH",0.0820669691526916
"8914","LOH",9.14913638428252
"8915","LOH",7.54062541716297
"8916","LOH",4.35700609210476
"8917","LOH",9.97431978888212
"8918","LOH",-1.90627899585515
"8919","LOH",5.92420391636051
"8920","LOH",11.0740751460442
"8921","LOH",2.72412349723475
"8922","LOH",7.07999734615608
"8923","LOH",6.48494884329588
"8924","LOH",2.11933265009543
"8925","LOH",2.98979371363415
"8926","LOH",10.5453190312676
"8927","LOH",11.8236475200085
"8928","LOH",1.2719154003571
"8929","LOH",10.6632828024062
"8930","LOH",2.68074619533455
"8931","LOH",2.32072134281231
"8932","LOH",13.1923371389331
"8933","LOH",1.00727663299686
"8934","LOH",9.06862099314624
"8935","LOH",6.40933083024992
"8936","LOH",13.2098114937746
"8937","LOH",10.9582205187008
"8938","LOH",11.6590925717007
"8939","LOH",14.7441831665637
"8940","LOH",8.43801946873625
"8941","LOH",13.860322660778
"8942","LOH",10.7139682894163
"8943","LOH",8.48341903972527
"8944","LOH",4.51412667897154
"8945","LOH",10.160145628947
"8946","LOH",9.45927224233151
"8947","LOH",6.45817846709795
"8948","LOH",3.81525042080774
"8949","LOH",14.6477094082687
"8950","LOH",1.51960906706014
"8951","LOH",14.4164706626017
"8952","LOH",12.9140122414546
"8953","LOH",6.46021443595698
"8954","LOH",7.41975546136261
"8955","LOH",11.2568432552669
"8956","LOH",7.46986475928951
"8957","LOH",-6.22818329639921
"8958","LOH",8.82403909475422
"8959","LOH",9.75660701090095
"8960","LOH",6.17792946687802
"8961","LOH",8.72914303041471
"8962","LOH",11.4534792518102
"8963","LOH",7.16685176596224
"8964","LOH",12.7903146898218
"8965","LOH",8.82720864270109
"8966","LOH",1.51340563279458
"8967","LOH",9.72860650751318
"8968","LOH",13.925580251658
"8969","LOH",10.84261625501
"8970","LOH",6.13238382774255
"8971","LOH",5.07433393807288
"8972","LOH",10.3859293018444
"8973","LOH",13.7363528893473
"8974","LOH",9.02428611121686
"8975","LOH",6.267531026584
"8976","LOH",13.4975121558286
"8977","LOH",11.4876963762012
"8978","LOH",-2.65595045593897
"8979","LOH",7.62929146720711
"8980","LOH",12.5324406734546
"8981","LOH",5.32102381190887
"8982","LOH",15.635446058268
"8983","LOH",-0.762525073159081
"8984","LOH",10.8314245935754
"8985","LOH",10.813992912129
"8986","LOH",-1.91299639169024
"8987","LOH",11.0445850145783
"8988","LOH",3.49790118262848
"8989","LOH",8.04340045083387
"8990","LOH",0.92993264214632
"8991","LOH",12.7880434111056
"8992","LOH",6.56619940331273
"8993","LOH",8.49296327924723
"8994","LOH",9.30191640963637
"8995","LOH",9.989443169284
"8996","LOH",8.52531845157068
"8997","LOH",10.563312909273
"8998","LOH",7.62336513732638
"8999","LOH",5.33594376244521
"9000","LOH",13.535287159402
"9001","LOH",7.70947318339718
"9002","LOH",15.5359417999652
"9003","LOH",4.95216754481078
"9004","LOH",7.4331366759549
"9005","LOH",14.3467615464419
"9006","LOH",11.6581777517213
"9007","LOH",3.22217259218256
"9008","LOH",4.74224437358315
"9009","LOH",5.04935161283687
"9010","LOH",13.004903959079
"9011","LOH",13.8119961410467
"9012","LOH",8.24069984352417
"9013","LOH",10.1771222928094
"9014","LOH",3.41712049798248
"9015","LOH",11.3776307958271
"9016","LOH",11.4033849980802
"9017","LOH",10.1144922602606
"9018","LOH",14.2263833985802
"9019","LOH",9.41548114846795
"9020","LOH",7.95443606609631
"9021","LOH",6.49896639298596
"9022","LOH",6.28726057547782
"9023","LOH",13.7817837812908
"9024","LOH",11.9095945368826
"9025","LOH",7.29222830621623
"9026","LOH",1.96036815455772
"9027","LOH",15.0922518707492
"9028","LOH",10.5337064541722
"9029","LOH",4.59493560598104
"9030","LOH",13.3099067144636
"9031","LOH",5.67416847226925
"9032","LOH",5.8623087287895
"9033","LOH",9.77934548435448
"9034","LOH",18.0296425068718
"9035","LOH",7.51149343239037
"9036","LOH",10.146187129885
"9037","LOH",13.6616132647036
"9038","LOH",9.12103597432031
"9039","LOH",2.80251877187104
"9040","LOH",-1.21580166608347
"9041","LOH",7.14629025894939
"9042","LOH",3.99474846688481
"9043","LOH",11.8837468715435
"9044","LOH",14.0793148110593
"9045","LOH",2.7283362683935
"9046","LOH",0.958828158779855
"9047","LOH",1.81687508396171
"9048","LOH",2.36900540766988
"9049","LOH",5.86971707069415
"9050","LOH",16.2346619985456
"9051","LOH",9.08640615524922
"9052","LOH",7.12724825327932
"9053","LOH",3.02839610179495
"9054","LOH",10.4065309671096
"9055","LOH",13.0082259320641
"9056","LOH",7.25861124511867
"9057","LOH",13.7559494736595
"9058","LOH",10.0477719475015
"9059","LOH",9.22973641887398
"9060","LOH",4.21655902565126
"9061","LOH",12.4498387126248
"9062","LOH",12.0017111241295
"9063","LOH",2.96790119822962
"9064","LOH",-0.139967189229179
"9065","LOH",8.90647804002288
"9066","LOH",6.67377919373102
"9067","LOH",8.56752980265653
"9068","LOH",10.2206012828584
"9069","LOH",14.5613557615444
"9070","LOH",14.3798891450601
"9071","LOH",3.32882507587694
"9072","LOH",9.31575294268956
"9073","LOH",12.4988039435103
"9074","LOH",9.90084553048539
"9075","LOH",8.77122269545471
"9076","LOH",6.97552861557245
"9077","LOH",1.71645389479943
"9078","LOH",3.06366121186965
"9079","LOH",13.815434993149
"9080","LOH",-1.26991843634727
"9081","LOH",12.0043693298731
"9082","LOH",8.01058021315158
"9083","LOH",8.92238415588769
"9084","LOH",6.07238269144548
"9085","LOH",11.0377704308045
"9086","LOH",0.182263622476885
"9087","LOH",4.81447159743897
"9088","LOH",12.064234323177
"9089","LOH",11.1454356222553
"9090","LOH",16.9437708878288
"9091","LOH",8.99649887142669
"9092","LOH",0.628204394799986
"9093","LOH",-6.83568825189614
"9094","LOH",17.1053185447921
"9095","LOH",9.64656345304756
"9096","LOH",10.3068810645236
"9097","LOH",10.4371406813511
"9098","LOH",7.24396666309664
"9099","LOH",18.5850200799785
"9100","LOH",7.94954734688568
"9101","LOH",12.3255747267892
"9102","LOH",11.211254680309
"9103","LOH",9.39655445037086
"9104","LOH",12.1298318288538
"9105","LOH",9.59052105803012
"9106","LOH",13.3676942292193
"9107","LOH",-3.41605093208552
"9108","LOH",10.3675694156428
"9109","LOH",12.2796070948156
"9110","LOH",8.59821777509296
"9111","LOH",12.989464998081
"9112","LOH",8.84100693998116
"9113","LOH",7.67242644434262
"9114","LOH",6.35648797602237
"9115","LOH",1.60763456530952
"9116","LOH",15.6558632369247
"9117","LOH",5.22473694697946
"9118","LOH",-0.280268166893402
"9119","LOH",7.13066177713309
"9120","LOH",7.26687786157064
"9121","LOH",11.3605798292585
"9122","LOH",3.49338241544164
"9123","LOH",6.62797963934294
"9124","LOH",9.49193137854948
"9125","LOH",4.18939825785042
"9126","LOH",11.5381779960278
"9127","LOH",6.79252636502944
"9128","LOH",10.9251800595083
"9129","LOH",8.98718212288882
"9130","LOH",9.38270710138392
"9131","LOH",5.52840674948343
"9132","LOH",4.35746232152395
"9133","LOH",2.76037988010502
"9134","LOH",1.52918976045225
"9135","LOH",9.11796350957719
"9136","LOH",11.8454098657377
"9137","LOH",7.26090122512933
"9138","LOH",5.55280788095032
"9139","LOH",16.5915897408646
"9140","LOH",1.46591482251357
"9141","LOH",4.79908977452479
"9142","LOH",2.21070824496899
"9143","LOH",5.67118001041357
"9144","LOH",7.09178275506034
"9145","LOH",13.4196905144736
"9146","LOH",5.23040870713504
"9147","LOH",8.45084111810106
"9148","LOH",5.02703899030011
"9149","LOH",8.47675871464356
"9150","LOH",16.9877614910068
"9151","LOH",13.3410840147921
"9152","LOH",2.99458610513366
"9153","LOH",3.08462106945858
"9154","LOH",6.29171492783584
"9155","LOH",1.1575379663812
"9156","LOH",7.39665438840124
"9157","LOH",3.32156196133413
"9158","LOH",10.6075480932106
"9159","LOH",0.393547069880975
"9160","LOH",7.24730732698568
"9161","LOH",4.12029137518715
"9162","LOH",8.50408753740673
"9163","LOH",0.356261642401999
"9164","LOH",12.031619034677
"9165","LOH",3.84516909946225
"9166","LOH",6.75315160404789
"9167","LOH",8.39464132197065
"9168","LOH",6.25200815163567
"9169","LOH",8.90530085642513
"9170","LOH",4.13651839475407
"9171","LOH",7.71495878331826
"9172","LOH",5.78354078656505
"9173","LOH",10.3468079533938
"9174","LOH",8.51216545646437
"9175","LOH",9.36377426243932
"9176","LOH",14.5004600216585
"9177","LOH",3.90440950674982
"9178","LOH",5.0317074087455
"9179","LOH",0.452135224418931
"9180","LOH",10.8062983678226
"9181","LOH",4.33342514344273
"9182","LOH",-0.233953578318715
"9183","LOH",14.4218210954266
"9184","LOH",9.11725925408997
"9185","LOH",17.1320822615666
"9186","LOH",10.9759883441985
"9187","LOH",10.6292471276304
"9188","LOH",11.705537966679
"9189","LOH",4.03452662623228
"9190","LOH",2.48892028481184
"9191","LOH",8.81405496591176
"9192","LOH",7.7527682962413
"9193","LOH",11.7531699393352
"9194","LOH",8.83266886666019
"9195","LOH",9.23409564160403
"9196","LOH",7.93725882437679
"9197","LOH",5.50333497649215
"9198","LOH",6.62001118246902
"9199","LOH",7.6190735002263
"9200","LOH",2.29472632797286
"9201","LOH",9.4145465570056
"9202","LOH",-2.77395609826857
"9203","LOH",5.01259609408883
"9204","LOH",8.26468418964929
"9205","LOH",5.74685199118959
"9206","LOH",13.7311441554208
"9207","LOH",14.0640537422009
"9208","LOH",3.88993280854534
"9209","LOH",7.50674119468273
"9210","LOH",6.78413451541746
"9211","LOH",4.55128442530819
"9212","LOH",6.41408136622047
"9213","LOH",1.93567911242101
"9214","LOH",12.844074307893
"9215","LOH",10.6473660356364
"9216","LOH",7.41466206612527
"9217","LOH",2.06300778439337
"9218","LOH",7.94899313250881
"9219","LOH",9.9969361544956
"9220","LOH",5.90897446884869
"9221","LOH",6.95871321568452
"9222","LOH",4.74787263779335
"9223","LOH",14.9485136710617
"9224","LOH",8.54130759011862
"9225","LOH",7.65110327335677
"9226","LOH",11.3052998231041
"9227","LOH",9.86540596656739
"9228","LOH",11.223266039058
"9229","LOH",6.73638954383483
"9230","LOH",7.20690343290578
"9231","LOH",4.58244505721283
"9232","LOH",14.0805838748441
"9233","LOH",4.2377621667674
"9234","LOH",0.974981825945264
"9235","LOH",-2.25020948138128
"9236","LOH",-1.80742604823818
"9237","LOH",9.00324439385821
"9238","LOH",9.38873664246829
"9239","LOH",9.9976805199298
"9240","LOH",8.92933495955116
"9241","LOH",-0.104475566225613
"9242","LOH",16.4343981223172
"9243","LOH",13.719689131064
"9244","LOH",3.51597968774742
"9245","LOH",9.78556732789048
"9246","LOH",5.66718965058581
"9247","LOH",4.28427118253287
"9248","LOH",10.4084171098813
"9249","LOH",6.85058217874728
"9250","LOH",15.8676195823593
"9251","LOH",8.76706739331175
"9252","LOH",10.219584896513
"9253","LOH",3.73052468137514
"9254","LOH",6.29604182719298
"9255","LOH",3.98949594140096
"9256","LOH",18.7428398369286
"9257","LOH",-3.1561473853249
"9258","LOH",1.33545584428115
"9259","LOH",18.7053759889503
"9260","LOH",3.17072217466922
"9261","LOH",3.23104231062685
"9262","LOH",0.589560166969696
"9263","LOH",5.58942053274086
"9264","LOH",10.3933099531133
"9265","LOH",5.96329117428348
"9266","LOH",11.5897791734079
"9267","LOH",7.62836233847614
"9268","LOH",14.1829330751794
"9269","LOH",12.488554684579
"9270","LOH",14.3297050805678
"9271","LOH",14.6750282938731
"9272","LOH",9.4525261519531
"9273","LOH",3.63962399213212
"9274","LOH",12.711575087368
"9275","LOH",12.9342988772595
"9276","LOH",9.82937038747091
"9277","LOH",-1.21762735954377
"9278","LOH",11.7666193109755
"9279","LOH",8.48819428209227
"9280","LOH",13.4965767073185
"9281","LOH",11.4435807352339
"9282","LOH",11.0107533411277
"9283","LOH",-11.7481726118697
"9284","LOH",1.41115250548506
"9285","LOH",4.87636749582441
"9286","LOH",12.6228933320548
"9287","LOH",8.16987596990486
"9288","LOH",7.87717859018472
"9289","LOH",21.4203041805739
"9290","LOH",7.03369842195994
"9291","LOH",15.8381966398066
"9292","LOH",6.69254020216121
"9293","LOH",9.08345560618645
"9294","LOH",-2.14693108959055
"9295","LOH",14.0586364096384
"9296","LOH",8.25097247515846
"9297","LOH",4.3089447304673
"9298","LOH",8.12303792942364
"9299","LOH",-0.332307138836706
"9300","LOH",12.4159502465941
"9301","LOH",6.06305479281812
"9302","LOH",10.5046593289126
"9303","LOH",10.1802348797546
"9304","LOH",0.491864525081217
"9305","LOH",4.20267760203008
"9306","LOH",10.003071910532
"9307","LOH",14.0513215478465
"9308","LOH",5.28046049356579
"9309","LOH",8.96646948870403
"9310","LOH",8.86424107467323
"9311","LOH",2.46621244792426
"9312","LOH",3.74786078408531
"9313","LOH",4.15183304975893
"9314","LOH",5.50329514751378
"9315","LOH",2.75735306972209
"9316","LOH",4.59435064627231
"9317","LOH",8.98307075032055
"9318","LOH",16.9636450278142
"9319","LOH",8.12910904134409
"9320","LOH",15.1756515861568
"9321","LOH",7.61113302872463
"9322","LOH",8.29207629306682
"9323","LOH",5.22271200753589
"9324","LOH",8.32028271684802
"9325","LOH",10.5421939335118
"9326","LOH",6.33147628631023
"9327","LOH",6.43552346353895
"9328","LOH",9.01584838871473
"9329","LOH",14.9378837418892
"9330","LOH",8.07092834650367
"9331","LOH",-0.042324225686194
"9332","LOH",4.96419936784615
"9333","LOH",8.22059526411478
"9334","LOH",2.2168125527467
"9335","LOH",9.98180163698841
"9336","LOH",-0.546951125872745
"9337","LOH",7.67574530588373
"9338","LOH",13.5550253555816
"9339","LOH",11.4429572408668
"9340","LOH",2.3622774444201
"9341","LOH",2.50106308499834
"9342","LOH",9.6166981384879
"9343","LOH",5.5031124956048
"9344","LOH",3.6129095296548
"9345","LOH",7.36077977672033
"9346","LOH",4.13957734534878
"9347","LOH",3.92372326874664
"9348","LOH",6.63590805794126
"9349","LOH",6.42284549226526
"9350","LOH",14.2280600068635
"9351","LOH",-0.708327821055489
"9352","LOH",8.52350126444849
"9353","LOH",8.74780896276979
"9354","LOH",9.45948351631168
"9355","LOH",11.3280742683753
"9356","LOH",6.15500155110708
"9357","LOH",3.12808049756578
"9358","LOH",9.15581009244243
"9359","LOH",1.94309923478513
"9360","LOH",-1.04364993230683
"9361","LOH",9.67602547193256
"9362","LOH",5.54383962107266
"9363","LOH",8.06149744316667
"9364","LOH",4.1406611965371
"9365","LOH",4.17992132583715
"9366","LOH",5.35775737229436
"9367","LOH",13.0842999658181
"9368","LOH",13.3506419370769
"9369","LOH",14.4922821186023
"9370","LOH",12.8792602865113
"9371","LOH",7.38886208126729
"9372","LOH",6.56633119883425
"9373","LOH",-0.237804531625533
"9374","LOH",6.17579742297765
"9375","LOH",9.49711431468277
"9376","LOH",7.95125556866199
"9377","LOH",18.5337593133674
"9378","LOH",7.00743469938178
"9379","LOH",6.61264752462195
"9380","LOH",2.44061485357484
"9381","LOH",6.54654630107833
"9382","LOH",5.94653306003435
"9383","LOH",14.6895923660743
"9384","LOH",18.0229461485106
"9385","LOH",15.1243189232275
"9386","LOH",6.83983855201944
"9387","LOH",6.18391624565213
"9388","LOH",10.8096906186234
"9389","HD",11.39569717397
"9390","HD",8.342971212528
"9391","HD",2.26952686439372
"9392","HD",10.4595237171104
"9393","HD",8.27660733205247
"9394","HD",9.18618962876567
"9395","HD",10.3216602921655
"9396","HD",11.2030337772097
"9397","HD",-4.15613195801729
"9398","HD",6.17278349402331
"9399","HD",5.21532157202881
"9400","HD",3.14052681507874
"9401","HD",15.6419299780197
"9402","HD",4.60076997008116
"9403","HD",-2.60660879456938
"9404","HD",11.3764756604456
"9405","HD",3.90264409538099
"9406","HD",-2.94729935625908
"9407","HD",11.9372579552
"9408","HD",12.9563760520304
"9409","HD",-2.40684129135593
"9410","HD",4.40442036212635
"9411","HD",14.2470516399686
"9412","HD",18.7274970837384
"9413","HD",13.9525414232706
"9414","HD",3.80849300384256
"9415","HD",-2.11647659449498
"9416","HD",-7.97326475670392
"9417","HD",9.11210560198314
"9418","HD",5.66455855733209
"9419","HD",3.94178071142698
"9420","HD",12.4394826324183
"9421","HD",-6.47860996322598
"9422","HD",12.750584720614
"9423","HD",6.37196618033353
"9424","HD",5.33499634865644
"9425","HD",1.95932503293609
"9426","HD",7.80172882671432
"9427","HD",4.6835020667108
"9428","HD",10.6587501399229
"9429","HD",-4.08260345213449
"9430","HD",7.76672884823467
"9431","HD",13.2598828947529
"9432","HD",-9.05990150827467
"9433","HD",17.3740586516452
"9434","HD",4.63409637575827
"9435","HD",3.63269987556927
"9436","HD",-1.6151854254511
"9437","HD",-1.49693862172264
"9438","HD",1.622831836779
"9439","HD",5.89688623603529
"9440","HD",-9.26769422506257
"9441","HD",8.51616576405205
"9442","HD",9.90957158271235
"9443","HD",-1.62875822937032
"9444","HD",4.43319467027554
"9445","HD",-0.969393874197873
"9446","HD",-3.09196632363736
"9447","HD",10.7754153536908
"9448","HD",7.86868734137029
"9449","HD",-1.25979318033957
"9450","HD",2.27860635528461
"9451","HD",-2.39879629030404
"9452","HD",1.23981737563236
"9453","HD",8.06171723971119
"9454","HD",11.9638303361756
"9455","HD",13.665992055328
"9456","HD",9.06784120518206
"9457","HD",5.77652811683322
"9458","HD",0.95473543387208
"9459","HD",1.6459578822748
"9460","HD",5.42060124963686
"9461","HD",-0.425139550251403
"9462","HD",0.702569044879198
"9463","HD",4.50457587719751
"9464","HD",6.98611680160788
"9465","HD",6.85892624192487
"9466","HD",13.0847091340058
"9467","HD",11.6047869167093
"9468","HD",-0.130098157492772
"9469","HD",12.8844148874161
"9470","HD",5.71750159352654
"9471","HD",6.67851325571484
"9472","HD",14.5863836575098
"9473","HD",9.33416322722257
"9474","HD",4.28319745732592
"9475","HD",11.7907540930965
"9476","HD",3.92290984590925
"9477","HD",-4.44162186560886
"9478","HD",2.31398278748351
"9479","HD",3.70283649183325
"9480","HD",5.75360996566159
"9481","HD",-2.05161403726084
"9482","HD",7.37005101854551
"9483","HD",-2.73530982190439
"9484","HD",1.76026530509615
"9485","HD",-1.14782375034745
"9486","HD",-0.288051975881005
"9487","HD",17.9425597855284
"9488","HD",5.86120109745871
"9489","HD",2.85648733704866
"9490","HD",1.20961917744368
"9491","HD",3.44908168961065
"9492","HD",3.10450209741533
"9493","HD",-1.6919290587756
"9494","HD",-0.141322059926884
"9495","HD",7.51507710562356
"9496","HD",5.38440451566022
"9497","HD",2.59782221843903
"9498","HD",10.9570319951814
"9499","HD",11.724228043052
"9500","HD",7.28650969042031
"9501","HD",-6.89232284217464
"9502","HD",11.2772726001021
"9503","HD",-4.01099168279896
"9504","HD",7.31515205359487
"9505","HD",10.2278585604962
"9506","HD",14.8916476998685
"9507","HD",-2.93874208089028
"9508","HD",6.25319622752428
"9509","HD",9.27715641460445
"9510","HD",1.58164011518384
"9511","HD",11.6612251826577
"9512","HD",-3.00277592368734
"9513","HD",2.82931090424218
"9514","HD",0.33154585620524
"9515","HD",1.44150951252275
"9516","HD",0.458755717550295
"9517","HD",14.3842052659345
"9518","HD",-10.1188053793251
"9519","HD",2.02249125074036
"9520","HD",13.0481115241612
"9521","HD",4.44020082960417
"9522","HD",5.64623101673665
"9523","HD",3.8679950494879
"9524","HD",6.46774927596997
"9525","HD",3.17449132194151
"9526","HD",7.19521086398908
"9527","HD",1.61865480952114
"9528","HD",6.71666183469927
"9529","HD",13.042244000855
"9530","HD",4.46159794108531
"9531","HD",1.1257414737648
"9532","HD",-3.78174320618398
"9533","HD",6.28431167643735
"9534","HD",0.494646959713989
"9535","HD",-4.13257324750929
"9536","HD",-5.67674730259535
"9537","HD",5.08410260280114
"9538","HD",-6.83821712101167
"9539","HD",-4.96566677213398
"9540","HD",-1.69423483996964
"9541","HD",6.40169725032633
"9542","HD",-6.9809858342837
"9543","HD",3.97954801506115
"9544","HD",2.60664652383462
"9545","HD",16.6689049200876
"9546","HD",12.5481093301527
"9547","HD",-0.257910806239108
"9548","HD",4.55509194054831
"9549","HD",5.17806638938147
"9550","HD",6.39457187991388
"9551","HD",-0.622317801701529
"9552","HD",4.6065466830008
"9553","HD",-4.34418135052545
"9554","HD",1.49543629432332
"9555","HD",3.56014851551943
"9556","HD",-7.01699482725708
"9557","HD",5.01704915174523
"9558","HD",-12.8573272874654
"9559","HD",-5.47224247015913
"9560","HD",6.52136015124153
"9561","HD",11.0277166247111
"9562","HD",16.3784116416715
"9563","HD",9.4059115255583
"9564","HD",4.18570039570278
"9565","HD",2.41214488444764
"9566","HD",6.59444853723778
"9567","HD",9.04295290055668
"9568","HD",-0.878549084129824
"9569","HD",5.1074705780895
"9570","HD",10.4720664227466
"9571","HD",-1.22977105319483
"9572","HD",25.4475037958296
"9573","HD",1.21888815317708
"9574","HD",-5.26469761103048
"9575","HD",6.90033995999487
"9576","HD",-7.40874319981456
"9577","HD",1.84324695726545
"9578","HD",-9.3546013685569
"9579","HD",4.6295882507754
"9580","HD",1.37236133268348
"9581","HD",6.70620352388143
"9582","HD",1.08428967715412
"9583","HD",8.78905703651385
"9584","HD",2.46423987323378
"9585","HD",0.670027993633524
"9586","HD",0.564952343461656
"9587","HD",-2.44487873712168
"9588","HD",-1.75737895676816
"9589","HD",0.393906123056253
"9590","HD",1.83455094253999
"9591","HD",7.4863265632358
"9592","HD",8.38365929760868
"9593","HD",7.09976463514782
"9594","HD",3.31312758988443
"9595","HD",2.94678477016146
"9596","HD",-0.715587695885382
"9597","HD",-1.49773167632772
"9598","HD",-2.06685589394894
"9599","HD",-7.04490968744759
"9600","HD",4.7137793425805
"9601","HD",9.71508399498572
"9602","HD",5.45913026700791
"9603","HD",3.35816734375193
"9604","HD",4.42628559885914
"9605","HD",4.79157588671576
"9606","HD",-8.9873943382593
"9607","HD",1.71870364049791
"9608","HD",-5.60746326346348
"9609","HD",-2.67129629201878
"9610","HD",4.47322632308528
"9611","HD",6.3248596225616
"9612","HD",18.9837845228845
"9613","HD",15.8815183410238
"9614","HD",17.0746747746542
"9615","HD",4.35768685488273
"9616","HD",1.50898737143665
"9617","HD",4.01211525187921
"9618","HD",-12.172672863082
"9619","HD",8.01920522168022
"9620","HD",6.24054803213851
"9621","HD",16.2413668218769
"9622","HD",-2.74200948548805
"9623","HD",4.56880862053072
"9624","HD",6.08075328287393
"9625","HD",-5.97916410570027
"9626","HD",4.08118660942681
"9627","HD",6.3405194281337
"9628","HD",6.35805569675771
"9629","HD",11.9172561061877
"9630","HD",5.91927222568563
"9631","HD",4.25655299331539
"9632","HD",2.84406028740926
"9633","HD",1.5067197644191
"9634","HD",-9.0375130817635
"9635","HD",9.57359405382034
"9636","HD",2.81210621152283
"9637","HD",-0.606820898528712
"9638","HD",13.2599311689205
"9639","HD",-5.77943878105503
"9640","HD",5.56547548032447
"9641","HD",10.482483297216
"9642","HD",4.22036705759975
"9643","HD",12.004118550462
"9644","HD",3.13287944389368
"9645","HD",-0.827781961371961
"9646","HD",-0.396930130265477
"9647","HD",7.00880793886044
"9648","HD",13.449698662111
"9649","HD",-4.54291992191785
"9650","HD",6.94119966326289
"9651","HD",17.5140024049989
"9652","HD",9.20303342320611
"9653","HD",6.14276170939276
"9654","HD",6.31407880973438
"9655","HD",4.76454155391373
"9656","HD",14.4968542101875
"9657","HD",-2.90318518308128
"9658","HD",-0.164399342696742
"9659","HD",3.93461289297742
"9660","HD",-8.97682395689537
"9661","HD",0.161556396253206
"9662","HD",10.7860384185631
"9663","HD",-3.6034752114274
"9664","HD",10.916772774476
"9665","HD",-9.36198021554443
"9666","HD",-4.4900834387849
"9667","HD",-4.02670554940545
"9668","HD",3.25856815918372
"9669","HD",0.81672263242347
"9670","HD",4.77994317150541
"9671","HD",4.13324717545511
"9672","HD",-0.573747899717954
"9673","HD",1.88178912619516
"9674","HD",-4.66517004984013
"9675","HD",3.61491157995183
"9676","HD",2.7015739736166
"9677","HD",4.39226823951793
"9678","HD",1.9837366729208
"9679","HD",10.7883333122596
"9680","HD",9.62428069014161
"9681","HD",9.42517391756118
"9682","HD",0.290055328203428
"9683","HD",7.58733220087135
"9684","HD",10.2273630647645
"9685","HD",12.4317113538073
"9686","HD",-0.42715267591045
"9687","HD",-2.62971129945324
"9688","HD",16.8422609685907
"9689","HD",-0.258133586116296
"9690","HD",11.5073376921184
"9691","HD",8.80143391375503
"9692","HD",0.914185630843204
"9693","HD",8.55890767765915
"9694","HD",10.766157014339
"9695","HD",9.15302245124425
"9696","HD",-7.21600374074818
"9697","HD",4.86257384337521
"9698","HD",11.4949966062505
"9699","HD",6.67339453908605
"9700","HD",10.3176890802689
"9701","HD",4.74873585496709
"9702","HD",8.83223594808353
"9703","HD",13.8244477710875
"9704","HD",-3.57216213524202
"9705","HD",9.58001304449781
"9706","HD",-1.57831863197265
"9707","HD",5.0919039755015
"9708","HD",-13.8728942051796
"9709","HD",-1.65371685029463
"9710","HD",-0.101979299774952
"9711","HD",15.8105602641066
"9712","HD",4.74641697679461
"9713","HD",-1.5267051891746
"9714","HD",-12.9837346546158
"9715","HD",16.5790488415697
"9716","HD",1.07385429054162
"9717","HD",-13.3846410554968
"9718","HD",8.36318139310256
"9719","HD",-6.24362283206621
"9720","HD",11.5710897645691
"9721","HD",10.6557456143968
"9722","HD",6.34092493008289
"9723","HD",6.79932076025845
"9724","HD",0.771547051590479
"9725","HD",9.90619452715776
"9726","HD",3.29339684219496
"9727","HD",1.85976554962746
"9728","HD",8.70002180549931
"9729","HD",2.12843347492576
"9730","HD",6.51543035056233
"9731","HD",-0.0532465262222557
"9732","HD",14.9512459863782
"9733","HD",0.251770655335753
"9734","HD",7.16630860357252
"9735","HD",-1.71091554870766
"9736","HD",16.0016342005054
"9737","HD",-7.65727786727864
"9738","HD",9.48432795784367
"9739","HD",5.43269602624801
"9740","HD",2.48916161365661
"9741","HD",7.99484604724179
"9742","HD",8.3024832856165
"9743","HD",14.9996523301112
"9744","HD",6.64667330684367
"9745","HD",5.34725302276546
"9746","HD",9.20590305358252
"9747","HD",-0.458288827698809
"9748","HD",1.07887550689647
"9749","HD",-0.983716797738779
"9750","HD",-3.38395888511265
"9751","HD",1.62774019222645
"9752","HD",1.39314648654724
"9753","HD",0.695965672216524
"9754","HD",-5.62661724320515
"9755","HD",0.416556490355388
"9756","HD",3.96854271494273
"9757","HD",3.71709619922222
"9758","HD",3.70261969373536
"9759","HD",6.54258203078428
"9760","HD",4.69843418138737
"9761","HD",9.69419378991643
"9762","HD",6.83704505125761
"9763","HD",7.15405978530078
"9764","HD",2.43181674036498
"9765","HD",6.70948235804325
"9766","HD",2.61251808859757
"9767","HD",4.8264250013815
"9768","HD",1.20424966054197
"9769","HD",16.239004268581
"9770","HD",5.69264784889396
"9771","HD",1.1116014225242
"9772","HD",-7.58414419906565
"9773","HD",1.62583459042931
"9774","HD",0.328085173532236
"9775","HD",0.549846011662602
"9776","HD",-1.10031921199657
"9777","HD",-0.135506259253308
"9778","HD",7.20442951359126
"9779","HD",6.13170371115299
"9780","HD",-0.98814247172804
"9781","HD",-2.77534920852474
"9782","HD",7.16379340245149
"9783","HD",10.7211228686525
"9784","HD",3.01803722341508
"9785","HD",-3.89165517523795
"9786","HD",-3.96100665782185
"9787","HD",-1.36342897180161
"9788","HD",3.49453921334063
"9789","HD",10.1642407335623
"9790","HD",3.35733157066119
"9791","HD",-3.09471846448172
"9792","HD",10.281031672291
"9793","HD",2.01905671957876
"9794","HD",11.1041849068385
"9795","HD",3.71868238045193
"9796","HD",1.32161873013093
"9797","HD",3.86700078512716
"9798","HD",8.90259830113502
"9799","HD",-2.28842791006397
"9800","HD",1.72998997890216
"9801","HD",4.18505224178178
"9802","HD",7.78474622270342
"9803","HD",0.939904344955696
"9804","HD",5.01064551781502
"9805","HD",-6.65802908852828
"9806","HD",-2.61579437294463
"9807","HD",17.4960836304978
"9808","HD",7.68512647853186
"9809","HD",10.8769709855078
"9810","HD",2.35234457345189
"9811","HD",3.88127422341863
"9812","HD",1.73882395195866
"9813","HD",4.21158506337535
"9814","HD",3.5821316137177
"9815","HD",6.10761200611324
"9816","HD",1.0815016349089
"9817","HD",10.2221779574726
"9818","HD",5.88472869716444
"9819","HD",9.32071667722564
"9820","HD",1.93747965141518
"9821","HD",1.63116966659651
"9822","HD",13.0865977510364
"9823","HD",9.82735024281527
"9824","HD",-2.76562991014123
"9825","HD",7.253868513831
"9826","HD",0.455171772653386
"9827","HD",9.34809580111394
"9828","HD",1.87263678456662
"9829","HD",10.2686838514992
"9830","HD",3.66784678005458
"9831","HD",9.42175083364046
"9832","HD",-8.8190013826745
"9833","HD",-6.707008002923
"9834","HD",-0.0742597885909824
"9835","HD",3.78153608886567
"9836","HD",1.44977778508901
"9837","HD",4.43184617513343
"9838","HD",11.6739281125131
"9839","HD",7.27883034229689
"9840","HD",-1.3954632340265
"9841","HD",-2.20207030250316
"9842","HD",0.617790699115145
"9843","HD",1.09310827627821
"9844","HD",11.8108410830578
"9845","HD",1.62545687655092
"9846","HD",0.296457032119232
"9847","HD",-4.03173193383757
"9848","HD",3.69342809018444
"9849","HD",10.4130774567723
"9850","HD",7.33221589328743
"9851","HD",9.48867648211161
"9852","HD",4.04797516484389
"9853","HD",10.7823140572508
"9854","HD",8.16959768317356
"9855","HD",10.188478414571
"9856","HD",7.3265713062643
"9857","HD",15.3506811674657
"9858","HD",7.27364791316715
"9859","HD",3.65391236802887
"9860","HD",15.8485886084907
"9861","HD",14.4886764532322
"9862","HD",-7.81185874251392
"9863","HD",7.09763421692407
"9864","HD",2.2635245864576
"9865","HD",1.16519464135048
"9866","HD",17.1465143216308
"9867","HD",1.94967696585396
"9868","HD",1.01619402596082
"9869","HD",-6.03680629878866
"9870","HD",-4.92021909078532
"9871","HD",9.05704543392176
"9872","HD",7.86546914251399
"9873","HD",7.32811875802315
"9874","HD",5.74807849839729
"9875","HD",0.831267474696623
"9876","HD",-1.52970737993594
"9877","HD",0.643869137113649
"9878","HD",5.16141852452353
"9879","HD",-3.01670194305096
"9880","HD",13.8724617919894
"9881","HD",-3.84471297415606
"9882","HD",4.37446890382225
"9883","HD",8.96823567648659
"9884","HD",-4.87143254530388
"9885","HD",0.811461173393672
"9886","HD",8.03912312936649
"9887","HD",3.49262053792999
"9888","HD",5.01006112203764
"9889","HD",8.61069845526523
"9890","HD",10.1987993114772
"9891","HD",-3.66211834174746
"9892","HD",8.35540640157172
"9893","HD",3.02562526755234
"9894","HD",-2.70933804604974
"9895","HD",-2.24281280675457
"9896","HD",-0.312236974013658
"9897","HD",3.87323019081541
"9898","HD",-1.09644026308541
"9899","HD",9.30617392403176
"9900","HD",6.5903481928121
"9901","HD",10.4339818788388
"9902","HD",-6.75478415170755
"9903","HD",-7.05492748969951
"9904","HD",-6.0100818419729
"9905","HD",-1.02653161680871
"9906","HD",2.57233358798804
"9907","HD",18.1030395125028
"9908","HD",-4.39985013710321
"9909","HD",0.432265335982579
"9910","HD",7.00090475753436
"9911","HD",0.645874354122839
"9912","HD",19.6531699410455
"9913","HD",9.16405450265844
"9914","HD",-2.1674953125643
"9915","HD",2.1386050626102
"9916","HD",4.67122265069437
"9917","HD",12.1006857740429
"9918","HD",7.6839493248944
"9919","HD",6.72423751332617
"9920","HD",-7.60969817546618
"9921","HD",-1.01655414138751
"9922","HD",6.14124588385149
"9923","HD",-8.48582248280015
"9924","HD",4.93807533485326
"9925","HD",3.04283757518554
"9926","HD",0.958862537730107
"9927","HD",3.79937622843716
"9928","HD",4.29332615839385
"9929","HD",7.44167262216189
"9930","HD",4.96342944900484
"9931","HD",-3.82872902980083
"9932","HD",6.89820144447701
"9933","HD",0.714552766722653
"9934","HD",4.51155339061658
"9935","HD",0.530567915637413
"9936","HD",5.49701521013595
"9937","HD",7.91311259925399
"9938","HD",-3.40751978817053
"9939","HD",-5.13090882190554
"9940","HD",0.191264471800202
"9941","HD",-3.04828543623687
"9942","HD",-3.39272074488855
"9943","HD",13.1511111972087
"9944","HD",6.44463652811492
"9945","HD",-3.01266848506004
"9946","HD",-1.68314993266905
"9947","HD",4.17232183340078
"9948","HD",8.94721331388174
"9949","HD",3.15085706893932
"9950","HD",-1.40607493754722
"9951","HD",-2.34450429018457
"9952","HD",-0.248605086376164
"9953","HD",-2.31860240234954
"9954","HD",-2.52896080010914
"9955","HD",-5.7046883200273
"9956","HD",3.13282628490402
"9957","HD",-0.0768065879322188
"9958","HD",3.19301717866864
"9959","HD",4.24603430652745
"9960","HD",-2.39590544074989
"9961","HD",10.2603137519208
"9962","HD",4.55965236670876
"9963","HD",3.05865482438366
"9964","HD",-6.36134313225915
"9965","HD",-2.33169858803469
"9966","HD",-7.39942111861972
"9967","HD",7.38731084891301
"9968","HD",-1.8726883485168
"9969","HD",2.86367686511663
"9970","HD",-2.93556299063183
"9971","HD",3.45733050500948
"9972","HD",7.44276341481433
"9973","HD",6.41852445211503
"9974","HD",-2.92653242196556
"9975","HD",10.3312415100142
"9976","HD",-1.63012509087763
"9977","HD",0.412528084304746
"9978","HD",1.64190644954115
"9979","HD",5.05514255761988
"9980","HD",-0.821960503459403
"9981","HD",11.6960705115074
"9982","HD",7.39490248064982
"9983","HD",6.80669183115088
"9984","HD",12.898588925661
"9985","HD",-3.65727822950687
"9986","HD",0.655199386813571
"9987","HD",4.61277076454019
"9988","HD",11.4347184435252
"9989","HD",3.72224374234168
"9990","HD",0.622294862016761
"9991","HD",11.4666067807282
"9992","HD",9.20933117041977
"9993","HD",5.46773134418843
"9994","HD",-0.774741295466336
"9995","HD",-0.61152363511013
"9996","HD",11.8772674980031
"9997","HD",3.73583247179028
"9998","HD",9.38182587399839
"9999","HD",7.93524926841208
"10000","HD",2.68366599232068
"10001","HD",-1.13504790660305
"10002","HD",-1.22716824134851
"10003","HD",3.97766610636527
"10004","HD",3.82755867837611
"10005","HD",1.95306962241468
"10006","HD",12.2008748342729
"10007","HD",-7.80126619346562
"10008","HD",-6.74513909982372
"10009","HD",-4.92276547828705
"10010","HD",8.58697211060496
"10011","HD",7.66230351206673
"10012","HD",13.8420698077738
"10013","HD",9.77960617633671
"10014","HD",14.0936742304097
"10015","HD",-7.33454196043471
"10016","HD",4.89403941529729
"10017","HD",0.384954815872285
"10018","HD",-5.27801030211439
"10019","HD",1.89626670724504
"10020","HD",12.4541690375191
"10021","HD",2.3287107545255
"10022","HD",5.24327095435572
"10023","HD",-0.698701443733773
"10024","HD",6.93772057424335
"10025","HD",9.47381475512824
"10026","HD",7.90601702991302
"10027","HD",16.9873235829828
"10028","HD",8.65411394931476
"10029","HD",-5.32194291282959
"10030","HD",8.43994572786391
"10031","HD",2.82254934573157
"10032","HD",2.94430888384385
"10033","HD",-3.34297027179596
"10034","HD",7.50235526595197
"10035","HD",14.1356632026316
"10036","HD",3.11023445984504
"10037","HD",-6.46633872624994
"10038","HD",-1.2280300427447
"10039","HD",7.60785766611671
"10040","HD",-8.79979083887417
"10041","HD",0.73190381936999
"10042","HD",0.0885071058751938
"10043","HD",-2.86765761806917
"10044","HD",6.99522237359834
"10045","HD",3.96327560235174
"10046","HD",9.18734296109384
"10047","HD",7.13500887203835
"10048","HD",16.9867662387013
"10049","HD",17.5255565322741
"10050","HD",9.81552743542389
"10051","HD",-1.74528530631742
"10052","HD",7.16883468252152
"10053","HD",4.39177734730034
"10054","HD",11.133827141138
"10055","HD",1.77905328680885
"10056","HD",12.41455421687
"10057","HD",-1.42265494861873
"10058","HD",-1.37386652260404
"10059","HD",15.011414644367
"10060","HD",13.1956483284482
"10061","HD",-0.771234701303727
"10062","HD",5.95672499709515
"10063","HD",-7.23205509434768
"10064","HD",10.1227761430703
"10065","HD",-1.1180297566827
"10066","HD",4.47879982506298
"10067","HD",4.52410093114582
"10068","HD",16.4911849740594
"10069","HD",0.863877542025064
"10070","HD",1.41167735372648
"10071","HD",4.82759145735684
"10072","HD",9.9343492527586
"10073","HD",8.43762841758963
"10074","HD",1.6038578817175
"10075","HD",6.9099104512807
"10076","HD",4.04190517821718
"10077","HD",12.0571207082069
"10078","HD",9.46503500982629
"10079","HD",9.3739613215339
"10080","HD",8.8941676678185
"10081","HD",-2.86673603012788
"10082","HD",0.402360243653942
"10083","HD",8.46915401651057
"10084","HD",-4.52300268329583
"10085","HD",4.82696587802748
"10086","HD",-2.7850807430247
"10087","HD",-5.19237888571791
"10088","HD",3.17852328605706
"10089","HD",7.40470118167133
"10090","HD",-5.17705730518515
"10091","HD",4.02968193333513
"10092","HD",2.71024158172761
"10093","HD",6.17165438938752
"10094","HD",-0.523497191865053
"10095","HD",12.0202582119287
"10096","HD",8.80875196195958
"10097","HD",4.89030652429052
"10098","HD",-7.2866671720369
"10099","HD",6.52480102513651
"10100","HD",-4.45575859618145
"10101","HD",5.00990010895055
"10102","HD",3.62792235591093
"10103","HD",4.16594814277356
"10104","HD",9.10244402697389
"10105","HD",10.2001913284727
"10106","HD",-0.525378378677781
"10107","HD",9.25204659851107
"10108","HD",-0.450769481226896
"10109","HD",-1.16826831870907
"10110","HD",-2.64344939978652
"10111","HD",6.06348547474339
"10112","HD",7.50835399340533
"10113","HD",-7.84545415519006
"10114","HD",-1.67034224328363
"10115","HD",-7.46685888719906
"10116","HD",4.27621852908776
"10117","HD",14.0892950648452
"10118","HD",-2.08242627789578
"10119","HD",-1.41950733719796
"10120","HD",-1.33278981139577
"10121","HD",-0.737639027894604
"10122","HD",-5.87356962593784
"10123","HD",-5.42495876251902
"10124","HD",-8.48297115722628
"10125","HD",2.93238306107031
"10126","HD",-6.66443253747861
"10127","HD",4.98174060116231
"10128","HD",9.54435908727719
"10129","HD",-2.6792157596659
"10130","HD",9.93220230354049
"10131","HD",-4.09424179408277
"10132","HD",1.11480280743886
"10133","HD",0.421064584626437
"10134","HD",13.0418651425627
"10135","HD",0.182496126355825
"10136","HD",6.06399126691392
"10137","HD",-1.75340833375232
"10138","HD",4.94365174696824
"10139","HD",17.9813286468326
"10140","HD",10.7054486845162
"10141","HD",4.03722986385484
"10142","HD",-2.0550221151732
"10143","HD",-8.42943279409162
"10144","HD",18.9249998481705
"10145","HD",5.59512731578849
"10146","HD",6.21189003092865
"10147","HD",1.10632364256013
"10148","HD",-7.66635858747283
"10149","HD",-4.92019198146746
"10150","HD",2.38275516366519
"10151","HD",-0.768261187530671
"10152","HD",7.04273169066908
"10153","HD",13.123346861928
"10154","HD",3.36848389035761
"10155","HD",-0.409654061005801
"10156","HD",11.6820406221753
"10157","HD",3.44629794591091
"10158","HD",-4.70619047190173
"10159","HD",1.51840062973531
"10160","HD",9.35563543950494
"10161","HD",10.2431736322166
"10162","HD",6.2330441040671
"10163","HD",9.8152042666962
"10164","HD",1.65788908931133
"10165","HD",-1.73661558725936
"10166","HD",10.5355021442142
"10167","HD",0.0508612668727109
"10168","HD",7.21406339659303
"10169","HD",5.43704868916238
"10170","HD",1.01859360898412
"10171","HD",7.71022317224797
"10172","HD",4.16640620476274
"10173","HD",5.13698333466959
"10174","HD",16.115455907577
"10175","HD",-2.11559794720881
"10176","HD",-3.18836884903917
"10177","HD",7.20750045176747
"10178","HD",-5.5495029517067
"10179","HD",-6.80934911030406
"10180","HD",1.28890098275211
"10181","HD",2.15043625647548
"10182","HD",4.71762262089233
"10183","HD",2.79571094272103
"10184","HD",9.43069171537398
"10185","HD",0.783156058109754
"10186","HD",1.95625777481494
"10187","HD",-1.9300608642204
"10188","HD",11.6583204091229
"10189","HD",0.00867929718296079
"10190","HD",9.04151325082255
"10191","HD",7.0012503368239
"10192","HD",4.95275097596988
"10193","HD",-2.02201148106977
"10194","HD",-10.1130061539237
"10195","HD",4.951285182447
"10196","HD",15.4472338992287
"10197","HD",8.29222941741143
"10198","HD",-6.22906367757753
"10199","HD",-2.02427687863395
"10200","HD",-4.22559786442248
"10201","HD",9.74610373767191
"10202","HD",-2.7604548002177
"10203","HD",5.09079859672876
"10204","HD",-4.16334720127285
"10205","HD",-0.553086227684743
"10206","HD",7.2916959542891
"10207","HD",9.03483350090914
"10208","HD",-5.39648370607861
"10209","HD",-4.16892838714381
"10210","HD",12.3145836892778
"10211","HD",-4.45150101891937
"10212","HD",10.4991829347892
"10213","HD",13.962372954683
"10214","HD",4.42842234524251
"10215","HD",3.64125945414033
"10216","HD",7.71183675553972
"10217","HD",-1.23286944599546
"10218","HD",-0.167721486071121
"10219","HD",-1.71611532290483
"10220","HD",-0.751303281037697
"10221","HD",0.489613172674859
"10222","HD",-3.52750339001405
"10223","HD",8.67427076474445
"10224","HD",7.66039662066774
"10225","HD",-9.3985755158123
"10226","HD",15.8349970747298
"10227","HD",8.0892252390325
"10228","HD",-3.61003045992096
"10229","HD",11.5530397165801
"10230","HD",-0.484413962712446
"10231","HD",11.0918986116779
"10232","HD",-7.35350256422839
"10233","HD",8.53547336963188
"10234","HD",9.58720285415844
"10235","HD",-0.908971785714918
"10236","HD",15.3660056984395
"10237","HD",1.35376824005226
"10238","HD",7.39656444608581
"10239","HD",11.1780279442235
"10240","HD",2.96025731569793
"10241","HD",2.45843238524345
"10242","HD",2.11033773852572
"10243","HD",1.91407826995204
"10244","HD",-2.20402063756995
"10245","HD",-0.63540691547599
"10246","HD",4.29325119667161
"10247","HD",-8.55225293230219
"10248","HD",4.55746695385561
"10249","HD",11.4112564786616
"10250","HD",-3.08260150397603
"10251","HD",-4.56196954901024
"10252","HD",-6.94202691926336
"10253","HD",10.0187869899375
"10254","HD",7.24547030492008
"10255","HD",10.8543461639427
"10256","HD",-10.4043704070512
"10257","HD",-0.120485794869889
"10258","HD",7.11697014988801
"10259","HD",7.37838457463291
"10260","HD",1.01441861820571
"10261","HD",6.21751393678115
"10262","HD",7.58115738703453
"10263","HD",11.6715160754956
"10264","HD",2.05286646652272
"10265","HD",6.64070193293321
"10266","HD",-2.77100624934562
"10267","HD",14.3784131048967
"10268","HD",5.87045237649328
"10269","HD",2.84412109953652
"10270","HD",3.16451451861377
"10271","HD",-2.19240247803025
"10272","HD",-3.57252313256833
"10273","HD",3.53435940940933
"10274","HD",-0.296544311163305
"10275","HD",-10.735679337424
"10276","HD",-3.21576762773284
"10277","HD",7.78035917965147
"10278","HD",-5.00481654454502
"10279","HD",11.0602522039988
"10280","HD",3.63143761575041
"10281","HD",10.0368979401167
"10282","HD",7.14242316968105
"10283","HD",-3.52007744675089
"10284","HD",-1.01008328222954
"10285","HD",1.62898864663139
"10286","HD",-6.89688206026808
"10287","HD",5.53117764770627
"10288","HD",8.46077314278658
"10289","HD",-8.21251035775187
"10290","HD",11.4986897220417
"10291","HD",4.36926332426939
"10292","HD",-3.56087371923189
"10293","HD",6.88404209296189
"10294","HD",3.55206823319446
"10295","HD",-3.85522352333325
"10296","HD",2.81706708091395
"10297","HD",3.15401372842265
"10298","HD",6.05983384867941
"10299","HD",5.53619329861593
"10300","HD",16.7624789634625
"10301","HD",6.30788215652111
"10302","HD",-9.81304867520853
"10303","HD",11.6292437185415
"10304","HD",18.258294307084
"10305","HD",4.8253628015139
"10306","HD",0.137564608030483
"10307","HD",7.84673725309244
"10308","HD",2.37936670386821
"10309","HD",-2.98018966840346
"10310","HD",8.93816148122924
"10311","HD",9.87830636431609
"10312","HD",-0.869862422269355
"10313","HD",5.64619290756418
"10314","HD",0.103940871006279
"10315","HD",-5.40586403686498
"10316","HD",6.17504316317323
"10317","HD",11.7783484045225
"10318","HD",-1.85991170048164
"10319","HD",10.4352416598323
"10320","HD",4.65888463562475
"10321","HD",1.21982722218698
"10322","HD",4.74102468351838
"10323","HD",10.4848719732735
"10324","HD",4.72129747073425
"10325","HD",-4.1739307430789
"10326","HD",7.67857030149553
"10327","HD",-4.56742767310337
"10328","HD",9.9825827866486
"10329","HD",8.06960246410822
"10330","HD",-2.1845903583984
"10331","HD",14.1376756714615
"10332","HD",-4.60799164622058
"10333","HD",4.5086838389753
"10334","HD",0.466540402559126
"10335","HD",4.87278576296761
"10336","HD",-2.12464498181538
"10337","HD",16.860912497446
"10338","HD",6.95934891811888
"10339","HD",10.1300715986972
"10340","HD",1.14731375408093
"10341","HD",5.85483104939165
"10342","HD",-0.454519524929716
"10343","HD",13.0588145462191
"10344","HD",8.50597884565629
"10345","HD",-0.645314893501097
"10346","HD",6.91532942944915
"10347","HD",3.87071928910229
"10348","HD",3.94054227203914
"10349","HD",15.4145480123023
"10350","HD",10.7369163950112
"10351","HD",5.95324288438952
"10352","HD",4.47550956767025
"10353","HD",-1.96580107002114
"10354","HD",14.0181379679229
"10355","HD",-7.22207026443261
"10356","HD",-6.2694020913893
"10357","HD",3.73093756403659
"10358","HD",17.3175753967197
"10359","HD",3.40757509723931
"10360","HD",1.44580594746795
"10361","HD",5.52185653231552
"10362","HD",-3.2584079756187
"10363","HD",8.0669175143811
"10364","HD",3.33408549774791
"10365","HD",-1.8005848614861
"10366","HD",0.364533697078004
"10367","HD",1.91348178867729
"10368","HD",5.85665095960288
"10369","HD",3.70043799341422
"10370","HD",5.73552812172993
"10371","HD",2.98030193259638
"10372","HD",16.8625500954166
"10373","HD",9.76091948980306
"10374","HD",10.3145666843796
"10375","HD",5.01329954486084
"10376","HD",5.15538625954894
"10377","HD",8.04969024340541
"10378","HD",-5.38751101904577
"10379","HD",-0.181968940918266
"10380","HD",-7.69139009336405
"10381","HD",-2.64025615880783
"10382","HD",11.5065573088946
"10383","HD",5.78964148870228
"10384","HD",7.65187804243036
"10385","HD",-2.42663956744702
"10386","HD",9.36143801117005
"10387","HD",9.66669315435439
"10388","HD",-4.69482297012101
"10389","HD",3.14242793026129
"10390","HD",3.76619597280784
"10391","HD",2.82285244524382
"10392","HD",-1.95121206446044
"10393","HD",2.90955772615012
"10394","HD",4.50982127066916
"10395","HD",0.630152383704773
"10396","HD",15.1983613799022
"10397","HD",-2.48197265217854
"10398","HD",-2.55632299310448
"10399","HD",0.0117672805844173
"10400","HD",9.7088216760829
"10401","HD",5.92137970169011
"10402","HD",3.40795647172232
"10403","HD",-3.047586569595
"10404","HD",-0.980022381927617
"10405","HD",3.80694646826159
"10406","HD",5.29947762027376
"10407","HD",5.73607290345126
"10408","HD",5.64133854162985
"10409","HD",0.860842417867085
"10410","HD",5.60324650926311
"10411","HD",2.99492832058043
"10412","HD",-0.362772819695133
"10413","HD",14.4890712394467
"10414","HD",4.59316487980089
"10415","HD",7.84387717826692
"10416","HD",10.2202701492279
"10417","HD",-1.26304319964096
"10418","HD",11.3123975928052
"10419","HD",9.05277966621398
"10420","HD",6.02858927562158
"10421","HD",12.9908324961477
"10422","HD",5.20015811647223
"10423","HD",5.98820169729429
"10424","HD",10.8271673330895
"10425","HD",-3.0175050949909
"10426","HD",17.1331419306902
"10427","HD",12.0457520706808
"10428","HD",8.74097648110712
"10429","HD",1.93676275646759
"10430","HD",18.5956977854146
"10431","HD",6.12522074564214
"10432","HD",6.34418542636606
"10433","HD",5.04428576249575
"10434","HD",4.39531993959653
"10435","HD",-2.40111079936844
"10436","HD",7.19183103634825
"10437","HD",6.59674185645739
"10438","HD",7.62169216306371
"10439","HD",-4.43941380449927
"10440","HD",-6.33107618550851
"10441","HD",-4.73048902840274
"10442","HD",7.86571622709186
"10443","HD",-0.52543546374614
"10444","HD",8.08632683696049
"10445","HD",5.37696786761968
"10446","HD",-6.79920137845324
"10447","HD",7.94303112177063
"10448","HD",2.45718826310191
"10449","HD",7.83360842541678
"10450","HD",-0.96199063367709
"10451","HD",3.40796905341952
"10452","HD",6.38552725119201
"10453","HD",22.5032824635228
"10454","HD",18.5498987501591
"10455","HD",3.25159444294925
"10456","HD",6.85289098988255
"10457","HD",-6.26173085312873
"10458","HD",-10.2726261461875
"10459","HD",13.9276742638262
"10460","HD",8.58804369032053
"10461","HD",6.71548535300747
"10462","HD",19.3936064895019
"10463","HD",3.16318002114124
"10464","HD",9.86691278745693
"10465","HD",15.8282896596381
"10466","HD",-0.749641331931637
"10467","HD",2.28177181605905
"10468","HD",9.60377703115572
"10469","HD",9.74673507981229
"10470","HD",8.49566804636697
"10471","HD",9.47346606592494
"10472","HD",-0.783213743908315
"10473","HD",-0.361376953536528
"10474","HD",13.7215110874295
"10475","HD",7.65590123796235
"10476","HD",6.68452867103079
"10477","HD",3.66927782831586
"10478","HD",6.34227851772594
"10479","HD",2.1413109358854
"10480","HD",-3.24102136978806
"10481","HD",2.38652351821965
"10482","HD",-5.1160555833187
"10483","HD",12.1748499891419
"10484","HD",-0.6288267975422
"10485","HD",-0.206863911481593
"10486","HD",-2.39729542657211
"10487","HD",4.59628573405233
"10488","HD",-1.53792215260128
"10489","HD",4.14127400513759
"10490","HD",10.1277213907344
"10491","HD",0.338025543894141
"10492","HD",6.86919975648296
"10493","HD",11.3995249986642
"10494","HD",11.261094089504
"10495","HD",6.662552919893
"10496","HD",8.00230306083322
"10497","HD",-1.92432585945567
"10498","HD",7.53172609260452
"10499","HD",8.62416001848734
"10500","HD",-6.43790453763791
"10501","HD",-2.94468584845155
"10502","HD",-4.28551579233387
"10503","HD",3.85568737889483
"10504","HD",-6.94564815500629
"10505","HD",12.2557970498898
"10506","HD",15.1263148606128
"10507","HD",7.45238038042725
"10508","HD",-10.6327663055562
"10509","HD",4.70823577154704
"10510","HD",-8.68177579749536
"10511","HD",11.6374954799098
"10512","HD",-5.71302017170399
"10513","HD",-4.00387183534155
"10514","HD",13.191912832837
"10515","HD",8.27054844936031
"10516","HD",6.86268848196874
