"gcf","RefSeq","MIBiG"
"gcf_0",0,0.892140126811844
"gcf_10",0.28150201065483,0.850047778930366
"gcf_100",0.420347225816279,0.519976693604414
"gcf_1000",0.282135894458759,0.799665831011747
"gcf_10001",0.330410519993025,0.579915974791597
"gcf_10002",0.190929585360498,0.351118933042335
"gcf_10003",0.397259168937428,0.726765327256898
"gcf_10004",0.370127687197808,0.664391327397024
"gcf_10005",0.0518960505824806,0.448842593823523
"gcf_10008",0.231038539586381,0.574402107147983
"gcf_1001",0.28428150476121,0.640371391253021
"gcf_10012",0.330384191387366,0.560424374557302
"gcf_10018",0,0.206592472624878
"gcf_10019",0.190859394060975,0.749776752448444
"gcf_1002",0.276832310287885,0.384203577465596
"gcf_10024",0.140957725701315,0.162256294485579
"gcf_10026",0.163096724684765,0.495910894768724
"gcf_10027",0.579278297658971,0.58819896528487
"gcf_10028",0.167678202482146,0.313935834569427
"gcf_10031",0.186716320637755,0.723827614630503
"gcf_10032",0.271708678372282,0.347208790166133
"gcf_10037",0.245101330817145,0.715562714592175
"gcf_10038",0.00749074217634071,0.606322047621483
"gcf_10039",1.11022302462516e-16,0.677873120600135
"gcf_1004",0.496553309701681,0.698772983915281
"gcf_10040",0.50661362365835,0.612540810178315
"gcf_10053",0.29881682577424,0.429803222570072
"gcf_10056",0.188938762503554,0.295014949400608
"gcf_10057",0.182849436924233,0.473388759513693
"gcf_10058",0.389580582501733,0.476783356430057
"gcf_1006",0.351248428290927,0.655695138396334
"gcf_10060",0.0994260162171388,0.757508702611209
"gcf_10061",0.275477748271784,0.668032645309386
"gcf_10068",0.497538526384826,0.690761555914297
"gcf_10069",0.218579680511535,0.347921525626475
"gcf_10071",0.367544467966324,0.552786404500042
"gcf_10075",0.473828426391326,0.687533373254197
"gcf_1008",0.248325623813016,0.457583374767935
"gcf_10081",0.00821556594370565,0.29427558982474
"gcf_10082",0.0169491525423729,0.655196131563858
"gcf_10083",0.392565382517485,0.503878680526261
"gcf_10086",0.130293262633095,0.428341494665628
"gcf_1009",0.584542666237285,0.779275774314987
"gcf_10092",0,0.659497387696501
"gcf_10094",0.319930865491295,0.572336216626679
"gcf_10097",0.2,0.69489197144141
"gcf_1010",0.0989896420934577,0.684545851646236
"gcf_10103",0,0.54998500549798
"gcf_10104",0.490808292041831,0.53619103094256
"gcf_10105",0.382142473240126,0.449936453999396
"gcf_10106",0.183434554181085,0.468795502822329
"gcf_10108",0.309012508971522,0.857948087006202
"gcf_1011",0.0761043760546711,0.159752011878381
"gcf_10114",0.0136986301369862,0.772824313340729
"gcf_10117",0.246824902646983,0.513210412432535
"gcf_10118",0.274120075670304,0.641061138212626
"gcf_1012",0.389441028184406,0.44598673926583
"gcf_10124",0.451080858733682,0.716005698913923
"gcf_10125",0.22592973018679,0.60101929111722
"gcf_10126",0.00666666666666649,0.536906655689639
"gcf_1013",0.153245386019133,0.424668715742674
"gcf_10130",0.250508387286988,0.678237842438509
"gcf_10131",0,0.601119251638358
"gcf_10134",0.372763054123415,0.686913129022658
"gcf_10136",1.11022302462516e-16,0.750268266728549
"gcf_10137",0.51185218602529,0.596383675771017
"gcf_10138",0.0516249957457133,0.300834106022921
"gcf_1014",0.157240676201733,0.510312929280293
"gcf_10140",0.147372422579328,0.430071615787319
"gcf_10141",0.389566771638975,0.787878787878788
"gcf_10144",0.118537026972325,0.330519926854683
"gcf_10145",0.0188878147221737,0.698454441767036
"gcf_10148",0.590871151402354,0.693195212402356
"gcf_1015",0.545830281661718,0.786884742757811
"gcf_10150",0.248391857050224,0.354777733197149
"gcf_10152",0.000584279633497053,0.194453260440882
"gcf_10153",0.322772342964959,0.341671671900321
"gcf_10156",0,0.702072988465831
"gcf_10157",0.372198308565423,0.428018949374298
"gcf_10167",0,0.603240199570923
"gcf_10168",0.17948717948718,0.50419822711762
"gcf_10169",0.40052105958591,0.730320055014703
"gcf_1017",0.0733757089993621,0.637955623073074
"gcf_10170",0.301330852999029,0.51908241258161
"gcf_10176",1.11022302462516e-16,0.341593304002007
"gcf_10188",0.331718416589777,0.477002415372238
"gcf_10189",0.222217242282681,0.532223701899943
"gcf_1019",0,0.256849458539707
"gcf_10190",0.572838703774454,0.559256333217037
"gcf_10194",0,0.745454545454545
"gcf_10195",0.58891991045658,0.705333228562907
"gcf_10196",0.294030649433077,0.631517334515549
"gcf_10197",0.261636969531827,0.351025628613339
"gcf_10198",0.360645028086678,0.413064991091622
"gcf_1020",0.122867839985853,0.371295719950678
"gcf_10200",0.458652862138641,0.622990386132268
"gcf_10203",0.524126614053638,0.585837383362942
"gcf_10204",0.274036046852024,0.597480772059773
"gcf_10205",0,0.26757137491199
"gcf_10208",0.538754671842356,0.820889738002192
"gcf_10209",0.0787294122798019,0.33980396602855
"gcf_10210",0.436363636363636,0.483092197883096
"gcf_10211",0.154483629513432,0.439114617245096
"gcf_10212",0,0.672949880464793
"gcf_10213",0.0092315632229539,0.734242579669217
"gcf_10214",0.0450854698493295,0.712781312636979
"gcf_1022",0.509347198096169,0.741104987601151
"gcf_10226",0.27850991330062,0.52163512676506
"gcf_10230",0.00645161290322582,0.422475794682373
"gcf_10242",1.11022302462516e-16,0.626456316181186
"gcf_10246",0.0257034266063255,0.658754792663063
"gcf_10248",0.4592589044645,0.741024782742494
"gcf_10250",0.163294880466148,0.187936995727634
"gcf_10253",0.292893218813453,0.730320055014703
"gcf_10254",0.198384005597306,0.593173169667365
"gcf_10256",0.0299999999999998,0.642472257081326
"gcf_1026",0.262667246553227,0.827073577514821
"gcf_10260",0.292893218813453,0.431258651343014
"gcf_10269",0.465600066801452,0.735581083127248
"gcf_10270",0.38450243770963,0.47031996231154
"gcf_10276",0.282975388298762,0.723827614630503
"gcf_1028",0.286581999472479,0.562958761136412
"gcf_10282",0.269674658506405,0.636758421371611
"gcf_10288",0.160406030996598,0.19973757584992
"gcf_1029",0.322824482110427,0.779968998243148
"gcf_10290",0.545271688205948,0.72324983790922
"gcf_10294",0.0891811642512085,0.736146385249612
"gcf_10298",0.439899452150849,0.599706083825736
"gcf_103",0.251016949620288,0.705181479400137
"gcf_10301",0.460777247941286,0.538411782443146
"gcf_10303",0,0.712085539018782
"gcf_10305",4.44089209850063e-16,0.609593875286485
"gcf_1031",0,0.756849648868945
"gcf_10310",0.34168591182962,0.397746184800827
"gcf_10312",1.11022302462516e-16,0.433313524001989
"gcf_10316",0.43931903578645,0.677247510047536
"gcf_10319",0,0.65802283957125
"gcf_10320",0,0.844652872523877
"gcf_10323",4.44089209850063e-16,0.603089236315124
"gcf_10325",0,0.274236443446232
"gcf_1033",0.400208864248072,0.558441626656941
"gcf_10332",0.19453088960229,0.369253163831901
"gcf_10334",0.0736017656969201,0.711699622326258
"gcf_10335",0,0.290450540097485
"gcf_10336",0.296855800915714,0.742752122286237
"gcf_10337",0,0.687454718181475
"gcf_10342",0.145290133572594,0.467050984178274
"gcf_10347",0.321677115198235,0.523839747384024
"gcf_10348",0.440588667045849,0.535234236802054
"gcf_10349",0,0.304290371874986
"gcf_1035",0,0.767504722512361
"gcf_10350",4.44089209850063e-16,0.575805544663524
"gcf_10356",0.288665337903986,0.494027313527069
"gcf_10358",0.228477973075236,0.626456316181186
"gcf_1036",0.108899113204155,0.684569108187807
"gcf_10364",2.22044604925031e-16,0.234045808318285
"gcf_10367",0.181762378925383,0.492729540064845
"gcf_10368",0.597517071360148,0.72538615810606
"gcf_10369",0.247782796658349,0.718541743770057
"gcf_1037",0.0039495862703037,0.633954183184974
"gcf_10370",0.155711378815236,0.561242649268969
"gcf_10374",0.309012508971522,0.758253110792386
"gcf_10375",0.482403671244924,0.60881240994011
"gcf_10378",0.414200830608229,0.643857718706153
"gcf_10379",0.167133857233463,0.224315435570965
"gcf_1038",0.215164477820353,0.74418006219274
"gcf_10385",0.343794130646766,0.752126710335827
"gcf_10388",0.319005589205113,0.485740049384671
"gcf_10389",0,0.645001486553163
"gcf_1039",0.133974596215561,0.774506191599151
"gcf_10390",0.366971072080615,0.68137443881013
"gcf_10392",0.207499485667428,0.325800137536758
"gcf_10394",0.330231085428579,0.718248478726373
"gcf_10395",0,0.65926360626676
"gcf_10396",0.0183486238532113,0.715862806105698
"gcf_10397",0.327621369126135,0.404233039179799
"gcf_1040",0.3295755810101,0.71547360014912
"gcf_10400",0.320525436283069,0.360541727247904
"gcf_10402",0,0.666786786790687
"gcf_10403",0,0.75632148786987
"gcf_10404",0.181017883396058,0.538489403252311
"gcf_10405",0.372426250591011,0.368312326190596
"gcf_10406",0.260698385251587,0.453983605914995
"gcf_10409",0.550755633393535,0.703810450565158
"gcf_10414",0.175042088615695,0.560437776512825
"gcf_10416",0.160280877240368,0.69464759172377
"gcf_10417",0.455805255559434,0.695559573321369
"gcf_10418",0.0100864484238488,0.368128639265005
"gcf_1042",0.245895398176133,0.731073562899761
"gcf_10422",0.454501743998706,0.683021098088789
"gcf_10426",0.195266272189349,0.268993055536856
"gcf_1043",0.189069241148066,0.693282669493011
"gcf_10432",0,0.69489197144141
"gcf_10436",0.525376088736717,0.656990890450127
"gcf_10438",0.259202802512808,0.361985541115739
"gcf_1044",0.249734247776704,0.319518563099288
"gcf_10440",0.211493472968603,0.611229602548624
"gcf_10441",0,0.326387808478515
"gcf_10444",0.0124635980898022,0.279710829345809
"gcf_10446",0.247764423079146,0.516715970967986
"gcf_10448",0.371750978630577,0.605519534832998
"gcf_1045",0.173591423826162,0.461505581017575
"gcf_10450",2.22044604925031e-16,0.200543662991775
"gcf_10454",0.396816953790939,0.781202512753158
"gcf_10457",0,0.386932680171063
"gcf_10458",0,0.246336810229143
"gcf_10460",0.321583430224767,0.514637328302925
"gcf_10462",0.0285714285714285,0.403267783348156
"gcf_10466",0.227922419094181,0.487281800635486
"gcf_1047",1.66533453693774e-16,0.121651078302879
"gcf_10476",0.194534929478355,0.62899949822397
"gcf_1048",0.230188147491569,0.440938214391106
"gcf_10481",0.480816716321411,0.706577201336518
"gcf_10486",0.47175473291192,0.721424520415194
"gcf_10488",0.430014224280261,0.732448149518103
"gcf_1049",0.507570991721551,0.653261271730773
"gcf_10496",0.428643946288311,0.646446609406726
"gcf_105",0.138159812403971,0.175967702783249
"gcf_1050",0.130825139425545,0.735082121947099
"gcf_10502",0.480171013843084,0.718433111414068
"gcf_10505",0.430080796119479,0.784817859341123
"gcf_1051",0.0809868456338528,0.72797388423927
"gcf_10510",0.232268966570033,0.505940804974772
"gcf_10513",0,0.675940538043215
"gcf_10519",0.484270914235114,0.616568730256043
"gcf_1052",0.428844556240069,0.711690677023889
"gcf_10523",0.311054816211349,0.428079323051195
"gcf_10524",0.450713673212036,0.607440012908797
"gcf_10526",0.314005659429965,0.738372023932909
"gcf_10529",0.321767001687473,0.659497387696501
"gcf_1053",0.552446969675765,0.645105061111998
"gcf_10530",0.308945140975177,0.497504687177217
"gcf_10533",0.473865865932967,0.757445796264721
"gcf_10535",0.318080952783601,0.428167197842596
"gcf_10536",0,0.63351863649428
"gcf_10537",0.130290932614485,0.2819463648042
"gcf_10538",0.191348750044806,0.532751903642042
"gcf_1054",0.346597137866785,0.459622222662373
"gcf_10541",0.460139631773312,0.684569578012484
"gcf_10546",0.460812397731317,0.726693754270946
"gcf_10547",0.341757371236989,0.57948286646882
"gcf_10549",0,0.663201401908668
"gcf_1055",0.432568629427628,0.726364772692253
"gcf_10550",0.446100947774409,0.614409087365692
"gcf_10553",0.251957286490559,0.658844116190666
"gcf_10557",0.448573678283749,0.530955084419328
"gcf_10562",0,0.659891488074282
"gcf_10568",0,0.266312451794843
"gcf_1058",0.160624589164633,0.614486812694823
"gcf_10586",0.333167927880679,0.786104515184294
"gcf_10589",0,0.663064547885871
"gcf_10590",0.226979317476074,0.66870542177546
"gcf_10591",0.35949714876589,0.740192378864668
"gcf_10593",0.22806741589112,0.241188552664853
"gcf_10595",0,0.256905600841822
"gcf_10596",0.236994219653179,0.708050067291326
"gcf_10598",1.38777878078145e-16,0.435464222589277
"gcf_1060",0.266805343198749,0.789455457612874
"gcf_10600",0.590102806641602,0.719047043513706
"gcf_10602",0,0.284614998106209
"gcf_10604",0.0388918824818294,0.661759287398727
"gcf_1061",0.395705748475331,0.767579134028973
"gcf_10610",0.311367600167986,0.653881708221925
"gcf_10612",0.192668506340796,0.770184707065204
"gcf_10616",0,0.360855155003302
"gcf_10618",0.0762195121951215,0.472559318002641
"gcf_10620",1.11022302462516e-16,0.689276064558343
"gcf_10621",0.265313650834191,0.477061111512483
"gcf_10622",1.11022302462516e-16,0.42509434480853
"gcf_10624",0.278360331160651,0.31594393481491
"gcf_10626",0.0280954099957787,0.274467660223985
"gcf_10628",0.376266666644037,0.567921743338787
"gcf_10630",0.144369266159643,0.630870642198245
"gcf_10632",0.476909574686453,0.803082734991029
"gcf_10633",0.408970976253298,0.53897403764172
"gcf_10638",0.336511197302963,0.601985123916004
"gcf_1064",0,0.765780065433006
"gcf_10640",0,0.398978172083139
"gcf_10648",0.149627482156098,0.267608499186244
"gcf_10649",0.0329158265377562,0.33253253224384
"gcf_1065",1.66533453693774e-16,0.336404859634389
"gcf_10651",0.406593406593407,0.790935006450816
"gcf_10652",0.334936997883835,0.664251176134193
"gcf_10657",0.517822966363387,0.763283961763
"gcf_10659",0.603045201341402,0.781480197329551
"gcf_10661",0.550588342037494,0.713737493214195
"gcf_10664",0.333474607751949,0.390857588541517
"gcf_10666",0.391801930861049,0.610224137209234
"gcf_1067",0,0.0434782608695652
"gcf_10674",0.248265893638804,0.323112496991322
"gcf_10676",0.165261124167751,0.708279916983974
"gcf_10677",0.429866609175245,0.737311728078454
"gcf_10680",0,0.644191866353099
"gcf_10681",0.358605436333165,0.75171823341929
"gcf_10682",0.0203844212796618,0.501078742691548
"gcf_10685",0.30676668646797,0.48623766726241
"gcf_10690",0,0.2197600090539
"gcf_10694",0.356404097065162,0.561955195413663
"gcf_10695",0.298030514755317,0.484773774744941
"gcf_10696",0.252671208097664,0.267729864659507
"gcf_10698",0.309097641163212,0.761017492658058
"gcf_107",0.419861181015211,0.458093993558737
"gcf_1070",0.284267811951336,0.42538529271848
"gcf_10701",0.32028021177492,0.716052199357132
"gcf_10702",0.137574593578285,0.275933811961783
"gcf_10703",0.284838040386721,0.773866759131692
"gcf_10705",0.102135723297033,0.76875135496856
"gcf_1071",0.187236008975635,0.546072441560878
"gcf_10712",0.178769504244239,0.217326724932884
"gcf_10714",0.458383793356094,0.672849409856484
"gcf_10717",0,0.286636699887458
"gcf_1072",0.160940310673534,0.503855805882319
"gcf_10722",0.406413011152653,0.714437646059279
"gcf_10724",0.217624954851545,0.394449586511025
"gcf_1073",0,0.758253110792386
"gcf_10736",0.299453495613633,0.498664884138641
"gcf_10737",0,0.616795693856977
"gcf_1074",0,0.712702797542888
"gcf_10740",0.249667845800803,0.274855428334672
"gcf_10744",0,0.649655568628172
"gcf_10748",0,0.463417947673235
"gcf_1075",0.232644624667273,0.38008724051814
"gcf_10750",0.365020305441554,0.68434243450052
"gcf_10754",0.286732536194162,0.313279421863436
"gcf_10755",0.0325123436979053,0.459943296961731
"gcf_10756",0.100594007717035,0.653101355752207
"gcf_1076",0.284987689930938,0.51789369028771
"gcf_10760",0.397211448958193,0.562835003012026
"gcf_10763",0.248139562387368,0.682457351945706
"gcf_10764",0.489623997925356,0.6577139159802
"gcf_10768",0.455555000055833,0.572526666571058
"gcf_1077",0.125232950263701,0.6
"gcf_10770",0.325017931902246,0.633142016452425
"gcf_10772",0.230143598161634,0.282731801061063
"gcf_10773",0.0684335278929242,0.636740253777505
"gcf_1078",2.22044604925031e-16,0.625
"gcf_10784",0.325132943051407,0.543819322985938
"gcf_10794",0.285572184602733,0.35137973176177
"gcf_10796",0.522431505160363,0.667653625059857
"gcf_10798",0.177959408666485,0.302024924445989
"gcf_108",0.122473568063589,0.169249563627475
"gcf_10803",1.11022302462516e-16,0.384038389193593
"gcf_10804",0.357470594682821,0.502298862751602
"gcf_10808",0,0.196822713370468
"gcf_10810",0.4184200019622,0.708021418763108
"gcf_10812",0.303701052843123,0.404673334147263
"gcf_10813",0.457985164915835,0.537510343228203
"gcf_10816",0.531588142463181,0.60369905349344
"gcf_10824",0,0.605195687277698
"gcf_10828",0.373609941595709,0.426411010387813
"gcf_10829",0.484732165329517,0.770005522757916
"gcf_1083",0.105006895668476,0.658311691225233
"gcf_10834",1.11022302462516e-16,0.660599274751114
"gcf_10836",0,0.504485458864397
"gcf_1084",1.11022302462516e-16,0.269243222257915
"gcf_10842",0.335442982572778,0.747560917851299
"gcf_10847",0.638131695237497,0.729780324864898
"gcf_1085",0,0.470064603776381
"gcf_10851",0.122695650672861,0.540936472688808
"gcf_10859",0.337310651132729,0.68141342825661
"gcf_10861",0.319145791078328,0.605234279298054
"gcf_10865",0.183086520101566,0.239860902326786
"gcf_1087",0.133974596215561,0.646446609406726
"gcf_10870",0.410493655253437,0.594534620574033
"gcf_10878",0.116547791401228,0.625
"gcf_10884",0.448001635548286,0.613524557046266
"gcf_10886",0.184197815052337,0.457897492315517
"gcf_10887",0.506468939594473,0.620525722631186
"gcf_10888",0.204977676632658,0.785321610792579
"gcf_10889",0.152208752109342,0.528378890858101
"gcf_1089",0.180210394626599,0.267972360186568
"gcf_10891",0.130316064778574,0.419020646130603
"gcf_10893",0.0918960534290265,0.617745213946003
"gcf_10897",0.329040964526148,0.734252998273633
"gcf_109",0.36250077204874,0.401981135768274
"gcf_1090",0.107164640708102,0.605581038359102
"gcf_10907",0.426683665443106,0.460864984678743
"gcf_10908",0.1291514322439,0.230780539835779
"gcf_1091",0,0.597984873896315
"gcf_10912",0.128780316530427,0.495337092610973
"gcf_10914",0.252982119166004,0.468325561302158
"gcf_10921",0,0.679962446723827
"gcf_10923",2.22044604925031e-16,0.522726374870325
"gcf_10924",0.19417703597462,0.605228983024139
"gcf_10925",0,0.65683723430319
"gcf_10928",0.467141508425538,0.603427494371251
"gcf_10929",0.35598082183043,0.40513131642956
"gcf_1093",0.0853754069883306,0.488619960638742
"gcf_10930",2.22044604925031e-16,0.690124658495183
"gcf_10932",0.166953108856437,0.696120221224398
"gcf_10934",0.486117254320803,0.585625987461062
"gcf_10937",0.269110082003972,0.312857484146304
"gcf_10938",0.434617677102902,0.430256194310821
"gcf_10941",0.0686250813284506,0.699816081007165
"gcf_10946",0.315580735242943,0.368762479902083
"gcf_10948",0.163344047748443,0.216311092046843
"gcf_1095",0.234315940862656,0.368100825846968
"gcf_10959",0.397934853776595,0.535862364076019
"gcf_1096",0.512562088009905,0.664433544334263
"gcf_10960",0.449370148620139,0.702748737595539
"gcf_10964",0.379503404005287,0.727379726630156
"gcf_10965",0.442097624374349,0.531752647496485
"gcf_10967",0.0105947662218303,0.768937326581132
"gcf_10969",0.561687067723316,0.607276518172007
"gcf_1097",0.187291730890379,0.727917060046771
"gcf_10979",0.0216408919305204,0.761426841963926
"gcf_1098",0.430664153189872,0.565676073334094
"gcf_10986",0.274681479264634,0.323484466307881
"gcf_10987",0,0.58829444225799
"gcf_1099",0.280662506461643,0.609288266210175
"gcf_10990",0.0228045783596456,0.290539142396956
"gcf_11",0.017748169532145,0.629505749128587
"gcf_11000",0.26056338028169,0.719112970983972
"gcf_11002",0.367544467966324,0.673616994681988
"gcf_11005",0.325132943051407,0.639268384468272
"gcf_11006",0.132651409189102,0.72360889508884
"gcf_1101",0.433762206951194,0.656898163952961
"gcf_11010",0.00464039626839374,0.37589273337781
"gcf_11013",0.245316908479161,0.352397500218458
"gcf_11014",0.138080294407265,0.222863351887819
"gcf_11018",0.152208752109342,0.51052749481372
"gcf_1102",0.0741115841114315,0.342782984664154
"gcf_11020",2.22044604925031e-16,0.51052749481372
"gcf_11021",0.420108629967748,0.78946201973337
"gcf_11026",0.529351195175386,0.692206494374454
"gcf_11028",0.567574434244807,0.774582591333142
"gcf_1103",0.0766936957536357,0.733642151536552
"gcf_11032",1.11022302462516e-16,0.733119743658188
"gcf_11033",0.455506396594652,0.762643668361229
"gcf_11034",0.288665337903986,0.551947425413358
"gcf_11037",4.44089209850063e-16,0.632962043493237
"gcf_1104",3.33066907387547e-16,0.589689952068508
"gcf_11040",2.22044604925031e-16,0.367585395841566
"gcf_11043",0.417342041213625,0.624954215249204
"gcf_11044",0.459336028649151,0.585835684508166
"gcf_11045",0.422432722620343,0.572755042364006
"gcf_11047",1.11022302462516e-16,0.356404097065162
"gcf_1105",0.383914313444473,0.65786511862092
"gcf_11054",0.193984044963733,0.702329721106206
"gcf_11056",0.496401536874748,0.751058579208048
"gcf_1106",0.00552486187845313,0.12385734736874
"gcf_11060",0.573681371723527,0.648473239167651
"gcf_11061",0.455025922746806,0.491757074305585
"gcf_11064",0.244339288283923,0.412909754743664
"gcf_1107",0.00486856805916518,0.722657999125183
"gcf_11070",0.179108942063464,0.233881613794754
"gcf_11073",0.321516646969389,0.42046213595302
"gcf_11077",0.00591715976331342,0.226932644529162
"gcf_11078",0.390437837589618,0.59995917742501
"gcf_1108",0.480586479938245,0.483984091274182
"gcf_11081",2.22044604925031e-16,0.609207067440933
"gcf_11082",0.288877999154964,0.482556794325922
"gcf_11084",0.35951013065992,0.699035367285577
"gcf_11085",0.450837749475125,0.567495269763064
"gcf_1109",0.265417560624294,0.702594061260269
"gcf_11092",2.22044604925031e-16,0.471383306103437
"gcf_11094",0.46920895784237,0.681270288861327
"gcf_11095",0.633255030492338,0.742064475822574
"gcf_11098",0,0.166367528699877
"gcf_11099",0.560064447334314,0.758166095135833
"gcf_1110",0.27741886824826,0.608533039405314
"gcf_11100",0.0372654111933156,0.721685456084143
"gcf_11101",0,0.26767245691355
"gcf_11102",0.416214454097438,0.515907336570103
"gcf_11104",0.196730060257912,0.417166138745009
"gcf_11105",0.321355933552571,0.663187385286466
"gcf_11106",0.339475811628429,0.339475811628429
"gcf_11108",0.449197956051191,0.686851733773733
"gcf_11110",0.433909193240053,0.524388590525619
"gcf_11114",0.470785132419377,0.508436770494222
"gcf_11115",1.11022302462516e-16,0.732475882031624
"gcf_1112",0.141381180399438,0.201693896820946
"gcf_11120",0,0.581818181818182
"gcf_11122",0.152784730805826,0.277482808833284
"gcf_11126",0.349659506506797,0.4384926678932
"gcf_11128",0.15625,0.603071689932132
"gcf_11129",0,0.67816091954023
"gcf_11132",0.240701869498727,0.747490798905052
"gcf_11134",0.404720902024415,0.543659362290813
"gcf_11135",0.410338105839213,0.758247393370539
"gcf_11136",0.0923076923076924,0.720640779035539
"gcf_1114",0.0121149819755988,0.769137534230504
"gcf_11140",0.315944738263661,0.574635944819908
"gcf_11141",0.239986822527634,0.391372996599483
"gcf_11147",2.22044604925031e-16,0.37496811305832
"gcf_11148",0.411550996413316,0.738276972893963
"gcf_1115",0.436762197610672,0.7057923170442
"gcf_11150",1.11022302462516e-16,0.275611399005598
"gcf_11152",0.217746537527125,0.268041754897955
"gcf_11153",0.168233738058692,0.220014688123524
"gcf_11154",0.193671996953356,0.499098355735811
"gcf_11155",0.00141342826826585,0.461492729251833
"gcf_11156",0.516685805507475,0.719448557035376
"gcf_11158",0.458171630817123,0.668199241834401
"gcf_11162",0.2,0.69489197144141
"gcf_11164",0,0.414332251009252
"gcf_11165",0,0.713465058453122
"gcf_11166",0.263102403379584,0.454183901376813
"gcf_11171",0,0.54597318264535
"gcf_11172",0.0136986301369861,0.131999621236116
"gcf_11173",1.11022302462516e-16,0.375376262266859
"gcf_11174",0.262786496622727,0.364289064045361
"gcf_11176",0.353748375079028,0.617453972161997
"gcf_11178",0.225522274961583,0.432843524913047
"gcf_11179",0,0.702716516562035
"gcf_1118",0.317019260252693,0.500712377856316
"gcf_11180",0.477355857383856,0.58695652173913
"gcf_11184",0,0.508095627914488
"gcf_11187",0.367619065432539,0.545724860707597
"gcf_11191",0.359184479549691,0.730320055014703
"gcf_11196",0,0.542361653894233
"gcf_11203",0.513441544688839,0.646873783370289
"gcf_11211",0.265960012209199,0.777598638512715
"gcf_11212",0,0.750595759048421
"gcf_11214",0.198984882218703,0.26990698276086
"gcf_11216",1.11022302462516e-16,0.614463900177993
"gcf_11217",0,0.617453972161997
"gcf_11218",0.390553100890674,0.48260252257612
"gcf_1122",0.51482770394143,0.705528633454292
"gcf_11220",0.426726313505394,0.586666752886111
"gcf_11224",0.214795514738924,0.283694911977351
"gcf_1123",0.306639369092844,0.479699507105549
"gcf_11235",0.432328757654407,0.635820149062294
"gcf_11237",0.0612145306621105,0.534064146119585
"gcf_11248",0.202815163545574,0.234073684194571
"gcf_11249",0.449419476943035,0.554188953624891
"gcf_11250",0.479694097626984,0.606065976363245
"gcf_11257",0.253378855952856,0.740564718585792
"gcf_11258",0.453314648751132,0.707074950293146
"gcf_1126",0.180335280967306,0.36463585945732
"gcf_11260",0.198347716373438,0.387540915592709
"gcf_11262",0.296855800915714,0.738372023932909
"gcf_11264",0.210010616792964,0.362653130569546
"gcf_1127",0.44951811743682,0.708940991318507
"gcf_11276",0.30543073017284,0.693422489701264
"gcf_1128",0.334162447390772,0.700332778804588
"gcf_11283",0.437755906164741,0.623031482537474
"gcf_11284",0.23189114028756,0.756712324709031
"gcf_11286",0.521753256134249,0.735712278209615
"gcf_11290",0.32028021177492,0.500788945087184
"gcf_11295",0,0.530958424017657
"gcf_113",0.183975065975805,0.623541542850308
"gcf_1130",0.253996153407749,0.738690168032605
"gcf_11300",0.491642875242084,0.656372770089661
"gcf_11314",0,0.406024777386871
"gcf_11317",2.22044604925031e-16,0.524954301364486
"gcf_11319",0.359580467661546,0.640336377071067
"gcf_1132",0.534786955861332,0.759838557247467
"gcf_11320",0.253743107792503,0.573905760529473
"gcf_1133",0.295953053675903,0.457269919736276
"gcf_11330",0.357263589987168,0.44757282719801
"gcf_11332",0.419777940415904,0.455830843054207
"gcf_11334",1.11022302462516e-16,0.297753116823217
"gcf_11337",0.318761826821818,0.454616373121937
"gcf_11338",0.32459233002629,0.623178175693597
"gcf_11339",0.304381814681178,0.42592878858492
"gcf_1134",0.384590166104861,0.591281783290823
"gcf_11340",0.0478095428609533,0.247266534810283
"gcf_11347",0.34540192384613,0.449230429219225
"gcf_11348",0.434157810346367,0.707523343570157
"gcf_11350",0,0.313320488325772
"gcf_11351",0.312107065741507,0.626456316181186
"gcf_11353",0.0313979132950895,0.594881871815067
"gcf_11356",1.28102656687518e-16,0.165239063756237
"gcf_11358",0.139083935224673,0.25973607313264
"gcf_11359",0.28358143007158,0.40437664246986
"gcf_11360",0,0.529411764705882
"gcf_11362",0.520865210578868,0.652256073452551
"gcf_11365",0,0.340071497275498
"gcf_11366",0.213498566600091,0.338285318780321
"gcf_11369",1.11022302462516e-16,0.458333333333333
"gcf_1137",0.116547791401228,0.663064547885871
"gcf_11371",0.00112994350282458,0.260310644758051
"gcf_11372",0.34923873001536,0.40786058984065
"gcf_11374",0.322551993846713,0.628589586145478
"gcf_1138",0.46625763987878,0.602542844353995
"gcf_11380",0.471349316925205,0.66870542177546
"gcf_11387",0.194039300230682,0.230768803703633
"gcf_1139",0.327483845720724,0.476884621903815
"gcf_11390",0.197757719048953,0.415280561926428
"gcf_11391",0.0533459733599364,0.680583436729536
"gcf_11396",0.452512300338067,0.636434390451321
"gcf_11402",0.517225121800677,0.533170907466324
"gcf_11412",0.370322231582057,0.517802031368463
"gcf_11413",0.464560227254813,0.620103092348242
"gcf_11414",0.514314197349275,0.728948909177779
"gcf_11416",1.11022302462516e-16,0.774440102559328
"gcf_11418",0.252286212785427,0.484940387511466
"gcf_1142",0.43424512129949,0.694312149989441
"gcf_11421",0,0.663064547885871
"gcf_11426",0.587072746212605,0.682553523263826
"gcf_1143",0.292893218813453,0.597542758810435
"gcf_11434",0.276007027613726,0.328544078523828
"gcf_11435",0.529856381097323,0.836280740959249
"gcf_11438",0.502060797237258,0.681738025167916
"gcf_1144",0.0434782608695653,0.685033463416862
"gcf_11440",0,0.729072044545716
"gcf_11441",0.034995627415229,0.68140692516761
"gcf_11443",0,0.663064547885871
"gcf_11444",0.492969334405102,0.616179589619715
"gcf_11449",1.11022302462516e-16,0.229166666666667
"gcf_1145",0.359544295090682,0.478297871294246
"gcf_11452",0.316279069767442,0.531759285412786
"gcf_11455",0.455160173642455,0.578749514316512
"gcf_1146",0.342066663447764,0.454184216475911
"gcf_11461",0,0.690535847430581
"gcf_11462",0.300074363148583,0.575578709096752
"gcf_11465",0.500599716055163,0.546953826163452
"gcf_11467",0,0.763198888610843
"gcf_1147",0.237182752299471,0.543517569783325
"gcf_11472",0.320868978694553,0.374353336609226
"gcf_1148",0.52149481995808,0.730051498183042
"gcf_11480",0.49932980832231,0.597541435740244
"gcf_1149",0.217467769984452,0.520428272437074
"gcf_11490",0.288665337903986,0.595368962637954
"gcf_11498",0.439429796959538,0.541495065197117
"gcf_115",0.0667303761947597,0.452834896084918
"gcf_11503",0.520102920582809,0.639873393242675
"gcf_11504",0.498140566286581,0.686260367817771
"gcf_11508",0.404490105344979,0.661351894021922
"gcf_11510",0,0.748775788411868
"gcf_11513",0.321767001687473,0.69489197144141
"gcf_11517",0.330410519993025,0.791531824864451
"gcf_1152",0.366329666228203,0.485970716596118
"gcf_11522",0.141468181889599,0.198636704479629
"gcf_11523",0.444063012504174,0.865712067547082
"gcf_11524",0.461997796069617,0.720239918558014
"gcf_11525",0.360484308191578,0.623333384368847
"gcf_1153",0,0.376365127221501
"gcf_11532",0.405871920259759,0.683207443777315
"gcf_11533",0.270036497262728,0.274985459428403
"gcf_11540",0.295999021272853,0.746860073049691
"gcf_11544",0.571819891630686,0.686510992086753
"gcf_11548",0.386133164123214,0.441517076661541
"gcf_11549",0.32446143854366,0.387241694950539
"gcf_1155",1.11022302462516e-16,0.451527063847151
"gcf_11550",0.166384228653699,0.701570624016464
"gcf_11556",0.308924513111117,0.407451447664095
"gcf_11557",0.318600674935837,0.761917370989112
"gcf_11558",0.585777986540738,0.734190418029806
"gcf_1156",2.22044604925031e-16,0.461364430592126
"gcf_11560",0.406961990621748,0.515031179420896
"gcf_11562",0.326510003816297,0.721616128984947
"gcf_11564",0.358085789377128,0.6120667178672
"gcf_11566",0.270361387025579,0.549477750793922
"gcf_11569",0.517655948495945,0.585387000050785
"gcf_1157",0.318983656668058,0.569451013165705
"gcf_11570",0.212695660665247,0.559860792337888
"gcf_11576",0.012903766414351,0.479510670429959
"gcf_11582",0.0526195941616466,0.753316352917221
"gcf_11586",0.391382631621945,0.448734512936851
"gcf_1159",0.554972844322367,0.762280995178355
"gcf_11598",0.339225169499188,0.854013626279638
"gcf_11601",1.11022302462516e-16,0.516985165514522
"gcf_11607",0.332518959333985,0.332518959333985
"gcf_11608",0.384691542919734,0.584989630783306
"gcf_1161",0.168323760661689,0.264828624650364
"gcf_11610",0.116547791401228,0.567574434244806
"gcf_11612",0.483272569798951,0.568544502695995
"gcf_11613",0.0118191939310761,0.654716378580189
"gcf_11614",0.480141008367355,0.500513051304061
"gcf_11617",0.0430815434060483,0.627505793764505
"gcf_11618",0.135503013436761,0.574941178415563
"gcf_11623",0.169491525423729,0.719125293191966
"gcf_11624",0.317510381611617,0.441199441199162
"gcf_11628",0.251584798259546,0.527531702797497
"gcf_11629",0.337915289118106,0.648876558411608
"gcf_1163",0.0661841502857719,0.288563420795316
"gcf_11632",0.351255392918453,0.575735931288071
"gcf_11634",1.11022302462516e-16,0.25658501205703
"gcf_11637",0,0.800620171211297
"gcf_11642",0.11117858857892,0.270157239848572
"gcf_11643",0.195652173913044,0.700598641637669
"gcf_11648",0.242207286098304,0.294143040295709
"gcf_1165",0.406216839706175,0.584982159234718
"gcf_11650",0.0403703507449622,0.749785389264282
"gcf_11652",2.22044604925031e-16,0.511205475009243
"gcf_11655",0,0.728209017438863
"gcf_11660",0.386148908103684,0.47236237406009
"gcf_11667",0.482807218521167,0.611469303787335
"gcf_11670",3.33066907387547e-16,0.566702202044445
"gcf_11672",0.43141271594233,0.67636169505359
"gcf_11677",0,0.748817015172137
"gcf_11682",0.614128183429355,0.696566957545496
"gcf_11684",0.448640734883144,0.771978336912961
"gcf_11686",0,0.534678030649666
"gcf_11688",0.0273721171176477,0.509040328551887
"gcf_1169",0.293829381964025,0.745762417234761
"gcf_11694",0.474919623572351,0.657012090407421
"gcf_11696",0,0.507032819352597
"gcf_1170",0.399985730763283,0.648876558411608
"gcf_11700",0,0.69489197144141
"gcf_11704",0.304474748797915,0.561905392641964
"gcf_11706",0,0.468188713565121
"gcf_11709",0.238315156831916,0.250282704874978
"gcf_1171",0.189356516622222,0.566692831768483
"gcf_11710",0.484401001346181,0.70218832123493
"gcf_11712",0.0214806423417043,0.304922976758366
"gcf_11714",0.138758220401627,0.255612631681223
"gcf_11715",0.500925584962225,0.656832262381099
"gcf_11720",0.152208752109342,0.603071689932132
"gcf_11722",0.183333333333333,0.591751709536137
"gcf_11723",0.46043052099654,0.594001028529425
"gcf_11724",0,0.775587611914722
"gcf_1173",0.270512738934257,0.666509927379012
"gcf_11731",0.275903320976416,0.640123844230549
"gcf_11734",0,0.547366769332224
"gcf_11739",0.244589517242023,0.28602331402602
"gcf_11741",0.304963716628337,0.435687676110167
"gcf_11748",0.324980137194824,0.692460554265559
"gcf_11749",0.315789473684211,0.599578281379973
"gcf_1175",0.359342357580868,0.533678628731456
"gcf_11750",0.0900476128941735,0.208350628336572
"gcf_11754",1.11022302462516e-16,0.523978949303715
"gcf_11755",0.413863438525814,0.640255785077927
"gcf_11756",3.33066907387547e-16,0.050171640219414
"gcf_11760",0.00383141762452088,0.652538396693003
"gcf_11761",0.2,0.765992824279318
"gcf_11765",0,0.758402828195752
"gcf_11766",0.540642650747888,0.765381433898268
"gcf_11768",0.423739512524685,0.56896993813054
"gcf_1177",0.224498050094833,0.791531824864451
"gcf_11773",0.288665337903986,0.519943670085741
"gcf_11774",0.0953337341142985,0.478015388596332
"gcf_11778",0.365040092785668,0.693747420236501
"gcf_11779",0,0.418761806280904
"gcf_1178",0.157250171920947,0.582971171885851
"gcf_11782",0.444076648604386,0.742974613332502
"gcf_11784",0.131999621236116,0.723941181798313
"gcf_11787",0.462634184906809,0.707178329526896
"gcf_11788",0.299847547070467,0.352992300316862
"gcf_11791",0.314255642192193,0.723706818967461
"gcf_11793",0.309569036576258,0.833224720309967
"gcf_11796",0.31944728007487,0.451943871101682
"gcf_11801",0.224261699086332,0.841352898402838
"gcf_11803",0.313322793560108,0.679095023593056
"gcf_11809",1.11022302462516e-16,0.386294289406279
"gcf_1181",0.166384228653699,0.609433267057528
"gcf_11810",0,0.745568742613521
"gcf_11814",0.33037702885959,0.529222764278307
"gcf_11816",0.621963713068949,0.718247844595084
"gcf_11820",0,0.766809703485527
"gcf_11821",2.22044604925031e-16,0.792637186482259
"gcf_11822",0.304472774839453,0.479570951056413
"gcf_11824",0.400200682468315,0.730053983805398
"gcf_11826",0,0.52047545264332
"gcf_11828",0.2865546711288,0.609433267057528
"gcf_1183",0.520237032064934,0.698372264240685
"gcf_11837",1.11022302462516e-16,0.617793285823222
"gcf_11838",0.244882170248174,0.324598687828694
"gcf_1184",1.11022302462516e-16,0.339359752629666
"gcf_11840",0.527652320099625,0.610972254472352
"gcf_11841",0.325039046198503,0.488766718479828
"gcf_11842",1.11022302462516e-16,0.447655229261006
"gcf_11843",0,0.753192979063082
"gcf_11844",0.32459233002629,0.756837782527974
"gcf_11845",0.0220902502052094,0.578365930633248
"gcf_11846",0.492035903891053,0.784018007787345
"gcf_1185",0.00151515151515152,0.222775256905857
"gcf_11850",0.032785667239311,0.418053060885146
"gcf_11858",0.00909090909090926,0.678587826733387
"gcf_11860",0.47184317282284,0.640619537668565
"gcf_11867",0.436142941332916,0.77035940992465
"gcf_11870",0.25464701681639,0.304798124398005
"gcf_11873",0.0279472850894572,0.609322965478126
"gcf_11876",0.222169083296087,0.308641850614901
"gcf_11882",0.172495785099181,0.387081314932995
"gcf_11885",0.199371435957363,0.642006082128738
"gcf_11886",0.161904761904762,0.779002151956068
"gcf_1189",2.22044604925031e-16,0.771252144501093
"gcf_11894",0.203141887445851,0.386683273171677
"gcf_11895",0.47948490839253,0.801570804753041
"gcf_11896",0.454257242965381,0.646042989680607
"gcf_11899",0.364979498596075,0.633623329070892
"gcf_1190",0.11569210357214,0.363867935284348
"gcf_11900",0.110432981856462,0.21688998957303
"gcf_11906",0.301020882965022,0.339049706631757
"gcf_1191",0.125232950263702,0.319832036554188
"gcf_11910",0.22812877429222,0.30477736639642
"gcf_11913",2.22044604925031e-16,0.249617053842803
"gcf_1192",0.428937329507182,0.515587656636295
"gcf_11926",0.634694375625499,0.758188562048471
"gcf_11927",1.11022302462516e-16,0.190884245198312
"gcf_11928",0.0507950173909215,0.747602671308711
"gcf_11929",0,0.314640834020702
"gcf_1193",0.196842395047515,0.725314652545156
"gcf_11930",1.11022302462516e-16,0.802471133256857
"gcf_11932",0.17958564621506,0.255125442820741
"gcf_11933",0.499008171682587,0.5934148618731
"gcf_11934",0.0728609560513251,0.56901927882738
"gcf_11936",0.373498755755328,0.417970897817318
"gcf_11937",0.438731684554549,0.642027200323391
"gcf_11939",0.100264589157563,0.742752122286237
"gcf_1194",0.281290573757846,0.551474568657249
"gcf_11943",0.0278261723233276,0.280690206261854
"gcf_11945",0,0.508912569283151
"gcf_11946",0.33672682728086,0.442342662691953
"gcf_11948",0.498081667575403,0.648634981656631
"gcf_11949",0.480865977175351,0.711400456347668
"gcf_1195",0.385544450643239,0.651628776001527
"gcf_11954",0.00110195547007075,0.191516275883369
"gcf_11956",0.0157658018884979,0.704583819994542
"gcf_11959",0.401432629912156,0.563941324051404
"gcf_11960",0.10676299873688,0.705116087690206
"gcf_11961",0.338523095175492,0.389738848465456
"gcf_11963",0.317932653460184,0.403059461790791
"gcf_11964",0.395115737599021,0.493996486760947
"gcf_11968",0.338383235986087,0.673320696111718
"gcf_11969",0,0.655691436213425
"gcf_1197",0.177667688913096,0.338153430264714
"gcf_11970",0.382329574246841,0.75267521160269
"gcf_11973",0.296999303020131,0.503893254275702
"gcf_11974",0.436083053206971,0.698400521819266
"gcf_11976",0.311808941423866,0.568468147997897
"gcf_11978",0.0615939868787736,0.124825842230609
"gcf_1198",0.455279129961642,0.544357430595728
"gcf_11986",0.179930210086004,0.577171413448142
"gcf_11987",0.310183161174823,0.629130731814421
"gcf_1199",0.422649730810374,0.638842440742692
"gcf_11998",0.201781436951764,0.506052633321007
"gcf_12",0.0241390945205642,0.13393444547746
"gcf_1200",0.0143055992042703,0.479958499808346
"gcf_12000",0.39693669915374,0.652236387419727
"gcf_12001",0.586488374318306,0.728781460202878
"gcf_12004",0.286975904092619,0.730916016457962
"gcf_12008",0.280430564563924,0.721456992734422
"gcf_12014",0.289817871920458,0.696905907830367
"gcf_12015",0.30054534799656,0.378845000801093
"gcf_12018",0.408215869243583,0.485165363846378
"gcf_1202",0.079042978975016,0.509658483190147
"gcf_12020",0.259229180711355,0.463878681986847
"gcf_12023",0.285693005243109,0.722436193521802
"gcf_12028",0.402441759341995,0.660169872606157
"gcf_12029",0,0.731708973836618
"gcf_12030",0.521268041131941,0.711184644538876
"gcf_12032",0.42242931594494,0.65544218234692
"gcf_12035",0,0.722020275428715
"gcf_12036",0.354907603031194,0.439990856918944
"gcf_12039",0,0.725113600363005
"gcf_1204",0.464507045326996,0.648674941705765
"gcf_12042",0.0594600568740398,0.201253344744616
"gcf_12044",0,0.535180025341173
"gcf_12050",0,0.622279212829001
"gcf_12052",0.312588777799422,0.762684426725338
"gcf_12054",0.126758679845138,0.213354030590559
"gcf_12055",0.524334429738381,0.433053290486159
"gcf_12064",0,0.730809048970917
"gcf_12068",0.111523842455821,0.377960809829621
"gcf_12069",0.307634272402309,0.528012418354336
"gcf_1207",0.102288442428446,0.387051581798638
"gcf_12070",0.234752069193,0.759228293828462
"gcf_12074",0.130115627794416,0.287678607099844
"gcf_12078",0.17485470603119,0.615650946686455
"gcf_12079",0,0.641641199527745
"gcf_1208",0.19927424501479,0.304820918924247
"gcf_12080",0.361181766945826,0.520908772633006
"gcf_12081",0,0.31493081836211
"gcf_12084",0.440107489044146,0.748915396209028
"gcf_12086",0.174619612448201,0.305030008303985
"gcf_1209",0.543441796979534,0.663029757924525
"gcf_12090",0.183372748257494,0.53347049370356
"gcf_12091",0.435716497163414,0.646089664953784
"gcf_12092",0.509131375728437,0.692832727994967
"gcf_12094",0.220409839892857,0.752114423482589
"gcf_12095",0.396469826963941,0.610143778803101
"gcf_1210",0.480514844367709,0.724431058382135
"gcf_12101",0.326306701128617,0.628433793746604
"gcf_12103",0.299048353736046,0.431703887938673
"gcf_12104",0.521365578869521,0.640089981765212
"gcf_1211",0.171611152510849,0.461210460765063
"gcf_12122",0.115955343657746,0.607511391581839
"gcf_12124",0.333231279499338,0.497106961222663
"gcf_12128",0.460991988788446,0.626584756746073
"gcf_1213",0.398225421826278,0.682812542391109
"gcf_12133",0.35108263237913,0.661099642138916
"gcf_12138",0.184179606832923,0.256039484281329
"gcf_1214",0.391124057309655,0.544176386668244
"gcf_12140",0.678754570998356,0.742119285222436
"gcf_12147",0.194989906846752,0.535983831332691
"gcf_12149",0.032999905309029,0.581830897404953
"gcf_12151",0.544916162066051,0.618703578959459
"gcf_12154",0.481282039079649,0.715447803458366
"gcf_12156",0,0.747490798905052
"gcf_12157",0.326085011030224,0.38568293522483
"gcf_12158",0.288665337903986,0.450658226115103
"gcf_12159",0.507007498143575,0.563777166981762
"gcf_1216",0.453243325884816,0.669356575786952
"gcf_12161",0.00892857142857151,0.75609530170041
"gcf_12162",0.214633777627531,0.388017886619745
"gcf_12163",0,0.472154336470089
"gcf_12164",0.289817871920458,0.625708855322128
"gcf_12168",0.00751396428460283,0.21286760191396
"gcf_12169",0.438262712215216,0.768331071165599
"gcf_12170",0.332862549729785,0.623178175693597
"gcf_12172",0.551834118230451,0.727760972380829
"gcf_12175",0.237748290927341,0.706609180384432
"gcf_12178",0.321767001687473,0.69489197144141
"gcf_12179",0.575967313750149,0.718839221442233
"gcf_1218",0.219512195121951,0.799937470687858
"gcf_12180",0.650681488150276,0.74652397182237
"gcf_12187",0.341801001255907,0.6184576902079
"gcf_12188",0.126832878246305,0.489626948466946
"gcf_12189",0.0134469726740994,0.280582983970401
"gcf_12190",0.209698212018086,0.267183680934999
"gcf_12197",0.39616669997636,0.684184458718955
"gcf_12198",0.237408209310856,0.513368715660853
"gcf_122",0.0548739153800922,0.28651623942369
"gcf_1220",0.217669081104325,0.627156383521798
"gcf_12202",1.11022302462516e-16,0.301462472145753
"gcf_12210",0,0.467224959428153
"gcf_12214",0.529661305658403,0.648935924958924
"gcf_12215",2.22044604925031e-16,0.304775661814443
"gcf_12216",0.202032693570341,0.626657319259681
"gcf_12218",0.372343226331482,0.463037400852454
"gcf_12221",0.389222754457905,0.662919062275586
"gcf_12222",0.148017096741768,0.609501635208479
"gcf_12223",0.452628084705794,0.758548903985081
"gcf_12224",0.311897646796025,0.675240473580835
"gcf_12225",0.5622941275119,0.781288693744384
"gcf_12226",0.176839730243554,0.215062559758867
"gcf_1223",0.460787917923315,0.569949075267592
"gcf_12232",0.45647605270272,0.603648757335621
"gcf_12234",0.292646566886857,0.342620909639548
"gcf_12236",5.55111512312578e-16,0.286777972369975
"gcf_12240",0.172394111397632,0.77905444904192
"gcf_12246",0.123864816882048,0.536529133039619
"gcf_12247",0.497429958018591,0.779901786824101
"gcf_1225",0.443212565338056,0.581325792304445
"gcf_12250",0.236706227840563,0.650268002409621
"gcf_12251",0.0636708224309556,0.543877269580347
"gcf_12253",0.27557155014246,0.659149876860381
"gcf_12258",0.355544984978706,0.408513890322922
"gcf_1226",0.379295583548224,0.691140673153573
"gcf_12261",0.359928205286045,0.629360461565151
"gcf_12262",0.270863802655995,0.368627420834887
"gcf_12265",0.353330209317137,0.675343497628217
"gcf_12267",0.0538691633293291,0.458637937224319
"gcf_1227",0.296855800915714,0.738372023932909
"gcf_12278",0.351597758523231,0.450191111094268
"gcf_12286",0.340429765122135,0.62969067601019
"gcf_1229",0.0928199899322228,0.409625447135443
"gcf_12290",0.509754899925059,0.793024836162238
"gcf_123",0.374145083035983,0.451546601256364
"gcf_1230",0.421665887621702,0.859160463565975
"gcf_12300",0,0.648876558411608
"gcf_12301",0.465928780488455,0.719428729027297
"gcf_12302",0.393853491499909,0.763183645441486
"gcf_12304",0,0.358617713482673
"gcf_12306",0.560366845057871,0.770228306669641
"gcf_12308",0.284113182840319,0.345993028719562
"gcf_1231",0.357424536878001,0.904233640289641
"gcf_12312",0.0350590115913244,0.451799578312824
"gcf_12314",0.191871076182338,0.215248792329874
"gcf_12319",0.498546379204741,0.828501414857491
"gcf_1232",0.223507130444466,0.818934615394249
"gcf_12322",0.251016949620288,0.493720146099381
"gcf_12325",0.349461761308376,0.7
"gcf_12326",0.263540305681341,0.723827614630503
"gcf_12331",0.0791944822465573,0.424273182270079
"gcf_12332",0.469606779234192,0.740963188612021
"gcf_12333",0,0.534696228407068
"gcf_12335",0.0927152317880795,0.280705827939455
"gcf_12336",0.371580650927655,0.620715570878555
"gcf_12337",0.486941878432477,0.789268192394119
"gcf_1234",0.330851951590639,0.409492127393693
"gcf_12342",0.235225107234309,0.509275751643202
"gcf_12345",0,0.471091149480021
"gcf_12346",0.20879487745197,0.599149404766667
"gcf_12348",0.325844936358194,0.594992583090213
"gcf_1235",0.572022500726507,0.761932986073525
"gcf_12350",0.382966051865924,0.593217705825964
"gcf_12354",0.294860783848358,0.593517268050039
"gcf_12357",0.3172237389683,0.81491213222636
"gcf_12358",0.137534666386947,0.359853551472131
"gcf_1236",0.0869011547737224,0.626263521276033
"gcf_1237",1.11022302462516e-16,0.499008531235081
"gcf_12370",0.463254959878307,0.668503227934102
"gcf_12373",0,0.545467588552858
"gcf_12374",0.17084380241115,0.554956878177305
"gcf_12377",0.419995618174104,0.618524385333009
"gcf_12378",0.35820578055034,0.410856125700393
"gcf_12384",0.452243093139154,0.47187035098507
"gcf_12387",0.393598459103354,0.534604470332277
"gcf_12388",0.0908986847082438,0.376508286727326
"gcf_12389",0.351444482152339,0.689821274072858
"gcf_12390",0.418862564164128,0.533096534803589
"gcf_12392",0.458263661114038,0.710429746560496
"gcf_12396",0.307692307692308,0.77492965452384
"gcf_12398",0.314248958238263,0.504517814496972
"gcf_12399",0.562132980082704,0.702486561180471
"gcf_124",0.347666215216931,0.731133571031068
"gcf_1240",0.094712679078163,0.637307118197204
"gcf_12400",0.213068707234267,0.591836440580766
"gcf_12401",0.237229928603526,0.690909090909091
"gcf_12403",0.485961320292175,0.598752302721694
"gcf_12404",0.0274845338671859,0.214550605593391
"gcf_12410",0.465681813978746,0.695036531054449
"gcf_12412",0.233026061266242,0.327779145114534
"gcf_12413",0.424921595294611,0.597954233667155
"gcf_12414",0.276253135544254,0.592156116064779
"gcf_12417",0.387400357755311,0.462809260537366
"gcf_1242",0.157322642498775,0.389151324744897
"gcf_12421",0.0755265483580951,0.646446609406726
"gcf_12426",0.123780479784699,0.424329605384567
"gcf_12428",0.171921328789175,0.450687283817039
"gcf_1243",0.065217391304348,0.185882860469219
"gcf_12430",0.207920792079208,0.40370782628342
"gcf_12432",0.217309101869195,0.382724728292193
"gcf_12437",0.402782181222307,0.833224720309967
"gcf_12440",0.551374359863843,0.792485660840178
"gcf_12442",0.459270640678519,0.766055299711769
"gcf_12447",0,0.471239636401858
"gcf_12448",0.389946321595844,0.5808529313377
"gcf_12449",0.44216099089268,0.473005051065886
"gcf_1245",0.0408003935233474,0.345478475934214
"gcf_12450",0.186716320637755,0.701570624016464
"gcf_12454",0,0.521830072245932
"gcf_12455",0.12482225953738,0.250845016750376
"gcf_12456",0.514678261271304,0.649483791015875
"gcf_12465",0,0.829439426915512
"gcf_12468",0.391871031738806,0.486016002964365
"gcf_1247",0.087715416915742,0.688563855513379
"gcf_12470",0.167503122813946,0.174340879505412
"gcf_12472",0.336309496889912,0.427992277843626
"gcf_12476",1.11022302462516e-16,0.642997226352292
"gcf_12477",0,0.700995027616707
"gcf_1248",0.224818702657008,0.338495965297298
"gcf_12483",0.247205745130256,0.597297297297297
"gcf_12486",0.0130530537256446,0.588155765945918
"gcf_12488",0.223085823222155,0.479968566038848
"gcf_12491",0.482656609423474,0.607811409558337
"gcf_12492",0.468128116427688,0.705097396351024
"gcf_12493",0.308435925191875,0.411073278354304
"gcf_12498",0,0.757486640577959
"gcf_125",0.162679814014743,0.242123912521325
"gcf_12503",0.00130600429172423,0.359904202239332
"gcf_12505",0,0.516512708169087
"gcf_12508",0.174989054927097,0.345421136288902
"gcf_1251",0.230395505950925,0.315737229187889
"gcf_12512",1.11022302462516e-16,0.768002239324085
"gcf_12518",0,0.13586172681355
"gcf_1252",1.48029736616688e-16,0.451358578731463
"gcf_12522",0.347460987729902,0.399407407262966
"gcf_12529",0,0.729551456168311
"gcf_1253",0.0788760692334876,0.799683131137467
"gcf_1254",0.21365859766763,0.726364772692253
"gcf_12540",0.0168709388237129,0.374008549336019
"gcf_12545",0,0.493720146099381
"gcf_12546",0.611894840523217,0.675240291364092
"gcf_1255",0.268620736189408,0.583476548422926
"gcf_12552",0.394826672681651,0.84969283066593
"gcf_12553",0.00548951996949221,0.145317864779319
"gcf_12556",0.0921903554178696,0.306738520089241
"gcf_12558",0.385359579334935,0.562234060351436
"gcf_1256",0.323662331859339,0.360522519919447
"gcf_12560",0.517549359322992,0.752176168821442
"gcf_12562",0.488530676719849,0.428654296116526
"gcf_12563",0.37832243395334,0.572470184131411
"gcf_12565",0.523968091494616,0.728924116424917
"gcf_12566",0.379776635641439,0.648876558411608
"gcf_12569",1.11022302462516e-16,0.515002018295745
"gcf_1257",0.171332442710624,0.583251452710733
"gcf_12572",0.173584146088081,0.243166025880297
"gcf_12574",0.0794253821016766,0.7
"gcf_12578",0.2,0.690603012738495
"gcf_12579",0.292558218819364,0.61275288515527
"gcf_12580",0.189069241148066,0.528378890858101
"gcf_12581",0.496121762830267,0.534505860880199
"gcf_12583",0,0.701533861997532
"gcf_12584",0.274294543549655,0.451108342856214
"gcf_12586",0.270361387025579,0.505524360627476
"gcf_12588",0.169439539046959,0.730357572223026
"gcf_12589",0.390946502057613,0.489845231800048
"gcf_1259",0.106794741124857,0.336158190391184
"gcf_12592",0.30516884708857,0.746114984250139
"gcf_12594",0.00495724472061698,0.62920368127271
"gcf_12596",0.205898611684016,0.682509362534816
"gcf_126",0.407451447664095,0.673981112117117
"gcf_12601",0.247593508381455,0.452234891472777
"gcf_12602",0.264126272550914,0.417927837898135
"gcf_12605",0.372978951351833,0.687561017280675
"gcf_12610",0,0.32526224779296
"gcf_12614",0.143087217443798,0.249348109394531
"gcf_12615",0,0.71903869701084
"gcf_12616",0.291888567421859,0.513595794173363
"gcf_12618",0.471859861878965,0.626776354854238
"gcf_12619",0.199550089009312,0.45722085106103
"gcf_1262",0.451816964650951,0.671799804729852
"gcf_12624",0.498354212046859,0.726674171635335
"gcf_12626",0.492737576390607,0.617742489480386
"gcf_12629",0.34375,0.668796870756762
"gcf_1263",0.0982096829726462,0.626683207254126
"gcf_12634",0.151833647577394,0.281646200433297
"gcf_12635",0.31754877177993,0.699035367285577
"gcf_12637",1.11022302462516e-16,0.684199147408843
"gcf_1264",0.119104729905914,0.295811865160373
"gcf_12640",0.00414937759336109,0.728817887260187
"gcf_12641",0.290340294121085,0.632967923297422
"gcf_12643",0.482879498989409,0.733466027035211
"gcf_1265",0.333760042418642,0.708082658694243
"gcf_12650",0,0.685514548983424
"gcf_12653",0.428366070109281,0.45123142730491
"gcf_12654",0.283606931340882,0.316823311674418
"gcf_12656",0.354993724982334,0.583974852831078
"gcf_12659",0.262790219225514,0.471666323778285
"gcf_12661",0.269904357240031,0.60044022567396
"gcf_12663",0.00774120500275999,0.21356789632846
"gcf_12664",0.146525689024032,0.342884566781401
"gcf_12665",0.284544239188468,0.31217632416029
"gcf_12667",0.524680485093215,0.688728491260266
"gcf_12668",0.134238821692722,0.318147032427258
"gcf_12675",0.421994023308661,0.485854961547979
"gcf_1268",0.355265897986927,0.411212671195008
"gcf_12680",0.00171314388238331,0.176977289953177
"gcf_12682",0.0285320386137278,0.576822679968741
"gcf_12684",0.0693222952807112,0.623754266447291
"gcf_12689",0.617612885323234,0.612844510190197
"gcf_12691",0,0.436570400750248
"gcf_12692",0.39200263546572,0.648201227634854
"gcf_12699",0.0792079207920791,0.216108570718103
"gcf_127",0.0511113636702582,0.638534720984096
"gcf_1270",0.0180222340019055,0.108285638610589
"gcf_12700",0.0368361383057523,0.152805468825067
"gcf_12702",0.0648964738323555,0.246733789664379
"gcf_12704",0.350526864954837,0.443697982573617
"gcf_12708",0.272857900968519,0.704560526065624
"gcf_12710",0.122123774859652,0.159317203762072
"gcf_12712",0.484065254292957,0.431271962261938
"gcf_12714",0.261996781450552,0.495050429413535
"gcf_12715",0,0.713465058453122
"gcf_12716",0.0869565217391304,0.72166502962936
"gcf_12718",0.238950581437651,0.432452578535465
"gcf_1272",0.301445596290451,0.528716395005015
"gcf_12720",0,0.624569056621344
"gcf_12722",0.419924222652053,0.516064580223919
"gcf_12724",0.239306748754901,0.564516026461603
"gcf_12725",0.0993970758923137,0.586435752715836
"gcf_12728",0.509697183792221,0.570150545399759
"gcf_1273",0.0163169744854161,0.80752427463015
"gcf_12742",0.0262054312797971,0.245664252813558
"gcf_12743",0.228498175201399,0.774186561729805
"gcf_12746",0,0.259977633318655
"gcf_1275",0.119258805027602,0.197928216535772
"gcf_12750",0.170388733202194,0.499546184977824
"gcf_12751",0.0206207713712796,0.483640977469069
"gcf_12753",0.343909558259836,0.666321779524921
"gcf_12756",0.434600322545428,0.793103448275862
"gcf_12757",0,0.727636401360703
"gcf_1276",0.466887178635675,0.756169673888811
"gcf_12762",0.00979317938062951,0.328262731379619
"gcf_12764",0.253378112080691,0.486441843378614
"gcf_12765",0,0.200949756730367
"gcf_12766",0.371381442906288,0.775
"gcf_12767",0.454929867562565,0.744679671654373
"gcf_12769",0.200806033525961,0.708759080157198
"gcf_1277",0.00334385845937578,0.603366980460513
"gcf_12772",0.14511401957589,0.636363636363636
"gcf_12776",0.157576460825768,0.567561249935589
"gcf_12778",0.224212634152651,0.510229503386126
"gcf_1278",0.350468260871,0.520427605461101
"gcf_12785",0.140957725701314,0.261451054124004
"gcf_12788",0.0082011046307159,0.738653126954141
"gcf_12790",0.360397850933169,0.416788156480196
"gcf_12795",0,0.508961313324996
"gcf_12796",0.227875876813915,0.471496239614048
"gcf_128",0.48434203813675,0.719984368101508
"gcf_12800",0.157741366147421,0.496716945128946
"gcf_12804",1.11022302462516e-16,0.723973776263058
"gcf_12808",0.562234060351436,0.754146976175503
"gcf_12811",0,0.351214784310277
"gcf_12814",0.193058613557093,0.64591656133128
"gcf_12816",0,0.567561249935589
"gcf_12817",0,0.453758193763869
"gcf_12818",0.319757818715592,0.399189619337433
"gcf_1282",0.0176685913547906,0.633285216704277
"gcf_12820",0.577988834206062,0.746951298496399
"gcf_12824",0.379545514871605,0.532368192697384
"gcf_12825",1.11022302462516e-16,0.707678298100996
"gcf_12826",0.442978007306042,0.588699745114532
"gcf_12828",0,0.362240650645597
"gcf_12829",3.33066907387547e-16,0.704916446738262
"gcf_1283",0.114098458986097,0.20295005447136
"gcf_12832",0.485876331340321,0.729203231207619
"gcf_12835",0.152208752109342,0.574371734620626
"gcf_12840",2.22044604925031e-16,0.511288301278515
"gcf_12841",0,0.79771130503033
"gcf_12842",0.209992369894345,0.6001447035635
"gcf_12848",0.266641202377431,0.814384469938531
"gcf_1285",0.0313020836761309,0.639551441338943
"gcf_12851",0,0.739513657709658
"gcf_12853",0.240580219149072,0.393945065264766
"gcf_12857",0.00968391326501694,0.671871348347884
"gcf_12861",0.304474748797915,0.62822611516456
"gcf_12862",0.130434782608696,0.719468217260443
"gcf_12866",0.643383568016499,0.703727125459522
"gcf_12867",0.395632776980965,0.854013626279638
"gcf_1287",0.157991784837388,0.30960972422609
"gcf_12870",0.0453837976539757,0.474178555176481
"gcf_12874",0.048810268788658,0.297040508433362
"gcf_12875",0.251016949620288,0.616974891162951
"gcf_12877",0,0.711532739799967
"gcf_12878",0.25464400750007,0.739622178038352
"gcf_12886",0,0.325861663951795
"gcf_12888",0.526301526387894,0.799017193098637
"gcf_1289",0.258662787384013,0.495265395891779
"gcf_12890",0.301046714239907,0.52163512676506
"gcf_12892",0.293238233120982,0.818835674536865
"gcf_12894",0,0.157250171920947
"gcf_12896",0,0.615196205919995
"gcf_1290",0.0227948042788857,0.646956047380576
"gcf_12902",0.152936616236186,0.296694261381645
"gcf_12908",0.379295583548224,0.648876558411608
"gcf_1291",0.369082521569187,0.701758724623706
"gcf_12922",0.189493047669688,0.485832563466325
"gcf_12924",0.0509499640157461,0.507309911918798
"gcf_12926",0,0.690909090909091
"gcf_12928",0,0.709090909090909
"gcf_12929",0,0.588235167469467
"gcf_12930",0.556288710560413,0.636076680026659
"gcf_12932",0.461494856117613,0.739809535916345
"gcf_12933",0,0.373204267302401
"gcf_12934",1.11022302462516e-16,0.3515625
"gcf_12935",0.132380235635247,0.25049322604691
"gcf_12939",0.362595628259735,0.552138810918678
"gcf_1294",0.324537195694685,0.763272623973486
"gcf_12947",0.0175837887125259,0.304469732003024
"gcf_12948",0.0188322422506508,0.458564255713958
"gcf_12949",0,0.553536913320388
"gcf_12952",0,0.70482426781443
"gcf_12954",0.172087827908447,0.288118253231365
"gcf_1296",0.328125,0.648609035750636
"gcf_12961",0.150816911022922,0.680116300203732
"gcf_12962",0.276504426478686,0.410813885990512
"gcf_12966",0.108941661614676,0.250216919744234
"gcf_1297",0.242064864054856,0.552246887540312
"gcf_12970",0,0.406745832749606
"gcf_12973",1.11022302462516e-16,0.74613875985286
"gcf_12978",0.439720566611391,0.692306443558978
"gcf_1298",0.0570952679385185,0.194732339591447
"gcf_12980",0.442591101671808,0.647341610403843
"gcf_1299",0,0.225962918613491
"gcf_12990",0.325069693267851,0.64112207208914
"gcf_12991",0.173286094012602,0.373031175881039
"gcf_12994",0.152208752109342,0.618614964301763
"gcf_12995",0.19950162630419,0.37832243395334
"gcf_12996",0.0478357028038093,0.668854956686362
"gcf_12997",0.0741937226671476,0.342281515730651
"gcf_12998",0.0313121429564829,0.690015498837597
"gcf_130",0.363270009125803,0.570592890261891
"gcf_1300",0.21702299983288,0.624073705723266
"gcf_13000",0.443483651337548,0.468353154345809
"gcf_13003",0.251016949620288,0.505524360627476
"gcf_13008",1.11022302462516e-16,0.450080175878843
"gcf_13012",0.251016949620288,0.642778880463101
"gcf_13015",1.11022302462516e-16,0.432933441270252
"gcf_13016",0.112038305452786,0.21160609262597
"gcf_13017",0.0651877868395847,0.392105533098224
"gcf_13018",0.101774840220572,0.505957005096546
"gcf_1302",0.229613126436237,0.739813502264627
"gcf_13022",0.0467989080183407,0.408937548533859
"gcf_13025",2.22044604925031e-16,0.331903600859007
"gcf_13027",0,0.520794756459001
"gcf_13028",0.235768986776045,0.301958690367126
"gcf_1303",0.149370381106827,0.355217412154476
"gcf_13032",0.0194193243090799,0.58273851980186
"gcf_13042",0.363920051291172,0.681960025645586
"gcf_13044",0.424400845820751,0.648051557867451
"gcf_13048",0,0.561247079681064
"gcf_1305",0.211981704280053,0.645898838322213
"gcf_13051",0.0817506775489468,0.57943609552396
"gcf_13054",0.344632739388078,0.647519611549204
"gcf_13055",0.00991760045199463,0.600978008848715
"gcf_13057",0.45627219556839,0.654727428880215
"gcf_13058",0.267299189845934,0.449048394284621
"gcf_13060",0,0.627965106897453
"gcf_13061",0.189069241148066,0.373147004576712
"gcf_13062",0.0218978102189782,0.136526051663472
"gcf_13068",0.0971029771203222,0.517917477344652
"gcf_13069",2.22044604925031e-16,0.691581532298223
"gcf_13078",0.266448851142834,0.47912964844849
"gcf_1308",0.209497766043251,0.617975863319151
"gcf_13084",3.33066907387547e-16,0.733443005008408
"gcf_13085",0.251016949620288,0.567574434244806
"gcf_13088",0.166617094008204,0.191847065130778
"gcf_13089",0,0.328364465717288
"gcf_1309",0.0157496529668236,0.243906114753245
"gcf_13090",1.11022302462516e-16,0.53895728346125
"gcf_13091",0,0.749969476832802
"gcf_13092",0.358605436333165,0.780274447526869
"gcf_13094",0.182898449386406,0.670016835446278
"gcf_13098",0.446991698237556,0.774724837857313
"gcf_13099",0.443605302092804,0.495052462693136
"gcf_131",0.0683646646222761,0.317873660834186
"gcf_13100",0.448001635548287,0.727525369543467
"gcf_13102",0.212229094498304,0.581681046642367
"gcf_13107",0,0.451189394689969
"gcf_1311",0.441805033061244,0.493467518580775
"gcf_13112",0.416589976857112,0.668253231365028
"gcf_13113",0.225,0.7
"gcf_13114",0.136981465089565,0.453475787179308
"gcf_13118",0.653810502139701,0.760879541310327
"gcf_1312",0.378513193560532,0.50584437444736
"gcf_13123",0.338876645750447,0.628149965800124
"gcf_13126",0,0.398364053628931
"gcf_1313",0.258899697638161,0.326228685058361
"gcf_13130",0.484349000042446,0.610435655699891
"gcf_13132",1.11022302462516e-16,0.552693976350765
"gcf_13134",2.22044604925031e-16,0.624349522494647
"gcf_13136",1.11022302462516e-16,0.743233109701796
"gcf_13137",0.410977763815769,0.761090758716252
"gcf_13139",0.023410267089227,0.196405038068256
"gcf_13140",0.340220158782779,0.594104745218171
"gcf_13142",0.241184400137808,0.290781129336684
"gcf_13144",0.484256152221921,0.710117244053528
"gcf_13146",0.0100300902708126,0.531320328159037
"gcf_13147",0.00421940928270015,0.502313494463257
"gcf_13149",0.262878991551777,0.372801878635061
"gcf_13151",0,0.337550713324768
"gcf_13155",3.33066907387547e-16,0.559502349099192
"gcf_13160",0.463095142980282,0.815775297646149
"gcf_13162",0,0.69489197144141
"gcf_13163",0.396469867713521,0.673761915220659
"gcf_13164",0.394268816784206,0.646663620880593
"gcf_13165",0.40382842821583,0.54803526680022
"gcf_13167",0.0348498250479951,0.559752480951449
"gcf_13168",0.312611837713934,0.338916203297569
"gcf_13169",2.22044604925031e-16,0.659497387696501
"gcf_1317",0.230759710645354,0.63286890473015
"gcf_13171",0.424023951696189,0.514617975503451
"gcf_13172",0.366391403140236,0.713041482020758
"gcf_13173",0.302438751433446,0.590257900421771
"gcf_13174",0.134637436299878,0.487200784254973
"gcf_13179",0,0.55248847280215
"gcf_13182",0.406380987365119,0.799647047393457
"gcf_1319",0.168823879729129,0.275029321636665
"gcf_13192",0.305894391606195,0.705723470234786
"gcf_13196",0.173406248612674,0.556122645542647
"gcf_13198",0.047590546081438,0.635009691990932
"gcf_1320",0.354738401565981,0.511693925509391
"gcf_13200",0.178088361107557,0.674124732043859
"gcf_13204",0.158623443940101,0.326228685058361
"gcf_13206",0.523992541180058,0.579541776721447
"gcf_13207",0,0.854205491710617
"gcf_1321",0.501663472301057,0.697297955340004
"gcf_13210",2.22044604925031e-16,0.702825797615173
"gcf_13211",0.365199604427728,0.443316873796635
"gcf_13213",0.338767418080097,0.631635631891048
"gcf_13214",0.266259909394855,0.591083751371766
"gcf_13218",1.11022302462516e-16,0.15568294632365
"gcf_13219",0.281494373194796,0.506921306011431
"gcf_13220",0.491957164619877,0.658629987344619
"gcf_13221",0.476964343679713,0.580890404390695
"gcf_13222",0.0225563909774436,0.140172806628741
"gcf_13223",0.466707319768798,0.567910733102021
"gcf_1323",0.0959448776825113,0.244318425145341
"gcf_13235",0,0.674901946464086
"gcf_13236",1.11022302462516e-16,0.649313752347886
"gcf_1324",0.00905671845750843,0.296813954496874
"gcf_13240",0.163282067106957,0.295195023413113
"gcf_13243",0.349055445095881,0.686541937785325
"gcf_13244",0,0.772578007789064
"gcf_13247",0.166028282530046,0.439003531867285
"gcf_13249",0.599596224092874,0.721456992734422
"gcf_1325",0.0066484833698981,0.632810287429418
"gcf_13250",2.22044604925031e-16,0.636196562445501
"gcf_13251",3.33066907387547e-16,0.310437044414652
"gcf_13256",0.00306748466257656,0.424100364676816
"gcf_13258",2.22044604925031e-16,0.716821163093776
"gcf_13260",0.270011724146968,0.71731877352911
"gcf_13264",0.344382042908847,0.594084466744323
"gcf_13267",0.355597767471174,0.686541937785325
"gcf_13272",0.312475826441913,0.386979908016893
"gcf_13273",0.0532373638095601,0.693010116975607
"gcf_13275",0.374587265130624,0.604955264137395
"gcf_13280",0.15270659911258,0.221985022528456
"gcf_13281",0.226900654615286,0.269391485394513
"gcf_13284",0.0363848315787717,0.668931972595549
"gcf_1329",0.465797327108957,0.71269858796755
"gcf_13291",0.160127959363537,0.734065124795429
"gcf_13292",0.391726597057538,0.577932740815434
"gcf_13293",0.511295656471462,0.799377268861477
"gcf_13298",0.251016949620288,0.768356876671536
"gcf_13300",0.198807255197847,0.653366710490731
"gcf_13302",0.337915289118106,0.72572572911861
"gcf_13306",0.303166899084061,0.822414513577454
"gcf_13308",0,0.705440345418227
"gcf_13309",0.223507130444466,0.738372023932909
"gcf_13310",0.282529835967391,0.500499219847981
"gcf_13312",0.453367399276719,0.721304151902728
"gcf_13318",0.0974063874174836,0.197630582359385
"gcf_1332",0.0447573482182992,0.428728370146006
"gcf_13320",0.375005955681665,0.719626168224299
"gcf_13322",0.0418058546666374,0.259513279361533
"gcf_13323",0,0.60055248645153
"gcf_13324",0.299890039837048,0.565600795178448
"gcf_13327",0.412032240507048,0.675685959899655
"gcf_13328",0.358294913225156,0.631780410768114
"gcf_13329",0.152208752109342,1
"gcf_1333",0.238163959623014,0.30323536382379
"gcf_13332",0.142309972129764,0.196919801595091
"gcf_13333",0.359671442806878,0.630883513404876
"gcf_13334",0.26,0.69489197144141
"gcf_1334",0.095192339311462,0.453374123759171
"gcf_13340",0.2,0.659497387696501
"gcf_13343",0.498045295523966,0.537633271955749
"gcf_13345",0.378801975222291,0.525001584552161
"gcf_1335",0.0339128014314831,0.467479889978146
"gcf_13353",0.292090144413596,0.730320055014703
"gcf_13354",0.144890091406435,0.441469507665013
"gcf_13356",0.128378080448752,0.576675609227381
"gcf_13358",0.28568557312975,0.559829212974871
"gcf_13359",0,0.455295220598078
"gcf_1336",0.0686442571859842,0.335048176778213
"gcf_13362",0.178225916237962,0.746199234769923
"gcf_13364",0.37180493507235,0.478563372487566
"gcf_13367",0.0635143633810591,0.654271535357232
"gcf_13368",0.344861580117339,0.523800338125045
"gcf_1337",0,0.25452346263729
"gcf_13373",0.168930173049543,0.313582416465916
"gcf_13378",0.139297958690141,0.445549634979726
"gcf_13379",2.22044604925031e-16,0.803367974386955
"gcf_13384",0.140395175359366,0.745454545454545
"gcf_13386",0,0.717505830741545
"gcf_1339",0.1687219079277,0.609299229602252
"gcf_13390",0.441009412342013,0.670600544801543
"gcf_13393",1.11022302462516e-16,0.565000042436258
"gcf_13399",0.319859396245223,0.697730707155977
"gcf_134",0.290850287671968,0.451870737469189
"gcf_13400",0.2,0.487589907823721
"gcf_13401",0.382709983532546,0.640837858046024
"gcf_13402",0.409040994124926,0.565138823232985
"gcf_13405",0.391250808404737,0.610881496219878
"gcf_13408",0.280263662283868,0.432872632560606
"gcf_13409",0.543515766748595,0.690099695906534
"gcf_1341",0.0233723770807192,0.0625878550188092
"gcf_13416",2.22044604925031e-16,0.291014272715753
"gcf_13418",0.302839081864318,0.36974759115815
"gcf_13419",0.248254422824097,0.368490925688712
"gcf_1342",0.251016949620288,0.499129677322191
"gcf_13422",1.11022302462516e-16,0.612096239034822
"gcf_13424",0.544799816336584,0.732869905850967
"gcf_13428",0.408799214161866,0.656725068497958
"gcf_13429",0.18,0.675822719656499
"gcf_1343",0.193125357656148,0.271200994971467
"gcf_13432",0,0.66870542177546
"gcf_13436",0,0.402567783790615
"gcf_1344",0.101731997696149,0.663685264598469
"gcf_13440",0.425573042096447,0.724585257943871
"gcf_13441",0.298061853852528,0.782840588707631
"gcf_13442",0.5304951729655,0.765042015424886
"gcf_13445",0.118347885015476,0.164131485856593
"gcf_13449",0.245447654157401,0.313223952541818
"gcf_13451",0.476306727934895,0.573598567288779
"gcf_13452",0.186754593014349,0.256039484281329
"gcf_13454",0.273096234356265,0.38183080619145
"gcf_13457",0.437261516948572,0.577220689814988
"gcf_13458",0.406908411944338,0.763427183509363
"gcf_1346",0.163007068155458,0.22925662299986
"gcf_13466",0.449679577599941,0.688207360184894
"gcf_13469",0.16898530942381,0.782433450718961
"gcf_1347",0.177636756899934,0.215705916231551
"gcf_13478",1.11022302462516e-16,0.547936635389201
"gcf_1348",0.202911472748883,0.427122261866437
"gcf_13482",0.19514533219022,0.452942024495533
"gcf_13489",0.29283702117528,0.387089285167275
"gcf_1349",0.221220490284654,0.457214281107486
"gcf_13495",2.22044604925031e-16,0.598258074829061
"gcf_135",0.201368509735287,0.487664315115639
"gcf_1350",0.293226866412411,0.729474231414382
"gcf_13500",1.11022302462516e-16,0.302989140700401
"gcf_13502",0.0787138076714803,0.371882773679944
"gcf_13506",0.503436466838579,0.774096877574501
"gcf_1351",0.109089710189163,0.553228915979049
"gcf_13512",0.220833029886934,0.408651027225234
"gcf_13513",0,0.498041660154054
"gcf_13514",0.148809523809524,0.202618467926233
"gcf_13517",0.00219298245614064,0.511482186159882
"gcf_13521",0.436758152024954,0.619273092550019
"gcf_13522",0.0949741837965806,0.29428259419873
"gcf_13523",0.143565234826226,0.211591066122869
"gcf_13524",0.237229928603526,0.690909090909091
"gcf_13525",0.264192063548074,0.685902231884824
"gcf_1353",0.164798279269826,0.610390483658822
"gcf_13532",0.135442941084827,0.478003558442934
"gcf_13533",0.195126921509853,0.681902891004982
"gcf_13541",0.11351097814875,0.182978030073192
"gcf_13542",0.262592730814307,0.477968675203681
"gcf_13543",1.11022302462516e-16,0.637787424249198
"gcf_13544",0,0.318635775661485
"gcf_13546",0.413794947448963,0.57533250439866
"gcf_13548",0.232681792783334,0.286813237150119
"gcf_1355",0.138232844164562,0.693594559668111
"gcf_13550",0.353497812150647,0.334105359215677
"gcf_13555",0.601264544989284,0.667294953778524
"gcf_13558",0.105351880951513,0.565217391304348
"gcf_1356",0.409929783693957,0.589732587319586
"gcf_13560",0.313507407640308,0.477615576844821
"gcf_13563",0,0.659100691414643
"gcf_13567",0,0.781213586290152
"gcf_13569",0.153305422490969,0.24252724193373
"gcf_13570",0.488683679380277,0.684708898832858
"gcf_13571",0.27362486194793,0.688733648117439
"gcf_13575",1.11022302462516e-16,0.300913784285588
"gcf_13587",0,0.453869805030608
"gcf_13588",0.412147704647063,0.568668907186246
"gcf_1359",0.390889455632533,0.716871774843373
"gcf_13592",1.11022302462516e-16,0.655170719479331
"gcf_13594",0,0.245911487672814
"gcf_136",0.0071964874283865,0.605591466496191
"gcf_13602",0.21976047259897,0.248092069227153
"gcf_13608",0.413528990949249,0.661099642138916
"gcf_13609",0.203794992370073,0.630636288674204
"gcf_13610",0.456147868546077,0.566705647146929
"gcf_13611",0.264191641431732,0.633557110529354
"gcf_13614",0.204783571593955,0.307302303544427
"gcf_13616",0,0.638159892401585
"gcf_1362",0.101925598342752,0.600420457494412
"gcf_13626",0.465934034236216,0.586970151937798
"gcf_13627",0.214054907218158,0.535205684980699
"gcf_13628",0.414026766784657,0.505767777624276
"gcf_13630",0.389241196715533,0.571893182135575
"gcf_13632",0.463943732581102,0.67011007939139
"gcf_13634",0.194987768578992,0.259040025068688
"gcf_13635",0.429083460515587,0.665801156901465
"gcf_13637",2.22044604925031e-16,0.195116911261967
"gcf_13638",0.152208752109342,0.693813782152103
"gcf_1364",0.129913950491182,0.371111858273536
"gcf_13640",0.392175560337897,0.790175105542315
"gcf_13646",0,0.237614032359579
"gcf_13648",0.163957098520312,0.163908549832329
"gcf_13649",0.444045327900596,0.801745861388765
"gcf_1365",0.0386070039710471,0.653327580134967
"gcf_13651",0,0.623977768908527
"gcf_13653",0.539449071389936,0.697600151397768
"gcf_1366",0.523238441149385,0.60787728996064
"gcf_13662",0.393125015571185,0.436193378030424
"gcf_13664",0.490167661412853,0.818623487164235
"gcf_1367",0.248058302487538,0.422296944420028
"gcf_13678",0,0.584566217944752
"gcf_13682",0.072975189113042,0.209972256426119
"gcf_13683",1.11022302462516e-16,0.534205747443911
"gcf_13685",0.198496990333896,0.294558796028926
"gcf_13689",0.109560980945224,0.817265851771052
"gcf_13690",0.396920127630405,0.610122656894149
"gcf_13691",0.014118355570797,0.771359006751206
"gcf_13693",0,0.705515930467076
"gcf_13695",0.49726025346383,0.641132547730999
"gcf_13696",0.0560586964475975,0.428115343758277
"gcf_13699",0.244751510495469,0.271679752855826
"gcf_137",0.311994161608647,0.469738942962468
"gcf_1370",0.315948179505733,0.510277219371033
"gcf_13701",0.189986127423714,0.241914130199228
"gcf_1371",0.263991783874577,0.541765383942227
"gcf_13710",0.251769540909527,0.36767456269814
"gcf_13714",0.374204284204806,0.449901247648156
"gcf_13716",0.125550911179892,0.223746849603849
"gcf_13718",0.326808913304151,0.374735166619193
"gcf_13719",0.090656486175713,0.566829062143467
"gcf_1372",0.105351880951513,0.463316850571692
"gcf_13721",0.321694628712043,0.395042534576484
"gcf_13724",0.473491316023327,0.804124980191809
"gcf_13726",0.496585584630801,0.653886672339956
"gcf_13729",1.11022302462516e-16,0.590875333487644
"gcf_1373",0.177072433714779,0.320719854170884
"gcf_13731",0,0.648549026802792
"gcf_13732",0.170736579803415,0.188850601695876
"gcf_13735",0.489689636920171,0.740769980033113
"gcf_13737",0.467201338105707,0.679101563650408
"gcf_13738",0.294988051844618,0.363478840253714
"gcf_1374",0.378856450863996,0.666213434585224
"gcf_13740",0.474632181251209,0.719089161547033
"gcf_13741",0.230337078651686,0.343685522903225
"gcf_13742",0.0921560935037018,0.224222809341642
"gcf_13749",0.355739769392093,0.618244597585986
"gcf_13754",0.105351880951513,0.724797664643459
"gcf_13760",0.0898301856746231,0.696610061891541
"gcf_13761",0,0.56043956043956
"gcf_13762",0.216931690441767,0.496056438518506
"gcf_13766",0.177778274963856,0.474190438994835
"gcf_1377",0.531464189469867,0.724986975074702
"gcf_13771",0.159449485792772,0.265953995317222
"gcf_13772",0.417798489178384,0.731812852644031
"gcf_13776",0.00516799325238604,0.196820656658637
"gcf_13777",0.177563668115631,0.531833676967457
"gcf_1378",6.66133814775093e-17,0.749909421130538
"gcf_13780",0.251668522645212,0.563564219528015
"gcf_13781",2.22044604925031e-16,0.300779166188471
"gcf_13788",0.152208752109342,0.737797787957462
"gcf_1379",0.102972298567685,0.508952781780208
"gcf_13792",0.288756822009836,0.482758620689655
"gcf_13795",0.236706227840563,0.644509316052268
"gcf_13796",0.283687943262411,0.716359157278832
"gcf_138",0.205656907200705,0.290278585572728
"gcf_13806",0.192235128260703,0.213471134751537
"gcf_13808",0.16931338605791,0.304008254492093
"gcf_1381",0.408378570807322,0.670702908953021
"gcf_13812",0.39894972808329,0.663846760347113
"gcf_13822",0.418068140892176,0.631462870375035
"gcf_13824",0.196350945623357,0.700295677891694
"gcf_13828",2.22044604925031e-16,0.472502442975249
"gcf_13830",0.145125266012142,0.564591128669777
"gcf_13831",0.552515354198652,0.767330238487506
"gcf_13834",0.350735773606407,0.77159328983905
"gcf_1384",0.289603956890486,0.423345753879078
"gcf_13840",0.124253172413538,0.502468620855524
"gcf_13841",0.272857900968519,0.508483675997724
"gcf_13842",2.22044604925031e-16,0.638028039680866
"gcf_13846",0.381228514505958,0.55501263955599
"gcf_1385",0.230232015207282,0.23495613393874
"gcf_13850",0.464650721429138,0.721853044416705
"gcf_13854",0.223113412993885,0.435643387320709
"gcf_13858",0,0.45380505336157
"gcf_1386",0.119350055223721,0.39707981929021
"gcf_13862",0.225208421195846,0.296278023834527
"gcf_13875",0.432609843637358,0.478839964216264
"gcf_13876",0.289123212586931,0.648876558411608
"gcf_13881",2.22044604925031e-16,0.615423402085013
"gcf_13886",0,0.541414307052558
"gcf_13887",0.228177759482732,0.470025864271602
"gcf_13890",0.174572496672039,0.515870384577605
"gcf_13892",0.449806106963897,0.472610134208932
"gcf_13894",0.215929797867981,0.302368424729202
"gcf_13895",0.0579710144927537,0.707141167802364
"gcf_13896",0.243505159798043,0.51341421619511
"gcf_13898",0.418175381070504,0.790910720255276
"gcf_13902",0.512643188465586,0.678842992913428
"gcf_13906",0.193956649830208,0.722020275428715
"gcf_1391",0.229759262148253,0.343584505962109
"gcf_13913",0.221087835824904,0.219121206318472
"gcf_13914",0.297287031145333,0.442437096226544
"gcf_13915",0,0.529080585527779
"gcf_13916",0.0442209912780499,0.44178344401977
"gcf_13918",0.514324342904875,0.687616359407107
"gcf_13919",0.0235736090334141,0.530905739574811
"gcf_1392",0.174984892515387,0.205492545797151
"gcf_13920",0.292025155458794,0.428452393350592
"gcf_13921",0.287286472106079,0.401215049147904
"gcf_13926",0.290157785847976,0.581790978785606
"gcf_13927",0,0.555351354100056
"gcf_13928",0.377247631220472,0.482387641533899
"gcf_13930",0.2,0.762643668361229
"gcf_13931",4.44089209850063e-16,0.689461224342358
"gcf_13936",0.279950167837432,0.50892570890351
"gcf_13939",0.384650097121207,0.534080597996475
"gcf_1394",0.0507812500000001,0.520087201670207
"gcf_13941",0.277617850558727,0.319099544605372
"gcf_13942",0.430571374303172,0.585684361837573
"gcf_1395",0,0.484883034706727
"gcf_13950",0.138881131310081,0.580416401220625
"gcf_13954",0,0.823833934145589
"gcf_1396",0.25117418648129,0.460549212470855
"gcf_13960",3.33066907387547e-16,0.739989165989536
"gcf_13961",0.277332633746256,0.526216809534904
"gcf_13964",0.372412617126349,0.549915552575552
"gcf_1397",0.160288455001486,0.166696256194341
"gcf_13971",0,0.654751692063884
"gcf_13972",0.38704794047762,0.490572978127925
"gcf_13973",0.339144680341357,0.423151120630689
"gcf_13976",0.327789303925464,0.52715062647001
"gcf_13981",0.5,0.729178713840701
"gcf_13987",0.478479548849906,0.609242878164994
"gcf_1399",0.15929649038152,0.768830776227847
"gcf_13994",0.0432411118641831,0.429406933828531
"gcf_13997",0.126410911963272,0.37714155683555
"gcf_140",0.119198179656537,0.61786378651836
"gcf_1400",0.314522877045874,0.375062323103516
"gcf_14006",0.327193344548051,0.596794529271059
"gcf_14008",0.337915289118106,0.6361965624455
"gcf_14018",0.25974953747363,0.278593735372381
"gcf_14020",0.226445536200331,0.596479309863272
"gcf_14024",0.211839992772277,0.295559278491236
"gcf_14026",0.290002973106325,0.724041972983985
"gcf_14029",3.33066907387547e-16,0.213575036100855
"gcf_14030",0.43648019915317,0.562698733153671
"gcf_14034",0.0507950173909215,0.685514548983424
"gcf_14040",0.457038334516833,0.685328369316761
"gcf_14048",0.335678020089495,0.667002857708668
"gcf_1405",0.164369420305644,0.740369192145996
"gcf_14053",0,0.581098474370987
"gcf_14054",0.51108311249665,0.516445781874076
"gcf_14057",0.0725492864588366,0.412881677394667
"gcf_1406",0.0976630394591125,0.376048291703987
"gcf_14060",4.44089209850063e-16,0.717866420242089
"gcf_14067",0.278389235742146,0.532937672938373
"gcf_14068",0.191206214353733,0.535778969130905
"gcf_14069",0.263146101351382,0.349397562270795
"gcf_1407",0.208446369664193,0.56480481282986
"gcf_14070",0.229759110383392,0.642524435970949
"gcf_14074",0.295551524393558,0.56685191817579
"gcf_14075",0.286516453208485,0.462803170158275
"gcf_14076",1.11022302462516e-16,0.220861566845814
"gcf_1408",0.136163778310238,0.297496509426521
"gcf_14086",0.0285320386137278,0.574365904136377
"gcf_14088",0.157893884868,0.261946757882028
"gcf_1409",1.11022302462516e-16,0.658277647881163
"gcf_14091",0,0.474104899656161
"gcf_14094",1.11022302462516e-16,0.146887977014521
"gcf_14095",0,0.717151400916798
"gcf_1410",0.374652302873037,0.442912212346571
"gcf_14101",0.293737950407582,0.70961131138708
"gcf_14105",0.445072115524955,0.575875708338988
"gcf_14107",0.260285892408382,0.437111006150811
"gcf_1411",0.121867467399176,0.235282937925826
"gcf_14111",0.375223409620831,0.43305553402927
"gcf_14113",0,0.530543074289609
"gcf_14118",0.215409951509467,0.759132846630148
"gcf_1412",0.189398720149434,0.335799614205216
"gcf_14124",0,0.6861387272872
"gcf_14132",0.152208752109342,0.595653147889595
"gcf_14134",0.312316140287493,0.582084380111805
"gcf_14138",0,0.18128981922354
"gcf_1414",0.123782827754756,0.158220852892413
"gcf_14144",0,0.498739571256814
"gcf_14146",0.133702623066701,0.468264587149291
"gcf_14148",0,0.741865635779211
"gcf_14149",2.7755575615629e-17,0.390345649839966
"gcf_1415",0.299118757108806,0.484683286258397
"gcf_14153",0,0.680871585239751
"gcf_14155",2.22044604925031e-16,0.558007177905147
"gcf_14157",0.1470825182387,0.309090909090909
"gcf_1416",0.599130506456653,0.80401607553904
"gcf_14162",0.112952556016869,0.167903427747101
"gcf_14164",0.234272102530158,0.353460996967328
"gcf_14165",0.123540178797785,0.689050878059378
"gcf_14168",0,0.66318656807833
"gcf_1417",0.095078985627187,0.263286400679057
"gcf_14170",0.152208752109342,0.666288093764043
"gcf_14174",0.189069241148066,0.792295353716797
"gcf_14179",0.381260730332733,0.773031150117268
"gcf_1418",0.138572011954321,0.467304616231428
"gcf_14180",0.218589372248872,0.500896819834893
"gcf_14187",0.336490730455959,0.603484966817195
"gcf_14188",0.187837551263754,0.237760059610272
"gcf_1419",0.219073713286172,0.290067012078339
"gcf_14190",0.107394486306479,0.17922588480987
"gcf_14192",0.00769242192659014,0.500918787977222
"gcf_14194",0.105572809000084,0.367286164695586
"gcf_14196",0,0.798663469615092
"gcf_14197",2.22044604925031e-16,0.445277292048286
"gcf_142",0.050988338215533,0.683325142863076
"gcf_1420",0.142138856091068,0.202824176533221
"gcf_14202",0.475955919172151,0.671466236485745
"gcf_14204",0.258654266934139,0.637340739632317
"gcf_14206",0.0760123018282697,0.717592072723421
"gcf_14209",0.437927335516789,0.39912828145514
"gcf_14210",0.150453490726545,0.253796164601775
"gcf_14211",0.16744159155452,0.412527421058862
"gcf_14213",0.21323276225811,0.506318259346171
"gcf_14214",0.135249879860358,0.637290772953671
"gcf_1422",0.17930918951726,0.602777946543424
"gcf_14222",0.26639906429286,0.337222565718522
"gcf_1423",0.29611868198172,0.337889362122976
"gcf_14230",0.41132924093941,0.618166308054139
"gcf_14232",0.0794253821016766,0.667652974355802
"gcf_14236",0.372483483174168,0.522066162212295
"gcf_14237",0.387071503583756,0.72534364190852
"gcf_14238",0.389025531634075,0.555432662025087
"gcf_14239",0,0.77220816056355
"gcf_1424",0.0808312591568027,0.280559888030418
"gcf_14240",0.470967775822943,0.591882898938433
"gcf_14242",0.263540305681341,0.723827614630503
"gcf_14245",0,0.77905444904192
"gcf_14246",0.00572147545171342,0.465923645409917
"gcf_14248",1.11022302462516e-16,0.388963874476357
"gcf_14249",0.295217738212943,0.497325634081252
"gcf_1425",0.557302876456666,0.800142994253147
"gcf_14253",0.428448824970048,0.755054042941331
"gcf_1427",0.168835953146658,0.502372909801813
"gcf_1429",0.136912777906048,0.670014253210597
"gcf_143",0.423734708290086,0.669710870462092
"gcf_1431",0.189428775973475,0.320786168009394
"gcf_1432",0.0725200152601588,0.725776988470539
"gcf_1433",0.325933325750518,0.515329090243565
"gcf_1435",0.0472760678676877,0.510300540873541
"gcf_1437",0.083655229261006,0.745752968930276
"gcf_1439",0.0460635827972132,0.57849493508409
"gcf_144",0.0317603437652127,0.0570512234239562
"gcf_1440",0.481119712265326,0.721990920203996
"gcf_1442",0.0963866940085868,0.195456747269093
"gcf_1443",0.410132260831387,0.511641278868481
"gcf_1445",0.175212052335661,0.530632071362289
"gcf_1446",0.027176816298967,0.653185166021148
"gcf_1447",0.217761157497269,0.28188567168092
"gcf_1449",0.240855688784081,0.492393423001373
"gcf_1450",0.0557876304795948,0.593520271928607
"gcf_1451",0.197999370775535,0.411073278354304
"gcf_1452",0.0704932313864079,0.237736445808747
"gcf_1454",0.115236424429224,0.469307734446993
"gcf_1455",0.0029851013059976,0.328244839021004
"gcf_1456",3.7007434154172e-17,0.689966808060083
"gcf_1457",0.239628339690479,0.39171912529749
"gcf_146",0.13789690291576,0.155933293546873
"gcf_1460",0.141684918006262,0.508795811713208
"gcf_1462",0.0596650329035129,0.393966176023613
"gcf_1465",0.18618397912816,0.289707503824079
"gcf_1466",0.035933508836353,0.673991744516816
"gcf_1467",0.253717638196379,0.478932378776771
"gcf_1468",0.0188498577385052,0.781555859946641
"gcf_1469",0.228041789815907,0.540639514083445
"gcf_147",0,0.307902337142132
"gcf_1470",0.313989188384413,0.360566623041002
"gcf_1471",0.405902893540857,0.786448615916036
"gcf_1474",3.7007434154172e-17,0.438614523479879
"gcf_1475",0.0191520014109908,0.21536024866687
"gcf_1477",0.291271831194327,0.320330601676711
"gcf_1478",0.298089468626522,0.4093500919192
"gcf_1479",0.435771327837411,0.661472968635904
"gcf_1480",0.0456732479323629,0.400449539724461
"gcf_1481",0.124290759793594,0.618152689768433
"gcf_1482",0.292893218813453,0.631395109612757
"gcf_1483",0.153478960951597,0.580880099687183
"gcf_1484",0.158914087305745,0.201183044228182
"gcf_1485",0.134904825338712,0.442228320370551
"gcf_1489",0.0446556037148012,0.204598856278257
"gcf_149",0.0340407415192608,0.238884376562192
"gcf_1492",0.131601640942113,0.349830914621819
"gcf_1493",0.484909530148806,0.670126451603101
"gcf_1495",0.117110507058365,0.650255548739298
"gcf_1498",0.444063012504174,0.70275623270104
"gcf_15",0.0646841995913576,0.62656748521682
"gcf_150",0.0188818273430327,0.414207763880437
"gcf_1502",0.127202565128173,0.266448851142834
"gcf_1504",0.0577191869215452,0.650700341942788
"gcf_1505",0.310150946912964,0.686343234089205
"gcf_1506",0.61092540522216,0.837932418594989
"gcf_1508",0.426330802458878,0.719782142195423
"gcf_1509",0.270745869662607,0.32809031865747
"gcf_1510",0.451672367431408,0.533624156709299
"gcf_1511",0.349786786678998,0.632045857782704
"gcf_1512",0.279208079888734,0.328040381744308
"gcf_1513",0.344812004856459,0.539592584022241
"gcf_1515",0.314138337383157,0.418414384642197
"gcf_1517",0.124829486688511,0.468485951354015
"gcf_1518",0.127860446506268,0.221174536810284
"gcf_1519",0.167176939116741,0.258412521539847
"gcf_152",0.132280839186614,0.49954345963566
"gcf_1520",3.7007434154172e-17,0.286995345664392
"gcf_1521",0.32430200536342,0.474790143373453
"gcf_1522",0.456661460326359,0.691600610605305
"gcf_1524",0.14511401957589,0.594534620574033
"gcf_1526",0.249954549192882,0.377828983161745
"gcf_1529",0.10159410499824,0.311902433611653
"gcf_153",0.24031404468182,0.389019722831605
"gcf_1530",0.343422636371256,0.350280655557712
"gcf_1531",0.174592884065495,0.619610001903103
"gcf_1532",0.102739375458563,0.274307866460092
"gcf_1533",0.16192538220459,0.624659207761964
"gcf_1537",0.263193143898012,0.46913878513664
"gcf_1542",0.414462933188405,0.743201228755451
"gcf_1543",0.316371792644694,0.330020778010322
"gcf_1547",0.156105576621205,0.702460396384675
"gcf_1548",0.250694267402032,0.533271506569339
"gcf_1550",0.0902595918801377,0.541544119600784
"gcf_1552",0.356466873639655,0.425752329454453
"gcf_1553",0.133264743900283,0.178495826895889
"gcf_1554",0.318494185654895,0.698423410878421
"gcf_1555",0.245852241439888,0.73098784920563
"gcf_1557",0.297256620802336,0.478831561437779
"gcf_1558",0.293478260869565,0.653825251467212
"gcf_1559",0.271955992454387,0.632563118436732
"gcf_1560",0.32546747701883,0.517788241169642
"gcf_1562",0.228834755333229,0.325093925501179
"gcf_1565",0.27030775478135,0.779207103692221
"gcf_157",0.149333653605301,0.428115343758277
"gcf_1570",0.201951464562002,0.346118417862007
"gcf_1571",0.240856489542005,0.461474689029983
"gcf_1572",3.33066907387547e-16,0.738785665081156
"gcf_1575",0.0732219898835037,0.164200424262967
"gcf_1576",0.159077784180211,0.397388529174418
"gcf_1577",0.24390243902439,0.799937470687858
"gcf_1578",0,0.620947616371605
"gcf_1579",0.415490845409718,0.58326436889191
"gcf_1580",0.10739403142204,0.273606078676272
"gcf_1581",0.180598721299259,0.562421498755932
"gcf_1582",0.355422687746427,0.386370501898538
"gcf_1584",0.5761360038362,0.761625650578712
"gcf_1588",0.278761498691264,0.651209862770534
"gcf_1589",0.132053551268976,0.268413564346609
"gcf_159",0.110476419219778,0.183605120059788
"gcf_1590",1.11022302462516e-16,1
"gcf_1591",0.00235849056603732,0.562674336194777
"gcf_1592",0.0439663136173132,0.505422677663983
"gcf_1594",0.482440443206396,0.542708159381018
"gcf_1595",0.0307580471437148,0.240592224629956
"gcf_1597",0.381075610520407,0.487531039877525
"gcf_1599",0.389270632621805,0.553024271706598
"gcf_160",0.0187318789388806,0.506215068309894
"gcf_1600",0.380707882116422,0.766045199910648
"gcf_1601",0.038135593220339,0.56307212603936
"gcf_1603",0.302157737574285,0.759755998633588
"gcf_1604",0.107360006265852,0.377073422498453
"gcf_1606",0.085709575499055,0.387211481769217
"gcf_1607",0.347648018484462,0.525791057867579
"gcf_1608",0.29956941630762,0.816201996933218
"gcf_1612",0.375304952445576,0.625
"gcf_1614",0.0480853778690579,0.604450744949082
"gcf_1616",0.119796142468225,0.183957073642712
"gcf_1617",0.0416139568496488,0.768869527694773
"gcf_1618",0.162041864622875,0.338423677372878
"gcf_1619",0.257425742574257,0.364726070114434
"gcf_162",0.336385879377184,0.501852825123772
"gcf_1623",0.212906468798736,0.332225471164291
"gcf_1624",0.301884421151634,0.417381677358408
"gcf_1625",0.26109006213527,0.408594000970293
"gcf_1626",0.0728336735449241,0.608924550995923
"gcf_1627",0.216808644776635,0.275500992464572
"gcf_1628",0.393189337773836,0.445744935719569
"gcf_1629",0.268845412576662,0.530873157773529
"gcf_163",0.0936460505372104,0.204836032329423
"gcf_1630",0.414618710631906,0.629372783219147
"gcf_1631",0.348400172356041,0.527823618208345
"gcf_1633",0.151229216737339,0.495237549741413
"gcf_1634",0.107922051420698,0.413973861383389
"gcf_1636",0.105649882678522,0.738372023932909
"gcf_1637",0.243992329342561,0.61796762655405
"gcf_1638",0.271286907787724,0.408699771057822
"gcf_1639",0.572907189987693,0.765397120837307
"gcf_1640",0.246943112660636,0.403326620234473
"gcf_1643",0.00200000000000011,0.833430541267245
"gcf_1645",0.117143661772433,0.166710047979762
"gcf_1649",0.316052333791276,0.45862137065405
"gcf_1651",0.122968491468375,0.221557667480907
"gcf_1652",0.290342166439534,0.52509980902512
"gcf_1656",0.0300388053407592,0.510226189256103
"gcf_1658",0.310951849610779,0.34518390436192
"gcf_166",0.336339655032732,0.592531112364636
"gcf_1663",0.282306266445264,0.465827894442866
"gcf_1667",0.239098795252576,0.444888872281549
"gcf_1668",0.130351732160583,0.716930741463851
"gcf_1669",0.0163746022877709,0.417840233054289
"gcf_1671",0.403383986761015,0.751266456261043
"gcf_1672",0.0386056900750193,0.197386112177003
"gcf_1673",0.131154257125064,0.240351046694551
"gcf_1674",0.0740886105735825,0.353375793276333
"gcf_1675",0.144155672919939,0.66870542177546
"gcf_1676",0.169491525423729,0.569477188849074
"gcf_1677",0.135565983673493,0.683987135649856
"gcf_1678",0.313078847082047,0.781237234539513
"gcf_1679",0.356809218437996,0.417381140484112
"gcf_168",0.295419933854908,0.448643081571534
"gcf_1681",0.492908371746815,0.739333816214923
"gcf_1683",0.0939695136014081,0.610730145199516
"gcf_1685",0.450588863995847,0.561309533997621
"gcf_1686",0.013362915360695,0.547026428709326
"gcf_1688",0.168925817374439,0.286780396386744
"gcf_169",0.0750714197733522,0.212718778198163
"gcf_1690",0.0776094188267721,0.243408607515778
"gcf_1691",0.131942297467449,0.264007656141788
"gcf_1692",0,0.233812789055275
"gcf_1693",0.125499571109286,0.62642128209386
"gcf_1694",0.247466646958595,0.346756532856151
"gcf_1695",0.0580864792384803,0.801442029480115
"gcf_1697",0.410685295066765,0.66562131662473
"gcf_1698",0.1926724380553,0.398420069475552
"gcf_170",0.238440616963118,0.40912710607266
"gcf_1700",0.378362704763245,0.611503246964594
"gcf_1703",0.125762282479135,0.277876444245667
"gcf_1704",0.178434128754553,0.474171737811822
"gcf_1706",0.259270680634877,0.390014907194854
"gcf_1707",0.407669954783597,0.611199598739019
"gcf_1709",0.311326656796623,0.470293251334797
"gcf_1712",0.258015995327618,0.407047984400904
"gcf_1714",0.162692129241018,0.26627251427773
"gcf_1715",0.348183882447892,0.631133867127591
"gcf_1717",0.135615281106059,0.484134864050717
"gcf_1718",0.0758487314900965,0.324658051378378
"gcf_172",0.00956834773583828,0.637923430393019
"gcf_1720",0.152208752109342,0.679565027769172
"gcf_1721",0.144147270893456,0.689448666800124
"gcf_1723",0.338206417914026,0.477999784707872
"gcf_1725",0.0814368833208054,0.679598142987871
"gcf_1727",1.11022302462516e-16,0.719125293191966
"gcf_1729",0.163836859246974,0.451369348253979
"gcf_173",0.125949145118019,0.663314564846119
"gcf_1730",0.406237955647121,0.717698891452482
"gcf_1732",0.124670129148405,0.398573532625694
"gcf_1733",0.324309331292328,0.470124371362825
"gcf_1736",0.338592475145905,0.500364336719311
"gcf_1737",0.352664032422087,0.573752869491245
"gcf_1738",0.0650788022831592,0.434736851342353
"gcf_1739",0.20656101568692,0.521330535092598
"gcf_174",0.0236976038282043,0.268491891615484
"gcf_1740",0.394072232536127,0.683283095614996
"gcf_1741",0.292893218813453,0.742847538883612
"gcf_1742",0.284373955485406,0.434435463837542
"gcf_1743",0.415699296532635,0.734534523053352
"gcf_1744",0.232073481652121,0.463417947673236
"gcf_1745",0.0462978773781263,0.742515354746275
"gcf_1747",0.261821864288866,0.331811503955539
"gcf_1749",0.198032767461086,0.29090208591735
"gcf_175",0.191322665828988,0.676529066331595
"gcf_1750",0.124118962492774,0.485221672884856
"gcf_1751",0.52465481922177,0.67329923631914
"gcf_1752",0.237189391305307,0.607281852609224
"gcf_1753",0.428557708303676,0.566948059005506
"gcf_1754",0.0470610876059699,0.117403976193019
"gcf_1755",0.162763526667833,0.448310241400843
"gcf_1756",0.62794051223371,0.681787564839567
"gcf_1757",0.122476413139271,0.466277607823447
"gcf_1760",0.154201814920194,0.177089956850068
"gcf_1761",0.270611505603786,0.380707882116422
"gcf_1762",0.335505471113416,0.766936407880169
"gcf_1763",0.200957161480075,0.35273227133393
"gcf_1764",0.0648597133018316,0.40560448843731
"gcf_1766",0.317237599809416,0.384250928192921
"gcf_1767",0.161803197180426,0.720624081819017
"gcf_1770",0.342655134098339,0.713292680671522
"gcf_1773",0.0660317985201839,0.227528110582809
"gcf_1774",0.0455710538646894,0.181270726711388
"gcf_1778",0.503583842604785,0.757342523262861
"gcf_1779",0.231418644788947,0.486441843378614
"gcf_178",0.240397029075356,0.339150064828693
"gcf_1780",0.071931503560416,0.182414930366155
"gcf_1781",3.33066907387547e-16,0.538196653956317
"gcf_1783",0,0.277526926035673
"gcf_1784",0.336630369069114,0.637918841350508
"gcf_1785",0.0966461969526888,0.725743686367653
"gcf_1786",0.573713206740431,0.546813703784481
"gcf_1788",0.182840292478953,0.722884875356116
"gcf_1789",0.256650675456986,0.243061128419608
"gcf_179",0.60851849142914,0.740931920255556
"gcf_1791",0.0966345125730498,0.287500046627284
"gcf_1792",0.024390243902439,0.583345289506786
"gcf_1795",0.33154527712556,0.650489594887966
"gcf_1796",0.412141712956085,0.681449900540371
"gcf_1798",0.321767001687473,0.52270292269908
"gcf_1799",0.260102523411474,0.377709587664306
"gcf_1802",0.188703035271943,0.553536913320388
"gcf_1803",0.0197427354682179,0.513411472059102
"gcf_1805",0.175774408255266,0.650749650749476
"gcf_1810",0.439996776136787,0.78171728235612
"gcf_1812",0.351255392918453,0.696891108675446
"gcf_1814",0.415974939477911,0.564805860110755
"gcf_1815",0.150534369637773,0.449633399057781
"gcf_1816",0.249983161171613,0.380088123009191
"gcf_1817",0.0438171125324852,0.741033801310881
"gcf_182",0.213072456399193,0.365539667971849
"gcf_1821",0.269362689334793,0.553021062205476
"gcf_1822",0.39824623679903,0.675568372354346
"gcf_1823",0.27354791135024,0.336616711635525
"gcf_1824",0.2,0.675822719656499
"gcf_1828",0.0225834968228397,0.216299275148459
"gcf_183",0.0840241230562303,0.316848393026937
"gcf_1830",0.564417467226769,0.638234092193525
"gcf_1831",0.277617879065452,0.348597891777974
"gcf_1833",0.267966696661734,0.370973778312351
"gcf_1834",0.0285766901089656,0.67106482462293
"gcf_1836",0.304015755363289,0.777154138392938
"gcf_1838",0.321099110639252,0.599874941375716
"gcf_1840",0.433773599080482,0.628667166229978
"gcf_1841",0.468992175704618,0.844652872523877
"gcf_1842",0.310000988279127,0.459402209762204
"gcf_1847",0.110343111258551,0.190232753783483
"gcf_1848",1.11022302462516e-16,0.750887420654279
"gcf_1849",0.318997407281994,0.406029523086431
"gcf_185",0.0448510975479543,0.40131377783919
"gcf_1850",0.0341657383921804,0.594349610124716
"gcf_1851",0.408144706028267,0.686948042045377
"gcf_1854",0.267299189845934,0.538489403252311
"gcf_1855",0,0.514928749927334
"gcf_1857",0.51986170025164,0.728392761872444
"gcf_186",0.0543478260869565,0.336922799167295
"gcf_1860",1.11022302462516e-16,0.311460039228881
"gcf_1863",0.0794253821016766,0.701570624016464
"gcf_1865",0.0549933232694821,0.543290717578206
"gcf_1869",0.162616475131851,0.695496900047946
"gcf_187",0.0233095582802457,0.651650199163336
"gcf_1871",0.278582245271059,0.30217006280277
"gcf_1872",1.11022302462516e-16,0.573427031984655
"gcf_1874",0.254980079681275,0.644510817961639
"gcf_1875",0,0.71966568792731
"gcf_1876",0.187279254803049,0.323359463280675
"gcf_1877",0.227680766782695,0.292227996380938
"gcf_1879",0.253996153407749,0.559478257130713
"gcf_188",0.0693526475362067,0.134452329472287
"gcf_1880",0.264232792618041,0.596339240838841
"gcf_1881",0.0411983622493959,0.531221910255979
"gcf_1882",0.142857142857143,0.596771240565976
"gcf_1883",0.104784757886565,0.380896705800325
"gcf_1886",0.116547791401228,0.642006082128738
"gcf_1887",0.161140581162093,0.278428618724482
"gcf_1888",1.11022302462516e-16,0.713371993298262
"gcf_1889",0.228477973075236,0.782801229824221
"gcf_189",0,0.607384128389626
"gcf_1891",0.647744822639054,0.748310368498628
"gcf_1893",0.44780810912237,0.669024707411561
"gcf_1897",0.0839153126755265,0.695142083611971
"gcf_1898",0.155107167208274,0.309514366732462
"gcf_1899",0.115944736967126,0.43715976903426
"gcf_19",0.0434782608695652,0.418271472414819
"gcf_1900",0.32885063031404,0.663309197743551
"gcf_1901",0.27949561454924,0.345180486008994
"gcf_1902",0.397984704945458,0.550731674187464
"gcf_1903",0.0944614861862583,0.733030475011234
"gcf_1904",0.237112307128397,0.425870424738929
"gcf_1908",0.349234667052753,0.428394652520354
"gcf_191",0.0217391304347827,1
"gcf_1910",1.94289029309402e-16,0.65957678845176
"gcf_1912",0.162548056557418,0.309913705826153
"gcf_1914",0.212197187808331,0.250784314530955
"gcf_1916",0.242039485259106,0.285249871549918
"gcf_1917",0,0.612542775338008
"gcf_1918",0.438467546404611,0.696544507512465
"gcf_1919",0,0.733030475011234
"gcf_192",0.0278955147184719,0.628200448228019
"gcf_1921",0.136208215124665,0.580948987876903
"gcf_1923",0.308945140975177,0.672727272727273
"gcf_1924",0.365906048742971,0.577297049459702
"gcf_1925",0.332583402023716,0.75423463154297
"gcf_1926",0,0.314948607422858
"gcf_1927",0.493707002696124,0.607326117736043
"gcf_1928",0.581673254897892,0.83289557751641
"gcf_1929",0.329737836594041,0.457892455916138
"gcf_1933",0.200214231486062,0.236202883727425
"gcf_1934",0.29244612393382,0.465905991180944
"gcf_1935",0.299171621079589,0.684309462732355
"gcf_1936",0.0102575889394442,0.245999574311649
"gcf_1937",0.489136389648181,0.66611834879638
"gcf_1939",0.263540305681341,0.609433267057528
"gcf_194",0.488791208895776,0.664784612407622
"gcf_1940",0.447100752162885,0.645832342511358
"gcf_1942",0.00704522093449692,0.675694050355381
"gcf_1945",0.200660124050282,0.539048432659878
"gcf_1946",0.116547791401228,0.66870542177546
"gcf_1947",2.22044604925031e-16,0.495609340006976
"gcf_1948",0.171100229260514,0.322832759998161
"gcf_1949",0.396114238902507,0.530051661232484
"gcf_1950",2.22044604925031e-16,0.639722142311487
"gcf_1951",0.0461985199236686,0.716522512888075
"gcf_1952",0.255160928890045,0.417001165996502
"gcf_1953",0.50386207351207,0.576413221648907
"gcf_1954",0.0600684290839649,0.293461339118765
"gcf_1955",0.171763554438651,0.799937470687858
"gcf_1956",0.370873045141713,0.636382185926922
"gcf_1958",0.432491761792199,0.553536913320388
"gcf_1959",0.313651175616001,0.519592722502934
"gcf_196",0.176658105301149,0.854013626279638
"gcf_1962",0.168006067449864,0.421629092537746
"gcf_1963",0.0381298759238646,0.637413801052498
"gcf_1965",0.184682204877412,0.698915380842702
"gcf_1968",0.42,0.48767099178533
"gcf_1969",0.125232950263701,0.381818181818182
"gcf_197",0.232220219717188,0.674015051824072
"gcf_1972",0.1589023355644,0.668870128746865
"gcf_1973",0.153768027343259,0.587723517010299
"gcf_1974",0.291512898438798,0.391989923323947
"gcf_1975",0.194125879989771,0.281617221070255
"gcf_1976",0.040565253781273,0.275920578774009
"gcf_1979",0.294806907792414,0.455985238566137
"gcf_198",0.339798890974383,0.767471092800155
"gcf_1981",0.245128813323375,0.659497387696501
"gcf_1983",0.349962105600258,0.426326516847429
"gcf_1986",0.0155315737964064,0.530354685498478
"gcf_1989",0.128280020594831,0.195374946846897
"gcf_1990",0.2,0.703352060516173
"gcf_1991",0.34375,0.538406908827502
"gcf_1993",1.85037170770859e-16,0.736858021770335
"gcf_1995",0.423164430771305,0.746756204239227
"gcf_1997",0.0822241636739202,0.531812867409624
"gcf_1999",0.156409718606917,0.557995834326358
"gcf_2",1.11022302462516e-16,0.663641590119783
"gcf_20",0.082513116173895,0.599306719037542
"gcf_200",0.0931286048258016,0.250096475106878
"gcf_2000",0.0264853495522442,0.405517049204277
"gcf_2003",0.244650976541795,0.70650440074027
"gcf_2004",0.116068654014826,0.57657131689332
"gcf_2005",0.0800849924392497,0.329166698757062
"gcf_2006",0.109820568111742,0.240471518633526
"gcf_2007",0.34361026046852,0.576613548589516
"gcf_2010",0.270157239848572,0.496782421323737
"gcf_2011",0.00874192631554588,0.681060520027202
"gcf_2012",0.206709741087997,0.525093431194333
"gcf_2013",0.466837472078744,0.686726256746802
"gcf_2014",0.292828328848255,0.328077954414388
"gcf_2016",0.117822407838324,0.179366800112597
"gcf_2017",0,0.759839839822015
"gcf_2018",0.0815409658209688,0.656354580460357
"gcf_2019",0.186909360899577,0.719375607065389
"gcf_2020",0.492650479281936,0.877448488406756
"gcf_2022",0.298902516744233,0.428434636554641
"gcf_2023",0.0816326530612246,0.716244025820085
"gcf_2024",0.254590270721045,0.589947405687412
"gcf_2025",0.257193390290936,0.355751596788907
"gcf_2026",0.405919674588218,0.742932364051156
"gcf_2028",0.480835496514258,0.737997748882145
"gcf_2029",0.00902102551937795,0.688241780957656
"gcf_203",0.355311988333149,0.658209823938312
"gcf_2031",0.251016949620289,0.661579992017675
"gcf_2033",0.0700896256846291,0.670399693337625
"gcf_2034",0.325132943051407,0.601012905373039
"gcf_2035",0.0257854544571538,0.665844809471078
"gcf_2037",0.0166496844858897,0.709641226866404
"gcf_2038",0.207620323086076,0.349866617704284
"gcf_2039",0.0630853887551732,0.2575491734587
"gcf_204",0.0971703924488602,0.463890429551654
"gcf_2040",0.0566997240441141,0.264933757575073
"gcf_2041",0.406531210891412,0.502377765982288
"gcf_2042",0.0650473703331706,0.399296893627752
"gcf_2046",0.319586182560228,0.423392450775413
"gcf_2047",0.410544635176976,0.765739357167091
"gcf_2048",0.154703543479849,0.745229915269183
"gcf_2049",0.0421811151950121,0.670324304206011
"gcf_2050",0.0674192908549267,0.337005535137721
"gcf_2051",0.230081799463441,0.645804659916527
"gcf_2053",0.229678822222037,0.720875716146134
"gcf_2055",0,0.699035367285577
"gcf_2056",0.233279134696702,0.484782275420354
"gcf_2057",0.530596154596602,0.696257218093212
"gcf_2059",0.0800646763951132,0.179347927263376
"gcf_206",0.149537411536684,0.435643564356436
"gcf_2060",0.184027341578276,0.252995841503339
"gcf_2061",0.202718154461832,0.311081009842231
"gcf_2066",0.325368096568058,0.424066796329614
"gcf_2069",0.374133881664346,0.672995365982835
"gcf_207",0.00713830925075185,0.0986480060527537
"gcf_2070",0.339633281666494,0.347732748186719
"gcf_2071",0.293903226782324,0.531818683864701
"gcf_2072",0.324187240210574,0.430650617409146
"gcf_2073",0.301876039964468,0.610441464163844
"gcf_2074",0.346453305849096,0.566042154853692
"gcf_2076",0.322446614069483,0.44563930922891
"gcf_2077",0.321767001687473,0.582084380111805
"gcf_2078",0.234323432343234,0.47182726951433
"gcf_2079",0.25404866767611,0.353274015132411
"gcf_208",0.274632618946648,0.352081026733501
"gcf_2080",0.324514489285229,0.562830436113437
"gcf_2083",5.5511151231258e-17,0.505573800792894
"gcf_2085",0.424983388612663,0.622636711517985
"gcf_2087",0.0338589277809521,0.238016096609286
"gcf_2088",0.537543124924518,0.689851105549297
"gcf_209",0.0328877005347594,0.398467267917221
"gcf_2090",0.497875887723097,0.638643045353404
"gcf_2091",0.309533356311464,0.767357309239078
"gcf_2092",0.287944895453932,0.678458527132915
"gcf_2093",0,0.525261217012776
"gcf_2096",0.352191162410913,0.587483066208935
"gcf_2097",0.15288980186634,0.515426433658635
"gcf_21",0.26067837039423,0.595729010292759
"gcf_210",0,0.109402178473892
"gcf_2100",0,0.32081613523267
"gcf_2101",0.121879500699851,0.217729641498355
"gcf_2102",0.0403225806451611,0.301400629270956
"gcf_2103",7.40148683083438e-17,0.233670776910981
"gcf_2105",0.369498998727962,0.664589803375032
"gcf_2106",0.347163582301514,0.580122216855185
"gcf_2107",0.24251325786042,0.456861195789169
"gcf_2108",0.293629327453308,0.363909002876405
"gcf_2109",0.108070768338844,0.316449638662789
"gcf_2110",0.600472844455033,0.58787794689833
"gcf_2111",0.33177639837059,0.669451077859786
"gcf_2112",0.381339068709457,0.732585071334269
"gcf_2114",0.0492659304670761,0.581624026068856
"gcf_2116",0,0.728556107485673
"gcf_2118",0.604210582633564,0.775906359092055
"gcf_212",0,0.701690003510281
"gcf_2122",0.244071053981545,0.300971185176556
"gcf_2123",0.155776704180993,0.230644010950283
"gcf_2124",0.33608117761469,0.441945343935555
"gcf_2125",0.208842746697459,0.364532711708532
"gcf_2126",0.136885844876454,0.348742033015704
"gcf_2127",0.0949424626331498,0.537167897098679
"gcf_213",0.415542300296804,0.581892204718452
"gcf_2132",0.133519487978891,0.731857836022168
"gcf_2135",0.36970514849426,0.682926829268293
"gcf_2136",0.540071449220759,0.714866951657942
"gcf_2137",0.00386100386100374,0.531386915080658
"gcf_214",0.175909111215118,0.599174751764576
"gcf_2140",0.239621684632083,0.572134008209705
"gcf_2141",0.0641017148045236,0.349082666911148
"gcf_2143",0.371925379059824,0.620617917859011
"gcf_2148",0,0.290720207912216
"gcf_2149",0.20633707742775,0.532575676187517
"gcf_215",0.143156273902322,0.307858483926034
"gcf_2152",0.240269590807316,0.325609052843753
"gcf_2153",0.28724799293053,0.635635531713938
"gcf_2155",0.166778637177299,0.302395019646549
"gcf_2158",0.123123217978682,0.64685271088773
"gcf_2159",0.270797334792235,0.671469199807687
"gcf_216",0,0.831702185964036
"gcf_2162",0.236706227840563,0.77762520500167
"gcf_2163",0.054682539054774,0.309049439674033
"gcf_2164",0.169770146819467,0.293502474227078
"gcf_2165",0.212335721977357,0.300896454556547
"gcf_2166",0.170638996628704,0.460640110029406
"gcf_2168",0.335888484958707,0.721014111865257
"gcf_2169",3.7007434154172e-17,0.794621965928043
"gcf_2170",0.0549507010194868,0.690139887954992
"gcf_2172",0.274523749889988,0.798247118107045
"gcf_2173",0.304105922381671,0.581228140399958
"gcf_2174",0.111705440383055,0.288440555645471
"gcf_2179",0.158610642628191,0.301266504288189
"gcf_2182",0.337782130148522,0.749900649011433
"gcf_2183",0.474325421353541,0.700222891845688
"gcf_2184",0.0416666666666667,0.490804258629059
"gcf_2185",0.322159316658293,0.863189322124936
"gcf_2186",0.346543541236478,0.488736719974826
"gcf_2187",0.341537065960073,0.504878938456728
"gcf_2188",0.0422390687440226,0.489895698119191
"gcf_219",0.108440721650939,0.556240587524679
"gcf_2191",0,0.366229990967753
"gcf_2193",0.352276912585976,0.686545859257009
"gcf_2194",0.178732783348497,0.417530628892641
"gcf_2196",0.282964794461951,0.648725923764024
"gcf_2198",0.204188406347825,0.487384475159223
"gcf_2199",0.169144962871871,0.334801313387862
"gcf_22",0.210349522027202,0.24961632239847
"gcf_220",0.0338642510961396,0.627579030418628
"gcf_2202",0.392395005667282,0.598522465726517
"gcf_2203",0.336908238328279,0.556360703201564
"gcf_2207",0.389903554431671,0.509426723904557
"gcf_2209",0.152738888084414,0.203368007833227
"gcf_221",0.304105004182284,0.614456757190675
"gcf_2210",0.186466471868253,0.410450099426066
"gcf_2211",0.0659256163624683,0.520109754367619
"gcf_2212",0.337370833336431,0.702075762486181
"gcf_2213",0.49604736932103,0.592233191352991
"gcf_2214",0.411263026269682,0.681901791032474
"gcf_2216",0.0342295106382,0.34196697228308
"gcf_2217",0.125610191956583,0.312637014220241
"gcf_2218",0.414088101649086,0.520651387492509
"gcf_2219",0.219130997520359,0.57228659341234
"gcf_222",0.0465382381071454,0.10694618963119
"gcf_2221",0.129889040906338,0.241094724154911
"gcf_2224",0,0.503029747065603
"gcf_2225",0.280858519709217,0.580048783729279
"gcf_2226",0.327476527268579,0.403803524862127
"gcf_223",0.128069546659274,0.354274390209965
"gcf_2230",0.0690126698558007,0.203352785362459
"gcf_2231",0.526114246717935,0.738721142320675
"gcf_2232",0,0.542373675994836
"gcf_2234",0.301767664167264,0.453428333535308
"gcf_2238",0.337480750911824,0.456908711819232
"gcf_2239",0.222829766468194,0.232567207045325
"gcf_224",0.337877808028269,0.664866658722765
"gcf_2240",0.288065983137782,0.591547014594106
"gcf_2241",0.209316447238331,0.500835000545662
"gcf_2242",0.00420463545382555,0.69054545299874
"gcf_2243",0,0.54659055282498
"gcf_2244",0.544755856597548,0.751972219332761
"gcf_2245",0.39860321755936,0.559859402026261
"gcf_2246",0.32560152963844,0.532373196785986
"gcf_2249",0.034553696405447,0.188826430760717
"gcf_225",0.450088486181576,0.548486308047282
"gcf_2250",0.335313767462298,0.760697745358317
"gcf_2251",1.11022302462516e-16,0.61166087218186
"gcf_2252",0.0475906418231965,0.629568435734679
"gcf_2253",0.393242916633839,0.547142180143343
"gcf_2254",0.137287859598136,0.534812085257541
"gcf_2255",0.00520833333333337,0.115946562266041
"gcf_2256",0.48578925635564,0.662345491210345
"gcf_2257",0.322250997960845,0.727407490904149
"gcf_2258",0.0890818320159019,0.145080604078806
"gcf_2259",0.251016949620288,0.267299189845934
"gcf_226",0.107733329939732,0.337885460489862
"gcf_2262",0.514321508474543,0.574300516285631
"gcf_2264",0.526279336804384,0.765567758577728
"gcf_2265",0.469195301770172,0.705382830315858
"gcf_2266",0.420299615364827,0.87483839403633
"gcf_227",0.372044421811433,0.61675874249303
"gcf_2271",0.189403450684363,0.436296430137115
"gcf_2272",0.072975189113042,0.465794520740243
"gcf_2276",0.220882207550459,0.525311032873846
"gcf_2277",0.283556184943357,0.472960871682469
"gcf_2279",0.143529508713622,0.279614611471288
"gcf_228",0.389871439209187,0.479231828890855
"gcf_2281",0.480180409059384,0.766058429279532
"gcf_2282",0.0439672644894232,0.385034290122724
"gcf_2284",0.394406499949419,0.612526560721115
"gcf_2285",0.413102811307658,0.62548832135539
"gcf_2286",0.198785116991828,0.343648537127851
"gcf_2287",0.0245597823038582,0.374394020276834
"gcf_2289",0.365819001982148,0.664677063755093
"gcf_2291",0.0398608789747455,0.474561813169406
"gcf_2292",0.171686519755341,0.29982677256077
"gcf_2294",0.481574343987857,0.53106269288237
"gcf_2295",0.230140969508528,0.710822384372872
"gcf_2297",0.33793681214368,0.518728303983923
"gcf_2299",3.33066907387547e-16,0.134452531448506
"gcf_230",0.381954979451681,0.71661145431615
"gcf_2300",0.436878425276454,0.611897067882754
"gcf_2301",0.177285389610937,0.716612875836047
"gcf_2302",0.20909264497185,0.385013800700694
"gcf_2303",0.205021872590625,0.227363402667708
"gcf_2305",0.266733431892176,0.724373334276304
"gcf_231",0.290462817069385,0.567952807035282
"gcf_2310",0.368328897655585,0.609699699996849
"gcf_2311",0,0.656366953400507
"gcf_2312",1.66533453693774e-16,0.688242914216286
"gcf_2313",0.332400065011127,0.479490371617068
"gcf_2314",0.201315799735996,0.261650317692996
"gcf_2315",0.0144927536231885,0.457150121729622
"gcf_2316",0.198468972329559,0.33735095615089
"gcf_2317",0.310686493268888,0.637384531126816
"gcf_2318",0.23371875007311,0.36461006300288
"gcf_232",0.119375322646862,0.46901773559286
"gcf_2321",0.487509906137996,0.721408204877668
"gcf_2323",0.272991591372118,0.767357309239078
"gcf_2324",0.000769292144634783,0.764601252420867
"gcf_2325",0.109648889092056,0.42881710792538
"gcf_2327",0.322771514853933,0.480852597700939
"gcf_2328",0.287665694673843,0.368955358254307
"gcf_2329",0.209311663173668,0.406598776171194
"gcf_233",0,0.369216896276016
"gcf_2331",0.205115036459263,0.875565796632349
"gcf_2333",0.49010932569954,0.840736309267653
"gcf_2334",0.0352000076875355,0.680713584006476
"gcf_2336",0.0248970769184172,0.333042428459923
"gcf_2337",0.288093922692169,0.799937470687858
"gcf_2339",0.0473680709108542,0.319574187070536
"gcf_2340",0.26816822970235,0.789157169253886
"gcf_2346",0.400381332479497,0.64731297577413
"gcf_2347",0.178077145108194,0.25203774066281
"gcf_2349",0.144155672919939,0.531478714334182
"gcf_2352",0.160101089143505,0.443039094070551
"gcf_2353",0.0583611915738131,0.655054360957983
"gcf_2354",0.268614874810961,0.335880832007685
"gcf_2357",0.0630230803826887,0.759793838671921
"gcf_2358",0,0.573841471429664
"gcf_2359",0.00740362474340785,0.487416069459176
"gcf_2361",0.237411740841168,0.407237162808754
"gcf_2363",0.273778069425242,0.505109729014758
"gcf_2366",0.22131623948482,0.357095646522545
"gcf_2368",0.0570411457285112,0.742789562250826
"gcf_2369",0.467494935389703,0.671703940581817
"gcf_237",0.0978901709559661,0.194983284860501
"gcf_2372",0.246494193167391,0.319038293587727
"gcf_2373",0.353330209317137,0.62664502227245
"gcf_2375",0.376816529376132,0.68653847946858
"gcf_2376",0.445003251924544,0.534993527335622
"gcf_2377",0.00533351286908667,0.647695758824033
"gcf_2379",0.191651827099654,0.268786983893821
"gcf_238",0.227608157605892,0.63749539869088
"gcf_2380",0.483450309464654,0.657608999046712
"gcf_2381",0.245200285687288,0.343069225462534
"gcf_2382",0.0937500000000002,0.469669914110089
"gcf_2383",0.0577470615084358,0.728684454136815
"gcf_2384",0.0951547415484306,0.271188368588294
"gcf_2385",0.000378354489235178,0.143333939106102
"gcf_2386",0.416748036419716,0.665788680835955
"gcf_2387",0.166273258640041,0.288894827007491
"gcf_239",3.33066907387547e-16,0.423448844066235
"gcf_2390",0.2367531960893,0.516677845417156
"gcf_2391",0.434853276851392,0.529226866791209
"gcf_2392",0.277697626376402,0.635983100554242
"gcf_2393",0.250845340713361,0.335057178337218
"gcf_2394",0.142507074287456,0.805966885573272
"gcf_2395",0.0068493150684931,0.633928506577465
"gcf_2396",0.272238947019874,0.658899537412278
"gcf_2398",0.317341748006524,0.504253037538535
"gcf_240",0.342760020525983,0.49422066434272
"gcf_2400",0.316993527441977,0.386613411276155
"gcf_2401",0.34792253190644,0.620995597705732
"gcf_2403",1.11022302462516e-16,0.238191104507536
"gcf_2404",0.171066057319392,0.754272242354953
"gcf_2405",0,0.671347696867219
"gcf_2407",0.278910373035946,0.790419668944036
"gcf_241",0.0223463687150839,0.308728143136568
"gcf_2410",0.0771948960069126,0.742157402916112
"gcf_2412",0.247712596589924,0.719125293191966
"gcf_2413",0.320633779513243,0.434312932757575
"gcf_2414",0.170638996628704,0.713961223226322
"gcf_2415",0.244005385947615,0.292969506622159
"gcf_2416",0.533972197806765,0.725369972454355
"gcf_2417",0.299495396627256,0.603901693188958
"gcf_2418",0.424802691456949,0.538759484929161
"gcf_2419",0.18,0.514101285270675
"gcf_242",0.151066091448826,0.648007970346135
"gcf_2420",5.5511151231258e-17,0.705360122098196
"gcf_2421",0.418489752796296,0.596937692368034
"gcf_2422",0.178607476098826,0.3753977727225
"gcf_2425",0.17084380241115,0.638922528904062
"gcf_2429",0.351255392918453,0.740192378864668
"gcf_2430",0.0324223683626804,0.76784224018919
"gcf_2431",1.19562479575017e-16,0.646474946776476
"gcf_2432",0.187543516355872,0.6949261902696
"gcf_2433",0.378264829811969,0.579734159580657
"gcf_2435",0.33980396602855,0.476733929307399
"gcf_2439",0.261203928633635,0.374394769137821
"gcf_244",0.00366300366300377,0.643434317738697
"gcf_2440",0,0.435307560684218
"gcf_2443",0.296509114993409,0.345965747729729
"gcf_2444",0.308494868744787,0.447085491049745
"gcf_2448",0.353473584750234,0.69060755542837
"gcf_2452",0.260204705474918,0.503614637921915
"gcf_2454",0.172394111397632,0.723112537902731
"gcf_2457",0.265798147148709,0.766815432725985
"gcf_2458",0.262115323756257,0.550723340686816
"gcf_2459",0.495560643558133,0.64546858986033
"gcf_2460",0.583666099266354,0.69405671123546
"gcf_2461",0.254587198994786,0.637386665621742
"gcf_2462",0.258179832798641,0.758253110792386
"gcf_2463",0.336278970795401,0.600345785408765
"gcf_2469",0.0732540932059021,0.620349352453906
"gcf_247",0.303238828337899,0.611515226624365
"gcf_2473",0.509387484539289,0.665491806151656
"gcf_2474",0.11835029047481,0.237358767191588
"gcf_2475",0.39250242985478,0.793326885944232
"gcf_2477",0.102313160401887,0.176777107514168
"gcf_2478",0.353968932692176,0.417000201585709
"gcf_2479",0.432488622635561,0.514709111586863
"gcf_248",0.0962179096584916,0.228039596213786
"gcf_2481",0.101815887368495,0.238775879881123
"gcf_2482",0.405296793733188,0.530291119531323
"gcf_2483",0.00966199721811743,0.415933742176159
"gcf_2484",0.127981269314319,0.782797485357214
"gcf_2485",0.409934085207338,0.553948318496938
"gcf_2487",0.0621935095121614,0.577197258545516
"gcf_2488",0.336261511973424,0.594534620574033
"gcf_2491",0.338981113156975,0.630258479336122
"gcf_2492",0,0.39173882963307
"gcf_2493",0.534554686427061,0.709758575940504
"gcf_2495",0,0.809882724842657
"gcf_2496",0.425097437727158,0.503018031527373
"gcf_2498",0.0890587991488597,0.482330107732087
"gcf_2499",0.112674119212781,0.365245814472717
"gcf_25",0.0245607878124189,0.112980203208171
"gcf_2501",0.394040017822959,0.67458613556224
"gcf_2502",0.174009638250327,0.432171314491347
"gcf_2503",0.214535217004089,0.422272704646808
"gcf_2504",0.241053361559589,0.483602220505678
"gcf_2505",0.283483749912167,0.732034899705154
"gcf_2506",0.0351049347881178,0.369796829355052
"gcf_2507",0.222082566981108,0.715025106283184
"gcf_2508",0.317216158968094,0.60400899681339
"gcf_2509",0.490008146780401,0.678484344385003
"gcf_251",0.0106773868721068,0.489418960673833
"gcf_2510",0.482361636381361,0.726248603127779
"gcf_2511",0.361931761698047,0.770626180030194
"gcf_2512",0.148182212514641,0.521168201448204
"gcf_2513",0.205668310531204,0.633070482026129
"gcf_2514",0.164164290638242,0.692217017521439
"gcf_2515",0.029337227771387,0.768875551707036
"gcf_2516",0.410565085134847,0.505040230365536
"gcf_2518",0.327010799210887,0.594059405940594
"gcf_2519",0.275313848229613,0.793359441268612
"gcf_252",0.0945048584399518,0.267745135242652
"gcf_2520",0.0763427979419101,0.312163479000209
"gcf_2522",0.0931568355436082,0.230759069513818
"gcf_2523",0.382908015201464,0.446595421248008
"gcf_2525",0.216366623024841,0.220374358033607
"gcf_2527",0.482066654389728,0.693813782152103
"gcf_2528",2.22044604925031e-16,0.813141226812016
"gcf_253",0.397148784020804,0.583480610320416
"gcf_2531",0.188286685662421,0.708270017004211
"gcf_2532",0.22197998899827,0.372793543606519
"gcf_2533",0.440854731070753,0.733410635090011
"gcf_2534",0.00551867636994408,0.319848651074404
"gcf_2535",0.423995672137563,0.528951522712934
"gcf_2536",0.109180802247108,0.376554064795332
"gcf_2539",0.234628356499688,0.520101020731415
"gcf_254",0.440381755317648,0.742832991601337
"gcf_2541",0.420865716456674,0.568488180889286
"gcf_2542",0.38343616387436,0.560175137723612
"gcf_2543",0.24006345030433,0.654620821109777
"gcf_2544",0.0531300183484249,0.624667267983401
"gcf_2545",0.15756582423207,0.41172596833338
"gcf_2546",0.435580220829339,0.676938813812764
"gcf_2548",0.462761942580342,0.732921618846435
"gcf_255",0.137501507312417,0.285718162167958
"gcf_2553",0.130290932614485,0.381997828711771
"gcf_2554",0.26526342930984,0.404585935271579
"gcf_2555",0,0.212930950739645
"gcf_2556",0,0.61529441887884
"gcf_2557",0.304347826086957,0.786115236934803
"gcf_2558",0.503682010810862,0.586586655233017
"gcf_2559",0.126882404442492,0.300549364622435
"gcf_2560",0.475459789422033,0.732084586714217
"gcf_2561",0.129926808853667,0.847588347228224
"gcf_2563",0.11623122072832,0.236199734153935
"gcf_2567",0.379390532175782,0.668012200562203
"gcf_2568",0.218351724895381,0.782904884749166
"gcf_2569",0.488073605305202,0.526807235468395
"gcf_257",0.0833912587616085,0.117508016059112
"gcf_2571",0.194723768039729,0.34553710699408
"gcf_2572",0.112761400751476,0.432788429993444
"gcf_2573",0.364583333333333,0.751529066331595
"gcf_2574",0.404130346762573,0.54805188935595
"gcf_2575",0.383899026048294,0.642785011680037
"gcf_2577",0.201432808506914,0.291309968618286
"gcf_2578",0.0554793010743887,0.403059786648415
"gcf_2579",0.103923149767559,0.289860207267469
"gcf_258",0.0684353480533605,0.332295190561127
"gcf_2582",0.0317879258522399,0.463649590731901
"gcf_2583",0.0444372911317069,0.493894005794028
"gcf_2584",0.180694702599824,0.615206077187785
"gcf_2585",0.0168546150114337,0.601774784423936
"gcf_2588",0.1958132264322,0.237786371199383
"gcf_2589",0.466094328291036,0.525707702444369
"gcf_2590",0.246113911458685,0.567223907852878
"gcf_2592",2.22044604925031e-16,0.177246648792558
"gcf_2594",0.00333445409899336,0.173469087368143
"gcf_2595",0.0210564034504881,0.743800721855776
"gcf_2597",0.142686405337428,0.261176902160711
"gcf_2598",0.177429131013152,0.256888612998405
"gcf_26",0.0978205378796434,0.455920205648799
"gcf_260",0.376950712394148,0.59575746439598
"gcf_2603",0.392167599355935,0.513438159899048
"gcf_2604",0,0.531478714334182
"gcf_2605",0.0666441831834214,0.438341710311111
"gcf_2606",0.234034515845599,0.299744241513885
"gcf_2609",0.30797090593168,0.463105819901369
"gcf_2612",0.292472447112313,0.530842568371582
"gcf_2613",0.036487594556521,0.731820803179145
"gcf_2614",0.424131393452083,0.642913602644795
"gcf_2615",0.269805069077419,0.417319196536526
"gcf_2616",0.00520833333333356,0.578544434454387
"gcf_2618",0.401882865060848,0.617104543138183
"gcf_2619",0.435922921192492,0.56155087540219
"gcf_2620",0.179520088976927,0.492222023187931
"gcf_2622",0.0928534497339876,0.57414674453127
"gcf_2623",0.112374635401406,0.55285521188494
"gcf_2625",0.00536161352471409,0.610347599872805
"gcf_2626",0.169785519497473,0.482104085287136
"gcf_2628",0.15865920851697,0.463139230208088
"gcf_2630",0.25,0.679748574382945
"gcf_2631",1.11022302462516e-16,0.275828083022164
"gcf_2632",0,0.274045991359372
"gcf_2633",0.103790488020964,0.217771821920356
"gcf_2634",0.237772485795653,0.392946700434214
"gcf_2635",0.4013461996043,0.42531587168058
"gcf_2637",0.286516453208485,0.376869582411695
"gcf_2639",0.194872203168485,0.461561377499245
"gcf_2641",0.425438729151768,0.721349467925451
"gcf_2643",0.127387342161805,0.319322267768598
"gcf_2648",0.335062092892608,0.513188947383785
"gcf_2649",0.269016939799803,0.498546935527994
"gcf_2650",0.12582252236366,0.24562300751103
"gcf_2652",0.293233082706767,0.637621199575093
"gcf_2656",0.168307121914966,0.653437340725345
"gcf_2659",0.152208752109342,0.574371734620626
"gcf_266",0.142670573435061,0.532400572284528
"gcf_2660",0.247349294701931,0.285203834921145
"gcf_2661",0.32325584628254,0.45676798862037
"gcf_2662",0.221649479738155,0.414613850491975
"gcf_2663",0.563333117695314,0.725198941397106
"gcf_2666",0.20456407439958,0.657992533302861
"gcf_2668",0.120339287639379,0.172880955556035
"gcf_267",0.123169071444537,0.678037201876823
"gcf_2670",0,0.495652494265789
"gcf_2671",0,0.186875674173849
"gcf_2672",0.171168286584229,0.559445168189772
"gcf_2674",0.0327515273521462,0.387378694467323
"gcf_2677",0.029136947850307,0.416060027960901
"gcf_2678",0.483844351081078,0.706112207794783
"gcf_2679",0.157368377942719,0.329289675161084
"gcf_268",0.0160326348589152,0.0899186867849064
"gcf_2680",0.291956032476125,0.4273437133218
"gcf_2681",0.393521565136877,0.611542911611077
"gcf_2682",0.248699044989293,0.624742533440318
"gcf_2685",2.22044604925031e-16,0.618614964301763
"gcf_2686",0.255538011411099,0.606858055147707
"gcf_2687",0.358689063757687,0.664501454905953
"gcf_2689",0.288011899691471,0.330114881332619
"gcf_2692",0.307272034544416,0.444513736686245
"gcf_2693",0,0.844378002723304
"gcf_2694",0.0301795366434196,0.694413299348609
"gcf_2695",0.155635314406504,0.28438923088411
"gcf_2696",0.0447538351265656,0.567465132948931
"gcf_2697",0.360267813026634,0.485519548423941
"gcf_2701",0.292682801674087,0.649825354132119
"gcf_2705",0.251016949620288,0.689562876552247
"gcf_2708",0.197891384941045,0.28989469834007
"gcf_2709",0.567303502522901,0.795063045401315
"gcf_271",0.0674705484506746,0.18719058047669
"gcf_2711",0.276912841017065,0.687015047875285
"gcf_2712",0.258376474781592,0.725278872102622
"gcf_2713",0.245128813323375,0.822681342872327
"gcf_2714",0.0767047980194465,0.837347052360857
"gcf_2715",0.24155998453211,0.504696168110417
"gcf_2716",0.0469573513349611,0.522500093505039
"gcf_2717",0.101462178637926,0.57217933203033
"gcf_2719",0.00467330926867093,0.205877813883272
"gcf_272",0.0310957166963903,0.184936670379217
"gcf_2720",0.463203516094246,0.795007456642978
"gcf_2721",0.24860863777714,0.419267226408114
"gcf_2722",0.285044201239921,0.721634229805811
"gcf_2724",0.26828061653303,0.37098827146063
"gcf_2725",0.440613952810518,0.759807769292369
"gcf_2727",0.0662373524341695,0.691242611779324
"gcf_2728",0.152208752109342,0.595653147889595
"gcf_2729",0.246382484339594,0.46171262029405
"gcf_273",0,0.261619963530038
"gcf_2730",0.0280655081560815,0.721866097598229
"gcf_2731",0.177248702056626,0.486473457886774
"gcf_2735",0.548773322690233,0.633378324685814
"gcf_2736",0.312428315783264,0.649346315489849
"gcf_2737",0.390667964311934,0.704931545932524
"gcf_2738",0.332551634147182,0.422194338804728
"gcf_2739",0.406567490805918,0.707985940918283
"gcf_274",0.137572518706582,0.520664772221949
"gcf_2742",1.11022302462516e-16,0.175958926501696
"gcf_2745",0.0172087980956651,0.260737075193628
"gcf_2749",0.343838991497907,0.300714684714669
"gcf_275",0.297753116823217,0.609523740349296
"gcf_2750",0.158229043974702,0.346802735257819
"gcf_2752",0.145714746055637,0.281975912240205
"gcf_2753",0.23095117181563,0.589124567548102
"gcf_2757",0.161046582442594,0.461814940111319
"gcf_2758",0.0388492638004095,0.633431492163132
"gcf_2761",0.15445795272242,0.336508960063385
"gcf_2762",0.274967585265191,0.767357309239078
"gcf_2767",0.43343214071774,0.445944310898905
"gcf_277",0.183503419072274,0.776811289492206
"gcf_2770",0.337566180361507,0.727379726630156
"gcf_2772",0.0549545331759419,0.593677949491209
"gcf_2773",0.0595232791065993,0.29997341409928
"gcf_2775",0.21469776216855,0.269477333454578
"gcf_2776",0.53917590986941,0.677143639449654
"gcf_2777",0.0862919583799753,0.668199241834401
"gcf_278",0.412179113469989,0.451387311824606
"gcf_2780",0.371762547901109,0.779454776071623
"gcf_2782",0.198347716373438,0.387540915592709
"gcf_2788",0.0104166666666669,0.60272392114767
"gcf_2789",0.425462119054721,0.7356879730984
"gcf_279",0.262956525904498,0.555839092710056
"gcf_2790",0.126081561149908,0.62567993223233
"gcf_2791",0.368664189467778,0.668571354951286
"gcf_2792",0.258110477003514,0.301931618506724
"gcf_2794",0.221530322476322,0.29203848771218
"gcf_2795",0.519698776158834,0.582028327647654
"gcf_2796",0,0.709090909090909
"gcf_2798",0.00322580645161291,0.768222399795486
"gcf_2799",0.176161788115525,0.308890075595343
"gcf_280",0.0728121590251035,0.71013446289541
"gcf_2800",2.22044604925031e-16,0.746524437925707
"gcf_2802",0.487837626704893,0.704873255759047
"gcf_2803",0.262728144707411,0.476249945215129
"gcf_2804",0.350421633061475,0.569765839797871
"gcf_2805",0,0.705181479400137
"gcf_2810",0.11216159913349,0.623983111387155
"gcf_2812",0.392599728066482,0.60051468102048
"gcf_2813",0.189801482990615,0.20043553135779
"gcf_2814",0.476605912932302,0.767645921684823
"gcf_2815",0.441982022380652,0.588262407908241
"gcf_2816",0.00281674987055425,0.254612617530519
"gcf_2817",0.0665121923390417,0.215642650958186
"gcf_2819",0.47945279341001,0.490232156584087
"gcf_2820",0.17327824572269,0.675916815599308
"gcf_2822",0.284524799937299,0.599108137131363
"gcf_2826",0.00892628568825784,0.662692601806716
"gcf_2827",0.0120559377195465,0.729667092932328
"gcf_2828",0.199371435957363,0.856226182768134
"gcf_283",0.144155672919939,0.51052749481372
"gcf_2831",0.0108251392626052,0.255468993999366
"gcf_2832",0.146651899342348,0.487735883051631
"gcf_2833",0.0105617105003983,0.28629965951328
"gcf_2838",0.258481330808642,0.455930519208669
"gcf_284",0.193749104696096,0.715940730625958
"gcf_2840",0.239849319252448,0.383322968570096
"gcf_2841",0.610206654698924,0.65365945436426
"gcf_2842",0.0632870621930344,0.413740319851826
"gcf_2843",0.153534013525865,0.321851471513661
"gcf_2844",0.340120681191364,0.378701986053641
"gcf_2845",0.15042908071121,0.51852085682567
"gcf_2848",0.330871028860279,0.662023698306584
"gcf_285",0.139438885043606,0.471874114144534
"gcf_2851",0.243087411475627,0.690909090909091
"gcf_2852",0.0415146381618597,0.184480670960822
"gcf_2855",0,0.572741280133004
"gcf_2856",0.183915638957042,0.459149517366148
"gcf_2857",0.0500982124257371,0.660859803038837
"gcf_2858",0.19798340068078,0.383301741463908
"gcf_2861",0.0555193215989332,0.495476696043108
"gcf_2862",0.0156250000000002,0.606696681936193
"gcf_2865",0.212890738540515,0.489315665539789
"gcf_287",0.0333333333333337,0.292472447112313
"gcf_2871",0.282392089842923,0.406743278310807
"gcf_2872",0.040285130062607,0.224601885464735
"gcf_2873",0.42968832636501,0.618194374138528
"gcf_2875",0.342501121424507,0.418595024073799
"gcf_2877",0.0122370346709308,0.650730500207893
"gcf_2878",0.347870254705428,0.550055206847438
"gcf_288",0.0640181820236952,0.123228639828885
"gcf_2882",0.0297300284370199,0.621111162698341
"gcf_2884",0.31999301226093,0.590461188300514
"gcf_2885",0.188094528166638,0.757143646709093
"gcf_2886",0.393846617726671,0.674343502273905
"gcf_2887",0,0.695376246543507
"gcf_2888",0.0538100839154879,0.172034261923928
"gcf_2889",4.44089209850063e-16,0.672754036008667
"gcf_289",0.195270746906422,0.383354273174021
"gcf_2890",0.0342481867998586,0.235779606563415
"gcf_2892",0.433861482927702,0.723546332209568
"gcf_2893",0.304408527979166,0.371627185615984
"gcf_2894",0.0940676075623596,0.459852125344156
"gcf_2895",0.427128381381925,0.560590006322943
"gcf_2896",0.239377786348111,0.582872123484564
"gcf_2897",0.326354409574486,0.656970195283649
"gcf_2898",0.0488003235690613,0.177177293855622
"gcf_29",0.0660599403416016,0.854013626279638
"gcf_2907",0.364383954773848,0.519118503313228
"gcf_291",0.100868964283129,0.624182752838743
"gcf_2910",0.352501229047427,0.601866684729903
"gcf_2912",0.119523277705376,0.27986789421409
"gcf_2917",0.226253548402853,0.366740514229574
"gcf_2920",0.519118503313228,0.77762520500167
"gcf_2921",0.291448340242256,0.431167633271534
"gcf_2922",0.406539704823297,0.607590822729622
"gcf_2924",0.352596655473303,0.580553668331889
"gcf_2925",0.136938980732853,0.605128686300802
"gcf_2926",0.294035852275825,0.508233651287144
"gcf_2927",0.262790219225514,0.454711902834024
"gcf_2929",0.147643048298835,0.452376184306245
"gcf_293",0.200354995772562,0.506928353258155
"gcf_2930",0.0516461299585321,0.20649008108064
"gcf_2931",0.180078354925815,0.271927971196654
"gcf_2933",0.246386315751317,0.249497083511581
"gcf_2935",0.482653830763647,0.687190191792448
"gcf_2936",0.0251101997267242,0.352123529860433
"gcf_2937",0.0408578436790083,0.65489349736182
"gcf_2938",0.525725207130221,0.695410972226704
"gcf_2939",0.276253135544254,0.646206178647491
"gcf_2940",0.0966291152108492,0.540936472688808
"gcf_2944",0.203773242911701,0.632884418225692
"gcf_2945",0,0.638581618899901
"gcf_2946",0.608704157739518,0.818958833965275
"gcf_2949",0.233110952039874,0.265153077165047
"gcf_2950",0.438309151294031,0.702781456689594
"gcf_2951",0.201253344744616,0.420013414500587
"gcf_2952",0.221121730688154,0.659699583030521
"gcf_2954",0.410832244545073,0.575735931288071
"gcf_2955",0.460807533528833,0.638075784800851
"gcf_2956",0.40488604515189,0.670526253149399
"gcf_2959",0.364985615797251,0.704671101890044
"gcf_2961",0.284519906142818,0.579915974791597
"gcf_2963",0.440292179734673,0.655515641651054
"gcf_2965",0.132193787439056,0.165259658340082
"gcf_2967",0.10647277443071,0.526559192977426
"gcf_2969",0.437678442884467,0.722163748844503
"gcf_297",0.0682333804089255,0.784364428182599
"gcf_2971",0.219512195121951,0.705181479400137
"gcf_2972",0.269496252859455,0.555783343730664
"gcf_2974",0.177865086659864,0.448088170021907
"gcf_2975",0.392955715409793,0.520076087226995
"gcf_2976",0.360239580172964,0.607651011295137
"gcf_2977",0.289018632104536,0.519407624936651
"gcf_2978",0.176945108246898,0.697342220318506
"gcf_298",0.0100243506493506,0.0543089005400408
"gcf_2980",0.28358143007158,0.816790771601157
"gcf_2981",0.2541077200115,0.499380023139841
"gcf_2982",0.223651480343928,0.579171939321791
"gcf_2983",0.464587386526366,0.659514218128975
"gcf_2984",0.0217509013496078,0.706405299163659
"gcf_2985",0.232283757846761,0.722324598601544
"gcf_2986",0.0438171125324851,0.693813782152103
"gcf_2987",0.105982749588846,0.649399963321903
"gcf_2988",1.11022302462516e-16,0.5113603712512
"gcf_2989",0.0221975859225906,0.475751393604914
"gcf_299",0.0136498698870085,0.647883775649962
"gcf_2990",0.537342594478903,0.752156027120944
"gcf_2991",0.157576460825768,0.82669861393639
"gcf_2992",0.279340016730745,0.435745384678724
"gcf_2994",0.0038282145486645,0.385339216508909
"gcf_2996",0.175356328635041,0.666721196656338
"gcf_2997",0.183503419072274,0.582971171885851
"gcf_2998",0.465442452874656,0.655490801541686
"gcf_3",0.120950067339919,0.339088062504693
"gcf_30",0.579166664644207,0.615975436254435
"gcf_300",0.0921020893671392,0.739467521018823
"gcf_3001",0.0148645761730583,0.724725767223046
"gcf_3002",0.15221373785265,0.360622986333871
"gcf_3006",0.139845023183965,0.57581793357689
"gcf_3007",0,0.646228374491805
"gcf_3009",0.322367606505172,0.423329443998744
"gcf_3010",0.00220081409308853,0.384613512527445
"gcf_3012",0.191574335253256,0.598861614075635
"gcf_3013",0.0159177056077389,0.727147994990744
"gcf_3014",0.0917984622442152,0.440462986976877
"gcf_3017",0.0796465789340287,0.467664446187836
"gcf_3018",0.451089464509059,0.809357447191239
"gcf_302",0.544755544360646,0.795740594434663
"gcf_3021",0.143451397943021,0.16272239749533
"gcf_3022",0.0526759404757565,0.388254100040517
"gcf_3023",0.034477476800284,0.260513600071061
"gcf_3024",0.335867913309838,0.621076296360883
"gcf_3025",0.296963517593307,0.542602770482392
"gcf_3027",0.373517999134897,0.671842761451613
"gcf_3028",0.157708058661325,0.597832931166064
"gcf_303",0.0786421880634468,0.581288115696115
"gcf_3030",0.349646724382433,0.684041633311674
"gcf_3032",0.410178778910353,0.639156081756484
"gcf_3033",0.125619085270619,0.418944604145932
"gcf_3034",0.26012942847403,0.434970615500314
"gcf_3035",0.147735010925878,0.489738849549928
"gcf_3036",0.0191826615988625,0.645753593852689
"gcf_3037",0.183091529454747,0.184995388901059
"gcf_3038",0.0289855072463769,0.263878352336358
"gcf_3039",0.0248635535942108,0.347700601338231
"gcf_304",0.160263300150081,0.351348884594178
"gcf_3041",0.133115636307176,0.173141656813194
"gcf_3042",0.0193548387096776,0.189265739522435
"gcf_3047",0.237106805188547,0.357649744160417
"gcf_3048",0.37609042490539,0.644590673344545
"gcf_305",0.107720411689428,0.257171572689798
"gcf_3053",0.466900854650358,0.678648208088461
"gcf_3059",0.0756937714179225,0.717241231242779
"gcf_306",0.289017541436736,0.612464697150229
"gcf_3061",0.146525689024032,0.648168838446039
"gcf_3062",0.123791157609174,0.762841234844305
"gcf_3063",0.232687732443936,0.259485524300263
"gcf_3064",0.171663159948114,0.430711296922065
"gcf_3065",0.431367983327314,0.709227659787561
"gcf_3066",0.197842369625767,0.80623687197086
"gcf_3067",1.11022302462516e-16,0.616066300858964
"gcf_307",1.11022302462516e-16,1
"gcf_3071",0.465840583487598,0.763459807531569
"gcf_3072",0.0163438839107667,0.772376209301772
"gcf_3074",0.164637502026106,0.344545140562583
"gcf_3075",0.291511442575906,0.586284208725623
"gcf_3077",0.392730087063202,0.578132386873434
"gcf_3078",0.158659089484083,0.446442997878481
"gcf_3079",1.48029736616688e-16,0.416513522300605
"gcf_308",0.173888149256809,0.240244924681483
"gcf_3080",0.213264156864742,0.404322340204982
"gcf_3082",0.250447399407805,0.614347326802442
"gcf_3083",0.19783988282015,0.685827256206306
"gcf_3084",0.20037560609467,0.280840788853472
"gcf_3085",0.015743581031043,0.782004081468498
"gcf_3086",0.0776985276008187,0.347534734935837
"gcf_3087",0.0121541262091149,0.498261563986432
"gcf_3088",0.300579162087219,0.591971643983869
"gcf_3090",0,0.663064547885871
"gcf_3092",0.173127887489589,0.244879678508965
"gcf_3097",0.292412040629621,0.382567872343745
"gcf_3099",0.198803827032801,0.660622915581842
"gcf_31",0.435797300900094,0.593919595796875
"gcf_3101",0.517235204099971,0.605523627421783
"gcf_3102",0.0669986190536408,0.45655166608388
"gcf_3103",0,0.393061839565612
"gcf_3104",0.354097713737346,0.675557157738475
"gcf_3106",0.219183943052179,0.629318762070871
"gcf_311",0.0408810386062283,0.113128188313532
"gcf_3110",0.176193915376118,0.563844976100489
"gcf_3111",0.225756721291642,0.548143575153417
"gcf_3115",0.0312499999999999,0.64080944174038
"gcf_3116",0.374073438866418,0.533508806759261
"gcf_3117",0.0570877879100122,0.750405123059104
"gcf_3118",0.03210676950766,0.154803929280335
"gcf_3121",0.00661587300401927,0.641935321296137
"gcf_3123",0.289644733527931,0.512193922825658
"gcf_3124",0.377911559446777,0.485534671518823
"gcf_3125",0.247879651115497,0.599914360138421
"gcf_3126",0.307781344756827,0.658239626996778
"gcf_3127",0.29300160171372,0.511450239413374
"gcf_3128",0.175889815293383,0.239188776271896
"gcf_313",0.467109794463906,0.597608142431298
"gcf_3130",0.00913084434439793,0.356308233927087
"gcf_3131",5.5511151231258e-17,0.644478073022831
"gcf_3132",0.108580475581997,0.247313110373337
"gcf_3133",0.492692986357008,0.460680954248957
"gcf_3135",0.019575241457618,0.627938097188372
"gcf_3136",0.153173865583943,0.238700862181834
"gcf_3137",0.162153684975292,0.456564964851455
"gcf_3139",0.0168213416614957,0.204630536057031
"gcf_314",0.0392633523158931,0.0946230951932116
"gcf_3140",0,0.67897825966364
"gcf_3143",0.00609756097560965,0.765739357167091
"gcf_3146",0.266764424893233,0.543740284480797
"gcf_3147",0.295019834621208,0.341267150405268
"gcf_3148",0.349414797907422,0.553737142873848
"gcf_3149",0.503185170842949,0.689296008742759
"gcf_315",0.265029399654481,0.59109714323021
"gcf_3150",0.15628640863064,0.513940365537347
"gcf_3152",0.508189378388529,0.848561602785227
"gcf_3156",0.302422697388618,0.592338301433763
"gcf_3157",0,0.151701340020016
"gcf_316",0.0162126877399356,0.541696223054694
"gcf_3161",0.362436877160359,0.746936665610074
"gcf_3164",0.0374934174225915,0.552886076934436
"gcf_3166",0.490228534587056,0.692507261013801
"gcf_3167",0.216891023861757,0.582369594142575
"gcf_3169",0.15772376234599,0.300532733966768
"gcf_3170",0.0955702484135541,0.318763702308137
"gcf_3171",0.254538911382626,0.40860625189914
"gcf_3173",0.429601158214993,0.537846239930597
"gcf_3174",0.333602641375075,0.493767943347403
"gcf_3175",0.181785856989114,0.322830396716742
"gcf_3176",0.0199999999999998,0.7
"gcf_3177",0,0.465990652888289
"gcf_3178",0.223699174891574,0.638432267346155
"gcf_3179",0.152809847943301,0.578971248569042
"gcf_318",0.395517487449177,0.389298505010365
"gcf_3180",0.0289855072463769,0.573051953886102
"gcf_3181",0.087006425324211,0.253422369643477
"gcf_3182",0.321629253526983,0.555343391572175
"gcf_3183",0.19478868845358,0.446874263796289
"gcf_3185",0.221581139259718,0.331436896996114
"gcf_3186",0.116160714376353,0.185401935531578
"gcf_3187",0.259881073607201,0.459848630710863
"gcf_3188",0.30033728178514,0.573957529660548
"gcf_3189",0.154917284452298,0.777388717069848
"gcf_3190",0.453391833389879,0.823784517076257
"gcf_3192",0.211338529785719,0.457252441703642
"gcf_3196",0.0452822606527423,0.291969372439556
"gcf_3197",0.292893218813453,0.638842440742692
"gcf_3198",0.180999916664734,0.239934196177307
"gcf_3199",0.0690677614702932,0.756060345593516
"gcf_32",0.104626877502824,0.71074955932587
"gcf_320",0.0633833929019185,0.494210411484148
"gcf_3200",0.0595356819104512,0.717120670195309
"gcf_3201",0.180812719267446,0.307544311667469
"gcf_3202",0.0022734527166001,0.409077570089677
"gcf_3204",0.0203648694666332,0.477916776136033
"gcf_3206",0.2,0.487589907823721
"gcf_3208",0.121367652644541,0.436828874877611
"gcf_3210",0.240505234913851,0.548355255579022
"gcf_3211",0.468674355624108,0.671979233751912
"gcf_3212",0.0622276015240167,0.677278737969245
"gcf_3213",0.073170731707317,0.72949910959977
"gcf_3214",0.149517818921401,0.746716473893205
"gcf_3215",0.494974421581245,0.681731356734971
"gcf_3216",0.192193534979791,0.626450349874988
"gcf_3217",0.402149063248825,0.553761716378759
"gcf_3218",0.148641807398745,0.292224537379785
"gcf_3219",0.284740385654907,0.620946338877186
"gcf_322",0.147603822594604,0.263345035178574
"gcf_3220",0.0596542897765493,0.653949866695944
"gcf_3221",0.475469471687038,0.520270767795513
"gcf_3222",0.486807003142949,0.825616369271664
"gcf_3226",0.423075728231499,0.636306258239077
"gcf_3229",0.176150323417347,0.529265336956555
"gcf_323",0.200651314201192,0.316796119143694
"gcf_3230",0.456309921362928,0.604323040203348
"gcf_3232",0.0679271455821814,0.416741300651674
"gcf_3233",0,0.650094020286912
"gcf_3235",0.464860485988988,0.709093981356616
"gcf_324",0.202979681443053,0.317418025864375
"gcf_3242",0.336511197302963,0.582084380111805
"gcf_3243",0.157576460825768,0.567561249935589
"gcf_3249",0.191577293598052,0.421965922393022
"gcf_3250",0.215277911959581,0.216171691108291
"gcf_3251",0.155346973498665,0.407376088060923
"gcf_3252",0.219742122102607,0.254906577991573
"gcf_3253",0.211723091940506,0.813305279649992
"gcf_3255",0.154417279690694,0.506640680001863
"gcf_3256",0.0807908676482296,0.775883858282463
"gcf_3258",0.177960348415915,0.34724663423178
"gcf_3260",0.314544918563395,0.738867463580192
"gcf_3261",0.160917718802533,0.391472682840815
"gcf_3262",0.374378137424749,0.661858001594601
"gcf_3263",0.36625061013202,0.647831752585684
"gcf_3266",0.433961528655662,0.596384638848857
"gcf_3268",0.333961466588706,0.425914162151441
"gcf_327",0.19961926614664,0.315355073186361
"gcf_3271",7.40148683083437e-17,0.692217017521439
"gcf_3273",0.181773683853029,0.441546642852899
"gcf_3274",0.166596535966736,0.491544565693904
"gcf_3277",0.421547909354676,0.618276845094327
"gcf_3279",0.60273320991838,0.825956094741329
"gcf_328",0.207861242714799,0.287403813662133
"gcf_3280",0.178247103382255,0.397322492589099
"gcf_3281",0.159641165184675,0.240134838639113
"gcf_3283",0.443511518259488,0.649564840783202
"gcf_3284",0.180079938309212,0.38886010517571
"gcf_3286",0.377049808132771,0.564076468273165
"gcf_3288",0.53128873867594,0.83226856346856
"gcf_3289",0.461032890232384,0.592348082805239
"gcf_3290",0.166733176716557,0.395588702309403
"gcf_3291",0.110360723184636,0.725566584569703
"gcf_3293",0.358042050272994,0.678000779405208
"gcf_3295",0.201793947691911,0.357936998450165
"gcf_3296",0.338717518341862,0.7
"gcf_3299",1.11022302462516e-16,0.640839756093817
"gcf_33",0.150204042327014,0.376819013062127
"gcf_330",0.0156741447654448,0.0845897635666634
"gcf_3300",0.09872485784745,0.548725150380625
"gcf_3302",0.0640519979585094,0.275445849318338
"gcf_3303",0.133199913113209,0.245243449264528
"gcf_3304",0.2,0.550142754307573
"gcf_3305",0.253809291207608,0.337627144266093
"gcf_3307",0.245708905842128,0.297260573004456
"gcf_331",0.0655423786173885,0.204256162349042
"gcf_3313",0.33988887324181,0.560451249468056
"gcf_3315",0.342967632364496,0.621928495715979
"gcf_3316",0.162750638544566,0.603299108651242
"gcf_3318",0,0.470223260095832
"gcf_3319",0.208226964464567,0.351618931530039
"gcf_332",0.0390826161754746,0.129195736621261
"gcf_3320",0.164074607026571,0.660148643392397
"gcf_3322",0.487724517546699,0.482247027405285
"gcf_3323",0.168720479606504,0.542996061380154
"gcf_3324",0.268881600980042,0.410071679933641
"gcf_3325",0.132375035663261,0.560567403237315
"gcf_3327",0.092317380293198,0.687483532764707
"gcf_3328",0.496721675491482,0.77827446804361
"gcf_3330",0.00268817204301071,0.382714299343568
"gcf_3331",0.484379681846624,0.654449992204035
"gcf_3333",0.335462501243038,0.51855203999546
"gcf_3336",0.139243881272123,0.412444496651276
"gcf_3337",0.431571232487074,0.700958525614512
"gcf_3339",0.391394994894617,0.636254972911303
"gcf_3340",0.00574712643678166,0.767305093133339
"gcf_3341",0,0.566958770520075
"gcf_3343",0.300930262369684,0.518897644788877
"gcf_3345",0.557743933448231,0.695621709950921
"gcf_3346",0.232385779443078,0.349680818658279
"gcf_3347",0.101822573721856,0.6096876251001
"gcf_3348",0.482108196116408,0.648987734759015
"gcf_335",0.0843293841620915,0.542965855367425
"gcf_3351",0.36550791407964,0.422921007720605
"gcf_3353",0.332228413797743,0.504341230596374
"gcf_3354",0.259990026096846,0.417424734996465
"gcf_3355",0.262574714371693,0.491021083423242
"gcf_3356",0.182403995982444,0.22553510991655
"gcf_3357",0.0123873873873875,0.328244746273274
"gcf_3358",0.335984916937611,0.787891969268934
"gcf_3359",0.195908467334311,0.70218832123493
"gcf_336",0.229752504384553,0.705700781292786
"gcf_3360",0.530354612700823,0.780463612063528
"gcf_3362",0.152208752109342,0.553090321351657
"gcf_3364",0.154182982423993,0.295293185677246
"gcf_3366",0.19704204521711,0.51832011395752
"gcf_3368",0.0761043760546705,0.742847538883612
"gcf_3369",0.170558879694023,0.753478554041311
"gcf_337",0.258801367569918,0.383942578860874
"gcf_3373",0.175080089702333,0.461750627462059
"gcf_3374",0.428074234080714,0.645792159126116
"gcf_3377",0.230206447431666,0.40397908916071
"gcf_3378",0.208273088854811,0.578389544313609
"gcf_3379",0.0536784309718306,0.450747744445353
"gcf_338",0.0853659146296657,0.337537228977965
"gcf_3383",0.0898307807740855,0.165648210622619
"gcf_3384",0.0460297953020362,0.729260511870133
"gcf_3385",0.30397049476102,0.669753121568693
"gcf_3389",0.0460607985830545,0.689028463194303
"gcf_339",0.145381460663566,0.225972065017718
"gcf_3390",0.00208072692817027,0.168791603133011
"gcf_3392",0.106430224622307,0.233110952039874
"gcf_3393",0.236057556882817,0.350527952343719
"gcf_3394",0,0.704760789629121
"gcf_3396",0.229920876967607,0.310290608649549
"gcf_3397",0.0531259957496193,0.316598310685779
"gcf_3399",0.00225479430092168,0.162416569518838
"gcf_34",0.225,0.807512904195419
"gcf_3401",1.11022302462516e-16,0.454065181599651
"gcf_3402",0.0534953984551626,0.771998420476251
"gcf_3403",0,0.475466045364824
"gcf_3406",0.0306545085377549,0.260412351572931
"gcf_3409",0.370582842300505,0.474266066169957
"gcf_341",8.88178419700128e-17,0.840250668948923
"gcf_3410",0.217266348099758,0.530956404543771
"gcf_3412",0.386785365330362,0.428543290058343
"gcf_3413",0.183410526167583,0.235405671933479
"gcf_3415",0.0490877678935516,0.673145913047522
"gcf_3417",0.345047781562681,0.746529150111872
"gcf_3418",0.00978913369704771,0.476914300979774
"gcf_3421",0.0778568483601449,0.811251999106089
"gcf_3422",0.508187982589114,0.680575021053854
"gcf_3424",0.287837075185294,0.368513927102804
"gcf_3425",0.0709298436077492,0.270981439011898
"gcf_3428",0.361753408160841,0.553588014939194
"gcf_3429",0.218091738874142,0.727173775885667
"gcf_343",0.0567226726619299,0.207051366077868
"gcf_3431",0.362163596531437,0.409345214168892
"gcf_3433",0.232228104050086,0.792980332197294
"gcf_3435",0.0437060382581407,0.419795152879382
"gcf_3436",0.0565436469502736,0.749348674536675
"gcf_3437",0.105351880951513,0.309090909090909
"gcf_3438",0.328261542632626,0.844658389210164
"gcf_3439",0.0918960534290265,0.682447047193777
"gcf_344",0.08130081300813,0.546131292599083
"gcf_3442",0.308080676492571,0.407156000360852
"gcf_3445",0.543870037629903,0.718372775368722
"gcf_3446",0.40134863344551,0.546558805422868
"gcf_3447",0.0198910323875959,0.59075118671816
"gcf_3448",0.216383148702143,0.436056850858789
"gcf_3449",0.0454470753425047,0.367003213667835
"gcf_345",0.0373190965232218,0.31822159954979
"gcf_3450",0.100256899569459,0.188499500907971
"gcf_3451",0.562161264677191,0.786854220484388
"gcf_3454",0.21470056317386,0.244819869366937
"gcf_3455",0.189069241148066,0.325800137536758
"gcf_3456",0.160737050699548,0.295595544928064
"gcf_3457",0.212556379241201,0.434997662650889
"gcf_3458",0.189079337980779,0.320446764776675
"gcf_3459",0.114911196556461,0.252819736519055
"gcf_346",0.00802330914831361,0.146334682039574
"gcf_3460",0.352935033270751,0.878663441521414
"gcf_3461",0,0.826214666090952
"gcf_3463",3.33066907387547e-16,0.77938140066694
"gcf_3464",0.317295152842164,0.716633740350124
"gcf_3465",0.268566875754528,0.414318455299212
"gcf_3466",0.336061195221561,0.532071636206583
"gcf_3467",0.191504995355437,0.475767561472063
"gcf_3468",0.448094432250901,0.634899164406595
"gcf_3469",0.199371435957363,0.642006082128738
"gcf_3471",0.231432941156497,0.56989300193841
"gcf_3472",0.323665428629783,0.422803316693821
"gcf_3473",0.339528671717969,0.524201647028927
"gcf_3476",0.0693915431304818,0.184359117313509
"gcf_3478",0.284334605504826,0.436250886769964
"gcf_3479",0.206910669222549,0.376973254984643
"gcf_348",0.033363937998739,0.678662480688495
"gcf_3480",0.145587791612652,0.349434386539157
"gcf_3481",0.186876752704515,0.534552173535615
"gcf_3485",1.11022302462516e-16,0.301689178502202
"gcf_3488",0.294977077138839,0.473138750109171
"gcf_3489",0.259584374671463,0.455453540578715
"gcf_349",0.151133927978521,0.512258804915496
"gcf_3490",0.142231781678773,0.350675328914775
"gcf_3492",0.39486597785597,0.488497096659475
"gcf_3493",0.145394336592677,0.334537588610105
"gcf_3494",0.513697635238179,0.690035332369672
"gcf_3495",0.317722035115188,0.415520837850367
"gcf_3497",0.0359185639025249,0.106879813146116
"gcf_3498",0.414592153500404,0.665124054919064
"gcf_3499",0.372972277531813,0.59294374965304
"gcf_35",0.00323275862068978,0.80918464218056
"gcf_3501",0.0067017177545901,0.619006710253764
"gcf_3505",0.431063045397805,0.658705059429619
"gcf_3506",1.11022302462516e-16,0.183887062557881
"gcf_3507",0,0.259887017152869
"gcf_3508",5.5511151231258e-17,0.708158649345052
"gcf_351",0.0163187779099147,0.711237603787696
"gcf_3510",0.355207338939426,0.433053290486159
"gcf_3511",0.148591730573407,0.278934829400536
"gcf_3512",0.335754942013822,0.351148135811482
"gcf_3513",0.226979317476074,0.66870542177546
"gcf_3515",0.450685072539231,0.638533082436034
"gcf_3517",0.301885036692849,0.397243944560663
"gcf_3518",0.0316558855054951,0.206442897527868
"gcf_3519",0.408039978827399,0.710572779542025
"gcf_352",0.262818516921406,0.467521701812084
"gcf_3520",0.390103625462285,0.554987633265496
"gcf_3521",0.0731973714104284,0.509181048576111
"gcf_3522",0.404484803694647,0.828428371718933
"gcf_3523",0.380874380874071,0.615764996587592
"gcf_3524",0.221650252291739,0.347022210534318
"gcf_3525",0.32994834680152,0.557199738977285
"gcf_3526",0.243767806246298,0.469934880444836
"gcf_3528",0.216402975751493,0.584769381026384
"gcf_3529",0.536674872234825,0.650897206882467
"gcf_353",0.0159752725313572,0.536725188181498
"gcf_3533",0.2865546711288,0.723827614630503
"gcf_3535",0.11445964028593,0.309542397518929
"gcf_3536",0.35300336077937,0.638842440742692
"gcf_3537",0,0.211514804484931
"gcf_3540",0.396306847368617,0.719378550272211
"gcf_3542",0.160351000015687,0.189750588967218
"gcf_3543",0.114876324329263,0.791187403998928
"gcf_3544",0.188311612617846,0.263375513225109
"gcf_3546",0.00751369088828452,0.589033470956999
"gcf_3549",0.161632974940281,0.510194633500046
"gcf_355",0.219357143026293,0.504582893961893
"gcf_3553",0.39942845094676,0.826055114223578
"gcf_3555",1.11022302462516e-16,0.685556685441176
"gcf_3556",0.261590626825973,0.72030142560784
"gcf_3557",0.0628823481369076,0.401417007098675
"gcf_3558",0.286747112929003,0.345241927143092
"gcf_3559",0.273716585765589,0.446366878386506
"gcf_3560",0.132473525882205,0.395360336220931
"gcf_3562",0.155020039576094,0.459751892834054
"gcf_3563",0.323031337950064,0.308414987884426
"gcf_3564",0.227185779917907,0.290114792467109
"gcf_3565",0.302415972366228,0.402104561548989
"gcf_3567",0.218982547935283,0.646505564950236
"gcf_3569",0,0.213349831247381
"gcf_357",0.128322353804392,0.472421427070452
"gcf_3570",0.0745975843153896,0.592612815509687
"gcf_3571",0.417090615407938,0.733424621014146
"gcf_3572",0.341751363025749,0.637146064982244
"gcf_3575",0.108511246407951,0.414536036534774
"gcf_3576",0.00982213073304442,0.222615384160516
"gcf_3579",0.478974405425369,0.715188127731315
"gcf_358",0.0706947072811936,0.209154728195209
"gcf_3581",0.544779718034166,0.440787761042149
"gcf_3582",0.465957435528587,0.592930504292546
"gcf_3583",0.328431883702581,0.391989923323947
"gcf_3586",0.381506199280403,0.518561525079573
"gcf_3587",0.537151283012289,0.708120229703143
"gcf_3588",0.263540305681341,0.639523228453124
"gcf_3589",0.305056621742437,0.647045277879218
"gcf_3590",0.305319219754875,0.685385232602649
"gcf_3591",0.224627755016811,0.262564198282661
"gcf_3594",0.27317188887131,0.3827665923968
"gcf_3595",0.283512246542412,0.745762410063437
"gcf_3596",0.41582780708174,0.696705195409445
"gcf_3598",0,0.818166483286854
"gcf_3599",0.268767063162569,0.425494001025975
"gcf_36",0.239494039742286,0.415218632066266
"gcf_360",1.11022302462516e-16,0.699183279823563
"gcf_3601",0.426540758600387,0.636261959057647
"gcf_3602",2.22044604925031e-16,0.285785252097847
"gcf_3603",0.358211170540552,0.71767014871336
"gcf_3605",0,0.392284456494503
"gcf_3606",0.421994023308661,0.75526374740686
"gcf_3607",0.416898786711491,0.535026754405672
"gcf_3608",0.190591148661109,0.722848086490042
"gcf_3609",0.248906605660306,0.837770240365486
"gcf_361",0.0203099926593267,0.10166558681761
"gcf_3610",0.240228996927018,0.323867677383496
"gcf_3612",0.262865946211649,0.633879781420765
"gcf_3615",0.245129464453889,0.343032036008991
"gcf_3616",0.0084033613445379,0.760189580846856
"gcf_3617",0.40190227234595,0.717210739800728
"gcf_3618",0.355654506354615,0.522341497694942
"gcf_362",0.19035985073204,0.230196814262985
"gcf_3620",0.372301148676201,0.780761844329719
"gcf_3622",0.216714607927109,0.73634184553303
"gcf_3623",0.353554912987557,0.743999237995178
"gcf_3624",0.333813398684468,0.437128156391207
"gcf_3625",0.289427009101754,0.322547266280197
"gcf_3626",0.0185311443298565,0.259689511397161
"gcf_3627",0.500649243459974,0.487967182831725
"gcf_3628",0.311081009842231,0.802113190544605
"gcf_3629",0.25,0.818835674536865
"gcf_363",0.0969864541382736,0.617474958531363
"gcf_3633",0.170643304794807,0.378129452803969
"gcf_3634",0.448792707079463,0.675215689287724
"gcf_3637",0.204900064113965,0.652236387419726
"gcf_364",0.0888754573666953,0.148661503961205
"gcf_3640",0.279276814063639,0.471835395620253
"gcf_3642",6.10622663543836e-16,0.278242305471353
"gcf_3644",2.22044604925031e-16,0.741953981130507
"gcf_3646",0.354975710907932,0.455066793556442
"gcf_365",0.527553637410157,0.580222047563138
"gcf_3651",0,0.439987025612829
"gcf_3652",2.22044604925031e-16,0.705217028015047
"gcf_3654",0.42589141942056,0.465466159424939
"gcf_3655",1.11022302462516e-16,0.578654925126513
"gcf_366",0.155118656239378,0.276349498401296
"gcf_3661",0,0.773828997010815
"gcf_3664",0.461956736584926,0.720878902163205
"gcf_3665",0.443936249665017,0.574941178415563
"gcf_3666",0.229573514565547,0.761953730617806
"gcf_3667",0.204254061377929,0.2959789225636
"gcf_3668",0.339370943123133,0.562590453563879
"gcf_3669",0.367804577182357,0.751434320500252
"gcf_367",0.204088067788526,0.399475774038337
"gcf_3670",0.0363174089664044,0.797476437771472
"gcf_3671",0.292408302835218,0.429219550778356
"gcf_3672",0.193956649830208,0.771075520941295
"gcf_3674",0.393728220929953,0.571016098477454
"gcf_3677",0.410156296599188,0.667119257959358
"gcf_3679",0.395504326100802,0.547215532394625
"gcf_368",0.0100428353668784,0.567814438953495
"gcf_3682",0.22288022923829,0.573027207163817
"gcf_3684",0,0.754136944078977
"gcf_3686",0.50658223178451,0.596340356568244
"gcf_3688",0.430334106015438,0.76253912912179
"gcf_3689",0.338963254242895,0.445989750715581
"gcf_369",0.24848821559498,0.624930659819601
"gcf_3690",0.403295846819935,0.685457160202886
"gcf_3694",0.283258482356795,0.570703972828817
"gcf_3695",0.156174256841643,0.715030650147507
"gcf_3696",0.240155897289091,0.707466899333177
"gcf_37",0.403114676333009,0.487202606838094
"gcf_370",0.0920461075077113,0.269467396610265
"gcf_3700",0.399985730763283,0.850067337442033
"gcf_3701",0.36991920418645,0.792559487060563
"gcf_3702",0.321136144608431,0.323942834121219
"gcf_3703",0.421458088120097,0.696406164552552
"gcf_3704",0.43914074243522,0.703392105417218
"gcf_3705",0.499682707530203,0.687230332180511
"gcf_3706",0.285410398989504,0.683918534137195
"gcf_3707",0.116547791401228,0.698618109442449
"gcf_3708",0,0.705181479400137
"gcf_371",0.20791523237221,0.331234711201983
"gcf_3711",0,0.605886509001554
"gcf_3713",0.12890028934021,0.487426944533584
"gcf_3714",0.177793583208653,0.280272507934254
"gcf_3715",0.280943603657276,0.347595758213128
"gcf_3716",0.464651926796675,0.505975351258879
"gcf_3719",0.540140889230324,0.63484189065361
"gcf_372",0.145713202248828,0.283374063668474
"gcf_3721",2.22044604925031e-16,0.520083977956429
"gcf_3722",0.367544467966324,0.653890672378414
"gcf_3725",0.105533970694735,0.704655815584527
"gcf_3726",0.503551019763869,0.637607710442574
"gcf_3727",0.426926662316009,0.726057275512158
"gcf_3729",0.0147695840787196,0.484464344119772
"gcf_3730",0.272588309148321,0.548032107830999
"gcf_3731",0.336495595163005,0.611577253395027
"gcf_3732",0.161386432654387,0.655342460004461
"gcf_3733",0.37560173138765,0.55078064666933
"gcf_3735",0.530087226492105,0.851132868944759
"gcf_3736",0.46044170723741,0.565809376961568
"gcf_3738",0.291046274700962,0.582084380111805
"gcf_3739",0.493415571035646,0.765739357167091
"gcf_374",0.416906830932667,0.568356040747903
"gcf_3741",0.634799168251798,0.827854287472899
"gcf_3743",0,0.69489197144141
"gcf_3744",0.426011481290259,0.700257286368274
"gcf_3745",0.0721245370120445,0.333594160466541
"gcf_3746",0.231232292640496,0.340171120926142
"gcf_375",0.00427807486631017,0.66763649675908
"gcf_3750",0,0.373952490723773
"gcf_3752",0,0.67360570437547
"gcf_3755",0.104345042888835,0.747490798905052
"gcf_3756",0.332558302373509,0.377313634118374
"gcf_3757",0,0.718198032973135
"gcf_3758",0.339628721427173,0.557142256792179
"gcf_3761",0.32161343370219,0.484696487982852
"gcf_3762",0.358452787930086,0.747654911261396
"gcf_3763",0.0898295304623354,0.722831209397811
"gcf_3764",0.068524257522758,0.719125293191966
"gcf_3765",0.0466101882143605,0.486069246847812
"gcf_3766",0,0.375915681104484
"gcf_3767",0.239612188203178,0.727913190459426
"gcf_3768",0,0.355224552813856
"gcf_3769",0.265808313071389,0.690723143586457
"gcf_3773",0.231083806646,0.418030904838706
"gcf_3774",0.213518942420485,0.503165802390503
"gcf_3775",0.477637960504681,0.726745640169164
"gcf_3776",0.00781250000000011,0.511350423011634
"gcf_3777",0.191051957549854,0.485382249268924
"gcf_3779",2.22044604925031e-16,0.676591893994132
"gcf_378",0.0867291834243635,0.198975601001257
"gcf_3781",0.1261716814828,0.244796502560593
"gcf_3782",0.224156927181961,0.384761994048139
"gcf_3783",0.288732394366197,0.385782138415909
"gcf_3784",0.300602486840775,0.390975323125209
"gcf_3786",0.0029239766081874,0.781837579721597
"gcf_3787",0.167602528743232,0.784471797572923
"gcf_3789",0,0.435933812350746
"gcf_379",0.0724398961934246,0.477767032132906
"gcf_3790",0.166384228653699,0.809081717968904
"gcf_3792",0.574888946487339,0.646066202655467
"gcf_3793",0.20681894281254,0.37327147348058
"gcf_3794",0.381920335304491,0.697898035180256
"gcf_3795",0.258670462589947,0.539270113704693
"gcf_3796",0.168761988257248,0.244561995612797
"gcf_3798",0.159325362092451,0.179323175108912
"gcf_3799",0.455600360266527,0.682705796805675
"gcf_38",0.033262266502096,0.661145163849956
"gcf_380",0.299348265203342,0.503720430536381
"gcf_3800",0.185759383938927,0.701424570967895
"gcf_3804",0.400290647399498,0.564350904641059
"gcf_3808",0.425405595085777,0.645855876512586
"gcf_381",0.346184469842795,0.612994351832751
"gcf_3811",0.0341903789381479,0.203153475506371
"gcf_3812",0.0807290812400131,0.732543103545262
"gcf_3813",0.326009931230895,0.445484531518494
"gcf_3814",0.210643836803686,0.551146987172179
"gcf_3815",0.387979986672428,0.704479077501267
"gcf_3817",0.233387233898575,0.360397850933169
"gcf_3819",0.427759743512088,0.721256912560563
"gcf_3820",0.297945929535624,0.387072804317246
"gcf_3821",0.153190201560059,0.442095128907907
"gcf_3823",0.21913119055697,0.855602068583599
"gcf_3826",0.325768246149949,0.448185133950515
"gcf_3827",0.219504930614555,0.494901123417528
"gcf_3828",0.0813730343561473,0.280434295623141
"gcf_3829",0.0227159159214321,0.339935507133276
"gcf_383",0.520744635238338,0.771727243421365
"gcf_3830",0.369828842549253,0.519168624224003
"gcf_3831",0.553539627473631,0.700671078472526
"gcf_3835",0.460358234294159,0.650068648050134
"gcf_3836",0.160919540229885,0.494162018065057
"gcf_3837",0.0164959379586648,0.572925643933671
"gcf_3838",0.349019607843137,0.638344226579521
"gcf_384",0.11534961763938,0.644469027877627
"gcf_3840",0.171383791834955,0.714180548626966
"gcf_3842",0.406440736167802,0.688721129550131
"gcf_3843",0.358736340284213,0.615532660853516
"gcf_3845",0.251016949620288,0.805329331204535
"gcf_3848",0,0.765739357167091
"gcf_3849",0.346057101882569,0.475858437731889
"gcf_385",0.170850789252255,0.217891768284636
"gcf_3850",0.199371435957363,0.705181479400137
"gcf_3851",0,0.536719177086812
"gcf_3852",0.414348392917727,0.8130065660091
"gcf_3853",0.243112270241524,0.516086719263168
"gcf_3854",0.110063222515288,0.752128568339329
"gcf_3855",1.11022302462516e-16,1
"gcf_3858",0.307491228124886,0.44406976682699
"gcf_3861",0,0.563048032735574
"gcf_3864",0.499973427576842,0.509679442144093
"gcf_3866",0.603685456497867,0.689050878059378
"gcf_3867",0.48583289088862,0.731738899594062
"gcf_3869",0,0.916595129754761
"gcf_387",0.095480082522055,0.569225469045215
"gcf_3871",0.503436466838579,0.784981682844627
"gcf_3872",0.365346294356555,0.447092664419136
"gcf_3873",0.362743465776177,0.653589838486225
"gcf_3874",0.398118882419083,0.585641816150371
"gcf_3875",0.286929129385552,0.448924874026777
"gcf_3876",0.0249247561870366,0.643867472399693
"gcf_3879",0.4184200019622,0.658705059429619
"gcf_388",0.190077294264382,0.286483801146037
"gcf_3882",0.282265095461999,0.505272555081846
"gcf_3883",0.23607387300673,0.473602312318854
"gcf_3885",0.446174495824154,0.549421789731606
"gcf_3886",0.250795190294878,0.596908953451565
"gcf_3887",0,0.77093748532872
"gcf_3888",0.409673947309753,0.738883516066453
"gcf_3889",0.237423082593253,0.66870542177546
"gcf_3890",0.179854118888385,0.234837670105808
"gcf_3892",0.282330504375102,0.349916393336846
"gcf_3893",0.296308923358808,0.390687171606549
"gcf_3895",0.430476094457101,0.554891208020601
"gcf_3896",0.0129870129870129,0.636255427355547
"gcf_39",0.389512809651105,0.51217889045659
"gcf_390",0.145336493548248,0.451390823674401
"gcf_3900",0.383761128505643,0.597583827971335
"gcf_3901",0.518654631429372,0.656576549666789
"gcf_3902",1.11022302462516e-16,0.316173370250338
"gcf_3904",0.0500320929682707,0.726641239474565
"gcf_3908",0.224957899140982,0.244425646256272
"gcf_3909",0.523662210433628,0.742513384409115
"gcf_391",0.114929081261872,0.258870980323955
"gcf_3910",0.431368452568191,0.616052203016129
"gcf_3911",0.356035547667672,0.402795438687992
"gcf_3912",0.333813398684468,0.650416630450594
"gcf_3916",0.275580420673636,0.294601740515858
"gcf_3917",0.488172249591899,0.592317307328459
"gcf_3918",1.11022302462516e-16,0.721256912560563
"gcf_3919",0.621578961577608,0.669695359925112
"gcf_392",0.110976360126427,0.470025711841215
"gcf_3920",0.236389756476664,0.562104241950034
"gcf_3921",0.452381740802455,0.651994168715438
"gcf_3922",0.220852824271951,0.252365296319014
"gcf_3923",0.437194614630203,0.463105673939363
"gcf_3926",0.198598734135483,0.220074495711097
"gcf_3929",0.274584703479805,0.613503802936138
"gcf_393",0.00445205858323252,0.472430428757025
"gcf_3932",0.256726593276164,0.310036649879763
"gcf_3934",0.00609756097560965,0.698186129981352
"gcf_3935",0.232052352211696,0.41025641025641
"gcf_3936",2.22044604925031e-16,0.528994835576285
"gcf_3937",0.183503419072274,0.582971171885851
"gcf_3938",0.0219269716980766,0.378034480602885
"gcf_3939",0.499625834276733,0.667055723689974
"gcf_394",0.503406482023289,0.702837649334091
"gcf_3940",0.00488997555012216,0.484907184207713
"gcf_3941",0.186850552062582,0.549557383538549
"gcf_3943",0.0217680239109628,0.669638774249918
"gcf_3944",0.220888565313296,0.370213775357333
"gcf_3945",0.18828464856943,0.653064708757748
"gcf_3946",0.241424491389721,0.419448764092547
"gcf_3948",0,0.371640484474713
"gcf_395",0.0350708940493233,0.781384875966801
"gcf_3950",0.185722952599575,0.144155672919939
"gcf_3952",0.0433743483001997,0.695917115088519
"gcf_3953",0.203347130531873,0.68109909364646
"gcf_3955",0.38147353759358,0.528289353647629
"gcf_3956",0.228959705107035,0.308370766196815
"gcf_3958",0.288306095300007,0.368080618216442
"gcf_3959",0,0.696091235958022
"gcf_3960",0.15449801670103,0.230081146450548
"gcf_3962",0.131475323075471,0.501296075305794
"gcf_3963",0.211829890688488,0.657130182333661
"gcf_3964",0,0.730320055014703
"gcf_3965",0.544551034055817,0.704049826507381
"gcf_3971",0.470530979925464,0.574820281859434
"gcf_3972",0.076546664410345,0.437597655360579
"gcf_3973",0.235450259737988,0.689732659171465
"gcf_3974",0.309076559025354,0.507146786122843
"gcf_3976",3.33066907387547e-16,0.601388653835587
"gcf_3977",0.515804271199986,0.689844021435871
"gcf_3978",0.489977016179346,0.783631092447544
"gcf_3979",0.373110212378681,0.458961122962002
"gcf_398",0.0900934023269545,0.300196419507572
"gcf_3980",0.317941402412909,0.426898384682274
"gcf_3981",0.00546448087431717,0.338002609245314
"gcf_3982",0.192354591964212,0.236015222292902
"gcf_3984",0.359664752584291,0.618215761741355
"gcf_3985",0.660588745030457,0.8
"gcf_3986",0,0.660366781245598
"gcf_3987",0,0.542449614717173
"gcf_3988",0.29123207259903,0.516774730690861
"gcf_3989",0.112057642167615,0.443527175270881
"gcf_3992",0.433022137000436,0.529276309185371
"gcf_3993",0.42547574028593,0.801126217791283
"gcf_3995",0.290778870768648,0.726207898277109
"gcf_3996",0.276215583211629,0.320511142198233
"gcf_3997",5.5511151231258e-17,0.343115509638599
"gcf_3998",0.482852187024719,0.740369192145996
"gcf_3999",0.427740722499193,0.796853897484892
"gcf_40",0.557154582233718,0.691575315249376
"gcf_400",0.222517484570204,0.285847553094492
"gcf_4000",0.342377854622077,0.553353456566184
"gcf_4003",0.314973148993051,0.374879819247039
"gcf_4004",0.195710074424474,0.317038727209403
"gcf_4005",0.261066493334666,0.62664502227245
"gcf_4006",0.484696487982852,0.667412379755853
"gcf_4007",0.150557347500649,0.244437498867194
"gcf_4008",0.530457819601474,0.600093717053885
"gcf_4009",0.317618804816685,0.402610617599018
"gcf_4010",0.0253989630377222,0.721706026569755
"gcf_4012",0.529136285432564,0.77077721463613
"gcf_4016",0.165841912062084,0.506624419029874
"gcf_4017",0.328537654802533,0.523971395437598
"gcf_4018",0.237179487179487,0.511855857556454
"gcf_4019",0.450233493804761,0.642162648288793
"gcf_4021",0.0614520430761314,0.61117291161897
"gcf_4025",0.335477143008434,0.405448815329661
"gcf_4028",0.0630629218844065,0.409572579254967
"gcf_4031",0.375172235410046,0.462893886232722
"gcf_4032",0.187738801167914,0.660593054932554
"gcf_4036",0.196083305757337,0.681588099132803
"gcf_4037",0.0766194831233613,0.49340976779419
"gcf_4038",0.359487384779652,0.390175827073474
"gcf_4039",0.37252351351213,0.482939974487827
"gcf_4040",0.193640395980179,0.273719417180467
"gcf_4043",0.00518134715025897,0.548274393778632
"gcf_4044",2.22044604925031e-16,0.649346798970086
"gcf_4045",0.474204490947717,0.720689082638898
"gcf_4046",0.520306187528584,0.686141014647394
"gcf_4047",0.351255392918453,0.682457351945706
"gcf_4049",0,0.411886485885586
"gcf_405",0.171560121677103,0.240801375724614
"gcf_4051",0.261373159480115,0.4405729666306
"gcf_4053",0.27464136339641,0.465659076720835
"gcf_4054",0.117450032350376,0.454952016897379
"gcf_4055",0.226401502010426,0.579915974791597
"gcf_4057",0.0494199813832042,0.705014560219895
"gcf_4058",0.303225226409937,0.362382842076655
"gcf_406",0.598177210868626,0.71777470451393
"gcf_4063",0.12374171062261,0.606336742590932
"gcf_4065",0.356368994978109,0.431898489938786
"gcf_4066",0.116547791401228,0.2659682154335
"gcf_407",0.496461715647822,0.787658141622062
"gcf_4072",0.43058531762269,0.484924895797188
"gcf_4073",0.330606668920291,0.778960045096956
"gcf_4074",0.00703408497007563,0.278302278258415
"gcf_4075",0.261189235220651,0.359931458354209
"gcf_4076",0.0101517274294437,0.624924665670685
"gcf_4080",0.0233918128654969,0.585148307840149
"gcf_4081",0.396846821756842,0.4838254811793
"gcf_4083",0.268497298166731,0.358288606182091
"gcf_4084",0.24292984462706,0.481264505091181
"gcf_4086",0.447932145546977,0.724410386960564
"gcf_4088",0.390907829097006,0.652245026026052
"gcf_409",0.0311505076896752,0.82483416995543
"gcf_4091",0,0.69489197144141
"gcf_4093",0.314320697031227,0.471223033119529
"gcf_4095",0.243284583563158,0.605228983024139
"gcf_4096",0.327388928881692,0.392524061695935
"gcf_4099",0.2865546711288,0.524077410445697
"gcf_41",0.0211467929139491,0.68239983130697
"gcf_410",0.109293380501879,0.415006560642503
"gcf_4100",0.540487268814233,0.659619137810184
"gcf_4101",0.181458946890201,0.324586591673576
"gcf_4103",0.0559295094163937,0.250804110237799
"gcf_4109",0,0.490414912822607
"gcf_411",0.348032744121648,0.606307756610044
"gcf_4110",0.31231384655622,0.679339801411662
"gcf_4111",0.507913610452062,0.703422026764471
"gcf_4113",0.380073786133948,0.482133086114927
"gcf_4114",0.005909596965538,0.524322793173635
"gcf_4115",0.161952700872242,0.535388558497937
"gcf_4116",0,0.680542145662973
"gcf_4118",0.181017883396058,0.727691446303947
"gcf_4119",0.35004442903809,0.498992580716861
"gcf_4120",0,0.792374123966142
"gcf_4121",0.331261444060521,0.619636624416485
"gcf_4122",0.415157840392887,0.472410656415506
"gcf_4123",0.227244259286254,0.277096527290756
"gcf_4125",0.418200097244119,0.608031465970919
"gcf_4126",0.253030122751211,0.54501629708185
"gcf_4127",0.42553964519027,0.624141885315404
"gcf_4129",0.290104645975759,0.454604460201673
"gcf_413",0.000560538116591845,0.357689958735469
"gcf_4131",0.40701244638142,0.579567760327036
"gcf_4132",0.0244592186149108,0.722690328124798
"gcf_4134",0,0.679013559513487
"gcf_4135",0.253818890528888,0.357870728051442
"gcf_4136",0.325432091000858,0.613754091223366
"gcf_4137",0.175692317290985,0.25235132904528
"gcf_4140",0.459796746248511,0.634145442119243
"gcf_4142",0.217263737688084,0.41247401622635
"gcf_4145",0.394826672681651,0.770118446900834
"gcf_4147",0,0.540236893801669
"gcf_4148",0.110057413302114,0.771288413173514
"gcf_4149",0.410166474068492,0.625301936495048
"gcf_415",0.491378822845785,0.717105258562509
"gcf_4150",0.0944614861862583,0.69489197144141
"gcf_4152",0.258904023496887,0.535290123168948
"gcf_4153",0.286063642478578,0.653255489649375
"gcf_4156",0.182244328044006,0.225760117779422
"gcf_4157",0.326129095771742,0.672727272727273
"gcf_4158",0.492582920722665,0.651640946679579
"gcf_416",0.453246355467295,0.516566001925607
"gcf_4160",0.346530399509175,0.515773995298526
"gcf_4163",0.502777601433359,0.689817708134084
"gcf_4164",0.354990400663985,0.437575640426891
"gcf_4168",0.187248240694343,0.336636523552599
"gcf_417",0.0270137748069359,0.399941503970017
"gcf_4171",0.176134136632531,0.221947626772018
"gcf_4172",0.250731350734645,0.734792669351571
"gcf_4173",0.147058823529412,0.742752122286237
"gcf_4174",0.0396055907822689,0.513946194011616
"gcf_4175",0,0.621356969617159
"gcf_4176",0.00425372980542052,0.266609115386388
"gcf_4177",0.430806605126907,0.66554233389364
"gcf_4178",0,0.499938953665605
"gcf_4179",0.309267963958501,0.722789321573071
"gcf_4184",0.0713943993545824,0.723958333333333
"gcf_4185",0,0.623168750660784
"gcf_4186",0.270346406712621,0.335168075303812
"gcf_4188",0,0.723348564165749
"gcf_4189",0.0526207269794936,0.633523991188953
"gcf_419",0.328678484835324,0.358668837972533
"gcf_4190",0.392255917879187,0.6407089593904
"gcf_4193",0.591394200472639,0.696371410483081
"gcf_4195",0.52292085323707,0.740132708605241
"gcf_4196",0.116547791401228,0.705181479400137
"gcf_4198",0,0.742158878469478
"gcf_4199",0,0.560260661297894
"gcf_420",0.000250752256770486,0.182060419335592
"gcf_4200",0.19043020894014,0.442280285633619
"gcf_4201",0.131673366618782,0.676472586097098
"gcf_4202",1.66533453693774e-16,0.634810724142252
"gcf_4203",0.410070246161051,0.464152262895712
"gcf_4204",0.0111531880183898,0.34812028541696
"gcf_4205",0.0565287069436076,0.681927498240627
"gcf_4207",0.588247368089702,0.753862031090238
"gcf_4208",0.222571157985758,0.69759603870883
"gcf_421",0.178542542774427,0.441652385000111
"gcf_4210",0.115292415607607,0.543478260869566
"gcf_4212",0.354941441822325,0.730320055014703
"gcf_4213",0.504496049261171,0.743373632031892
"gcf_4215",0.392143672316287,0.682461956662342
"gcf_4216",0.00799999999999979,0.483960244067407
"gcf_4218",0.0374562497757034,0.423069418952278
"gcf_4219",0.498091810328623,0.501776204547986
"gcf_4220",0.423415224330958,0.649095805040284
"gcf_4221",0.354502775632097,0.513290986978614
"gcf_4222",0.0597723206327845,0.805038278173136
"gcf_4224",0.445281878416995,0.500598098673462
"gcf_4226",0.38375946328431,0.526518861681825
"gcf_4228",0.589874176905994,0.733828868442737
"gcf_4230",0.303516557141419,0.508099630478923
"gcf_4231",0.59708851798731,0.764208771851195
"gcf_4232",0.03483994188559,0.321782092936354
"gcf_4235",2.22044604925031e-16,0.609751707169944
"gcf_4236",5.5511151231258e-17,1
"gcf_4238",0.246592085191889,0.573330715148667
"gcf_4239",0.387926355459195,0.725818656199333
"gcf_424",0.0637763233394179,0.135501185458727
"gcf_4240",0.396456251658675,0.559543474059768
"gcf_4241",1.11022302462516e-16,0.451820911840451
"gcf_4242",0.0895480746478872,0.555884161749234
"gcf_4246",0.12983599893164,0.30799332413869
"gcf_4247",0.250822894369991,0.355689836276522
"gcf_4249",0.354359283972135,0.539942470550769
"gcf_425",0.046794140441427,0.703787233459525
"gcf_4250",0.27345758851988,0.334454170137846
"gcf_4252",0.343805312916835,0.76875135496856
"gcf_4253",0.365341152050496,0.564598428992193
"gcf_4255",0.448712698351177,0.642800186815453
"gcf_4256",0,0.232086001552009
"gcf_4257",0.286973927322088,0.640471559379397
"gcf_4258",0.471703732371621,0.652782515821172
"gcf_4259",0.280213847546955,0.28606935231987
"gcf_4260",0.413914737466169,0.783305464445615
"gcf_4261",0.0500104517197592,0.729586988145639
"gcf_4262",0.244899942027949,0.380503091855648
"gcf_4263",0.351971463109115,0.635801492673818
"gcf_4264",0.626018177065961,0.731539939778123
"gcf_4268",0,0.339705360472303
"gcf_427",0.137809784601735,0.28436018957346
"gcf_4270",0.251016949620288,0.623977768908527
"gcf_4271",0.220103120042756,0.506575475467334
"gcf_4272",0.0100428353668784,0.78257077521447
"gcf_4273",0.271955992454387,0.72434624867574
"gcf_4274",0.434069945590431,0.664788094965892
"gcf_4275",0.453486083325714,0.588853630866861
"gcf_4278",0.132214147322288,0.596018256232112
"gcf_4279",0.490637867081728,0.622883861304905
"gcf_4280",0.570688261371817,0.678558919956157
"gcf_4281",0.272881371830934,0.681848172448371
"gcf_4284",0.11240561102927,0.697871499225193
"gcf_4285",0.209994615596417,0.32567049618137
"gcf_4286",0.0327054488538691,0.816414038585009
"gcf_4287",0.239535563342841,0.347211943754474
"gcf_4288",0.415732824535874,0.633236036488276
"gcf_4289",0,0.56878772289184
"gcf_429",0,0.0799025089080223
"gcf_4290",0.0158611598005263,0.761630353945829
"gcf_4292",0.401619242447977,0.493939172652526
"gcf_4293",0.219358136863118,0.466600952657889
"gcf_4295",0.394826672681651,0.625
"gcf_4296",0.357913223369822,0.487595006627701
"gcf_4297",0.481243525096046,0.786879328969665
"gcf_4298",0.349024769419233,0.395111511407252
"gcf_4299",0.461831475994231,0.569009219452165
"gcf_43",0.0222096952135538,0.139046561461295
"gcf_430",0,0.179232282852782
"gcf_4300",0.190355657418819,0.196417663322906
"gcf_4301",0.334464836432682,0.461117024461248
"gcf_4302",0.0610719882955477,0.424154286840338
"gcf_4307",0.439305589120483,0.639774174786381
"gcf_4308",0.0608410813624518,0.521317224631772
"gcf_4309",0,0.687969419504594
"gcf_431",0,0.655810416444646
"gcf_4311",0.0966242364857814,0.451893327704783
"gcf_4312",0.4184200019622,0.658705059429619
"gcf_4313",0.455912939104828,0.650430648510117
"gcf_4314",0.12280701754386,0.625254193643494
"gcf_4315",0.296637811081821,0.567517449187347
"gcf_4316",0.43019711770181,0.646373899197095
"gcf_4317",0,0.742905738313902
"gcf_4318",0.15152352986158,0.166547209012834
"gcf_432",0.335790538613202,0.414665221251839
"gcf_4320",0.319355572888316,0.751529066331595
"gcf_4322",0.331303901951929,0.687652476222788
"gcf_4323",0.617048604717623,0.768097970508632
"gcf_4324",0.226929811137555,0.227855045699322
"gcf_4325",0.190970844037397,0.277244141218691
"gcf_4326",0.157894401779918,0.414740813251004
"gcf_4327",0.625359751150586,0.693291875720325
"gcf_4328",0.348130819987023,0.486115558249336
"gcf_433",0.0202001430109491,0.0769371973531209
"gcf_4331",0.172658644782742,0.28319645422332
"gcf_4332",0.514870028148767,0.551657494674579
"gcf_4333",0.00916609625148657,0.804693644139495
"gcf_4334",0.321306266766558,0.364979058357258
"gcf_4336",0.450103632811761,0.608800786700827
"gcf_4339",0.414750952697554,0.691055292035637
"gcf_434",0.259987130099045,0.554873421474354
"gcf_4340",0.374001743256152,0.470930505590683
"gcf_4341",0.347285003727165,0.517429781536374
"gcf_4342",0.400985045264142,0.607865829276322
"gcf_4343",0.135562178492434,0.623909784403556
"gcf_4344",0.250570993611511,0.671703940581817
"gcf_4347",0.479450885857988,0.667537205180223
"gcf_4349",0.321379457105974,0.749189047062206
"gcf_435",0.205664204144065,0.799282858768182
"gcf_4350",0.0752030860638094,0.656820190421362
"gcf_4352",0.0234529201427582,0.586408331061383
"gcf_4353",0.174019981685873,0.713204144846818
"gcf_4354",5.55111512312578e-16,0.35456482378018
"gcf_4355",0.256849458539707,0.752283152846569
"gcf_4356",0.0345802177558203,0.538224289958922
"gcf_4357",0.494350103152569,0.588592418218736
"gcf_4359",0.0897221891412594,0.195679401095793
"gcf_4360",0.32156521177949,0.615097158530739
"gcf_4361",0.388314338872591,0.468091811489326
"gcf_4362",0.550345754949243,0.713961926401803
"gcf_4363",0.47898397323111,0.569266805932369
"gcf_4366",0,0.599323992548997
"gcf_4367",0.378612132918632,0.717887744006793
"gcf_4368",0.413223132922616,0.52177190014119
"gcf_4369",0.232550857715567,0.387580963809827
"gcf_437",0.0412032721546938,0.766514210738439
"gcf_4370",0.375,0.787867965644036
"gcf_4371",0.260258548629857,0.481079959628889
"gcf_4373",0.27174063306718,0.318042154094021
"gcf_4374",0.332895619720152,0.773472873325473
"gcf_4375",0.4184200019622,0.799901161348056
"gcf_4376",1.11022302462516e-16,0.73942119592322
"gcf_4377",0.440538223064983,0.657401028979607
"gcf_4378",0.265216117512029,0.387414914665927
"gcf_438",0.449717476925024,0.676362587549372
"gcf_4380",0.264471716867686,0.324460485830709
"gcf_4381",0.349169392014131,0.565749117413084
"gcf_4383",0.39036005752105,0.590586947424673
"gcf_4385",0.391918571490931,0.597696556062522
"gcf_4386",0.227380504605868,0.652829570717803
"gcf_4389",0.337470174570214,0.528603022528576
"gcf_439",0,0.775
"gcf_4390",0.360836899774426,0.536996407035085
"gcf_4393",0.50888792827144,0.612486320166833
"gcf_4395",0.508132160524831,0.604346347953875
"gcf_4396",0.219187532330516,0.373636956998905
"gcf_4397",0.376558511123016,0.76349191756018
"gcf_4399",0.583263434854862,0.670289211195996
"gcf_44",0.0552759089403614,0.455530686387234
"gcf_4400",0,0.694228950096073
"gcf_4401",0.588446001396004,0.677442193988318
"gcf_4402",0.383861239053802,0.589359917735905
"gcf_4403",0.18,0.733030475011234
"gcf_4405",0.406322547554966,0.583316894086437
"gcf_4406",0.223707536773331,0.775679508129237
"gcf_441",0.147526215469495,0.235193841517098
"gcf_4410",0.536374479981026,0.634841138122849
"gcf_4411",0.0539122835523576,0.661832604280189
"gcf_4412",0.17396380773245,0.224625727160305
"gcf_4414",0.155636142731504,0.198259381378197
"gcf_4415",0.309100573355022,0.609980498537378
"gcf_442",0.32440428893868,0.492701635400467
"gcf_4420",2.22044604925031e-16,0.6961781898749
"gcf_4422",0.392095730329032,0.53359023765595
"gcf_4423",2.22044604925031e-16,0.81809828122275
"gcf_4426",0.0835535895678553,0.533130533528052
"gcf_4427",0,0.454711902834024
"gcf_443",0.375635916732411,0.549012383198303
"gcf_4431",0.504525752754211,0.585750475141714
"gcf_4432",0,0.663064547885871
"gcf_4433",0.390198632741873,0.381983459408695
"gcf_4434",0.322881842227747,0.689950426861425
"gcf_4437",0.5,0.558328298817305
"gcf_444",0.0222114641211773,0.662587620783884
"gcf_4442",0.399305462569664,0.444284710788221
"gcf_4443",0,0.187016505097688
"gcf_4444",0.350988301437021,0.615250488738231
"gcf_4445",0.281700272161555,0.438164930314089
"gcf_4448",0,0.747438373034852
"gcf_4449",0,0.608752984086811
"gcf_4450",0.254237224412186,0.643898516767333
"gcf_4451",0.35790012944456,0.745906926608982
"gcf_4452",0.363768454555071,0.535291843369646
"gcf_4455",0.209816322680328,0.660097256058805
"gcf_4457",0.258590722432414,0.61747806696937
"gcf_4458",0.179516317533692,0.363045562295893
"gcf_4459",0,0.758253110792386
"gcf_446",0.362300687817547,0.673269250007584
"gcf_4460",0.288884555390465,0.356588935760653
"gcf_4461",0.122854975284364,0.354995822212195
"gcf_4462",0.332459336192807,0.417072719484948
"gcf_4463",1.11022302462516e-16,0.650017498687609
"gcf_4465",0.260246647157666,0.424359480953209
"gcf_4466",0.0925028540471872,0.676918828622018
"gcf_4467",0.0377197771524799,0.66504435701828
"gcf_447",0.15881512372279,0.406104199654299
"gcf_4470",0,0.769661887187337
"gcf_4471",0.316939890710383,0.639579198366893
"gcf_4472",0.00644931540794691,0.579870333328489
"gcf_4473",0.166384228653699,0.701570624016464
"gcf_4474",0.38965877193961,0.4973120631775
"gcf_4476",0.174727173456745,0.295205661602923
"gcf_4478",0.495517969949308,0.764906453338994
"gcf_4479",1.11022302462516e-16,0.541487751129122
"gcf_448",0.467247505421101,0.557211159407571
"gcf_4480",0.094736842105263,0.806319950117499
"gcf_4481",3.33066907387547e-16,0.420013414500587
"gcf_4482",0.0312780940938737,0.758218444060741
"gcf_4483",0.0121380087922596,0.419548277801195
"gcf_4484",0.131113685585266,0.44773103629862
"gcf_4486",0.376262290466048,0.636709723723081
"gcf_4487",0.364094719392459,0.597822569037906
"gcf_4488",0.0286003322086956,0.59818121829196
"gcf_4489",0.523982197362909,0.726040249264632
"gcf_4490",0.0605961936213013,0.467534330808753
"gcf_4495",0.267299189845934,0.746860073049691
"gcf_4497",0.202843493367274,0.610066982830818
"gcf_450",0.179756029972472,0.304744123029314
"gcf_4502",0.150250119149232,0.378376413761827
"gcf_4503",0.396510132509813,0.532206388108734
"gcf_4504",0.557682996880344,0.63745387573565
"gcf_451",0.164568923165471,0.209634608850531
"gcf_4510",0.127183854195022,0.268210992488168
"gcf_4511",0.365931527208146,0.402557900629135
"gcf_4515",0.370396808178937,0.387808566543467
"gcf_4517",0.0582738957006141,0.68573478658209
"gcf_4518",0.177196714046236,0.451464476030824
"gcf_452",0.2090884211613,0.313962353073394
"gcf_4521",0.301658878059684,0.441536762070401
"gcf_4522",0.247026242230025,0.361684521698556
"gcf_4523",0.41247401622635,0.653496078642331
"gcf_4525",0.263724886674821,0.649567441620765
"gcf_4526",0.378151218998744,0.591432723975973
"gcf_4528",2.22044604925031e-16,0.339386634594125
"gcf_4530",0,0.774276525464183
"gcf_4531",0.332852120614783,0.262438673379416
"gcf_4532",0,0.0940261976933605
"gcf_4535",0.339225169499188,0.608451657480693
"gcf_4536",0.142385282129307,0.115045113068946
"gcf_4537",0.169425244350481,0.657273471814343
"gcf_454",0.471370232992408,0.666459496707855
"gcf_4540",0.341480006845826,0.642129976895512
"gcf_4541",0.153504381128095,0.578334454090445
"gcf_4542",0.0900400907929345,0.235430669063791
"gcf_4543",0.411861893133477,0.69950161796479
"gcf_4546",0.263083208485589,0.576830001438997
"gcf_4547",0.116547791401228,0.675822719656499
"gcf_4548",0.415833415318024,0.53061158852828
"gcf_4550",0.421290201683463,0.579282972404982
"gcf_4552",0.547009718302368,0.654369811398473
"gcf_4553",0.138865773382163,0.388988044778982
"gcf_4554",0.0421737147788487,0.575735931288072
"gcf_4556",0.262507238907127,0.321090807314603
"gcf_4557",0,0.702725981381745
"gcf_4558",7.40148683083437e-17,0.41968510531586
"gcf_4559",0.299945531203781,0.662406877827064
"gcf_456",0.302815495868661,0.446377078806854
"gcf_4562",0.563636363636364,0.693813782152103
"gcf_4563",0.24874686629405,0.598438308990294
"gcf_4564",0.376206721351788,0.504525810203047
"gcf_4565",0.0119521912350602,0.398179750105042
"gcf_4566",0.563457989350983,0.637561082045359
"gcf_4567",0.277872205167587,0.588250681001929
"gcf_4569",0.0065789473684208,0.387575915635814
"gcf_457",0.0522938595216309,0.200686628709547
"gcf_4571",0,0.690909090909091
"gcf_4573",0.22639503203208,0.536220955424055
"gcf_4574",0.312107065741507,0.580261499575571
"gcf_4575",0.437678442884467,0.713961223226322
"gcf_4577",0.34320891151001,0.564192334556797
"gcf_4578",0.379397262980132,0.483291519737064
"gcf_4579",0.192280807715558,0.254949654035873
"gcf_458",0.219183073622687,0.517257465452598
"gcf_4580",0.464006594647272,0.705825797292724
"gcf_4581",0.358424349030637,0.76903325102422
"gcf_4582",0.251016949620288,0.810473808185802
"gcf_4583",0.149982502766143,0.723032126245322
"gcf_4585",0.303365790909036,0.403281759278151
"gcf_4589",0.172026868055641,0.316047000574657
"gcf_459",0.351798474917964,0.586239813433494
"gcf_4590",0.34664888782428,0.409196668312819
"gcf_4591",0.316204359239484,0.604287978533458
"gcf_4592",0.22272948126069,0.321569896313697
"gcf_4593",0.191451816238742,0.679788579403981
"gcf_4596",0.0690821446253981,0.653385164813115
"gcf_4597",1.11022302462516e-16,0.740837459779997
"gcf_4598",0.285349575088384,0.415797864749314
"gcf_4599",0.30594238993018,0.698960805338976
"gcf_460",0.0417384823344612,0.451756485119082
"gcf_4601",0.363882314964155,0.412573049192318
"gcf_4603",0,0.794589345318821
"gcf_4605",0.166186351462868,0.599174751764576
"gcf_4606",0.210600098714883,0.370349139120788
"gcf_4608",0.260472736924849,0.383546458510482
"gcf_4609",0.34290112677904,0.46746478989648
"gcf_461",0.0946054141398347,0.693254101038684
"gcf_4610",0.478767644599041,0.567986175336413
"gcf_4611",0,0.180445361157324
"gcf_4612",0.189069241148066,0.779313813324096
"gcf_4613",0.395487979764922,0.733292285589433
"gcf_4614",0.286391975653881,0.605911336132765
"gcf_4615",0,0.560466098335534
"gcf_4617",0.452944177443745,0.815677499095341
"gcf_4618",0.451354767496721,0.573822640271326
"gcf_4619",0.172504509131718,0.473602312318854
"gcf_462",0.205843859665658,0.57417936888716
"gcf_4620",0.0825044856279533,0.48211401674003
"gcf_4622",0,0.72006297874547
"gcf_4623",0,0.575507709610075
"gcf_4626",0.287261368373546,0.463413315108224
"gcf_4627",0.197122281908177,0.437121964215767
"gcf_4628",0.217052609022244,0.589514715856745
"gcf_4629",0.0129032258064514,0.789154926163094
"gcf_4631",0,0.324972659233708
"gcf_4632",0.153559265830196,0.313764676718752
"gcf_4633",0.349156124342417,0.412860156432763
"gcf_4634",0.332681763221506,0.578130479579756
"gcf_4635",0.554603212081748,0.800889490884983
"gcf_4636",0.411118598430347,0.473413454435602
"gcf_4637",0.164887917510698,0.802461191200145
"gcf_4638",0.39341039081889,0.579302265150706
"gcf_4639",0.298982995030997,0.610190599997051
"gcf_464",0.432355718562032,0.479883480848103
"gcf_4640",0.304530044904034,0.645775251782232
"gcf_4641",0.202235265614873,0.520416847668728
"gcf_4643",0.0493273542600897,0.598461165285666
"gcf_4645",0.400328675513122,0.466226623258933
"gcf_4649",0.248773868058782,0.580824814967434
"gcf_465",0.525523444823214,0.753090895191871
"gcf_4650",0.144158807941878,0.736748111580898
"gcf_4651",0,0.171623623632003
"gcf_4652",0.292893218813453,0.790204660425828
"gcf_4653",0.330337991992271,0.674658987839608
"gcf_4654",0.196753239211805,0.338194574219145
"gcf_4655",0.258147817761311,0.721771288280527
"gcf_4658",0.131523005661951,0.300984339950472
"gcf_4659",0.263540305681341,0.701570624016464
"gcf_466",0.230345089904875,0.355030123149888
"gcf_4661",0.5691259345562,0.605957137135316
"gcf_4662",0.445395814194568,0.639217669476999
"gcf_4664",0.258783825380925,0.51489703993125
"gcf_4665",0.385078969483202,0.526210782996995
"gcf_4666",0.431854297536367,0.653280717834702
"gcf_4667",0.267299189845934,0.492810830499569
"gcf_4668",0.139557700017211,0.577055573889855
"gcf_4669",0.4184200019622,0.704409706986969
"gcf_4670",0.358105316599518,0.45392809508739
"gcf_4671",0.417517627489282,0.648201227634854
"gcf_4673",0,0.517601523214925
"gcf_4674",0.424682244513777,0.65487733292866
"gcf_4675",0.168945023916818,0.741426870025734
"gcf_4677",0.202135376326475,0.198280957318223
"gcf_4678",0.224601885464734,0.339681330771546
"gcf_4679",0.630036958366532,0.801092516377057
"gcf_4681",0.326457992551992,0.608079049933232
"gcf_4682",0.211451676652031,0.321205742567585
"gcf_4683",0.260754692905735,0.648691087504964
"gcf_4684",0.254686232516674,0.355746417234388
"gcf_4685",0,0.757449527813273
"gcf_4687",0.278210734566008,0.615277487907684
"gcf_4689",0.132859181684603,0.627561083479693
"gcf_4690",0.21116171342397,0.443662777147423
"gcf_4691",0.565273308301389,0.739970280619438
"gcf_4692",0.461099204926021,0.701424570967895
"gcf_4694",0.223507130444466,0.827961777781554
"gcf_4695",0.152208752109342,0.189069241148066
"gcf_4696",0.0608748881566869,0.747209681203526
"gcf_4697",0.194610574716099,0.390728204155058
"gcf_4698",0.193128396105428,0.283100336180891
"gcf_4699",0.49291606071194,0.692995217619655
"gcf_47",0.167372456970612,0.258866747460938
"gcf_470",0.0224011146922089,0.131310365741136
"gcf_4700",0.454253340772118,0.558827798481812
"gcf_4701",0.329832306018537,0.343526620326412
"gcf_4702",0.206010738388547,0.264269501128973
"gcf_4705",0.1791278972801,0.293869886104429
"gcf_4706",0.228972636061689,0.644785364855542
"gcf_4707",0.419208585373096,0.641253916776553
"gcf_4709",0.122196019127983,0.650622834674463
"gcf_471",0.0346516985959329,0.312826094452477
"gcf_4710",0.250887115776834,0.462379881246221
"gcf_4712",0.515761563162318,0.667712060763699
"gcf_4713",0.473981540824642,0.658536585365854
"gcf_4714",0.472849200235034,0.666086451548127
"gcf_4716",0,0.392858818170727
"gcf_4717",0.296789153592257,0.672915359895861
"gcf_4718",0.189069241148066,0.78349364905389
"gcf_472",0.259041426365052,0.588335346289184
"gcf_4720",0.408115891930168,0.683283095614996
"gcf_4721",0.362813994185367,0.628656851392346
"gcf_4724",0.419108691446762,0.617863458423588
"gcf_4725",0.455478365947968,0.666369003264592
"gcf_4726",0.227078343582323,0.492507057375816
"gcf_4727",0.095526605717191,0.652714538411734
"gcf_473",0.0488924529733021,0.123400853906633
"gcf_4731",0.334809894762261,0.797045158374233
"gcf_4733",2.22044604925031e-16,0.826052983954602
"gcf_4736",0.44995719114161,0.724915526615767
"gcf_4737",0.160672461949503,0.583090504241971
"gcf_4739",0.469822187585381,0.659480937102858
"gcf_474",0.49450675183097,0.724455455172219
"gcf_4740",0.261577029901912,0.700177130291559
"gcf_4746",0.366102150170657,0.618929768346903
"gcf_4747",2.22044604925031e-16,0.768845761441174
"gcf_4748",0.452609611284539,0.603219485079032
"gcf_475",0.0463694833351922,0.403623420454373
"gcf_4750",0.224951942600286,0.548505081586137
"gcf_4752",0,0.75423463154297
"gcf_4758",0.453525354519891,0.657305493285462
"gcf_4759",0.315380913152834,0.460505263627775
"gcf_476",0.278673824244959,0.67199925898154
"gcf_4761",0.000984251968503824,0.240200292774384
"gcf_4762",0.25533128841386,0.536447465349447
"gcf_4763",0.0246408286000666,0.787372699590274
"gcf_4764",0,0.663064547885871
"gcf_4767",0.502815544478209,0.680168915512543
"gcf_4768",0.235638268506531,0.337473064993807
"gcf_477",0.0153491893976425,0.357151312151628
"gcf_4770",0.167150825463655,0.499338871876341
"gcf_4771",0.376710975042001,0.544075620632575
"gcf_4774",0.330384191387366,0.611577253395027
"gcf_4776",0.341453886441516,0.636907715408156
"gcf_4777",0.38635322136527,0.660903460925137
"gcf_4778",0.470450862661856,0.747831062271029
"gcf_4779",0.107607750007813,0.467293586259115
"gcf_478",0.114008095142442,0.381559947395553
"gcf_4782",0.395588860590242,0.574444003619428
"gcf_4785",0.0932764197360305,0.133955091358546
"gcf_4786",0.475297526094366,0.656735534356632
"gcf_4787",0,0.662153003188167
"gcf_4788",0.00281690140845114,0.73678186264358
"gcf_479",0.49843033654868,0.561048718693853
"gcf_4791",0.26851186550502,0.433554557884675
"gcf_4792",0.237507148336977,0.676501680389685
"gcf_4794",0.250225259052986,0.407251021636181
"gcf_4795",0.501674557912931,0.689176502207149
"gcf_4796",0.295639274939501,0.666513515575042
"gcf_4797",0.343246241564368,0.397836814584944
"gcf_4798",0.125769817794407,0.753781922166152
"gcf_48",0.0657631559899955,0.5567957450699
"gcf_4802",3.33066907387547e-16,0.568004169989208
"gcf_4803",0.398178849392938,0.598043349431596
"gcf_4804",0.3328051130883,0.563786456212444
"gcf_4807",0.607734666690633,0.741471755705171
"gcf_481",0.008510391470072,0.739097930336209
"gcf_4810",0.225208584470372,0.251596494786285
"gcf_4811",0.456321862704412,0.61744182263671
"gcf_4812",0.445723794947313,0.750842738017075
"gcf_4813",0.276968503517351,0.385907959689023
"gcf_4814",0.445078423374636,0.639325629825378
"gcf_4816",0.269083679277006,0.357508338337296
"gcf_4819",0.265562300463641,0.60940336393784
"gcf_4820",0.126544718201046,0.237805126532109
"gcf_4821",0.471003941567775,0.589089166853979
"gcf_4823",0.588135041600457,0.650276825208851
"gcf_4824",0.55411129323929,0.666926508202843
"gcf_4825",0.273747743817836,0.470441063200505
"gcf_4827",0.34250574492503,0.561989274257008
"gcf_483",0.0353839859444619,0.131514358184611
"gcf_4830",0.153382398224344,0.258644426871571
"gcf_4833",0.0776325673907613,0.401433649051465
"gcf_4834",0.383092133871894,0.577492725868282
"gcf_4836",0.220248165073604,0.332477781606872
"gcf_4837",0.15568294632365,0.5703125
"gcf_4838",0.359687576256715,0.7
"gcf_484",0.463095142980282,0.589672548220709
"gcf_4841",0.536582020130433,0.669939365217588
"gcf_4845",0.452692219109417,0.594592281039561
"gcf_4846",0.0856511472450462,0.390213255921811
"gcf_4847",0.416600640002705,0.481187182422391
"gcf_4850",0.126321345438438,0.579338688469856
"gcf_4851",0.292000342180248,0.394982110590393
"gcf_4852",0.000516795865633023,0.509435554053123
"gcf_4854",0.421543493793696,0.574315456917698
"gcf_4855",0.420013414500587,0.659385398674461
"gcf_4856",0.0578402753215982,0.529618782809823
"gcf_4858",5.5511151231258e-17,0.688696671836482
"gcf_486",0.0463883915565112,0.437207167626282
"gcf_4860",0.00465116279069755,0.506840816706771
"gcf_4862",0.0174970426647325,0.375669607880925
"gcf_4863",0.225326489662227,0.381080511428721
"gcf_4866",0.149966829484023,0.736819322016092
"gcf_4868",2.22044604925031e-16,0.288131974699938
"gcf_487",0.530243973503135,0.693430330257517
"gcf_4871",0.255596799003087,0.618408669656539
"gcf_4872",0.357037171156172,0.535456268857975
"gcf_4874",0.369382909258466,0.580423506721761
"gcf_4876",0.223507130444466,0.822164251492605
"gcf_4877",0.441396630924001,0.565376278516656
"gcf_4878",0.109375,0.585012441255111
"gcf_488",0.122764521710333,0.391652896934389
"gcf_4880",0.144155672919939,0.618614964301763
"gcf_4883",0.0853636052981085,0.35796777352689
"gcf_4885",0.248933878916854,0.36008900695958
"gcf_4886",0.325662415819911,0.418282728564136
"gcf_4887",0.389763392467036,0.678073057557444
"gcf_4888",0.48850641763497,0.56052601381092
"gcf_4889",0.375351973261385,0.573363644597392
"gcf_489",0.105615743941931,0.211853405251635
"gcf_4890",0.109408351392293,0.412306273179671
"gcf_4891",0.00511667813267005,0.722603572380341
"gcf_4895",0.111634829744816,0.459441839892645
"gcf_4897",0.536347511705805,0.704807829704484
"gcf_4898",0.0802131627939264,0.438653848826004
"gcf_4899",0.48221425921021,0.679638362241406
"gcf_49",0.201376095246994,0.450396411296691
"gcf_4900",0.323913056844227,0.677754205054942
"gcf_4901",0.246093838271024,0.445839438624885
"gcf_4902",1.11022302462516e-16,0.344879719346318
"gcf_4904",0.501473510352913,0.46354749863341
"gcf_4906",0.294456638747653,0.851657308188243
"gcf_4907",0.409848265471123,0.467367007523766
"gcf_4908",0.304581739255397,0.723827614630503
"gcf_4909",0,0.733030475011234
"gcf_4910",0.303180997181423,0.491767001022169
"gcf_4911",0.386498623328397,0.641862123061979
"gcf_4912",0.33863611021386,0.720514207246044
"gcf_4913",0.502244807125515,0.667590011955759
"gcf_4915",0.460329758920178,0.612082382054999
"gcf_4916",1.11022302462516e-16,0.695978406720665
"gcf_492",0.0570708157503712,0.22056335009786
"gcf_4920",0.167314677721304,0.452710541948397
"gcf_4921",0.377095349125059,0.481188821378625
"gcf_4924",0.354174462613798,0.545425671717275
"gcf_4925",0.406789343479069,0.627107665185493
"gcf_4926",0.228867640946443,0.368852806732435
"gcf_4927",0.380372194346471,0.509784796978274
"gcf_4928",0.377600809798016,0.379004093565562
"gcf_4929",0.572594746923188,0.706061230866019
"gcf_4930",0.139883426551098,0.528572822610258
"gcf_4931",0.483459114564315,0.663089859492571
"gcf_4932",0.309919995766542,0.618952499266976
"gcf_4933",0.469250684267722,0.591365293651747
"gcf_4935",0.421167149900396,0.439436964505719
"gcf_4937",0.448659014951352,0.661375330687992
"gcf_4938",0.112582781456954,0.321273745053104
"gcf_4939",0.366342714578528,0.634653532803396
"gcf_494",0.0743855428436587,0.361755304497875
"gcf_4940",0.00601803620566273,0.122425194462055
"gcf_4941",0.396494313018416,0.417412610262809
"gcf_4942",0.555521258033072,0.682688640518756
"gcf_4943",0.540277300331703,0.560112354874158
"gcf_4948",0.182406086026999,0.44924021349061
"gcf_4949",0.0411613463061099,0.736042573680705
"gcf_4951",0.265156020773873,0.71105938982552
"gcf_4952",0.468469445264328,0.651252245684195
"gcf_4953",0.24413918330853,0.646249266251877
"gcf_4954",0.274178589281609,0.523296342775101
"gcf_4955",0.0827826997942794,0.402063126657961
"gcf_4957",0.26843206902526,0.714949208473451
"gcf_496",0.270711334061435,0.353466201671597
"gcf_4960",0.0232289763444753,0.479927260494666
"gcf_4961",0.362716686828655,0.451438046066991
"gcf_4962",0.308814222179075,0.566690001332701
"gcf_4965",0.171763554438651,0.799937470687858
"gcf_4968",0.525007763258489,0.713316748159557
"gcf_497",0.233475769346097,0.584104231679018
"gcf_4970",0.245591243378832,0.273567287707852
"gcf_4971",0.334467360747607,0.372198308565423
"gcf_4973",0.127181571246321,0.360297672661632
"gcf_4975",0.0230237266367976,0.676767550348136
"gcf_4976",0.0628930817610064,0.682072072450527
"gcf_4977",0.310139725671661,0.595084404392229
"gcf_4978",0.245711800388343,0.628492334725924
"gcf_4979",0.271282163933726,0.354934261679819
"gcf_498",0.511203562132499,0.671403067572461
"gcf_4980",0.332360209198926,0.595449974779937
"gcf_4981",0.505407663400327,0.559539458417913
"gcf_4983",0.0420130014940621,0.657874335609854
"gcf_4984",0.144664997945976,0.570757241522413
"gcf_4985",0.381274871425456,0.72949910959977
"gcf_4986",0.15075056081858,0.542422833342145
"gcf_4987",0.537806966366897,0.657510447028424
"gcf_499",0.216964078836724,0.771515425076944
"gcf_4990",0.255830200672606,0.565898117437341
"gcf_4991",0.0598558792706647,0.585501198238171
"gcf_4992",0.211931074347588,0.501975833743543
"gcf_4993",0.336475903960188,0.676191974663105
"gcf_4995",0.149169203966934,0.325254111025524
"gcf_4996",0.264400435449022,0.662021821692794
"gcf_4998",3.33066907387547e-16,0.171454183907201
"gcf_5",0.153687885880709,0.23467092977688
"gcf_50",0.315317330950608,0.269583370338472
"gcf_5000",3.33066907387547e-16,0.190801496682517
"gcf_5001",0,0.717157287525381
"gcf_5002",0.298140690512023,0.362590176375227
"gcf_5004",0.32028021177492,0.669444041984855
"gcf_5005",0.429617869024831,0.595147480895956
"gcf_5007",1.11022302462516e-16,0.30077954913401
"gcf_5008",0.29280239995526,0.393059128590324
"gcf_501",0.0733907008300991,0.710571291624226
"gcf_5013",0.255543588099913,0.656777009605307
"gcf_5014",0.465994249300826,0.616671734096533
"gcf_5015",0.268799982667851,0.478713964857313
"gcf_5017",0.258817071063869,0.42627353423245
"gcf_5018",1.11022302462516e-16,0.662025002746563
"gcf_5019",0,0.723827614630503
"gcf_502",0.298030514755317,0.38112120680174
"gcf_5021",0.330958589450703,0.500713192087087
"gcf_5023",0.349725007620077,0.464827103742193
"gcf_5026",0,0.762643668361229
"gcf_5028",0.0487099899637697,0.254472359990539
"gcf_5029",0.494420059789786,0.722179198533581
"gcf_503",0.247779917982339,0.626754379533927
"gcf_5030",0,0.661957161579963
"gcf_5031",0.242852527345793,0.695887680826988
"gcf_5032",0.149405417611968,0.197308794857649
"gcf_5033",0,0.314020669472849
"gcf_5034",0.165477963499253,0.407271688855455
"gcf_5036",0.0034071649306503,0.458345912475492
"gcf_5037",0.138552207203011,0.222869967404796
"gcf_5038",0.315324538335951,0.818835674536865
"gcf_5039",0.554207820301132,0.653806142073668
"gcf_5041",0.177125553785929,0.194847844419672
"gcf_5043",0.263330945976049,0.460446442771395
"gcf_5045",0.478136188222096,0.572668202210888
"gcf_5046",0.24475730180303,0.372515095511291
"gcf_5047",0.558532961519827,0.676296668177482
"gcf_5048",0.321694628712043,0.408285349844221
"gcf_5049",0,0.413251409963116
"gcf_505",0.482459603432117,0.691976176090873
"gcf_5050",0.427921992202385,0.623412152299363
"gcf_5051",0.484135166577108,0.667563824901966
"gcf_5052",0.0268024855185267,0.374656580779468
"gcf_5053",0.10320754319291,0.264411787498538
"gcf_5055",0,0.297772991641259
"gcf_5056",0.174963842948378,0.319382407611078
"gcf_5057",0.256774920651686,0.539829108770443
"gcf_5059",0.366919820375024,0.675343497628217
"gcf_506",0.352501229047426,0.456573372017896
"gcf_5060",0.285739087732185,0.368379708161747
"gcf_5063",0.331484844886481,0.513330037397043
"gcf_5064",0.218278576968022,0.712143728302911
"gcf_5066",0.326819248536038,0.412055527373239
"gcf_5067",0.178381586025594,0.307751546919692
"gcf_5068",0.0935260800645829,0.587116010911213
"gcf_507",0.229100017781741,0.38326617259503
"gcf_5072",0.682316383618923,0.697034113091203
"gcf_5073",0.354777267811405,0.596114197663304
"gcf_5074",0.581019905178404,0.688876510320928
"gcf_5075",0,0.658377265650078
"gcf_5076",0.0639097744360901,0.148032131171483
"gcf_5077",0.469900502444782,0.620532084342826
"gcf_5078",4.44089209850063e-16,0.454259236475306
"gcf_508",0.195835810293246,0.354307555724271
"gcf_5081",0.511942127295559,0.740657125649067
"gcf_5082",0.25622192895628,0.306011112588473
"gcf_5083",0.0549710211280157,0.309731510037367
"gcf_5084",0.188210044068468,0.318445798903523
"gcf_5085",0.409600619435091,0.602362753502294
"gcf_5086",0.37267022686371,0.600775737035521
"gcf_5089",0.528978550947239,0.725612676755548
"gcf_509",0.0856164365342278,0.582971171885851
"gcf_5090",0.119102288640901,0.474830389416587
"gcf_5091",0.518545822891454,0.62063434839177
"gcf_5092",0.347700601338231,0.513350973196479
"gcf_5093",0.515030308054962,0.710270070106317
"gcf_5094",0.490834235285812,0.751976188571099
"gcf_5097",0.292339096680539,0.462705941837281
"gcf_5098",0.296855800915714,0.738372023932909
"gcf_5099",0.153647516141529,0.685406496944154
"gcf_51",0.307277476599249,0.620059354008466
"gcf_510",0.292893218813453,0.638842440742692
"gcf_5100",0.331272199676367,0.624490336550255
"gcf_5101",0.0857976350174613,0.279310947729826
"gcf_5102",0.11974645046134,0.616270093289111
"gcf_5103",0.183575477170102,0.207092376352213
"gcf_5104",0.432100116474865,0.516153435125271
"gcf_5105",0.145454545454545,0.551852763409689
"gcf_5106",0.184095141809692,0.74050641934578
"gcf_5107",0.54798761410983,0.7756508030443
"gcf_5108",1.11022302462516e-16,0.422354938721117
"gcf_5111",5.55111512312578e-16,0.193817962158532
"gcf_5115",0.302083333333333,0.52719457115535
"gcf_5118",0.225,0.512431776797105
"gcf_5119",0.108061275073673,0.301567257379692
"gcf_512",0.268244487505927,0.390214222876079
"gcf_5120",0.0134034355091801,0.463943732581103
"gcf_5122",0.25968993973039,0.346127240723407
"gcf_5123",0,0.771016271843062
"gcf_5124",0.63083737757886,0.681307371763989
"gcf_5125",0.0104471815004203,0.634189636506931
"gcf_5126",0.266200614294657,0.723784262870504
"gcf_5127",0.435576943791401,0.827217431772878
"gcf_5128",0.398952039172252,0.641165396520748
"gcf_513",0.535865398399524,0.600974657708078
"gcf_5130",0.344064511825124,0.497554419916377
"gcf_5134",0.116547791401228,0.642006082128738
"gcf_5135",0.0186046511627905,0.362749033012892
"gcf_5136",2.22044604925031e-16,0.359507792198722
"gcf_5138",0.166316379415664,0.309393309364243
"gcf_514",0.0126844267253383,0.561096142162011
"gcf_5141",0.397460336305217,0.523564743846194
"gcf_5142",0.538494216014054,0.656192917913735
"gcf_5143",0.495581120697191,0.697234964590251
"gcf_5144",0.395566729527293,0.636470049601203
"gcf_5148",0.508856240555065,0.666589559718299
"gcf_5149",0.28691051708663,0.414487452182799
"gcf_515",0.00658973950694931,0.531014096840478
"gcf_5151",0.265581029468504,0.776044407964263
"gcf_5152",0.187923753981926,0.233387004478474
"gcf_5154",0.282781347965517,0.491117528137634
"gcf_5155",0.556377868858986,0.667854213869042
"gcf_5156",1.11022302462516e-16,0.362729015704389
"gcf_5157",0.210742639586989,0.584913942714552
"gcf_5158",0.372457917894612,0.626038813459517
"gcf_516",0.173422576596656,0.561624967087037
"gcf_5161",0.418904221716902,0.70781210437618
"gcf_5163",0,1
"gcf_5165",0.0128044021526902,0.641005570618282
"gcf_5167",0.629601401256404,0.754292572753951
"gcf_5168",0.314005659429965,0.742752122286237
"gcf_5169",0.0159882399703229,0.677563820472263
"gcf_517",0.47090755687408,0.695993725917899
"gcf_5170",0.159364211500281,0.632963734521218
"gcf_5171",0.181421911243086,0.51614645373136
"gcf_5172",0.274439065062746,0.382905874964238
"gcf_5173",0.313436981749226,0.376981047818526
"gcf_5176",0,0.470880589331417
"gcf_5177",0.168530135648863,0.598698233761936
"gcf_5178",0.346204570263133,0.607912162485493
"gcf_5179",0.495517969949308,0.802882946666042
"gcf_518",0.072975189113042,0.297689460964672
"gcf_5181",0,0.528479039903551
"gcf_5185",0.142424738634125,0.294218557395462
"gcf_5187",0.277492529135826,0.610269081263878
"gcf_5189",0.304731060304637,0.443739211738167
"gcf_519",0.214499409945812,0.757917327908715
"gcf_5190",0.45833256640803,0.564958777607222
"gcf_5191",0.183503419072274,0.490804258629058
"gcf_5192",0.266770433286626,0.445426351452078
"gcf_5193",0.66792536637027,0.803710061450294
"gcf_5195",0.0361100131491789,0.401791202996681
"gcf_5196",0.375304952445576,0.764030048137865
"gcf_5197",1.11022302462516e-16,0.719125293191966
"gcf_5198",0.418126671846631,0.63159463334778
"gcf_5199",0.233755797728431,0.435018101657632
"gcf_520",0.0623202766094553,0.362110964957503
"gcf_5200",0.014928749927334,0.368934408545655
"gcf_5203",0.247043573045688,0.342749196280821
"gcf_5206",0.422708554495792,0.661389928916348
"gcf_5207",0.0280898876404495,0.433078694719335
"gcf_5209",0.260698716453109,0.697852775641549
"gcf_5213",0,0.439667506582299
"gcf_5216",0.351255392918453,0.785623119696851
"gcf_5217",0.494379417039769,0.725900684454323
"gcf_5218",2.7755575615629e-17,0.423029895678871
"gcf_5219",0,0.791531824864451
"gcf_522",0.359769020579714,0.410152910838071
"gcf_5220",0.38411823794856,0.545141173852658
"gcf_5223",0.243236418698035,0.642572089848923
"gcf_5225",0.294115338446845,0.524854626705546
"gcf_5226",0.179334794626734,0.393445148777365
"gcf_5227",0,0.762687952692513
"gcf_5228",0.518892556761016,0.624643875283193
"gcf_5229",0.351895351299769,0.303340135130305
"gcf_523",0.389355172121854,0.636395539854895
"gcf_5231",0.188838145804491,0.254941664227487
"gcf_5232",0.305612285264792,0.629048857482175
"gcf_5234",0.120503069087135,0.360450155481851
"gcf_5235",0.148005804364305,0.383774781158215
"gcf_5237",0.292893218813453,0.72166502962936
"gcf_5238",0.356249726668474,0.655901004935908
"gcf_5239",0.377911559446777,0.697002327686511
"gcf_5240",0.200896580310031,0.725386592441369
"gcf_5241",0.13586172681355,0.545602109005505
"gcf_5243",0.321767001687473,0.625447126466151
"gcf_5246",0.0589715247693251,0.692500611503858
"gcf_5248",0.480432788566229,0.734068003413302
"gcf_525",0.0367809617927759,0.611063307739155
"gcf_5250",0.491240365711156,0.523743846893662
"gcf_5251",0.354169422413936,0.525585133153974
"gcf_5252",0.072975189113042,0.713465058453122
"gcf_5255",0.309446254071661,0.438143224971552
"gcf_5256",0.143439638919759,0.773350793044188
"gcf_5257",0.260562213566088,0.435439461322219
"gcf_5258",0.0234454752874985,0.703954324952915
"gcf_5260",0,0.795488889216496
"gcf_5261",0.261314450230137,0.518453739105103
"gcf_5262",0.34375,0.420771790095703
"gcf_5263",0.350223110985374,0.665112656688431
"gcf_5264",0.534789252038207,0.719188425831634
"gcf_5266",0.446051354317636,0.659902415782028
"gcf_5267",0.245878388077658,0.291754342226751
"gcf_5269",0.483063008070152,0.699655549544801
"gcf_5272",0.372381294221741,0.848397174026181
"gcf_5273",0,0.705181479400137
"gcf_5274",0.0313121429564829,0.553939271057634
"gcf_5275",2.22044604925031e-16,0.763803208659789
"gcf_5276",0.446683255006813,0.520326197795065
"gcf_5277",0.338468944324352,0.467127245005083
"gcf_5278",0.0656612682579289,0.720071378848399
"gcf_528",0.274848295585921,0.317456901338078
"gcf_5280",0.293238233120982,0.675822719656499
"gcf_5282",0.522181517432504,0.614432170117463
"gcf_5285",0,0.732782626612027
"gcf_5286",0.255775901961642,0.631082129636955
"gcf_5287",0.484212150792504,0.651942716947575
"gcf_5289",0.53556789831621,0.64432573871852
"gcf_529",0.115112444377068,0.164576730533679
"gcf_5290",0.282107882514131,0.470450850785336
"gcf_5293",0.276007027613726,0.367056295901334
"gcf_5296",0.289559163937358,0.644222204020259
"gcf_5297",0.20401115202861,0.380976118192815
"gcf_5300",0.194672691849806,0.570248202623812
"gcf_5303",0.383686392085077,0.637192124319399
"gcf_5304",0.374338944437416,0.41041996278816
"gcf_5307",0.618253547504398,0.671231098973025
"gcf_5308",0.35240807811653,0.408167819235318
"gcf_5309",0.35277710048412,0.705181479400137
"gcf_5310",0.19804586491333,0.304860052039039
"gcf_5311",2.22044604925031e-16,0.684439162064418
"gcf_5312",0.404217554733858,0.41816163236468
"gcf_5314",0.340167972486175,0.844500097953274
"gcf_5315",0.234370856108222,0.709215455321915
"gcf_5316",1.11022302462516e-16,0.619273182025302
"gcf_5318",0.209960942007623,0.243594763665122
"gcf_5319",0.152208752109342,0.574371734620626
"gcf_532",0.153926399626627,0.315702058087162
"gcf_5321",0.421402200391685,0.620149610816832
"gcf_5323",0,0.414984467915031
"gcf_5324",0.30656587306122,0.661155145531147
"gcf_5325",0.10320358423534,0.471161707629648
"gcf_5327",0.305915491687602,0.635210743226959
"gcf_5328",0,0.667732138126766
"gcf_5329",0.280411076253892,0.710501254217702
"gcf_533",0.00324883985898643,0.31292398386585
"gcf_5332",0.293393943612128,0.505760312390653
"gcf_5333",0.241351125126235,0.581226148686689
"gcf_5337",0.0735200141138953,0.306221248939383
"gcf_5338",0.246463171370609,0.3515625
"gcf_5339",0,0.618747365642049
"gcf_5340",0.214022508108141,0.785701346146369
"gcf_5341",0.178104709755502,0.304176606024235
"gcf_5342",0,0.362212508857168
"gcf_5343",0.443706088833409,0.810009851085663
"gcf_5344",0.566716411186139,0.668040257866227
"gcf_5347",0.0257908986328076,0.72949910959977
"gcf_5348",0.35494504853388,0.617640443549064
"gcf_5349",0.235993967689484,0.285013441929004
"gcf_535",0.300601918217745,0.675557157738475
"gcf_5353",0.422649730810374,0.754263406408505
"gcf_5354",0.0187736442739121,0.328633782289513
"gcf_5359",0,0.533932898558204
"gcf_5361",0.289817871920458,0.315255791171485
"gcf_5363",0.471027562973388,0.516759214003546
"gcf_5364",0.184673664568547,0.313409401741934
"gcf_5365",1.11022302462516e-16,0.539981837732284
"gcf_5366",0.44326213706259,0.558144553224278
"gcf_537",0.0274439940663527,0.626769588323105
"gcf_5370",0.50213623114163,0.687652476222788
"gcf_5371",0.547819932478937,0.777316813834418
"gcf_5372",0.369386379096579,0.519210026879962
"gcf_5373",0.033158436611431,0.695002859334791
"gcf_5374",0,0.248965888378732
"gcf_5375",0.125802194424063,0.502269739880067
"gcf_5378",0.272902595988244,0.593777768148806
"gcf_5379",0.0104166666666669,0.486705564081528
"gcf_5380",0.138315603019296,0.380226680590153
"gcf_5382",0.370746795034307,0.466534930630735
"gcf_5383",0.405561172497874,0.570224821667637
"gcf_5384",0.0869739412720618,0.883723610492454
"gcf_5385",0.567257677592085,0.624349522494647
"gcf_5386",0.481128444529448,0.684077303324943
"gcf_5388",0.0118387288887004,0.701997918734108
"gcf_5389",0.387630013779251,0.447013026361981
"gcf_539",0.131250293456801,0.449746263003804
"gcf_5392",0.116547791401228,0.415079799891911
"gcf_5394",0.325759485779537,0.702057994208535
"gcf_5396",0,0.248603432957537
"gcf_5397",0.223483633466881,0.330799433409947
"gcf_5398",0.384736252501287,0.52945156335194
"gcf_54",0.0609165510159826,0.149906197727251
"gcf_540",0.270612215383623,0.475745038965569
"gcf_5401",0.192812027235226,0.380015289176853
"gcf_5403",0.23656972145967,0.377663385176854
"gcf_5404",0.105504638793743,0.792119539844925
"gcf_5405",0.448518473146996,0.726668214616993
"gcf_541",0.165588163087214,0.717074366274625
"gcf_5411",0.32081197691822,0.433705924248748
"gcf_5413",0.327480738062955,0.795114033683159
"gcf_5415",0.378264829811969,0.72806327972866
"gcf_5416",0.251016949620288,0.932839561069776
"gcf_5417",0.430547834191144,0.722211593445017
"gcf_5418",0.272527202215814,0.407922861375808
"gcf_542",0.21762084170882,0.379635416268169
"gcf_5420",0.207518995602077,0.662630326779155
"gcf_5421",0.337458651131087,0.634761434831745
"gcf_5422",0.125,0.666288093764043
"gcf_5423",0.456031190523972,0.512716103791484
"gcf_5424",8.88178419700124e-17,0.182923452691262
"gcf_5425",2.22044604925031e-16,0.401183986198134
"gcf_5426",0.525461824310751,0.723289016531242
"gcf_5427",0.0835701363931361,0.488760125583343
"gcf_5428",0.28759043688006,0.442778875102616
"gcf_5429",0.0217349175276389,0.466117303561328
"gcf_543",0.365672251036827,0.54945123336875
"gcf_5430",0,0.747936389901153
"gcf_5431",0.0677556166656531,0.211871562105005
"gcf_5432",0.431168513202518,0.663271253525581
"gcf_5433",0.438796271959403,0.747120469786114
"gcf_5434",0.426926662316009,0.545218740014014
"gcf_5436",0.296263852557373,0.585040806636732
"gcf_5437",0.438690376752113,0.649654241407571
"gcf_5438",0.105504638793743,0.78674103192947
"gcf_5443",0.600922381284923,0.657916272535882
"gcf_5444",1.11022302462516e-16,0.640839756093817
"gcf_5445",0.155117499760641,0.377219565490903
"gcf_5446",0.316752430427755,0.451443344795922
"gcf_5447",0.0298341261603408,0.552106041086396
"gcf_5448",0.440522732047701,0.547460048868059
"gcf_5449",0.289116713553936,0.478518213429031
"gcf_545",0.303212552684526,0.499703082969755
"gcf_5450",0.52513120691614,0.65292890745552
"gcf_5451",0.241940046124357,0.51818709078707
"gcf_5452",0.189069241148066,0.528378890858101
"gcf_5453",0.136443413584932,0.388805222990225
"gcf_5455",0.20148416303566,0.283323360125423
"gcf_5456",0.332583402023716,0.723827614630503
"gcf_5457",0.259657209052828,0.461993051352263
"gcf_5458",0.380845481281499,0.597090934277977
"gcf_5459",0.448973355420717,0.683168316831683
"gcf_546",0.326329188572467,0.46605392898918
"gcf_5460",0.243021880754884,0.755812921733056
"gcf_5461",0.401752293666231,0.550149897676752
"gcf_5464",2.22044604925031e-16,0.263638173855453
"gcf_5466",0.525744759874089,0.705078434213468
"gcf_5469",0.125149056144353,0.205833489062974
"gcf_5471",0.245980772264536,0.756837782527974
"gcf_5472",0.34893003433373,0.643667715089234
"gcf_5474",0.309901325945019,0.575155912654978
"gcf_5476",0.484477668440752,0.77350103148811
"gcf_5477",0,0.401140157029636
"gcf_548",0,0.519401060105948
"gcf_5480",0.152208752109342,0.51052749481372
"gcf_5488",0.21221445773227,0.399754952001219
"gcf_5489",0.21469776216855,0.455823507145616
"gcf_549",0.0600507218013842,0.135203835227
"gcf_5491",0.256165694738263,0.612813682253509
"gcf_5492",0.499722402125371,0.644065751592813
"gcf_5493",0.440390060573797,0.780487804878049
"gcf_5494",0,0.807944680100656
"gcf_5495",0.255098631508514,0.655784834699949
"gcf_5497",0.382606774282961,0.469637890313321
"gcf_5498",0.189069241148066,0.740762076317394
"gcf_5499",0.386250243217434,0.612364297427989
"gcf_55",0.0343937868094296,0.527666220611553
"gcf_5500",0.195289111278025,0.626204945059752
"gcf_5502",0.308493232974844,0.480452804493082
"gcf_5503",0.14714944470297,0.438086196632062
"gcf_5504",0.195908467334311,0.571454445877146
"gcf_5506",0.390817531422903,0.710560803482094
"gcf_551",0.325568857875134,0.612760613005211
"gcf_5511",0.431426467315823,0.785405748906415
"gcf_5512",0.196718418730451,0.256567081640844
"gcf_5513",0.288608495450965,0.361696663726551
"gcf_5515",0.351312564443405,0.408691642105998
"gcf_5518",0.098621874936183,0.658378779696636
"gcf_5519",0.462974900641255,0.555794325431697
"gcf_552",0.0613657827648371,0.387400633618004
"gcf_5520",0.332578042747831,0.530313313781821
"gcf_5521",0.297753116823217,0.372863241630161
"gcf_5523",0.172167276834348,0.597202763123817
"gcf_5526",0.305577627455218,0.37242473541694
"gcf_5527",0.306163399995475,0.656979658424729
"gcf_5529",0.243346255292072,0.351849221385809
"gcf_5532",0.27265396263916,0.741302397126873
"gcf_5537",2.22044604925031e-16,0.635534361937436
"gcf_5538",0.346256584488853,0.459057896013338
"gcf_5539",0,0.671702305066269
"gcf_554",0,0.563302229886464
"gcf_5541",0.341241877354864,0.623078433405443
"gcf_5544",0.244508093809573,0.645993860956308
"gcf_5545",0.0175446443901532,0.303541158479821
"gcf_5546",0.35072872942085,0.549357986144402
"gcf_5548",0.0205859230061125,0.388025734670173
"gcf_5549",0.178293443654679,0.269454392578773
"gcf_5550",0.368406844413893,0.611807783561288
"gcf_5551",0.0954013702338827,0.378692783169838
"gcf_5553",0.440657880200986,0.759703812468325
"gcf_5555",0.443724147678899,0.695665265124654
"gcf_5556",0.189069241148066,0.675240473580835
"gcf_5557",0.415458516151828,0.578412209714571
"gcf_5558",3.33066907387547e-16,0.680061441657072
"gcf_5559",0.518718695219366,0.641645438634551
"gcf_556",0.297369327495632,0.514718331436334
"gcf_5560",0.276377049007109,0.321097827532202
"gcf_5561",0,0.297587175824209
"gcf_5564",0.337087392637612,0.761634352688602
"gcf_5567",0.269215657084546,0.792724278088537
"gcf_5569",0.347998408244081,0.514989624069285
"gcf_557",0.520556925318394,0.73252901721508
"gcf_5571",0.18333466913125,0.258085370285599
"gcf_5572",0.387673444701704,0.47909164782802
"gcf_5574",0.517488031770749,0.651478356678925
"gcf_5576",0.550789467599337,0.638867305811315
"gcf_5577",0.22398747172424,0.660517707456847
"gcf_5579",0.427166849873795,0.675956636045847
"gcf_558",0.45616990110476,0.669199109047295
"gcf_5580",0.198462311840804,0.286094115148197
"gcf_5581",0.566523605150214,0.729947488079719
"gcf_5582",0.177043424545613,0.481639470064832
"gcf_5584",0.558937840993664,0.695603108346142
"gcf_5585",0.172396826199161,0.741373274185181
"gcf_5586",0.299539322095578,0.41884686602581
"gcf_5587",0.365387337764534,0.657643169057183
"gcf_559",0.171991650955767,0.535008547669745
"gcf_5590",0.346841898887637,0.60818232407126
"gcf_5591",0.266520243377965,0.853258184690942
"gcf_5592",0.317479070814678,0.595934079507711
"gcf_5593",0.012200162129367,0.623910703151196
"gcf_5595",0.206413718452443,0.258851225803473
"gcf_5596",0.373371686341687,0.824003779576026
"gcf_5598",0.216649626744567,0.642278240911665
"gcf_5599",0.423889918609614,0.57673735003626
"gcf_56",0.0762138906795073,0.130218846096346
"gcf_5601",0.362761986779718,0.74139724586438
"gcf_5603",2.22044604925031e-16,0.579604350959121
"gcf_5604",0.25848019958246,0.33216236265784
"gcf_5605",0.299048452010588,0.307014989505687
"gcf_5608",0.0564726276153804,0.171844956819431
"gcf_5609",0,0.719105977205685
"gcf_561",0.00744662965226033,0.249864520180416
"gcf_5610",0.0937500000000002,0.528378890858101
"gcf_5611",0.213184341675638,0.510493500126372
"gcf_5612",0.302958815104683,0.419906724356217
"gcf_5613",2.22044604925031e-16,0.701876387765003
"gcf_5614",0.00642424970771141,0.267205371596603
"gcf_5615",0.375770862799251,0.710360819867518
"gcf_5617",1.11022302462516e-16,0.619564866239266
"gcf_562",0.128979792019396,0.469768228479464
"gcf_5620",2.22044604925031e-16,0.533512273472015
"gcf_5623",0.293370767852314,0.667242272921269
"gcf_5624",0,0.303304859859414
"gcf_5625",0.18621154122884,0.339941818579735
"gcf_5628",0.171720752627529,0.840058150101866
"gcf_5630",0.00759013282732446,0.660685196859912
"gcf_5631",0.266340915018109,0.611020398332957
"gcf_5632",0.18,0.487589907823721
"gcf_5633",0.462634184906809,0.660316889756621
"gcf_5634",0.239315075212715,0.365432467676466
"gcf_5635",0.372301148676201,0.570413343932786
"gcf_5637",0.155887217330355,0.551627334834026
"gcf_5639",0.475574857800463,0.637779769864906
"gcf_564",0.246881460145861,0.306295573613681
"gcf_5640",0.231921791691619,0.597588960732469
"gcf_5641",1.11022302462516e-16,0.644040122736682
"gcf_5642",0.426373404776351,0.690739940743633
"gcf_5643",0.2878940096001,0.390114179939986
"gcf_5644",0.271707350115676,0.501555213720773
"gcf_5648",0.529737943076705,0.78960105960736
"gcf_5649",0.0741346314456587,0.218006932594017
"gcf_5651",0.208807407978214,0.379526285685498
"gcf_5653",0.24244598092143,0.626866754844622
"gcf_5654",0.00456830250162418,0.452417182128837
"gcf_5655",0.0821917808219177,0.801215495469826
"gcf_5657",0.380878042338682,0.454639492104513
"gcf_5658",0.232052352211696,0.526803741390294
"gcf_566",0.0831921143268496,0.691094920538919
"gcf_5663",0.519118503313228,0.831608869003055
"gcf_5665",0.187307384936353,0.511417884395509
"gcf_5667",0.374595474593353,0.761750656987944
"gcf_5668",0.276598027220668,0.452965867111839
"gcf_5669",0.316145910522872,0.72949910959977
"gcf_567",0.407067030157323,0.650431300225451
"gcf_5670",0.251016949620288,0.642778880463101
"gcf_5672",0.378317628858405,0.742752122286237
"gcf_5673",0.0849581499725889,0.703522025370212
"gcf_5674",0.202430006396028,0.870859283820975
"gcf_5676",0.249895041226316,0.288165702388238
"gcf_5677",0.292731753101946,0.460362193959747
"gcf_5681",0.16876106645419,0.225403330758517
"gcf_5683",0.0954600605519698,0.170666588653003
"gcf_5684",0.324284349839829,0.464231041194209
"gcf_5685",0.361462890544712,0.678787415828464
"gcf_5686",0.160280877240368,0.50419822711762
"gcf_5687",0.555076317887633,0.745336829415474
"gcf_5688",0.232477421119802,0.367544467966324
"gcf_569",0.163087593433986,0.30114758256433
"gcf_5691",0,0.473289746736
"gcf_5695",0.350192222390718,0.363280922061757
"gcf_57",0.163332266299007,0.328117007678387
"gcf_570",0.25263636170619,0.713078023911348
"gcf_5700",0.303282323973292,0.52865285910338
"gcf_5702",0.344274318900354,0.419652564212152
"gcf_5704",0.166965489658714,0.290503026706677
"gcf_5706",0.412160990531062,0.531346100809843
"gcf_5707",0.383521579808597,0.662296165013145
"gcf_5708",0.251628752683854,0.611577253395027
"gcf_5709",0.553937714960357,0.658517173403513
"gcf_571",0.56716267061548,0.638401259069004
"gcf_5710",0.365999588533942,0.764135242335685
"gcf_5713",0.116547791401228,0.663064547885871
"gcf_5714",0.316079643238702,0.492127885980408
"gcf_5717",0.237685095237679,0.551180605453749
"gcf_5718",0.5127085871799,0.73238378303
"gcf_5719",0.268774930847122,0.642140752380605
"gcf_572",0,0.365121474723869
"gcf_5721",0.361636555355229,0.613170619178247
"gcf_5722",0.295157989129665,0.63693948875333
"gcf_5724",0.0078125,0.532014512333271
"gcf_5725",0.0933352747533793,0.702089198271954
"gcf_5726",0.562328375483922,0.752606578488528
"gcf_5728",0.116471303969822,0.166727897941009
"gcf_5729",0.00653358995925368,0.446735195578911
"gcf_5732",0.411362659558869,0.603283537419374
"gcf_5733",0.309802962032209,0.768356876671536
"gcf_5734",0.102158556783558,0.298563602467862
"gcf_5735",0.295761817987658,0.67197593763578
"gcf_5736",0.147250961248829,0.694389831563767
"gcf_5737",0,0.137337814372493
"gcf_5738",0.556833738846203,0.721047598176124
"gcf_574",0.117015845584332,0.430011644013028
"gcf_5740",0.146568424542693,0.224010692310781
"gcf_5741",0.40437664246986,0.780274447526869
"gcf_5742",0.461638324798873,0.558819801439956
"gcf_5743",0.262425215384788,0.345284883066555
"gcf_5744",0.128712752988029,0.402800027094855
"gcf_5746",0.389246373477284,0.478617132941332
"gcf_5748",0.384930875891335,0.543868751215307
"gcf_575",0.0813767469720709,0.259541845618934
"gcf_5750",0.0376355131198816,0.380375676738476
"gcf_5752",0,0.418671160870958
"gcf_5753",0.315324538335951,0.625447126466151
"gcf_5754",0.133858202773226,0.24914190502607
"gcf_5758",0.263636363636364,0.367388248245025
"gcf_5759",0.35805200360661,0.532437957382947
"gcf_576",0.351255392918453,0.818835674536865
"gcf_5761",0.407264261062567,0.763137389814483
"gcf_5762",1.11022302462516e-16,0.215563317347468
"gcf_5765",0.259990026096846,0.504898833883031
"gcf_5767",0.166384228653699,0.701570624016464
"gcf_5768",0.232611194579808,0.353853166488625
"gcf_5769",0.293627875407848,0.309861958586195
"gcf_577",0.122201754504618,0.533356522098865
"gcf_5771",0.33025429101707,0.712166124978795
"gcf_5772",0.288665337903986,0.414252452812718
"gcf_5779",0.444423186890033,0.670899258698528
"gcf_578",0.0784826975594492,0.115524054861306
"gcf_5781",0.237453537443036,0.538264111270746
"gcf_5782",0.183503419072274,0.201253344744616
"gcf_5783",0.327073415089547,0.498430137424481
"gcf_5784",0.228183632123306,0.791139844848932
"gcf_5786",0.187850752459619,0.428998921248182
"gcf_5788",0.353330209317137,0.748522154615227
"gcf_5789",0,0.756214183046258
"gcf_579",0,0.701859923783873
"gcf_5790",0.484438681942382,0.746927575582802
"gcf_5792",0.0282363138076902,0.685872603305994
"gcf_5794",0.522545367134753,0.739808362596677
"gcf_5795",0.262263691815218,0.339269718695344
"gcf_5797",0.531357993182795,0.678878582181652
"gcf_5799",2.22044604925031e-16,0.54734093698443
"gcf_58",0,0.640552683825832
"gcf_580",0.091751709536137,0.768054313357651
"gcf_5801",0.213375245203776,0.539468700941496
"gcf_5802",0.24874686629405,0.632720690188202
"gcf_5803",0.416890588877946,0.519011425279065
"gcf_5804",0.497296596635891,0.713287069517415
"gcf_5807",0.402085685343822,0.713457426713353
"gcf_5808",1.48029736616687e-16,0.610520960423328
"gcf_5809",0.318473271489903,0.678393114693727
"gcf_581",0.346882087842049,0.413659382086163
"gcf_5811",0.0365655211475485,0.528989956680158
"gcf_5813",0.188155859114011,0.735632183908046
"gcf_5816",0.376416468337725,0.806158541736665
"gcf_582",0.319940487664724,0.610223683568887
"gcf_5821",0.406100137922076,0.51338864927581
"gcf_5822",0.109090909090909,0.251886599723237
"gcf_5823",0.42998079525727,0.715275475674706
"gcf_5825",0.44555888707593,0.729156911146997
"gcf_5826",0.0829723025084686,0.715885076420335
"gcf_5827",0.452902482704722,0.54375
"gcf_5829",0.0804867661876948,0.747619459762777
"gcf_583",0.302043174903259,0.60817075591553
"gcf_5831",0.196520642171941,0.249689264060416
"gcf_5833",0,0.48591114733652
"gcf_5835",0.481021614108621,0.602699693390142
"gcf_5836",0.0369806651892399,0.617175292074111
"gcf_5837",0,0.14778144630455
"gcf_5838",0.259387103348472,0.355174035158026
"gcf_5841",0.263424700988012,0.736819322016092
"gcf_5842",0.109090000091364,0.18473634838382
"gcf_5843",0.200346308386926,0.494567329039812
"gcf_5844",0.228054931244706,0.25838124258662
"gcf_5845",0.497938556417562,0.584733734727727
"gcf_5849",0.228973257701537,0.293416420351006
"gcf_585",0.446225075805462,0.625672319857037
"gcf_5850",0.00701415302227773,0.537728539497281
"gcf_5851",0.068524257522758,0.833224720309967
"gcf_5852",0.46920895784237,0.852040911425178
"gcf_5853",0.405725957560977,0.438963423235731
"gcf_5854",0.530721799098205,0.656610422097075
"gcf_5856",0.0919122728437771,0.18097540329824
"gcf_5858",0.28358143007158,0.799937470687858
"gcf_5859",0,0.651355039010271
"gcf_5861",0.37548720288033,0.773472873325473
"gcf_5865",2.22044604925031e-16,0.257661269801646
"gcf_5866",0.468251531746075,0.67317925746243
"gcf_5867",0.0072992700729928,0.19238823898957
"gcf_5868",0.166730951521134,0.626089056996695
"gcf_5869",0.409163329085851,0.788237644354779
"gcf_587",0.0539991284494736,0.211759505185273
"gcf_5873",0.519257749839064,0.663268207677478
"gcf_5876",0.258118179388058,0.748985797052635
"gcf_5877",0.414348392917727,0.817308666776673
"gcf_5878",0.16097349900661,0.216365538383926
"gcf_588",0.0377339773137144,0.713704486402189
"gcf_5882",0.0585685835734093,0.55158679852102
"gcf_5885",0.27897504125134,0.472465680648375
"gcf_5886",0.511302240804215,0.705858118800563
"gcf_5887",0.307970297249424,0.592034752013904
"gcf_5889",0.495884240203341,0.740834144244513
"gcf_589",0.274036010961173,0.509750958163733
"gcf_5890",0.467570782384194,0.570902824232033
"gcf_5893",0.126137102494697,0.203180927110404
"gcf_5894",0.348309536029955,0.513767557489118
"gcf_5895",0.00796812749003994,0.73956638652268
"gcf_5896",0.45157677461104,0.642006793535541
"gcf_5897",0.396673610522101,0.438477096625175
"gcf_5898",0.110168435222028,0.39820652340593
"gcf_5899",0,0.578124820080678
"gcf_590",0.360921573913652,0.409670686749862
"gcf_5900",0.31013530536753,0.472052998101218
"gcf_5901",0.237002947473254,0.672439859673159
"gcf_5902",0.292893218813452,0.821860888230902
"gcf_5903",0.424698259082888,0.64347680086526
"gcf_5905",0.0756459662300187,0.515913747187255
"gcf_5906",2.22044604925031e-16,0.746024535972999
"gcf_5907",0.165250815184353,0.640557422655205
"gcf_5908",0.441028704286863,0.507032964249583
"gcf_5909",0.613716865905507,0.735967464014025
"gcf_591",0.538421926238118,0.654017770057378
"gcf_5910",0.278887247616567,0.811215206458713
"gcf_5913",0.153789478385579,0.25405479327675
"gcf_5914",0.239746662193668,0.33041521279355
"gcf_5915",0.420013414500587,0.557987782252619
"gcf_5918",0.433861482927702,0.558001181779062
"gcf_5919",0.223254469665847,0.341669038304688
"gcf_592",0.328284758939355,0.396909637156937
"gcf_5921",0.0101436006917489,0.345209031714644
"gcf_5924",0.303729743180566,0.395328816509858
"gcf_5926",0.186875064229266,0.270603191374203
"gcf_5929",0.227974250134297,0.633163008966611
"gcf_593",0.285628413975095,0.317077433616265
"gcf_5931",0.170802757812524,0.199426380886559
"gcf_5932",0.143226463856013,0.357555782514745
"gcf_5934",0.44405455081838,0.699721777852288
"gcf_5935",0.258174084799147,0.633001051175581
"gcf_5937",0.245460571994018,0.755585549790543
"gcf_594",0.068524257522758,0.697326953316629
"gcf_5941",0,0.642006082128738
"gcf_5943",0.514423203932831,0.700271505977258
"gcf_5944",0.243087411475627,0.668938904014135
"gcf_5945",0.429537954837014,0.71899567806349
"gcf_5947",2.22044604925031e-16,0.618614964301763
"gcf_5948",0,0.285334366686154
"gcf_5949",0.38619823995593,0.717010788800105
"gcf_595",0.289412169443449,0.674417228977408
"gcf_5950",0.608153673793719,0.865630351123924
"gcf_5951",0.590636327512808,0.673401367628909
"gcf_5952",0.308698870179717,0.306645580765584
"gcf_5953",0.235225107234309,0.275837682701016
"gcf_5954",0.398465043929664,0.793312115148778
"gcf_5958",0.162469400353377,0.32994693652086
"gcf_596",0.163142111330834,0.346661227937549
"gcf_5960",0.184876158200267,0.618365593406487
"gcf_5961",0.064707788212387,0.220062286589106
"gcf_5962",0.414320878588975,0.772408380634349
"gcf_5963",0.391270168876808,0.539193747738354
"gcf_5964",0.398525192367485,0.437653231946962
"gcf_5967",0.291700555630678,0.607677654565647
"gcf_5969",0.326899681293054,0.471847395353156
"gcf_597",0.201320271365199,0.313028845116141
"gcf_5971",0.424527297633649,0.760315646752287
"gcf_5975",0.449578628053036,0.460714246298609
"gcf_5976",0.364156207321662,0.687402297949778
"gcf_5979",0.150845518526914,0.581841947254174
"gcf_598",0.160185232110275,0.303461463618625
"gcf_5980",0.292878690366421,0.326322361578214
"gcf_5983",0.215895466329969,0.280862037302002
"gcf_5984",0.178312380031866,0.256288426072298
"gcf_5985",0.249617053842803,0.410808594424486
"gcf_5987",0.457694387999699,0.591666108208555
"gcf_5988",0.115112680516995,0.313992393887966
"gcf_5989",0.0551165685799649,0.54296435702741
"gcf_5990",0.341486878490256,0.612342556971447
"gcf_5992",0.353466201671597,0.831641242574632
"gcf_5994",0.313667154433559,0.380703226744593
"gcf_5995",0.243969457455851,0.33395833162816
"gcf_5998",0.0448305179057972,0.232598363793558
"gcf_5999",0.572986377039115,0.717033835378254
"gcf_6",0.0446942687748848,0.486374619921075
"gcf_60",0.0987762808150039,0.236267685163794
"gcf_6000",0.370133885782795,0.596003322764418
"gcf_6001",0.594001028529425,0.728253511805297
"gcf_6003",0.261066493334666,0.681960025645586
"gcf_6005",0.417024751931834,0.595480082522055
"gcf_6006",0.251016949620288,0.567574434244806
"gcf_6009",0.436406700083084,0.582347079186376
"gcf_601",0.275791744407499,0.324534310541631
"gcf_6011",0.0583057674207246,0.611057777876454
"gcf_6012",0.388953749686578,0.388961967147028
"gcf_6013",0.167712407268117,0.273208106498593
"gcf_6014",0.399262308228714,0.552406960759678
"gcf_6016",0,0.738372023932909
"gcf_6019",0.00260416666666683,0.151619546587537
"gcf_602",0.260370706203653,0.638842440742692
"gcf_6023",0.279245283018868,0.344025877988402
"gcf_6024",0.0944614861862583,0.659497387696501
"gcf_6026",0.438690376752113,0.790008231764481
"gcf_6027",2.22044604925031e-16,0.78810861465441
"gcf_6028",0.159572024663019,0.242431120823003
"gcf_603",0.406228914004646,0.475496228670671
"gcf_6033",0.186361046897947,0.637761546969367
"gcf_6037",0.150201045930355,0.150201045930356
"gcf_6039",0,0.307201682405171
"gcf_604",0.00724144989430642,0.322532199983245
"gcf_6040",0.263930070034822,0.397944742762292
"gcf_6041",0.507382169767858,0.602753204366654
"gcf_6044",0.260691544366106,0.464496479734527
"gcf_6046",0.100170084098656,0.185313612019229
"gcf_6047",0.0509454131647609,0.543976504223557
"gcf_6048",0.107187267160523,0.154721260844298
"gcf_6049",0.343927311535513,0.409708170101903
"gcf_605",0.324783162050951,0.402261102639969
"gcf_6050",0.259914333530366,0.599748482275231
"gcf_6051",0.512680807564512,0.608314685577601
"gcf_6052",0.221198497836442,0.435560542748665
"gcf_6053",0.375635916732411,0.843424974856175
"gcf_6055",1.11022302462516e-16,0.19441150752001
"gcf_6056",0,0.47716364317617
"gcf_6057",0.210946539210001,0.74115195284411
"gcf_606",0.40052105958591,0.625
"gcf_6060",0.263925261901422,0.647691648517381
"gcf_6061",0.189286512078088,0.263985626044614
"gcf_6063",0.270319142594384,0.276793356402446
"gcf_6064",0.513222945613546,0.672449454523151
"gcf_6066",0.299192794364931,0.667451368619551
"gcf_6067",0.212635933352487,0.369334090658203
"gcf_6068",0.262215353831705,0.360558858399299
"gcf_6069",0.262383635328742,0.334467738290548
"gcf_607",0.237019947790759,0.447785429361234
"gcf_6070",0.0742347548886463,0.795294068763902
"gcf_6074",0.198010652742848,0.742119609344018
"gcf_6076",0.0227357157979214,0.1308322013654
"gcf_6077",0.131218715964363,0.154610667955384
"gcf_6078",0.284300227613212,0.390393394951354
"gcf_6079",0.183107205079368,0.477456508202964
"gcf_608",0.559629489384869,0.726327413744526
"gcf_6080",0.0517791359511519,0.811647356260796
"gcf_6082",0.370325969695421,0.631522236669612
"gcf_6083",0.248139154476642,0.480134485206191
"gcf_6084",0.448272790086431,0.753053658125688
"gcf_6085",0.37548720288033,0.805785549305169
"gcf_6088",0.44101261013328,0.55502809077426
"gcf_609",0.557448308859243,0.777885157370617
"gcf_6093",0.464231341976867,0.582732520398833
"gcf_6094",1.11022302462516e-16,0.607406240388818
"gcf_6095",0.292090144413596,0.730320055014703
"gcf_6096",0.358412351151163,0.781010678669664
"gcf_6097",0.594920414417208,0.672303322972964
"gcf_61",0.28428150476121,0.555537518403524
"gcf_610",0.55086180249787,0.709819287854957
"gcf_6100",0.312758506932143,0.622814914751515
"gcf_6102",0.495815826634484,0.702648396866594
"gcf_6103",0.45429735148716,0.723534593449545
"gcf_6104",0.566355852258126,0.775271967034459
"gcf_6107",0.502752865829214,0.673892499157413
"gcf_6108",0.368071667372354,0.54873434980707
"gcf_6109",0.0151380764158789,0.529296584513281
"gcf_611",0.107347061679242,0.444715513284956
"gcf_6112",0.12848470037625,0.51635821908068
"gcf_6115",0.00777549595004623,0.580323235887014
"gcf_6116",0.529284499583266,0.764510948386603
"gcf_6117",0,0.280552685136838
"gcf_6118",0.228513456225049,0.429663444378594
"gcf_6119",0.265746907281511,0.637484311344912
"gcf_612",0.203307064489416,0.296586590481271
"gcf_6121",0.0514018691588783,0.562277204036711
"gcf_6122",0.248353971997171,0.775
"gcf_6124",0.195813055838693,0.224817295272582
"gcf_6126",0.290239900743751,0.428013544478902
"gcf_6128",0.29395149845044,0.662135246393233
"gcf_6129",0.50678970501295,0.546122457350709
"gcf_6130",0.278201710959902,0.319358914346766
"gcf_6132",0.264555505178595,0.367544467966324
"gcf_6134",0.250570993611511,0.747490798905052
"gcf_6135",0.409849789160256,0.486572928881465
"gcf_6136",0.405471138691204,0.747121830872943
"gcf_6137",0.347509258811217,0.504498109091595
"gcf_6139",0.102281053165777,0.166539880030935
"gcf_614",0.0985491512105413,0.746286413984876
"gcf_6140",0.399403957298355,0.679632742686996
"gcf_6141",0.2221832200698,0.648630897259616
"gcf_6145",0.447250879824276,0.586284600179748
"gcf_6147",0.32984074123328,0.721445140923322
"gcf_6148",0.167062760347999,0.30411927669232
"gcf_6149",0.274788263356121,0.402209952260436
"gcf_615",0.0959059214292638,0.348683277862779
"gcf_6151",0.292505248554595,0.387009663880466
"gcf_6153",0.302273256324209,0.310129358715357
"gcf_6158",0.219512195121951,0.557920090193912
"gcf_616",0.220668123784391,0.302808360984054
"gcf_6160",0.411557766595789,0.665503195997164
"gcf_6161",0.31597038973776,0.405350997803928
"gcf_6162",0.21728185746387,0.475158809816704
"gcf_6167",0.122546404628669,0.448006521238486
"gcf_6169",0.18930434916876,0.707830947195236
"gcf_6170",0,0.671202025389285
"gcf_6171",0.265535851294372,0.357985883998577
"gcf_6172",0.149807858370188,0.459310519531323
"gcf_6173",0.152542372881356,0.719125293191966
"gcf_6174",0.286437321183499,0.337533439579977
"gcf_6175",0.524026802886635,0.668211849580597
"gcf_6179",0.488326650183168,0.582609886463726
"gcf_6180",1.11022302462516e-16,0.576949479916203
"gcf_6181",0.275022531041987,0.441077571813673
"gcf_6183",0.0277348386644043,0.391028310192221
"gcf_6185",1.11022302462516e-16,0.609433267057528
"gcf_6186",0.503182250595594,0.566052096979466
"gcf_6187",0.0935375910452701,0.472854102044255
"gcf_6188",0.0407206732281543,0.55739003998427
"gcf_619",0.159661701996192,0.180190481286009
"gcf_6190",0.551157562131035,0.762137630418191
"gcf_6191",0.0218649436781252,0.729131830557019
"gcf_6193",0.25527839170492,0.528617615553316
"gcf_6196",0.278383019934638,0.374418984618864
"gcf_6199",0.528158191043437,0.656808614722642
"gcf_6200",0.0219410146202897,0.546575894436056
"gcf_6201",0.540356945042387,0.597741006645435
"gcf_6202",0.650910041274238,0.743214059407694
"gcf_6203",0.393558958078208,0.813656315339432
"gcf_6206",0.137000243013531,0.288902987926231
"gcf_6207",1.11022302462516e-16,0.68109008451004
"gcf_6209",0.0763019297114289,0.517796562879937
"gcf_621",0.17939873852455,0.506484372925793
"gcf_6210",0.29684294243104,0.600183962428836
"gcf_6213",0.0358283326801759,0.419748547785278
"gcf_6214",0.116902362184741,0.71443359471691
"gcf_6217",0.220372610424159,0.487119514920443
"gcf_6219",0.145259932290787,0.273277351837684
"gcf_622",0.033021682526322,0.751183062073477
"gcf_6221",0.153806252867416,0.754608787091284
"gcf_6224",0.0286990025710589,0.286113568912512
"gcf_6227",0.139021117069793,0.267529027791609
"gcf_6229",0.127535702811835,0.245571442865846
"gcf_623",0.267870235681091,0.423999607538896
"gcf_6230",0.33980396602855,0.610291675015526
"gcf_6231",1.11022302462516e-16,0.293443351122396
"gcf_6233",0.512400566969319,0.655036002920627
"gcf_6234",0.27741935483871,0.578573161841511
"gcf_6235",0.275839896334569,0.768077411999316
"gcf_6236",0.292893218813453,0.72166502962936
"gcf_6238",0.301412355172701,0.361478826894526
"gcf_6242",0.327813700064502,0.384760785606078
"gcf_6243",0.26420259782903,0.381749424443223
"gcf_6244",0.209467929695168,0.796862888135997
"gcf_6245",0.238832240995603,0.385866807356898
"gcf_6247",0.255371674005402,0.60205739001763
"gcf_6248",0.350395646872008,0.528019629831607
"gcf_625",0.281030601320601,0.615694691223829
"gcf_6250",0.140957725701315,0.238683854941147
"gcf_6251",0.381602672841087,0.505282138272869
"gcf_6253",0.405939429347803,0.544157694161448
"gcf_6256",0.262195934743053,0.520460137507903
"gcf_6259",0.410676846954316,0.509165683877149
"gcf_626",0.467035556871842,0.513100840254886
"gcf_6261",0.19744343962819,0.449610375195192
"gcf_6262",0.0583573222460566,0.689370263392122
"gcf_6263",0.294569371282445,0.681159420289855
"gcf_6264",0,0.599323992548997
"gcf_6265",0.189720413430034,0.31695291851805
"gcf_6266",0,0.28242184055086
"gcf_6267",1.11022302462516e-16,0.485546770709677
"gcf_6269",0.349675112680564,0.596195284785191
"gcf_627",0.042572463768116,0.557571120708011
"gcf_6270",0.470450862661856,0.720758012947161
"gcf_6271",0.205111287094144,0.30287193597712
"gcf_6273",1.11022302462516e-16,0.372491200978136
"gcf_6277",0.453495039183463,0.679405632203088
"gcf_6278",0.394339255282172,0.596438986485792
"gcf_628",0.116292921557417,0.55276758352071
"gcf_6280",0.237507148336977,0.771870627159306
"gcf_6281",0.124662769230683,0.491892587818371
"gcf_6282",0,0.617232276521405
"gcf_6283",0,0.389990803107579
"gcf_6286",0.187353669583683,0.323291556117432
"gcf_6287",0.432691566994113,0.577603739683508
"gcf_6288",0.0461739925511729,0.221537270105212
"gcf_6289",0.273145244213025,0.336139323047896
"gcf_6290",0.191983297757668,0.470715907998401
"gcf_6291",0,0.66870542177546
"gcf_6292",0.167438658113561,0.373609538948073
"gcf_6293",0.128170042621463,0.747166579365725
"gcf_6295",2.22044604925031e-16,0.618614964301763
"gcf_6296",0.223507130444466,0.742752122286237
"gcf_6297",0.223921184812884,0.812536273253863
"gcf_6298",0.35177008692747,0.673735917656236
"gcf_6299",0.270307485497153,0.557674131535309
"gcf_63",0.0782560683881462,0.425610880957448
"gcf_630",0.221186868108968,0.395131134471108
"gcf_6300",0.152208752109342,0.618614964301763
"gcf_6301",0.299439120094983,0.414886955878205
"gcf_6302",0.2865546711288,0.82280126532934
"gcf_6304",0.337458651131087,0.48799342967124
"gcf_6306",0.34346201282553,0.775701295055713
"gcf_6308",0.237172151957802,0.452414321806606
"gcf_6309",0.359089019468931,0.603126005556659
"gcf_631",0.0747254118730713,0.564286930655128
"gcf_6313",0.0104155698934881,0.539722613582088
"gcf_6315",0,0.659497387696501
"gcf_6317",0.195001287622286,0.38049519654939
"gcf_6318",0,0.652996653584283
"gcf_6319",0.411652020434374,0.67875598880375
"gcf_6324",0.370332676394572,0.623909784403556
"gcf_6326",0.337230530922118,0.412000722877668
"gcf_6328",0.309852954495781,0.68385126129066
"gcf_6329",0.0938063413488509,0.803565620427334
"gcf_633",0.175184439221136,0.486461295527959
"gcf_6330",0.139512551130922,0.165187103989639
"gcf_6331",0.575967313750149,0.712814290348572
"gcf_6333",0.116547791401228,0.705181479400137
"gcf_6334",0.152208752109342,0.531808908082688
"gcf_6336",0.384103846734005,0.583122030160057
"gcf_6337",0.314357408700034,0.674124732043859
"gcf_6338",0,0.639515272752534
"gcf_6339",0.564732378153815,0.751547404037544
"gcf_634",0.0724736963470116,0.175447196696874
"gcf_6340",0.0312500000000002,0.618614964301763
"gcf_6341",0.207750554261917,0.474467369112478
"gcf_6343",0.307031366171225,0.504417362255599
"gcf_6344",0.305139513932676,0.762643668361229
"gcf_6345",0.156910937335263,0.544000635218642
"gcf_6346",0.218114282181317,0.40836470641065
"gcf_6347",0.0442103607035351,0.377539808455864
"gcf_6348",0.354492115154902,0.486807003142949
"gcf_6349",5.5511151231258e-17,0.735706269263909
"gcf_635",0.251016949620288,0.785953739167135
"gcf_6350",0.13643337729651,0.182981628861789
"gcf_6351",0.383830232561395,0.476130555787397
"gcf_6352",0.000729927007299413,0.179905647380091
"gcf_6353",0.375264160770168,0.74510443037897
"gcf_6354",0.273515087087795,0.469158690153704
"gcf_6355",0,0.500962683765917
"gcf_6358",0.227541266716472,0.658398498466515
"gcf_6359",0.371018400514941,0.393656126981211
"gcf_636",0.296488798617105,0.582409487548666
"gcf_6360",0.144155672919939,0.740762076317394
"gcf_6361",0.3596414972283,0.70224697014853
"gcf_6363",0.316540723621842,0.319595554219436
"gcf_6364",0.2,0.614088879741366
"gcf_6365",0.116547791401228,0.705181479400137
"gcf_6368",0.17165563638269,0.57030662714681
"gcf_6369",0.217434041169052,0.316033070486662
"gcf_637",0.430573419889181,0.549717242888079
"gcf_6372",0.185263491351799,0.338289665753359
"gcf_6375",0.16887417218543,0.189490993983496
"gcf_6376",0.221375393529274,0.578124820080678
"gcf_6377",0.116547791401228,0.713090479121498
"gcf_6378",0.202557339514161,0.599393888193109
"gcf_638",0,0.691767646234134
"gcf_6383",0.126368241761761,0.175133553640612
"gcf_6384",0.441510629144573,0.628700312135867
"gcf_6385",0.357568402598478,0.552228623280875
"gcf_6387",0.117259132657969,0.294186039563938
"gcf_6388",0.321352590833181,0.529688185360502
"gcf_6389",0.0157490157485237,0.567561249935589
"gcf_639",0.0664361286037873,0.615004748245491
"gcf_6392",0.406117807974651,0.522791440781456
"gcf_6393",0,0.263291491937451
"gcf_6394",0.00510204081632666,0.61875310240235
"gcf_6395",0.246001485961264,0.321648182490334
"gcf_64",0.0528552566679224,0.534590984471522
"gcf_640",0.234105436696185,0.720492009921225
"gcf_6400",2.22044604925031e-16,0.737797787957462
"gcf_6401",0.402385695332803,0.630199869183181
"gcf_6403",0.35476118942366,0.521274575179548
"gcf_6404",0.430638345685747,0.639287929452104
"gcf_6406",0.0541384372858925,0.426299873582698
"gcf_6409",0.514942362158451,0.730323739620091
"gcf_641",0.375038398854962,0.639803021840554
"gcf_6410",0.321777969279671,0.563823745590219
"gcf_6411",0.560616742452107,0.66424419772268
"gcf_6413",0.420892191678841,0.79318777289969
"gcf_6416",0.48479033417484,0.671252872462515
"gcf_6417",0.422140256325044,0.569922592328556
"gcf_6418",0.262791654883739,0.47645965001979
"gcf_6419",0.363234926434039,0.421282221134969
"gcf_642",0.45062313563182,0.71587142859793
"gcf_6420",0.0112587407118816,0.502547393808097
"gcf_6421",0.40052105958591,0.713465058453122
"gcf_6424",1.11022302462516e-16,0.421205062998935
"gcf_6425",0.342710265439748,0.479508334441355
"gcf_6426",0.439028303156138,0.581625091679917
"gcf_6427",0.024390243902439,0.642006082128738
"gcf_6428",0.116547791401228,0.642006082128738
"gcf_6429",0.179505959750182,0.573466656556247
"gcf_6430",0.598025909764791,0.805536465541591
"gcf_6431",2.22044604925031e-16,0.775255246820682
"gcf_6435",0.39185903429084,0.547399562247443
"gcf_644",0.0643162941503576,0.622616050511901
"gcf_6442",0.144155672919939,0.78674103192947
"gcf_6443",0.5534368973469,0.712236992777137
"gcf_6445",0.611610273799618,0.764229852432259
"gcf_6446",0.46279291712684,0.843918294725369
"gcf_6447",0.132679418011394,0.602770520468262
"gcf_6448",0.2,0.7
"gcf_645",0,0.681262793835727
"gcf_6450",0.19139245993736,0.660316889756621
"gcf_6451",0.231488096519687,0.623401940861511
"gcf_6452",0.165306673031813,0.481514703906957
"gcf_6456",0.00106326422115904,0.417751401997182
"gcf_6457",0.163636363636364,0.662021821692794
"gcf_6459",2.22044604925031e-16,0.697340036616809
"gcf_646",0.386932081472801,0.522181517432504
"gcf_6461",0.00457317073170732,0.644724484760274
"gcf_6464",0.374359847594071,0.892613213589528
"gcf_6466",0.187187563011687,0.629346791463435
"gcf_6469",0.378612132918632,0.734252998273633
"gcf_6470",0.18828083805941,0.389428345817816
"gcf_6471",0.16442725141265,0.286578017778551
"gcf_6472",0.108913853917411,0.588943176809543
"gcf_6475",0,0.709311626569866
"gcf_6476",0.389277437536739,0.467060351997898
"gcf_6478",0.371143812726863,0.74200219976134
"gcf_648",0.0675498038808214,0.727282553159308
"gcf_6480",0.083117707406156,0.287504371140935
"gcf_6481",0.0282363138076902,0.678047395199745
"gcf_6482",0.416988208399249,0.461807363277285
"gcf_6484",0,0.769855559293245
"gcf_6486",0.36607943118276,0.789305691467023
"gcf_6487",0.391637158556234,0.64679105532592
"gcf_6488",0.0680058269033378,0.144672032308157
"gcf_6489",0.0289855072463769,0.207994490377291
"gcf_649",1.55431223447522e-16,0.24867374966214
"gcf_6490",0.176682109393165,0.457447727415361
"gcf_6491",0.338572767869094,0.512198638128963
"gcf_6496",0.0219807061563487,0.717123809071991
"gcf_6498",0.281220463744876,0.545403905982847
"gcf_6499",0.159945335802852,0.286511988436571
"gcf_65",0.213787094930558,0.318271988678175
"gcf_650",0.309345129191354,0.649647214852056
"gcf_6501",0.260156106204766,0.678986449643894
"gcf_6502",0.0652173913043478,0.204757227512456
"gcf_6503",0.307781344756827,0.532090399821297
"gcf_6504",0.152208752109342,0.51052749481372
"gcf_6505",0.0285082609675589,0.535957534080628
"gcf_6506",0.240697113753136,0.628398457099762
"gcf_6508",0.428650059497768,0.502821812562445
"gcf_651",0.199360142591695,0.708663823891376
"gcf_6510",0.466565050330919,0.599891789528657
"gcf_6511",0.37548720288033,0.827250186895602
"gcf_6515",0.541681195767252,0.772900543997757
"gcf_6519",0.16376266823063,0.453061357212885
"gcf_6520",0.299863670297226,0.799937470687858
"gcf_6523",0.00410643645779374,0.421833974693714
"gcf_6525",0.40152602007537,0.629341677592144
"gcf_6527",0.13803933356783,0.554415411906325
"gcf_6528",0.100366811812519,0.443820874864753
"gcf_6529",0.182070134384091,0.643596725674897
"gcf_653",0.215723514483083,0.779807246974728
"gcf_6532",0.441413847303219,0.661759287398727
"gcf_6533",0.314967317525325,0.763623776314944
"gcf_6534",0.36379519657477,0.611769416496251
"gcf_6539",0.357869313292753,0.558232446131275
"gcf_654",0.512645733618868,0.643548730026823
"gcf_6540",0.25,0.7
"gcf_6546",0.482773352947117,0.528233262947611
"gcf_6548",0.208621481644706,0.668431474748614
"gcf_6549",0.0380874549986095,0.807029080892279
"gcf_655",0.082666776415851,0.276389787603145
"gcf_6550",0.331582332506223,0.556077166746226
"gcf_6551",4.44089209850063e-16,0.734676381809926
"gcf_6552",0.561076746459042,0.610008895893232
"gcf_6553",0.613540882691779,0.605228983024139
"gcf_6554",0.23462857942226,0.798653183435793
"gcf_6556",0.479092191108753,0.655539654852136
"gcf_6560",0.161004854963087,0.217537424922688
"gcf_6561",0.161862445303848,0.326084347482178
"gcf_6562",0.378545622954973,0.418858692360811
"gcf_6563",1.11022302462516e-16,0.609433267057528
"gcf_6564",0.112990408674098,0.259104096028357
"gcf_6569",0,0.384530499448895
"gcf_657",0.131927179779635,0.625421101444937
"gcf_6570",0.109090909090909,0.672727272727273
"gcf_6572",0.291981358805309,0.414559911984824
"gcf_6575",0.422414038642786,0.430084962817878
"gcf_6576",0.105460111060873,0.0912610652046966
"gcf_6579",0.435511676048581,0.656372770089661
"gcf_658",0.0481286039742914,0.589796326531603
"gcf_6580",0.0877951825425231,0.398916202664788
"gcf_6582",0.250751852969053,0.37356754995861
"gcf_6583",0.14831906593171,0.59997096504914
"gcf_6584",0.0475000503993126,0.4458942518136
"gcf_6586",0.218022203686452,0.46133776368589
"gcf_6587",0.00328308024213845,0.747227744830864
"gcf_659",0.0447586323524194,0.603544169747981
"gcf_6591",0,0.386274444341029
"gcf_6592",0.526703015012042,0.652147687240945
"gcf_6594",0.363921856533802,0.77383888232313
"gcf_6595",0.152208752109341,0.325800137536758
"gcf_6597",0.00250513784978279,0.244584323285883
"gcf_6598",0.0318157271763054,0.57182623055161
"gcf_6599",0.205145307043829,0.771050299607203
"gcf_6602",0.0791583096492975,0.310051619166113
"gcf_6603",0.187248240694343,0.560421792715577
"gcf_6604",0.227540153227346,0.305339403671257
"gcf_6605",0.208590416430078,0.56825857283154
"gcf_6606",0.346678281171762,0.769819565789407
"gcf_6608",0.177056781493988,0.3885581700947
"gcf_6609",0.20942172008183,0.25675229247587
"gcf_6610",0.415247339630057,0.628183390348776
"gcf_6612",0.179321490959148,0.256932185482425
"gcf_662",0.345454758273751,0.4641769005123
"gcf_6621",0.29729704666418,0.553032599726793
"gcf_6627",0,0.725615175695209
"gcf_6628",0.193670523867403,0.666565976939757
"gcf_6629",0.217959339584727,0.323291556117432
"gcf_6630",0.210009137250112,0.587807286154956
"gcf_6633",0.186867857226245,0.621117021449204
"gcf_6636",1.66533453693774e-16,0.502166959404407
"gcf_6637",0.528595479208968,0.666666666666667
"gcf_6638",0.365543324071123,0.544592875434591
"gcf_6639",0.304498950918931,0.377928315966216
"gcf_664",0.364604497689546,0.609097273318981
"gcf_6642",0.131616577173962,0.274951652439488
"gcf_6643",0.238927402676157,0.726287402482718
"gcf_6645",0.183503419072274,0.484909875719366
"gcf_6646",0.158565023003666,0.69583483537982
"gcf_6647",5.5511151231258e-17,0.770957280534285
"gcf_6648",0.182823152997593,0.752129686193306
"gcf_6650",0.0335313281086116,0.408540442673183
"gcf_6655",0.100124014437924,0.633865878545616
"gcf_6658",0.102827073125067,0.246354819433295
"gcf_666",0.0913575589730171,0.598036701652931
"gcf_6662",0.38533525733991,0.66589995974445
"gcf_6664",0.502318484351922,0.806458270513695
"gcf_6665",0.327544732055157,0.591848142344962
"gcf_6667",0.600722284500842,0.658878853831023
"gcf_6668",0.435990452740284,0.644829916989675
"gcf_6669",0.226392944716325,0.421920002645166
"gcf_667",0.347916988381225,0.384489341902122
"gcf_6670",0.295268531198627,0.45530616793864
"gcf_6671",0.498088586365508,0.697962420960801
"gcf_6672",0.111273814367334,0.160330578512397
"gcf_6673",0.482616721436074,0.658239023553552
"gcf_6674",0.469669914110089,0.499950399285628
"gcf_6675",0.375635916732411,0.549012383198303
"gcf_6677",0.552241566995437,0.709573109684598
"gcf_6678",0.120970838004122,0.48466367859788
"gcf_6679",0.106293392821327,0.348049591060803
"gcf_668",0.00368544636587949,0.32376371067595
"gcf_6680",3.33066907387547e-16,0.279134742452813
"gcf_6681",0.292893218813453,0.734834957055045
"gcf_6682",0.164655809275004,0.48194433897615
"gcf_6683",0.241870340387162,0.480754456107723
"gcf_6686",0.381097567089689,0.620519934407549
"gcf_6687",0.105456445610403,0.477168955633947
"gcf_6688",0.0145508285900827,0.226062933975233
"gcf_6692",0.205487570896465,0.236953409672842
"gcf_6694",0.17363807230728,0.201409192941994
"gcf_6696",0.420546444175494,0.555378178136874
"gcf_6697",0.168971814500663,0.334283872906445
"gcf_6698",0.201612850864815,0.640839756093817
"gcf_6699",0.392795356579352,0.603705303516119
"gcf_67",0.0729883660802919,0.640145231350315
"gcf_6700",0.0366360109291003,0.191978918619881
"gcf_6701",0.389769021209319,0.480483586172487
"gcf_6702",0.248161082805161,0.762661929056043
"gcf_6703",0.172422404963189,0.330660472672051
"gcf_6704",0.432650441008794,0.535972082405054
"gcf_6705",0.189069241148066,0.757876000760453
"gcf_6706",0.19991835485002,0.683485015244556
"gcf_6707",0.268487822401935,0.322751322751323
"gcf_6709",0.192958619726544,0.584877448609128
"gcf_671",0.453641643758536,0.666578824165647
"gcf_6711",0,0.653950649068379
"gcf_6712",0.590229907370975,0.697732765013714
"gcf_6713",0.248720882095714,0.327511385716992
"gcf_6714",0.380996551873409,0.664668127417244
"gcf_6715",0.413332517727378,0.684130778659447
"gcf_6717",0.0641249715023285,0.646818908862419
"gcf_6718",0.0906214615525784,0.152364685909186
"gcf_6719",0.497010436738867,0.601334514562651
"gcf_6721",0.362698130666329,0.40450239014463
"gcf_6722",0.0857146299674498,0.218843437992517
"gcf_6723",0,0.405342002270805
"gcf_6724",0.349373056510204,0.694228950096073
"gcf_6725",0.00585826175223531,0.471025475948784
"gcf_6727",0.368885577029661,0.451375740093092
"gcf_6729",0.469566094457454,0.663507038368537
"gcf_673",2.22044604925031e-16,0.384542545103336
"gcf_6731",0.319186554888077,0.505643107782192
"gcf_6732",0.288756822009836,0.684415627866399
"gcf_6737",0,0.371088879824588
"gcf_6740",3.33066907387547e-16,0.689123343909496
"gcf_6745",0,0.518713637559669
"gcf_6747",0.588253860101967,0.785653521296707
"gcf_6748",0.244076882512584,0.442314401443424
"gcf_6749",0.193575094089059,0.219486866539794
"gcf_6750",0.519365528439362,0.685565166441893
"gcf_6754",0.542077658077996,0.675654084194542
"gcf_6755",0.36548163852332,0.619109197409622
"gcf_6756",0.431106014064434,0.757232919080034
"gcf_6757",0.240270132175897,0.361015398038943
"gcf_6758",0,0.590156652157595
"gcf_6759",0.071809038215486,0.7407427164784
"gcf_676",0.540033942718592,0.673819016702152
"gcf_6760",0.105204912792343,0.445506717510462
"gcf_6762",0.360159940024989,0.653676408564176
"gcf_6764",0.431298570069544,0.766527605385393
"gcf_6765",0.0794253821016766,0.675822719656499
"gcf_6766",0.509597359290696,0.704152591908059
"gcf_6767",0.25733155430336,0.435769897835888
"gcf_6769",0.223445093805516,0.400290647399498
"gcf_677",0.253722107342508,0.471806183927645
"gcf_6770",0.426585361343044,0.829865825823692
"gcf_6772",0.251787277145262,0.349077129790451
"gcf_6773",0.185722952599575,0.64179071503579
"gcf_6777",0.132696547668857,0.235954351881256
"gcf_6778",0.184124093111747,0.427053687328693
"gcf_6779",0.535465847364068,0.725195104671598
"gcf_678",0.195652173913043,0.54824181549045
"gcf_6780",1.11022302462516e-16,0.719125293191966
"gcf_6781",0.399598075933938,0.686503431788962
"gcf_6783",0.486767034031153,0.666144164096279
"gcf_6784",0.450963380050418,0.591387147811046
"gcf_6785",0.327795043061842,0.698488655422236
"gcf_6787",0.363049130232146,0.671967544810515
"gcf_6788",0.075792376541251,0.648221563411764
"gcf_679",0.333844849919468,0.554038584760393
"gcf_6792",0.125,0.557445424409879
"gcf_6793",0.0919869696124912,0.590509528415823
"gcf_6794",0.152208752109342,0.714838283949133
"gcf_6795",0.0213547737442135,0.773061185580351
"gcf_6796",0.19417703597462,0.758253110792386
"gcf_6797",0.298206732444567,0.491983253494581
"gcf_6800",0.0495886101083162,0.681672498333916
"gcf_6803",2.22044604925031e-16,0.41597137076785
"gcf_6805",0.119298245614035,0.279571277738284
"gcf_6806",0.359285414687449,0.458575512867463
"gcf_6807",0,0.807064091714678
"gcf_6808",0.383207042436943,0.632791193696283
"gcf_681",0.211304063140068,0.666584229017122
"gcf_6811",0.426258527562952,0.616721266924203
"gcf_6813",0.0173467280985615,0.301252808842849
"gcf_6816",0.562847971828338,0.701702360918693
"gcf_6817",0,0.67786421022217
"gcf_6818",0.102493074792244,0.370465354715002
"gcf_6819",0.0471938335729003,0.434178216473616
"gcf_682",0.348588359565287,0.732071951239138
"gcf_6820",0.268033524556006,0.598172779291619
"gcf_6821",0.432284079660596,0.558363192274335
"gcf_6822",0.259073710031652,0.334966969422356
"gcf_6826",0.522668773171738,0.664415046839116
"gcf_6827",0,0.228838366173001
"gcf_6829",1.11022302462516e-16,0.747633929879478
"gcf_683",0,0.609501635208479
"gcf_6831",3.33066907387547e-16,0.461785654451788
"gcf_6834",0.15007495122207,0.248726965812365
"gcf_6835",0.189765713291068,0.44284111021347
"gcf_6838",0.207212262522802,0.501501243631431
"gcf_6839",0.356882925925831,0.467751702305553
"gcf_684",4.44089209850063e-16,0.393848135822911
"gcf_6840",0.352591493937076,0.620770380683857
"gcf_6841",0.138410105503507,0.221716217322828
"gcf_6844",0.17395468168031,0.216152594820456
"gcf_6846",0.229448249628878,0.612384156755553
"gcf_6847",0.315394776792844,0.436132274601551
"gcf_6849",0.0794253821016766,0.656753467871587
"gcf_6853",0.410178778910353,0.564470999305832
"gcf_6854",0.326752210806405,0.548281101211251
"gcf_6855",0.52171367072973,0.546654229026341
"gcf_6858",0.159859237191132,0.247600382244913
"gcf_6859",0.212553489308182,0.487685402682431
"gcf_686",0.277578293297361,0.544181861121052
"gcf_6860",0.268849749864888,0.463095142980282
"gcf_6861",0,0.725495801826221
"gcf_6862",0.0380952380952381,0.633719382599584
"gcf_6863",0.440964826506192,0.646414322900053
"gcf_6864",0.117909680715017,0.599821122572529
"gcf_6865",0.232313630362068,0.356598992158898
"gcf_6866",0.23264455819303,0.725516758215242
"gcf_687",0.16914078482225,0.237358600280297
"gcf_6874",1.11022302462516e-16,0.552693976350765
"gcf_6876",0.422543154544906,0.593906921047945
"gcf_6878",0.171620044925755,0.602769326722863
"gcf_6879",0.228533027069479,0.736772807226407
"gcf_688",0.399167915139157,0.491277820274599
"gcf_6880",0.13665503044632,0.212553489308182
"gcf_6883",0.37261928832881,0.682214207359417
"gcf_6885",0.320583283475707,0.6678407163659
"gcf_6888",0.0734224548552865,0.626032010289937
"gcf_6889",0.375320692000059,0.534784866139388
"gcf_689",0.0564451700421141,0.136295486561155
"gcf_6891",0.295946739380592,0.426788495778889
"gcf_6892",2.22044604925031e-16,0.574371734620626
"gcf_6893",0.00163934426229506,0.849204732247882
"gcf_6894",0.302405970663453,0.417192299010846
"gcf_6895",0.343757510056323,0.576746945717274
"gcf_6898",0.410241540416412,0.554637818618194
"gcf_6899",0.000844941836219415,0.251039114827572
"gcf_69",0.0501225447600583,0.407664709673124
"gcf_690",0.321173001933694,0.613058076728503
"gcf_6900",0.292653653684407,0.707008632316688
"gcf_6902",0.178820903536956,0.21405917156813
"gcf_6905",2.22044604925031e-16,0.145889908394125
"gcf_691",0,0.194795897027306
"gcf_6910",0.310618012454289,0.652351065151867
"gcf_6914",0.553301331090495,0.783288533200869
"gcf_6915",0.123540178797785,0.170638996628704
"gcf_6919",0.0900785807294611,0.802261070443945
"gcf_692",0.290750235107609,0.666372921728163
"gcf_6920",0.255402788849542,0.30725188298183
"gcf_6924",0.298940390500524,0.70573955676622
"gcf_6926",0.26254608801055,0.451227247912627
"gcf_6928",0.371992243796807,0.416665945603399
"gcf_693",0.216895203777464,0.344702417089346
"gcf_6930",0.333676004477364,0.39861279340677
"gcf_6932",0,0.309368474045903
"gcf_6933",0,0.180343840154931
"gcf_6936",0.578525481913688,0.634187262634338
"gcf_6937",0.201920214553523,0.525246396158359
"gcf_6939",0.281220463744876,0.428662419899773
"gcf_6940",0.25964852890544,0.580372836291859
"gcf_6942",0.0157370142976903,0.543123935362435
"gcf_6944",0.201011769992013,0.268647965090619
"gcf_6946",0.107102529960615,0.292498532503753
"gcf_6947",0.235432021253617,0.257311913827923
"gcf_6948",0.197175191127506,0.465905991180944
"gcf_6949",0.342048305040231,0.526274779628966
"gcf_695",0.182139179890469,0.274607944658715
"gcf_6950",0.116547791401228,0.487187304624938
"gcf_6951",0,0.692610688252864
"gcf_6952",0.182857239540811,0.386236177749345
"gcf_6953",0.329884091642141,0.521295188550793
"gcf_6954",0.288665337903986,0.551947425413358
"gcf_6956",0.116116523516816,0.531808908082688
"gcf_6957",0.150680717006739,0.357693807099388
"gcf_6959",0.432669618309663,0.716494442801116
"gcf_696",0.0205999165194646,0.346540688070836
"gcf_6961",0.0707500291264681,0.366454802868961
"gcf_6963",0.519999963804313,0.652592391676093
"gcf_6965",0.0121708388527382,0.369289176206172
"gcf_6966",1.11022302462516e-16,0.151392237170119
"gcf_6967",0.233812789055275,0.779807246974728
"gcf_697",0.0100864577723237,0.224518441199309
"gcf_6973",0.458637623120356,0.58374814564696
"gcf_6974",0.314073625605836,0.408338428294982
"gcf_6976",0.300932149849024,0.675174449711335
"gcf_6977",0.126913800628344,0.283473683884658
"gcf_6978",0.571262292846407,0.752793383763478
"gcf_6980",0.14382134019416,0.483602220505678
"gcf_6981",0.280323681875358,0.485504244572474
"gcf_6983",0.0961120604274721,0.543064945519667
"gcf_6985",0.181682911615029,0.667099848569408
"gcf_6986",0.131298574685011,0.125620787591449
"gcf_6988",0.151795117395899,0.428945067685339
"gcf_6990",0.49726025346383,0.711324865405187
"gcf_6993",0.134418168698814,0.556214416041612
"gcf_6995",0.2670330585623,0.493499488479355
"gcf_6997",0.26548086467338,0.394998158909601
"gcf_6998",0.458837230717834,0.745319282675217
"gcf_70",0.337410843550921,0.771956433863392
"gcf_7001",0.219312702645931,0.687548080621871
"gcf_7002",0.360045466896088,0.652236387419727
"gcf_7004",0.134899272193756,0.198255074501308
"gcf_7006",0.45105620896645,0.631712350494006
"gcf_7009",0.229847727730192,0.613197248863914
"gcf_701",0.558053312244442,0.74970570112599
"gcf_7011",0.304810312788612,0.653156012190352
"gcf_7012",0.12766264442674,0.151640825047424
"gcf_7015",0.575554775995188,0.687088379972197
"gcf_7016",0.557920090193912,0.685519221518656
"gcf_7019",0.218011273720581,0.586929914113357
"gcf_702",0.14644043998939,0.577938660572172
"gcf_7023",0.414329347646683,0.651547609082472
"gcf_7024",0.382825488309681,0.532059446295534
"gcf_7027",0.364265789580626,0.490448542764908
"gcf_7028",0.15364615027245,0.597169884346292
"gcf_7029",0.227284519561257,0.52349831809289
"gcf_703",0,0.217275950501525
"gcf_7030",0.486544681947529,0.73869043198153
"gcf_7032",0.267532424592223,0.475345383213103
"gcf_7033",0.367965015338041,0.617515046216423
"gcf_7034",0.0268856276730482,0.635523494762866
"gcf_7036",0.257094123335227,0.370597223345809
"gcf_7038",0.170081613273464,0.279322694517535
"gcf_704",0.230068247560743,0.411324761799046
"gcf_7040",0.221109825078308,0.416674957507022
"gcf_7041",0.407960625536584,0.651931846761121
"gcf_7043",0.41276064063361,0.583974852831078
"gcf_7044",0.292893218813453,0.730320055014703
"gcf_7045",0.298282499653326,0.803796504113068
"gcf_7048",0.258380151290434,0.582084380111805
"gcf_7049",0.498348316294358,0.718816992657872
"gcf_705",1.11022302462516e-16,0.395484565867483
"gcf_7050",0.125232950263701,0.449899771835984
"gcf_7051",0.489160906035866,0.657776217779773
"gcf_7053",0.151850572479184,0.329158761317663
"gcf_7055",0.329245850802291,0.480835857765625
"gcf_7056",0.421514889488188,0.700236731787995
"gcf_7059",0.28861200846941,0.286862695678585
"gcf_706",0.195331348444599,0.49398138744424
"gcf_7060",2.22044604925031e-16,0.483693532249256
"gcf_7062",0.504584601946692,0.814156259866731
"gcf_7063",0.173057593951518,0.772446313910472
"gcf_7064",0.235277869745377,0.664701716393896
"gcf_7067",0.161063316282437,0.537994771523108
"gcf_7068",0.293149889146567,0.634136261288928
"gcf_707",0.0759597484708347,0.492762050443338
"gcf_7074",0.321460257403304,0.533741563672822
"gcf_7075",0.317661019824823,0.575235748946641
"gcf_7077",0.313506935743174,0.336511197302963
"gcf_7078",0.237229928603526,0.642877847391039
"gcf_7081",0.294226126277952,0.833224720309967
"gcf_7084",2.22044604925031e-16,0.337410843550921
"gcf_7085",0.12651336341141,0.182335985884219
"gcf_7087",0,0.409152076546327
"gcf_7089",0.213728857856621,0.408300448201486
"gcf_7091",0.38334419522742,0.611275825362625
"gcf_7092",0.144467647744208,0.202086705764512
"gcf_7093",0.119996967112416,0.46715609333833
"gcf_7094",0.35724572330843,0.639007587810893
"gcf_7095",0,0.650652151976116
"gcf_7096",0.189238198367029,0.629866148490103
"gcf_7097",0.311636529643923,0.389876135581656
"gcf_7099",0.24244598092143,0.60180459862371
"gcf_71",0.432068919652519,0.582953289386406
"gcf_710",1.85037170770859e-16,0.180754869606329
"gcf_7101",0.352703297600561,0.727147421834125
"gcf_7102",0.0330573284181986,0.33512175722164
"gcf_7103",0,0.483113438778181
"gcf_7104",0.0947963448280751,0.303473966853007
"gcf_7105",0.495517969949308,0.676872895600561
"gcf_7106",0.101592333085483,0.327578601147756
"gcf_7107",0.337595371647085,0.412011752003576
"gcf_7108",0.464833590530484,0.563823182982873
"gcf_7110",0.486872415845486,0.727621538390091
"gcf_7113",0.225467468263972,0.454300575774955
"gcf_7114",0.0100000000000001,0.787867965644036
"gcf_7115",0.326040388065065,0.743324991664355
"gcf_7116",0.149405417611968,0.251636691770845
"gcf_7118",2.22044604925031e-16,0.469669914110089
"gcf_7119",0.104166666666667,0.560184125774647
"gcf_712",0.197472418744244,0.261146632057075
"gcf_7120",0.213790237966205,0.582173449945576
"gcf_7122",0.407834106241545,0.729144578762193
"gcf_7123",1.11022302462516e-16,0.437598411667691
"gcf_7125",0.448015360506277,0.583562803420394
"gcf_713",0.0275427542493201,0.264486884786269
"gcf_7133",0.324759211847894,0.393712396939022
"gcf_7135",0.255470803087325,0.587873802303403
"gcf_7136",0.466066721618972,0.735672559817964
"gcf_7137",0.619933102338499,0.744590177589604
"gcf_714",0.40052105958591,0.594534620574033
"gcf_7140",0.178290501900348,0.614020063430697
"gcf_7142",0,0.252160765077923
"gcf_715",0.177355173132023,0.261416371508949
"gcf_7150",0.248973839124611,0.370796509452852
"gcf_7154",0.469916068652044,0.645583817059954
"gcf_7155",0.200241836384815,0.623977768908527
"gcf_7156",0.513864087934249,0.618753574168488
"gcf_7157",0.394256030017913,0.822675992259842
"gcf_7158",0.356412752259225,0.509607528971921
"gcf_7163",1.11022302462516e-16,0.725278872102622
"gcf_717",0.313290529809218,0.668255598651482
"gcf_7177",0.00312499999999994,0.213735477788027
"gcf_7178",3.33066907387547e-16,0.351499115626731
"gcf_7179",0.421985880678251,0.582953289386406
"gcf_7184",0.3113587260963,0.585774049949532
"gcf_719",0.0412161080185129,0.317547819427298
"gcf_7190",0,0.371029097966849
"gcf_720",0.310075715363436,0.623236306184807
"gcf_7202",0.213433493792884,0.34265461214275
"gcf_7207",1.11022302462516e-16,0.411122877765497
"gcf_7211",0.210431163973028,0.613444328257466
"gcf_7215",0,0.70350027333556
"gcf_7229",0.0404663394049287,0.433048505903672
"gcf_723",0.329707687483463,0.683759403229804
"gcf_7231",0,0.755673616668447
"gcf_7232",0.296646687394634,0.627929826522241
"gcf_7233",0.00225225225225223,0.570583109471755
"gcf_7235",0,0.525560316118054
"gcf_7238",0.331622203999989,0.490822256393158
"gcf_7242",0.389862553029197,0.504772071954451
"gcf_7246",0,0.246427838753234
"gcf_7248",0.487068590951166,0.704477302111929
"gcf_7249",0.110669301716684,0.618432352351774
"gcf_7253",0,0.6562100259149
"gcf_7260",1.11022302462516e-16,0.401399549048258
"gcf_727",0.242620367987219,0.356983419104526
"gcf_7270",0.208333333333333,0.387566816083661
"gcf_7272",0.342548664032587,0.611251551610355
"gcf_7273",0.214933710223921,0.526293525062382
"gcf_7274",0.605351687014188,0.74926136871193
"gcf_728",0.196397029717212,0.31370452856592
"gcf_7286",0.0309953382736381,0.46083877088649
"gcf_7288",0.538955050727778,0.60195103007778
"gcf_729",0.1509222333001,0.728748658562438
"gcf_7296",0.00858535719325225,0.121441779537928
"gcf_7297",0.531512519398309,0.669763535555233
"gcf_730",0.101692983100617,0.228018661518635
"gcf_7304",0.506559869994957,0.701955514440582
"gcf_731",0.184605656323279,0.552455983989812
"gcf_7313",0.242884988594291,0.480920814829102
"gcf_7320",0.117798405104089,0.225740370075999
"gcf_7323",0.381755332264814,0.65786427227299
"gcf_7326",0.0659340659340659,0.438514728381506
"gcf_7332",0,0.478781006981588
"gcf_7333",0.218575680268859,0.291220863249033
"gcf_7334",0.0808166890202623,0.28025748681024
"gcf_7336",0.258750683338899,0.609371958410586
"gcf_7337",0.227232679056725,0.34187734188418
"gcf_734",0,0.639437368470593
"gcf_7341",0.42916158481887,0.632039034625976
"gcf_7342",0.073625042672996,0.67512628400821
"gcf_7344",1.11022302462516e-16,0.501506832765912
"gcf_7348",1.11022302462516e-16,0.600965352208933
"gcf_735",0.40134669211361,0.596132112605741
"gcf_7355",1.11022302462516e-16,0.743470966992587
"gcf_736",0.305211391623948,0.428951140010948
"gcf_7360",0.234518897675041,0.701894848297431
"gcf_7361",0.501197606510157,0.676163782467833
"gcf_7364",0.0370477695997285,0.832950819650171
"gcf_7365",0.515861338145321,0.723112537902731
"gcf_7370",0,0.340093020804063
"gcf_738",0.510067221509674,0.662354172639706
"gcf_7380",0.21469776216855,0.762599026272006
"gcf_7382",0,0.75700451770493
"gcf_7386",0.322467831245718,0.486641010751638
"gcf_739",0.333931535917498,0.458868415721012
"gcf_7390",0.35412700842767,0.58880267351986
"gcf_7392",0.216483014401828,0.240584972243171
"gcf_7394",0,0.417932940268577
"gcf_7397",0.0104166666666669,0.0104166666666667
"gcf_7398",0.230199641080499,0.688060266547531
"gcf_7399",0,0.632009963903006
"gcf_740",2.22044604925031e-16,0.169902114205801
"gcf_7400",0.554200029517005,0.674198432143008
"gcf_7404",0.0331061480543833,0.329296038304051
"gcf_7405",2.22044604925031e-16,0.561619019959911
"gcf_741",0.251264576789913,0.28042565773747
"gcf_7410",0,0.53156203300613
"gcf_7411",0.381359515241109,0.437224849109494
"gcf_7413",0.421344213124037,0.733402912206047
"gcf_7415",0.456321862704412,0.603439202730544
"gcf_7416",0.452215875072545,0.480398288847714
"gcf_7424",0.447842369625767,0.734112130518325
"gcf_7428",0.249677526515871,0.461540749776496
"gcf_743",0.107291223059328,0.836937465259465
"gcf_7430",0.192243500588323,0.299728376765463
"gcf_7432",0.46542449078106,0.617281069993694
"gcf_7436",0.518828057436213,0.636213280201066
"gcf_7437",0.539804988486887,0.803487859722113
"gcf_7438",0.369495394392469,0.596667959097583
"gcf_744",0.0160074500900495,0.456261447763067
"gcf_7440",0.0327724441641071,0.316637473158984
"gcf_7441",0.613122937917463,0.759547762980957
"gcf_7442",0.189898646838819,0.310505527662361
"gcf_7445",0.00314465408805031,0.732312476647362
"gcf_7446",0.375635916732411,0.701570624016464
"gcf_745",0.188848996338156,0.222974353885649
"gcf_7455",0,0.422158211922425
"gcf_7456",0.279823926780688,0.689835732153255
"gcf_7457",0.224383248321837,0.551474568657249
"gcf_7459",1.11022302462516e-16,0.393268134146857
"gcf_7460",0.17934819335171,0.27936603971154
"gcf_7461",0.473649118719506,0.606016491849169
"gcf_7463",0.397920463050003,0.434141069703515
"gcf_7468",0.17497135267461,0.215226945774782
"gcf_7469",0.298832143038228,0.622585293787966
"gcf_7470",0.221031036846338,0.313853046671554
"gcf_7472",0.449186950685516,0.628978511227458
"gcf_7474",0.0767157947667291,0.398488057937124
"gcf_7475",0.512465277580661,0.455660993630614
"gcf_7478",0.385978849806845,0.427692187818427
"gcf_748",0.221964734585484,0.295366646039604
"gcf_7480",1.11022302462516e-16,0.716930741463851
"gcf_7488",0.442341747641172,0.536078074943787
"gcf_7490",0.453214538895121,0.528007028245427
"gcf_7494",0.482852187024719,0.676501680389685
"gcf_7497",1.11022302462516e-16,0.595920656169726
"gcf_750",0.360290211381316,0.680474387087659
"gcf_7500",2.22044604925031e-16,0.503024615876052
"gcf_7505",0,0.604375266553258
"gcf_751",0.104454882609096,0.518841090810809
"gcf_7513",0.0030030030030026,0.552872842502046
"gcf_7514",0.352830690220897,0.495371730265708
"gcf_7515",0,0.748491086872149
"gcf_7516",0.242022129135966,0.471028349960926
"gcf_7518",0.480866105903304,0.629294888364422
"gcf_7522",0.269391854124755,0.281853252197698
"gcf_7524",1.11022302462516e-16,0.354251139489179
"gcf_7528",0,0.238554953529391
"gcf_753",0.144859566109647,0.203575132985209
"gcf_7530",0,0.70911276305863
"gcf_7531",0.322535536919,0.669148857820841
"gcf_7536",0.188571727394122,0.58993173095981
"gcf_754",1.11022302462516e-16,0.118788170931829
"gcf_7544",0.217747377455185,0.248895763928525
"gcf_7545",0.186716320637755,0.756290932070138
"gcf_7546",0.273018055758778,0.291653766887328
"gcf_7548",0,0.658755190805808
"gcf_7549",0.354816939956524,0.503797910581539
"gcf_7550",0.266696144643274,0.710973213624656
"gcf_7552",0.588822673462993,0.638157894736842
"gcf_7553",0,0.651484465217378
"gcf_7557",0.476759345777866,0.632818169011079
"gcf_7559",0.0209399617191198,0.490485293338587
"gcf_756",0.229682404715243,0.521281772061563
"gcf_7560",0.508460319099278,0.698897283071387
"gcf_7561",0.298135599731945,0.573466656556247
"gcf_7563",0,0.601605269089923
"gcf_7564",0.288352294918819,0.4026461828363
"gcf_7569",0,0.29770088657035
"gcf_757",0.483726543489894,0.855935991592117
"gcf_7570",0.190561309676571,0.562464964035072
"gcf_7571",0.509353243738163,0.738208062291856
"gcf_7575",0.000824053744503894,0.613835948891168
"gcf_7581",0.333205140530174,0.764197462101375
"gcf_7582",0.263540305681341,0.723827614630503
"gcf_7585",0.241525154728852,0.730320055014703
"gcf_7587",1.11022302462516e-16,0.525590958540074
"gcf_7588",0.4857624536568,0.584879296218081
"gcf_7589",0,0.526624441257107
"gcf_759",0.0908074008731417,0.216512387102265
"gcf_7596",0,0.579915974791597
"gcf_7599",0.260356687305276,0.445726004526307
"gcf_76",0.0176344094271172,0.59732761511272
"gcf_760",0.281356154039585,0.38101524013008
"gcf_7611",2.22044604925031e-16,0.731797704041681
"gcf_7615",0.526752566155343,0.64883937722005
"gcf_7616",1.11022302462516e-16,0.786318979517302
"gcf_7617",0.428386459497151,0.500681984184963
"gcf_7622",0.628274039561924,0.731071901203459
"gcf_7625",0.290596907778979,0.300328827981333
"gcf_7628",0.471407705009232,0.534525331874369
"gcf_7629",0,0.740192378864668
"gcf_763",0.140247404639542,0.327803836799251
"gcf_7631",3.33066907387547e-16,0.521187996032589
"gcf_7634",0.24479553340101,0.276815791282591
"gcf_7641",0.184317279655526,0.222741622138969
"gcf_7643",0.372780674154676,0.587339528254678
"gcf_7645",0.163636363636364,0.709090909090909
"gcf_765",0.597852653821665,0.701089833683805
"gcf_7652",0.325658493612867,0.695008721113534
"gcf_7654",0.352650793478056,0.686712819607653
"gcf_7655",0,0.775537492650004
"gcf_7656",0.417838478567127,0.392229202092106
"gcf_7658",0.332583402023716,0.723827614630503
"gcf_7659",2.22044604925031e-16,0.780943427419944
"gcf_7660",0.311951272959177,0.526040422441512
"gcf_7661",0.371427053317943,0.504170993093693
"gcf_7662",0.260049973534249,0.713292680671522
"gcf_7663",0,0.510102051443364
"gcf_7666",0.48971495953989,0.707873705948862
"gcf_7668",0,0.422649730810374
"gcf_767",0.110891551051226,0.183687948173501
"gcf_7670",0.0497692688243745,0.275471592835208
"gcf_7672",0.325390010431668,0.424720055537683
"gcf_7674",0.526612066148391,0.591525962292323
"gcf_7678",1.48029736616687e-16,0.707323527316172
"gcf_768",0.0932540983757015,0.160596570701571
"gcf_7682",0.154675206565184,0.279518920727891
"gcf_7687",0.040761297231555,0.691840224340235
"gcf_7689",0,0.764465221435325
"gcf_769",0.390425188632287,0.652088303012118
"gcf_7691",0.504614896161353,0.698232070195639
"gcf_7692",0,0.605228983024139
"gcf_7693",0.400277486273935,0.600921972617725
"gcf_7697",0.10067560096685,0.621298753439679
"gcf_7699",0,0.705181479400137
"gcf_77",0.0727027954911677,0.82275192397928
"gcf_7706",0.338130186153487,0.695958850313092
"gcf_7707",0.39875826108385,0.690116807111205
"gcf_7710",0.162742773674104,0.343765226732672
"gcf_7714",0.602446506130552,0.531478714334182
"gcf_7716",0.460144371726216,0.746739360102944
"gcf_772",0.429928445712202,0.833224720309967
"gcf_7725",0.00462060406899523,0.183501563062879
"gcf_7726",0.389295183447541,0.725182832551393
"gcf_7730",0.254105146728246,0.357317325814111
"gcf_7734",0.455164234716805,0.563842647486479
"gcf_7735",0,0.583031419380965
"gcf_7737",0.163332065414047,0.373942242212891
"gcf_7740",0,0.429811271981634
"gcf_7742",1.11022302462516e-16,0.304745678447776
"gcf_7743",0.0152680721653382,0.733712390620422
"gcf_775",0.130913825380796,0.679371338533653
"gcf_7750",0,0.264592650269626
"gcf_7752",0,0.518779359603065
"gcf_7754",0.240508801069612,0.451184419948994
"gcf_7756",0.543502407976296,0.642064437674405
"gcf_7758",0.011843496977063,0.430063079210138
"gcf_776",0.0556998791328125,0.468440026546704
"gcf_7765",0.0119446887177649,0.0359689819927328
"gcf_7766",0.160919540229885,0.754241837998862
"gcf_7768",0.28186830286272,0.416875158536621
"gcf_7769",0.476407267844103,0.694296910376772
"gcf_7770",0.373390716063575,0.438392625046736
"gcf_7771",0.46417411876618,0.551029840501788
"gcf_7774",0.00255900266549503,0.648420343456946
"gcf_778",0.0898301856746231,0.582971171885851
"gcf_7780",0.213175376716718,0.773961605559711
"gcf_7782",0.514419693959727,0.723822048602682
"gcf_7786",0.548619805414175,0.666139448728133
"gcf_7790",0.143863007120832,0.306936171506004
"gcf_7792",0.232806781720752,0.359926322594335
"gcf_7794",0.430379129807194,0.636418920523031
"gcf_780",0.0875980045249066,0.191496979005257
"gcf_7800",0.326647318678028,0.502694117084648
"gcf_7802",0.504371691997089,0.653347027995054
"gcf_7805",0.356203693540786,0.431168721351381
"gcf_7806",0.191192732865677,0.606301774765589
"gcf_7817",0.36499263119981,0.417468864471588
"gcf_7818",0,0.741865635779211
"gcf_7819",0.0944614861862583,0.637671349073729
"gcf_7821",0.34726082405963,0.468615586123782
"gcf_7823",0,0.578649514199808
"gcf_7826",0,0.479701254745194
"gcf_783",0.0166880199476721,0.577515810802743
"gcf_7830",0.4184200019622,0.696830468704584
"gcf_7833",0.372319296047574,0.717940293127431
"gcf_7834",0.593952524978512,0.694955561956718
"gcf_784",0.321199473567275,0.535893385533886
"gcf_786",0.157599052882343,0.251228226194406
"gcf_7861",0,0.42460002442259
"gcf_7862",0.289817871920458,0.72572572911861
"gcf_7864",0.508406032707308,0.616447575935076
"gcf_7866",0.558402766218903,0.715098558850905
"gcf_7867",0.264367816091954,0.479570951056413
"gcf_7869",0.307172584253605,0.625958532621336
"gcf_7870",0.184046561145708,0.206656273115491
"gcf_788",0.319929822243835,0.702685159315301
"gcf_7880",0.297636915216927,0.407801273347745
"gcf_7881",0.201242717416024,0.260446337633121
"gcf_7889",3.33066907387547e-16,0.677894954981204
"gcf_7890",0.0386620697622796,0.23448818429264
"gcf_7893",0.517732574231594,0.632159608102638
"gcf_7894",0.583405054939281,0.733471986470303
"gcf_7896",0.332893120563216,0.516576568066926
"gcf_79",0.356565000065985,0.644179314562795
"gcf_790",3.7007434154172e-17,0.743953636574951
"gcf_7901",0.225527522333557,0.602127181492618
"gcf_7904",0.623977768908527,0.797159446984652
"gcf_7910",1.11022302462516e-16,0.631394189826281
"gcf_7912",0.291662396678854,0.65751656942017
"gcf_7918",3.33066907387547e-16,0.265141079370441
"gcf_7919",0.434733136280805,0.532655794999959
"gcf_792",0.191487102386904,0.641428371733816
"gcf_7921",0.469190532105404,0.556616771419765
"gcf_7922",0.47964138657791,0.805611794007764
"gcf_7925",0,0.467867194602095
"gcf_793",0.441494471517063,0.518220863502414
"gcf_7930",0.111720147762874,0.690017836270448
"gcf_7933",0.434871127919347,0.771914223619088
"gcf_7935",1.11022302462516e-16,0.520496170785243
"gcf_794",0.266225765899661,0.538774036033102
"gcf_7946",0.504824251051842,0.703245395160183
"gcf_795",0.37084205949226,0.578057315022388
"gcf_7952",0.271482730034981,0.756837782527974
"gcf_7954",0.00662009614316628,0.482603522389021
"gcf_7956",0,0.37185940804294
"gcf_7957",0.330650740415044,0.362015424995391
"gcf_7960",0,0.556906870128716
"gcf_7966",0.257937861400275,0.32876928478739
"gcf_7969",0.360074574617826,0.746328298752394
"gcf_797",0.24208969475115,0.614759036194239
"gcf_7970",0,0.709090909090909
"gcf_7971",0.349102262013869,0.72463768115942
"gcf_7977",0.0693976601137998,0.70218832123493
"gcf_7978",0.292893218813453,0.517734288548318
"gcf_798",0.176812581242159,0.307709201974844
"gcf_7981",0.390327509135844,0.566454196051191
"gcf_7986",0.442966326935236,0.671062397486797
"gcf_7987",0,0.217717382702612
"gcf_7988",0.0806826679783632,0.643322182860474
"gcf_799",0.0375532557197132,0.143287051677024
"gcf_7992",0.228695455568599,0.493466243896668
"gcf_7995",0.358756339510056,0.838906420458035
"gcf_7996",0.414919481895175,0.729630964782062
"gcf_7998",0.463095142980282,0.597303129589329
"gcf_7999",2.22044604925031e-16,0.721207394720901
"gcf_8",0.00618324901630134,0.586997220276015
"gcf_80",0,0.631475214990295
"gcf_800",0.222377937570456,0.505719346873358
"gcf_8000",0.229859393322197,0.334107995120709
"gcf_8001",0.502889706334905,0.7159407541156
"gcf_8003",0.143796761837995,0.750352256469225
"gcf_8006",0.444021303669016,0.663959143086696
"gcf_8008",1.11022302462516e-16,0.7776556601175
"gcf_8009",0.51540525246438,0.639315488128099
"gcf_8010",1.11022302462516e-16,0.780618272761861
"gcf_8018",0.441255763384337,0.708134988076362
"gcf_8022",0.237728204449372,0.317808559848669
"gcf_803",0.153213574891123,0.30587803241947
"gcf_8032",0.248001999960444,0.67069792484492
"gcf_8033",0.159679489485981,0.168836791034118
"gcf_8034",0.502531661836909,0.681365253733838
"gcf_8036",0.221692666794171,0.724990450891537
"gcf_8041",0,0.389636766043684
"gcf_8046",0.265457962392532,0.564501515578378
"gcf_8048",0.404995513391808,0.619273182025302
"gcf_805",0.203220105538668,0.680668725768965
"gcf_8052",0.356786618403641,0.45210092614087
"gcf_8057",0,0.335090033795631
"gcf_8059",0,0.45497274795608
"gcf_806",0.096337632314395,0.153602936600057
"gcf_8060",0.425531779587647,0.70761661919597
"gcf_8064",0.311674119608148,0.657502109780506
"gcf_8065",0.0429286938252027,0.389522917525299
"gcf_8072",0.211829890688488,0.738883516066453
"gcf_8076",0.0520020543049597,0.648201227634854
"gcf_8077",0.0355876476266314,0.411176527838935
"gcf_8078",0.413310836983925,0.537857456294668
"gcf_8079",0,0.745450699805864
"gcf_808",0.050736250703114,0.737984691841928
"gcf_8080",0.0558536235720347,0.440895426587327
"gcf_8081",0,0.739700949125304
"gcf_8082",2.22044604925031e-16,0.574371734620626
"gcf_8089",0.607357347248415,0.700798788537948
"gcf_8092",0.343621026041311,0.433100805555663
"gcf_8093",0.310933521297988,0.35907417461489
"gcf_8095",0.331902795776312,0.425663376348152
"gcf_8096",1.11022302462516e-16,0.340153712443571
"gcf_8098",0.347343173959553,0.526442935955783
"gcf_8099",0.386993966167112,0.484185694071767
"gcf_810",0.540664846359046,0.751668835399417
"gcf_8101",0,0.714604878256795
"gcf_8102",0.190714501165885,0.771317530881348
"gcf_8104",0.00046349784529387,0.257768019345261
"gcf_8105",0.327944209030891,0.581940372442869
"gcf_8106",0.300887310031722,0.328851817630453
"gcf_8107",0.463797047778476,0.668199241834401
"gcf_811",0.1,0.496600357076955
"gcf_8112",0.359463442620397,0.883991187635907
"gcf_8115",0.291417002632134,0.595138498682522
"gcf_8119",0.317624693547313,0.734982804874147
"gcf_8120",0.530246135716673,0.667220837180139
"gcf_8122",0.378517015740378,0.518544445925223
"gcf_8123",0.376617248513061,0.39016904745843
"gcf_8124",0.27850991330062,0.747421589858639
"gcf_8125",0.394784856221459,0.578948717911335
"gcf_8126",0.29325153423875,0.48274631962352
"gcf_813",0.494763377085791,0.693801046090135
"gcf_8132",0.360392474973202,0.55478968202298
"gcf_8133",0.356404097065162,0.579915974791597
"gcf_8134",0.451132853931917,0.597341971824327
"gcf_8136",0.267897274132497,0.512383495544999
"gcf_8138",1.11022302462516e-16,0.524317374929148
"gcf_8143",0.456082950891524,0.585873138902519
"gcf_8145",0,0.761501110212002
"gcf_8147",0.499895844181768,0.713404898616965
"gcf_8148",0.304907709594568,0.314972296459039
"gcf_8151",0.467224442115755,0.487558610462044
"gcf_8152",0.276617376566043,0.524165272147977
"gcf_8155",0.349682384540049,0.552363107107124
"gcf_8158",0.381291477770988,0.736925388811314
"gcf_816",0,0.565216393509197
"gcf_8164",0.24992050617509,0.614691629906509
"gcf_8165",0.0148156338562221,0.656357325127974
"gcf_8166",0.221431133232889,0.379052691279168
"gcf_8169",0.420675877978342,0.648201227634854
"gcf_817",0.0417761806357436,0.181061608767559
"gcf_8170",1.11022302462516e-16,0.335842944530135
"gcf_8174",0.00140449438202245,0.646822560206528
"gcf_8177",0.357353885281074,0.554444957306938
"gcf_818",0,0.625621720733986
"gcf_8180",0.0823226926122193,0.41689878671149
"gcf_8184",0,0.675822719656499
"gcf_819",0.0176894561730079,0.236564656181521
"gcf_8192",0.29181284113042,0.618301251226239
"gcf_8193",0,0.632763856189099
"gcf_8194",0.482450830493234,0.779942516500021
"gcf_8196",0.393222586348757,0.443682085952985
"gcf_8197",0.304836610634787,0.735648867009807
"gcf_8199",0,0.516862073422546
"gcf_82",0.386604384917852,0.544781518523564
"gcf_820",0.0736888786267629,0.457166666439635
"gcf_8200",0.162521809043921,0.569841500243094
"gcf_8201",0.315324538335951,0.771870627159306
"gcf_8206",0.130351732160583,0.681337921293262
"gcf_8207",0,0.518170416260392
"gcf_8208",0.371382624536775,0.753199242962197
"gcf_821",0.363094168293665,0.635784320457658
"gcf_8211",3.33066907387547e-16,0.498070134076886
"gcf_8214",0.301719931987518,0.740875280343404
"gcf_8218",0.37780279806391,0.517472321296046
"gcf_822",0.0432908181113151,0.661940384494025
"gcf_8220",0.463095142980282,0.834109766798572
"gcf_8222",2.22044604925031e-16,0.642705199494752
"gcf_8224",0.303485840339612,0.449030762463404
"gcf_8225",0.301308621165866,0.601866684729903
"gcf_8228",0.5907399402262,0.775486071556706
"gcf_8229",0.2,0.408853194667733
"gcf_823",0.300034177184309,0.567930863406775
"gcf_8234",0,0.405623078024602
"gcf_8238",0,0.190972746033214
"gcf_824",0.0800985825862432,0.20380902603843
"gcf_8241",0.233162282676049,0.570381050154093
"gcf_8243",0.54467240564087,0.539113773731888
"gcf_8244",0.39644380337517,0.533103296094071
"gcf_8245",0.246214959959103,0.368762479902083
"gcf_8248",5.5511151231258e-17,0.337676154613242
"gcf_825",0.00729927007299273,0.196846573351155
"gcf_8257",0,0.662816652753503
"gcf_826",0.290924397644745,0.396531402250846
"gcf_8262",0.499814986117628,0.638452681638165
"gcf_8268",0.406748855033954,0.505793938385611
"gcf_827",0.153618852180877,0.410779404717781
"gcf_8271",0.00260416666666652,0.615096860873821
"gcf_8275",0,0.729983558825258
"gcf_8276",0.501821771848239,0.678037605805579
"gcf_8277",0.249399279038654,0.578649514199808
"gcf_8279",0.5810899474662,0.610467518976824
"gcf_828",0,0.463787701101883
"gcf_8281",0,0.699182215126822
"gcf_8285",0.382933722299581,0.568600113544367
"gcf_8289",4.44089209850063e-16,0.691652103791787
"gcf_829",0.306669028048298,0.317096500702952
"gcf_8290",0.206547874704532,0.245755940754769
"gcf_8303",0.0144927536231885,0.58637554579938
"gcf_8306",0.181718685083198,0.623389387893955
"gcf_8307",1.11022302462516e-16,0.460259390050495
"gcf_831",0.269477333454578,0.375036232934318
"gcf_8317",1.11022302462516e-16,0.211476273921742
"gcf_8318",0.118907647189516,0.527281039975364
"gcf_832",0,0.407669336457024
"gcf_8320",0,0.512604282791859
"gcf_8321",0.00549450549450536,0.525830083416438
"gcf_8327",0.248606713109107,0.756860875508964
"gcf_8328",3.33066907387547e-16,0.309681415866527
"gcf_833",0.115172163381414,0.174935256674307
"gcf_8331",0,0.327479172099933
"gcf_8337",2.22044604925031e-16,0.39181019425336
"gcf_8338",0.341613205277902,0.680038904903889
"gcf_8340",0.423023681314505,0.642156610585798
"gcf_8342",2.22044604925031e-16,0.388224709678502
"gcf_8343",0.457452795588252,0.542434147508242
"gcf_8345",2.22044604925031e-16,0.762420352237288
"gcf_8348",0,0.506562111279707
"gcf_835",0.194267043859582,0.513868087035731
"gcf_8354",0.272857900968519,0.691485051735321
"gcf_8361",0.478589506509229,0.534657841924204
"gcf_8366",0.313340011055938,0.459938275132678
"gcf_8369",0.00239231678245266,0.464922447154871
"gcf_838",0.341858320676962,0.616289816226624
"gcf_8380",0.321767001687473,0.675822719656499
"gcf_8384",0.339225169499188,0.773472873325473
"gcf_8388",0.172464614161536,0.612701665379258
"gcf_8389",0.413839351876747,0.910566113440305
"gcf_839",0.14840012113616,0.407169863584163
"gcf_8397",0.309243388302439,0.797046972552478
"gcf_84",0.348771927476112,0.444234607260434
"gcf_840",0.381614884500229,0.641580665315534
"gcf_8401",0,0.50019616548862
"gcf_8407",2.22044604925031e-16,0.631360318153477
"gcf_8408",0.248665069018506,0.241160540064358
"gcf_841",0.331402346862114,0.445766787380063
"gcf_8414",0.529106892271074,0.690152725315122
"gcf_8416",4.44089209850063e-16,0.581348227484639
"gcf_8429",0.010118304133226,0.439941416443815
"gcf_8431",0.527815033456269,0.577782271718298
"gcf_8437",0,0.525339011339492
"gcf_8439",0.12691953995848,0.605412462886776
"gcf_844",0.390148076190143,0.691607260077713
"gcf_8440",0.242698051192474,0.373890945391661
"gcf_8441",0,0.50360272320423
"gcf_8446",0,0
"gcf_8448",0,0.753053658125688
"gcf_845",0.0773592491937644,0.729126555396193
"gcf_8450",0,0.313616253374682
"gcf_8452",0,0.625526180406072
"gcf_8455",0.303643446912041,0.331654587308042
"gcf_8458",0.385124538098654,0.804347826086957
"gcf_846",0.157086102647469,0.259836861492648
"gcf_8466",0.353212085324795,0.59466038580006
"gcf_8467",0.175207473889815,0.716953140613919
"gcf_8468",0.551254101572023,0.798238503531936
"gcf_8472",0.216980032736249,0.254713931604779
"gcf_8477",0.351255392918453,0.541544093524995
"gcf_8478",0.401752293666231,0.64112207208914
"gcf_8480",0.244286133330966,0.807215588945245
"gcf_8481",0.442098557724929,0.608138197987902
"gcf_8483",0,0.365193070498226
"gcf_8485",0.394319520453947,0.606574388037145
"gcf_8486",3.33066907387547e-16,0.707515468209556
"gcf_8489",3.33066907387547e-16,0.628980335436653
"gcf_849",0.121513544277165,0.419910441380448
"gcf_8490",0.222699669242445,0.511584778376674
"gcf_8491",7.7715611723761e-16,0.59881827965408
"gcf_8492",0,0.53805406549886
"gcf_850",0.142367822440055,0.356508874312873
"gcf_8501",0,0.341921413202983
"gcf_8504",0.390062454407167,0.702713597867366
"gcf_8507",0.433861482927702,0.79193740535588
"gcf_851",0.122063631179502,0.249067401487041
"gcf_8511",0.555374804414152,0.76966785735659
"gcf_8513",0.385665455989933,0.582365562472059
"gcf_852",2.22044604925031e-16,0.398918283420514
"gcf_8520",0,0.709090909090909
"gcf_8522",0.240064197558183,0.356907506834355
"gcf_8523",0.276446297826363,0.52413967126003
"gcf_8525",0.0278261723233276,0.208759226888039
"gcf_8526",0.366643664088569,0.547063982203305
"gcf_8528",0.25865038163584,0.483247615341251
"gcf_8529",0.612185561694857,0.737097893862336
"gcf_8530",0.511010542861673,0.632246037364624
"gcf_8531",0.00431034482758597,0.407719866981704
"gcf_8532",0.312100902711424,0.539886521924442
"gcf_8535",2.22044604925031e-16,0.659948868944194
"gcf_8536",0.204504871165134,0.292090144413596
"gcf_854",0.152833994613464,0.742165300289015
"gcf_8543",0.442344501488686,0.627078073811713
"gcf_8545",0,0.438270384914396
"gcf_8549",0.166384228653699,0.701570624016464
"gcf_8550",0.214474966918607,0.221022842127057
"gcf_8552",0.392437891689256,0.522387887606988
"gcf_8553",0.00371747211895923,0.787047702596966
"gcf_8554",0.472876703536235,0.642392321018887
"gcf_8556",0.48004919731834,0.59254461786503
"gcf_8558",2.22044604925031e-16,0.513652056992992
"gcf_857",0.315183420895269,0.417934460526167
"gcf_8572",0.286881412950801,0.397553807855134
"gcf_8574",0.393603355691089,0.613909824468564
"gcf_8577",0.292893218813453,0.781308237565925
"gcf_8578",3.33066907387547e-16,0.209441307523704
"gcf_858",0.247170041785925,0.611425851417097
"gcf_8581",0.625285496805755,0.771515546832778
"gcf_8582",0.0336134453781513,0.480848079481988
"gcf_859",0.134688450174797,0.223171240721325
"gcf_8592",0.362468122609176,0.575334356121302
"gcf_8598",0,0.27948784965628
"gcf_8599",0.555982639581933,0.654200800032209
"gcf_86",0.281730303791767,0.449924878569933
"gcf_8600",0.206188318112306,0.475928675897538
"gcf_8607",2.22044604925031e-16,0.802860516172668
"gcf_861",0.179284274133661,0.227571049550201
"gcf_8612",0,0.737957585107272
"gcf_8615",0.444579615715548,0.581252916892052
"gcf_8616",0.26,0.69489197144141
"gcf_862",0.337915289118106,0.701488842937003
"gcf_8624",0.352722774610699,0.63918977593999
"gcf_8627",0.441949176028735,0.678013876423983
"gcf_8631",0,0.631266692524098
"gcf_8633",0.201613420859979,0.237515542346902
"gcf_8634",0.150262326739328,0.693547648926851
"gcf_8646",0,0.419830424275164
"gcf_8648",0.344204365146328,0.704755071134775
"gcf_865",0,0.248202701908113
"gcf_8650",0.373473380492562,0.585055184437294
"gcf_8651",0,0.717866721896511
"gcf_8658",0.683196876413412,0.757679842524278
"gcf_8660",0.366436972672734,0.436607990081505
"gcf_8662",0,0.759703812468325
"gcf_8663",0.379713075157255,0.511466929220542
"gcf_8664",0.273156350993256,0.530526650218655
"gcf_8669",0.377787745214519,0.534465459899315
"gcf_8670",0,0.675822719656499
"gcf_8671",0.543041412150191,0.644551696612876
"gcf_8678",0.01173982174781,0.405968635835509
"gcf_8681",0,0.666996471173397
"gcf_8682",0.20643991448067,0.417424734996465
"gcf_8685",2.22044604925031e-16,0.650401988051419
"gcf_869",0.444063012504174,0.763620344382967
"gcf_8693",0.358211170540552,0.600965352208933
"gcf_8698",0.300142554902086,0.697234964590251
"gcf_8703",0.503921381136018,0.632239914809455
"gcf_8704",0.396177449464488,0.463268843968433
"gcf_8708",0.260387885587595,0.418145330585325
"gcf_8709",0.400948263442547,0.575034118102937
"gcf_871",0.00162864631355628,0.688226668522079
"gcf_8710",0.0422669086555832,0.71507495886071
"gcf_8713",0.15008256228556,0.267106096300913
"gcf_8714",0.620553726714685,0.708903849580107
"gcf_8715",0.465114588585758,0.68385126129066
"gcf_8716",0.169064355640275,0.678914676811354
"gcf_8720",0.162416201486923,0.256730719444853
"gcf_8721",1.11022302462516e-16,0.690015498837597
"gcf_8722",0.333330098351534,0.542428651122691
"gcf_8724",1.11022302462516e-16,0.542875914247257
"gcf_8726",0.234053711015106,0.609914296557968
"gcf_8731",0,0.604372398413836
"gcf_8734",0.420817762713827,0.818349040008416
"gcf_874",0.0516505217928695,0.452728457741527
"gcf_8744",0.102842872752524,0.372873651367909
"gcf_8745",0.309393297058703,0.343865920450238
"gcf_8746",0.471349572775254,0.636743666260281
"gcf_8748",0.359436063709482,0.496884705062547
"gcf_8749",0.387647251254611,0.756536943755531
"gcf_8750",0.383736890784285,0.594633918971058
"gcf_8752",0.572666468901793,0.57830071274662
"gcf_8753",0,0.732800013849536
"gcf_8758",0.366386335643064,0.654057498712919
"gcf_8759",0,0.703572652129916
"gcf_876",0.0976660214120356,0.221760682975189
"gcf_8768",0.251016949620288,0.58637554579938
"gcf_8769",0.292407735212705,0.775728693213735
"gcf_877",0,0.624906777719594
"gcf_8770",0.416870304778866,0.660933654877754
"gcf_8771",0,0.68048472750391
"gcf_8777",2.22044604925031e-16,0.586567490870259
"gcf_8779",0,0.639472604263629
"gcf_8780",0.56313738736686,0.737680112307864
"gcf_8781",0.331952926022555,0.403455062305367
"gcf_8784",0.380519756822862,0.432104398714265
"gcf_879",0.308039473995539,0.404667028266253
"gcf_8790",0.176501362003859,0.275807901723942
"gcf_8797",1.11022302462516e-16,0.374546876590728
"gcf_880",0.349393030895572,0.505288732822584
"gcf_8806",0.449484876780857,0.729680547488828
"gcf_8808",0.237229928603526,0.50339145534934
"gcf_8812",0.293238233120982,0.69489197144141
"gcf_8815",1.11022302462516e-16,0.700153215877828
"gcf_8816",0.00840196088024947,0.366789488563605
"gcf_8818",0,0.475568272427853
"gcf_8821",0.0580016505842131,0.415937312633784
"gcf_8830",0.110079434318863,0.639171168878526
"gcf_8832",0,0.527766655472987
"gcf_884",0.140115205577253,0.201123478641988
"gcf_8844",0.373153940476646,0.412791263498041
"gcf_885",0.131728414842509,0.218150815380967
"gcf_8851",0.256559876898184,0.590427368813001
"gcf_8852",0.381228514505958,0.697478991596639
"gcf_8853",0.0190968179113805,0.655597567951803
"gcf_8854",0.116547791401228,0.642006082128738
"gcf_8859",2.22044604925031e-16,0.627242358935053
"gcf_8862",0.250526585898411,0.4073044152298
"gcf_8868",0.355620123699131,0.699182215126822
"gcf_8869",3.33066907387547e-16,0.687533373254197
"gcf_887",0.125259699999924,0.444493107792289
"gcf_8870",0.190992851541303,0.521428687561274
"gcf_8871",0.565112989008907,0.746350171902054
"gcf_8872",0.182466158546997,0.776296423713678
"gcf_8877",0.480258824203057,0.550648638852174
"gcf_8878",0.350997936839545,0.481281058778811
"gcf_888",0.0690837236161547,0.573978698402367
"gcf_8881",0.5,0.748978143830598
"gcf_8884",0.339830024324915,0.555358761935467
"gcf_889",0.220000827574304,0.429567831925866
"gcf_8891",0.273742238456239,0.425250420920828
"gcf_8896",0.0200662861951955,0.581947723146844
"gcf_890",1.11022302462516e-16,0.743832663021687
"gcf_8900",0.286600304671001,0.495607676093049
"gcf_8905",0,0.583666800106773
"gcf_891",0.240735540815422,0.345174745951827
"gcf_8915",0.414995741434913,0.670799714756947
"gcf_8916",0.572470563438771,0.618532870020248
"gcf_8917",0,0.765917705607739
"gcf_8918",0.428070175438596,0.590675063431889
"gcf_892",0.355341628779696,0.599991675078305
"gcf_8921",0.316158967854961,0.639871931692854
"gcf_8922",0.15880897580794,0.711126667555134
"gcf_8924",0.231770152840671,0.743632553277102
"gcf_8928",0.486905666466642,0.616234591557347
"gcf_893",0.510151823007413,0.699530148498319
"gcf_8932",0.287898769660061,0.668255598651482
"gcf_8936",0.32258869878741,0.369289176206172
"gcf_8938",0.168720479606504,0.218931228253582
"gcf_8942",2.22044604925031e-16,0.292893218813453
"gcf_8943",0.633211155539434,0.744015120413656
"gcf_8944",0.015923566878981,0.632196558082672
"gcf_8946",0.337915289118106,0.77905444904192
"gcf_8949",1.11022302462516e-16,0.756143444997934
"gcf_895",0.448166641957778,0.62733948764501
"gcf_8950",0.207902201403846,0.40994349016357
"gcf_8954",2.22044604925031e-16,0.624381697848879
"gcf_8958",0.101716261662979,0.579915974791597
"gcf_896",0.000312989045383534,0.696667376772983
"gcf_8965",0.219047619047619,0.736819322016092
"gcf_8967",0.216793623112756,0.620443496389649
"gcf_8968",0.54739130819131,0.64280510896144
"gcf_8969",0.284819750968916,0.572285014416233
"gcf_8970",0.282265095461999,0.765739357167091
"gcf_8974",0,0.78640221761865
"gcf_898",0,0.289299498365651
"gcf_8981",0.356735669516549,0.68585237751161
"gcf_8986",2.22044604925031e-16,0.594778399570623
"gcf_8988",0.396231456893153,0.785326740228677
"gcf_8989",0.235737048309145,0.657783471895324
"gcf_8990",0.40906006516459,0.633218623992092
"gcf_8998",0.456763440580882,0.738914419254198
"gcf_9",0.0387778706387887,0.726615647289811
"gcf_900",0.47744610885107,0.45409384680327
"gcf_9001",0.225961126651898,0.412006380817286
"gcf_9003",0.49726025346383,0.738871253910306
"gcf_9008",0.355597767471174,0.609433267057528
"gcf_901",0.196095288477237,0.550786479323428
"gcf_9010",0.0754010503323461,0.620276936839514
"gcf_9018",0.112582781456954,0.654738797410938
"gcf_9020",0.224332730328624,0.268813910888055
"gcf_9021",0.265883020951198,0.421458088120097
"gcf_9022",0.305300916230878,0.42076405019337
"gcf_9023",0.506896243595847,0.641995005002111
"gcf_9024",0.494682878989687,0.705358626167636
"gcf_9025",0.0958646007810003,0.761207958539271
"gcf_9026",0.252110929705667,0.289378797149839
"gcf_9029",0.271640298124588,0.260604545065869
"gcf_9030",0.235927655892663,0.245004100787639
"gcf_9031",0.0363688153768635,0.448855622057603
"gcf_9032",0.426180958242996,0.745743309534509
"gcf_904",0,0.261065379277228
"gcf_9041",0,0.675822719656499
"gcf_9048",0.468826047867533,0.564478291060492
"gcf_9049",0.199609470320894,0.764030048137865
"gcf_9050",0.326403557379974,0.5255781620321
"gcf_9053",0.472424589757954,0.604681070176172
"gcf_9054",0.490771440814445,0.789957987395798
"gcf_906",0.215162489326804,0.249968435007667
"gcf_9064",0.275,0.575735931288071
"gcf_9066",0.363921856533802,0.614059512565539
"gcf_9068",3.33066907387547e-16,0.411964762439336
"gcf_9069",0.0467888356883874,0.59906139435812
"gcf_907",0.401235974749662,0.679578774159383
"gcf_9070",0.221942717836046,0.492111476240817
"gcf_9073",0.21875,0.34917227112448
"gcf_9074",0.204235214480184,0.300877550458039
"gcf_9076",0.337410843550921,0.828376733935793
"gcf_9085",0.203688707108991,0.692910782358405
"gcf_9086",0.187010803339175,0.53499228643378
"gcf_9089",0.0734127185557301,0.599789794509638
"gcf_909",0.0847638695089593,0.149059550227487
"gcf_9092",0,0.196296451457757
"gcf_9098",0.202025810746078,0.578124820080678
"gcf_91",0.0557570461013213,0.128008444913609
"gcf_910",0.11628659480983,0.433969890103617
"gcf_9101",0.0542440151780823,0.18352669880151
"gcf_9104",0.472240603439749,0.724641959822969
"gcf_911",0.259673207811097,0.565107259647459
"gcf_9110",0.286975904092619,0.656464325321902
"gcf_9111",0.35411828405167,0.433311219656016
"gcf_9112",0.232515425945755,0.41687011084502
"gcf_9113",0.279538314238428,0.770128099503266
"gcf_9115",1.11022302462516e-16,0.502485343599474
"gcf_9117",0.401448028313399,0.500795619917151
"gcf_912",0.200773375326668,0.768272767635633
"gcf_9125",0.200675890235988,0.499543947263687
"gcf_9130",0.179723500669722,0.230449616849038
"gcf_9133",0.367858384415387,0.625365675367322
"gcf_9134",0.365714669257832,0.604967631776063
"gcf_9137",0.138865773382163,0.683922581080727
"gcf_9138",2.22044604925031e-16,0.451324051768945
"gcf_9139",0,0.7
"gcf_914",0.190383367590935,0.210704075801033
"gcf_9145",0.332339379331539,0.772570586926329
"gcf_915",0.544964621525517,0.730738532499738
"gcf_9154",0.321767001687473,0.541544093524995
"gcf_9158",0.000451773232905017,0.256925856115131
"gcf_9159",0.452393789144385,0.521627775946913
"gcf_916",1.11022302462516e-16,0.694585837219541
"gcf_9160",0.221515014561915,0.749346404113386
"gcf_9162",0.162433670651075,0.689468687612455
"gcf_9163",0.238289086815973,0.69015680570797
"gcf_9164",0.442879719770357,0.598860386899667
"gcf_9165",0.368936633290779,0.376674941946235
"gcf_917",3.33066907387547e-16,0.209441307523704
"gcf_9173",0.643487576416937,0.709881066523743
"gcf_9177",0.470746682218553,0.747807377370841
"gcf_9186",0.0375645209770936,0.240365693737992
"gcf_9187",0.453391833389879,0.535186987742774
"gcf_919",0.536056904070062,0.71293063984232
"gcf_9191",0.460319157968887,0.826794919243112
"gcf_9194",0.255683556112647,0.833502346728862
"gcf_9195",0.351912442244505,0.509283507934282
"gcf_9196",0.0124158044920132,0.46482060737047
"gcf_9197",0.368924572577597,0.505780541092099
"gcf_92",0.239599223835255,0.333082982243436
"gcf_920",0.194495913939967,0.320713223967131
"gcf_9201",0,0.751012564883674
"gcf_9202",0.180551648257793,0.280690206261854
"gcf_9206",0.311572347677477,0.772115838260538
"gcf_9208",0,0.672194965946407
"gcf_921",0.518302293775747,0.678399047603059
"gcf_9214",0.290221081110529,0.750336643815392
"gcf_922",0.153617067997451,0.33797879397243
"gcf_9224",2.22044604925031e-16,0.405268018702475
"gcf_9227",0.304948459131271,0.483386920192177
"gcf_9228",0.195085517620871,0.274835000452654
"gcf_9229",2.22044604925031e-16,0.733743779098608
"gcf_923",0.066140158338203,0.622297996586479
"gcf_9233",0.232452859218301,0.334005715417336
"gcf_9237",0.263654085182917,0.551641169345756
"gcf_9238",0.225449136683992,0.282544989253992
"gcf_924",0.11121917828727,0.255689491050505
"gcf_9241",0.261480839640147,0.473895098584697
"gcf_9245",0.223445093805516,0.416072472467932
"gcf_925",0.324725918538334,0.477731861377042
"gcf_9250",0.289232750811022,0.634521815554172
"gcf_9253",2.22044604925031e-16,0.696610061891541
"gcf_9256",0,0.745790019864862
"gcf_9259",0.268788670523891,0.325605526534692
"gcf_926",0.340996109536899,0.629520713182526
"gcf_9260",0.317602812556461,0.3218728642935
"gcf_9261",0.372623565571522,0.545815119177828
"gcf_9264",0.318707505610254,0.602848519307811
"gcf_9267",0.0839235949444513,0.65249678701639
"gcf_9268",2.22044604925031e-16,0.191600835636885
"gcf_9270",0.2,0.487589907823721
"gcf_9271",0.248720882095714,0.379914547008287
"gcf_9272",0.177365409702156,0.579041921590484
"gcf_9282",0.534856792804293,0.772780111360737
"gcf_9288",0.19927542495884,0.759780338798575
"gcf_9289",0.142170604615604,0.370970075689045
"gcf_929",0.127051167681285,0.591108193274658
"gcf_9292",0.570357670728078,0.757004629269339
"gcf_9293",2.22044604925031e-16,0.219110451423283
"gcf_9298",0.505905080268422,0.584275516872196
"gcf_930",0.152542372881356,0.809081717968904
"gcf_9300",0.0175017229094183,0.523594136744428
"gcf_9301",0,0.499506172719138
"gcf_9302",0.353330209317137,0.71099701165433
"gcf_931",0.0881807046027893,0.478733445068228
"gcf_9314",2.22044604925031e-16,0.555002496489786
"gcf_9320",0.0583034178514883,0.523606932659669
"gcf_9321",0,0.67032967032967
"gcf_9326",0.292893218813453,0.713465058453122
"gcf_933",0.311843480656224,0.786953380385852
"gcf_9334",0.2174919549425,0.602043612996772
"gcf_9338",0.280742782506041,0.781700101779684
"gcf_934",1.11022302462516e-16,0.393133915090992
"gcf_9341",0.489200137605494,0.611595849415692
"gcf_9346",0.25756949709539,0.508646915963114
"gcf_9349",2.22044604925031e-16,0.568566514047044
"gcf_935",0.0372802753175342,0.468795502822329
"gcf_9357",0.233726080676959,0.52805140106161
"gcf_9358",0.00958794911695893,0.26159055587914
"gcf_936",0.149919275446777,0.761726641127492
"gcf_9362",0.314468397299384,0.353673641842442
"gcf_9366",0.441635474088482,0.586624230297556
"gcf_9368",0.476177278172816,0.611091270347399
"gcf_937",0.0130541136337648,0.0455441743684439
"gcf_9372",0,0.636813219083893
"gcf_938",0.48593839555257,0.624618986739727
"gcf_9380",0,0.320696760929383
"gcf_9385",0.277442519238989,0.528402007840157
"gcf_9386",0.188954607763552,0.473836966620662
"gcf_9388",0.147140594536252,0.40583418435147
"gcf_939",0.0171221202413208,0.578364126198675
"gcf_9394",0.350066316380318,0.399147932722991
"gcf_9396",0.386348551408519,0.511275662831933
"gcf_9398",0.152208752109342,0.595653147889595
"gcf_94",0.0344827586206897,0.180841005226772
"gcf_9402",0.518616156119086,0.756687264273095
"gcf_9404",0.363375527747322,0.449866812210777
"gcf_9408",0,0.693388818425246
"gcf_9409",0.180711969627086,0.770772046762498
"gcf_941",0,0.66100071783022
"gcf_9410",0.279172658798281,0.369299813663883
"gcf_9412",0.449597410325173,0.71043180080772
"gcf_9414",0.212098856251461,0.737429712818894
"gcf_942",0.151774990154554,0.354699005223003
"gcf_9420",1.11022302462516e-16,0.530369382278959
"gcf_9422",0.104345042888835,0.659965432745648
"gcf_9425",0.505142328220134,0.586317409338865
"gcf_9428",0.564327485380117,0.69282298490912
"gcf_943",0.290113761557354,0.408482463592802
"gcf_9430",0.32078876813201,0.682532189809094
"gcf_9440",0.148368233400257,0.552996173402802
"gcf_9443",0.111909560057803,0.361579111281267
"gcf_9444",0.364358273836272,0.522854336507473
"gcf_9445",0.210293495255127,0.738770503083913
"gcf_9448",0.491814280682157,0.671125126172992
"gcf_945",0.19726717311194,0.561517970476359
"gcf_9450",0.260209377841264,0.545117637603968
"gcf_9452",0.257162035016819,0.576769623564489
"gcf_9453",0.476744047865817,0.554433605660497
"gcf_9454",0.285857857216093,0.608314685577601
"gcf_9456",0.552151143041111,0.621197048597938
"gcf_9458",0.496032226741117,0.704971745081785
"gcf_9459",0.0203871909752398,0.35725412622943
"gcf_946",0.204911239301379,0.366775343797977
"gcf_9464",0.101381709564581,0.236667992792048
"gcf_9465",0.27979867383704,0.463614813226687
"gcf_9466",0.218669559720303,0.255060187051795
"gcf_9468",0.0229329861149921,0.359223431219283
"gcf_947",0.427817140953531,0.541761038421721
"gcf_9478",0.376731050709813,0.613985184148019
"gcf_948",0.263422700427698,0.33428356950363
"gcf_9480",0.410541159693237,0.555678681214647
"gcf_9481",1.11022302462516e-16,0.656040419754945
"gcf_9484",0.297645195500443,0.531792650600803
"gcf_9485",0,0.648994119415175
"gcf_9486",0.313106329852755,0.361121900596824
"gcf_9489",0.00721452307414927,0.703855675920781
"gcf_949",0.109573744846988,0.687458200137386
"gcf_9494",0.302289432114081,0.416340462178925
"gcf_9496",0.28290860446667,0.771804276263278
"gcf_9498",0.378218905520556,0.649867967754848
"gcf_95",0.343118426193965,0.586744655896251
"gcf_950",0.450423734976915,0.4821110019989
"gcf_9500",0.199459677996578,0.406580334327974
"gcf_9506",0.152363642262802,0.307621400181859
"gcf_951",0.627385575618765,0.629152000200665
"gcf_9514",2.22044604925031e-16,0.724161357816315
"gcf_9522",3.33066907387547e-16,0.443638754605173
"gcf_9526",0.493793384211109,0.567556951361029
"gcf_9527",0.271901811626842,0.35064326605783
"gcf_953",0.46386699738663,0.75239585021243
"gcf_9536",0.503080354726976,0.800344785381374
"gcf_9539",0.015625,0.645057396233555
"gcf_954",0.470397886134038,0.732924482008478
"gcf_9540",0.155054554231984,0.494821537877578
"gcf_9541",0.54476782910751,0.766291193581992
"gcf_9542",0.357886978161359,0.61214295330609
"gcf_9543",0.0952380952380952,0.86489275277037
"gcf_9546",0.37110094713731,0.665112656688431
"gcf_955",0,0.755051025721682
"gcf_9550",0.473453530223473,0.594386044236199
"gcf_9552",0.157349911530514,0.271366014919097
"gcf_9558",3.33066907387547e-16,0.34427505535504
"gcf_9559",0.0233495231936076,0.715457300097665
"gcf_956",0.19205237897012,0.600275478264785
"gcf_9560",0.0585628879028666,0.330256609065809
"gcf_9564",0.00543478260869568,0.180315630647548
"gcf_9566",0.516778996657776,0.527283801078259
"gcf_9569",0.428341080614398,0.587516580950304
"gcf_957",0.0217391304347826,0.466735217879908
"gcf_9573",0.224498050094833,0.64179071503579
"gcf_9578",0.199609470320894,0.730320055014703
"gcf_9579",0.243276713901352,0.412053471958443
"gcf_9580",0,0.682774577368337
"gcf_9584",4.44089209850063e-16,0.754828547043414
"gcf_9586",1.11022302462516e-16,0.631418718755626
"gcf_959",0.431109359051437,0.694202207807786
"gcf_9591",0.212990280791065,0.703246529406651
"gcf_9596",0.215457639444042,0.286317313018308
"gcf_9597",0.547240165676336,0.561265336398549
"gcf_9598",0.240061409129681,0.29883092821894
"gcf_9600",0.498447515670007,0.676501680389685
"gcf_9602",0.526079426644974,0.6594973876965
"gcf_9606",0.208044922539477,0.263531453240881
"gcf_9608",0.238741469165146,0.612591840243173
"gcf_961",0.0938290732777746,0.301766971738669
"gcf_962",0.325565297375515,0.539139405813424
"gcf_9621",0.586139785897933,0.649033511402224
"gcf_9628",0.325502824451009,0.599891735457777
"gcf_9629",1.11022302462516e-16,0.769506460875764
"gcf_9643",0.32748863681463,0.655939270045291
"gcf_9644",0.0864039601705101,0.739124598643875
"gcf_9647",0.250570993611511,0.747490798905052
"gcf_965",0.0536535265569377,0.684120815617837
"gcf_9652",0.203970247832009,0.759228293828462
"gcf_9656",0.517052480688597,0.783116788279654
"gcf_966",0.404534841843157,0.628845129688512
"gcf_9662",0.213137499068543,0.67602466879052
"gcf_9663",0.332219436705822,0.645855876512586
"gcf_9664",0.32914354792276,0.363853574837136
"gcf_9665",0.212273638556624,0.295991686393047
"gcf_9666",0.512088365134141,0.602251835438183
"gcf_9668",0.536998184814005,0.599831372717995
"gcf_967",0.2174919549425,0.434032304702226
"gcf_9672",0,0.648648581998307
"gcf_9673",0.525799293378397,0.660912893807119
"gcf_9674",0.241418291648756,0.307494923356931
"gcf_9676",0.364830008912558,0.436052476008671
"gcf_9677",0.314344382088481,0.507171392236574
"gcf_9679",0.275844847472928,0.752543301133784
"gcf_968",0.0346988300568999,0.658729115987244
"gcf_9684",0.596177859538345,0.801340566796283
"gcf_9686",0.345517461296754,0.506696366305474
"gcf_9688",2.22044604925031e-16,0.757040159636445
"gcf_9689",0,0.275477748271784
"gcf_969",0.0993220142020493,0.237163476337994
"gcf_9690",0.271219970121157,0.368011067839441
"gcf_9692",0.0357969612161557,0.799839807743641
"gcf_9694",0.229848964627506,0.458211078115721
"gcf_97",0.217851014136933,0.417936388952282
"gcf_970",0.0235119977097739,0.760884972215922
"gcf_9701",0.565171723260664,0.575611580525191
"gcf_9702",0.229923550477819,0.325926986929826
"gcf_9705",0.428072820758197,0.70982221164026
"gcf_971",0.327382172736884,0.560785302452414
"gcf_9710",0.183220922656987,0.290775745442143
"gcf_9712",0.241811677358059,0.512660282759552
"gcf_9714",0.389710013768162,0.534026055634976
"gcf_9715",0.312857558362651,0.472224535499925
"gcf_9717",0.557290828912887,0.739171519839201
"gcf_9718",0.211873781548013,0.459972997974831
"gcf_9721",0.210946539210001,0.268294325229151
"gcf_9723",0.404168730800053,0.526665307477761
"gcf_9726",0.155711378815236,0.684812459716311
"gcf_9728",0.629194735980855,0.592490274504455
"gcf_9729",0.292893218813453,0.645001486553163
"gcf_9730",0.180838302362302,0.558180325518233
"gcf_9732",0.222286228952181,0.323177037412592
"gcf_9734",0.374569915420057,0.696588749488158
"gcf_974",0.24874686629405,0.24874686629405
"gcf_9740",0.463280164500899,0.832433329361383
"gcf_9750",0.268407686957155,0.359613519062184
"gcf_9757",0.576189775288555,0.810547190603747
"gcf_9758",0.0238444892580728,0.761323489806948
"gcf_9759",0.542151178712746,0.579794963378272
"gcf_9760",1.11022302462516e-16,0.541850471899174
"gcf_9761",0.329427553678973,0.726494616496869
"gcf_9762",0.18,0.510102051443364
"gcf_977",0.56374123668414,0.665009545239587
"gcf_9770",0,0.646266086857004
"gcf_9774",0.186716320637755,0.707523343570157
"gcf_9776",0.479356900791538,0.57851810317521
"gcf_9778",0.160614482292387,0.235508238041502
"gcf_978",0.0167438316880984,0.772445542980695
"gcf_9782",0,0.75423463154297
"gcf_9789",0.0833734836881893,0.603615175010225
"gcf_9790",0.196219009451571,0.29961160439645
"gcf_9793",0.394469929180502,0.520942270684547
"gcf_9798",3.33066907387547e-16,0.671648066816231
"gcf_98",0.45995025837946,0.680186044221063
"gcf_9807",0.495436257375417,0.539682555354562
"gcf_9808",0.179516317533692,0.414394725902179
"gcf_9809",0.296280513110234,0.565986298150493
"gcf_981",0.0354203722840842,0.735385564725751
"gcf_9818",0.539029446221282,0.705148135064349
"gcf_982",0.198905388034854,0.510964892445198
"gcf_9820",0.213786372458561,0.582767040611394
"gcf_9821",0.40666625062539,0.559987387331504
"gcf_9822",0.276099276098914,0.542183938579427
"gcf_9823",0.536702339118681,0.73598838466761
"gcf_9824",0.571974914553467,0.688854348301558
"gcf_9825",0.292759562866472,0.666666666666667
"gcf_9826",0,0.42703591631668
"gcf_9827",0.262155508230584,0.412645981343587
"gcf_9828",0.310344827586207,0.661200541297929
"gcf_983",0.33666421186846,0.674829753253399
"gcf_9836",0.194407630016797,0.275701231338092
"gcf_984",0.2846778912754,0.376539624065346
"gcf_9840",0.20582773079296,0.56443717043036
"gcf_9841",0.133974596215562,0.729689747049355
"gcf_9846",0.40971343769743,0.645337452279002
"gcf_9849",0.500200181348767,0.716639355005031
"gcf_985",0.224085737013194,0.515514797320339
"gcf_9852",0.319930865491295,0.434597205807824
"gcf_9857",0.449722683172986,0.74533287761036
"gcf_9858",0.239114089747318,0.66347190960629
"gcf_986",0.393051824594311,0.812708152546608
"gcf_9860",0.462598846298224,0.7
"gcf_9861",0,0.550694441111122
"gcf_9862",0.171002996474957,0.38366810830683
"gcf_9863",0.389051451648683,0.563823052671552
"gcf_9864",0.330773837615368,0.370964234358781
"gcf_9866",0.209331270387058,0.682944364076587
"gcf_9868",0.296737893553088,0.47427833803718
"gcf_9872",0.461441027750545,0.655157655995599
"gcf_9875",0.336371077145946,0.464156074149116
"gcf_9876",0.426341190406212,0.599499060542593
"gcf_988",0.172394111397632,0.708449393355745
"gcf_9880",0.379681732123535,0.605621425728636
"gcf_9883",0.323891814034676,0.349070725663845
"gcf_9886",0,0.243236418698035
"gcf_9890",0,0.649332807815164
"gcf_9896",0.345720096762233,0.458247348913409
"gcf_9898",0.400066470946861,0.831056038917975
"gcf_990",0.47780545080158,0.629858374286463
"gcf_9900",0.415387177784532,0.871254738084256
"gcf_9901",0.405448121221781,0.577238237306399
"gcf_9904",0.449346401795019,0.665656636215294
"gcf_9908",0.226612152280984,0.274934372205486
"gcf_991",0.394448852934717,0.635140535799743
"gcf_9912",0.534471687661168,0.713308910459502
"gcf_9913",0,0.473839822602171
"gcf_9916",0.270296270759473,0.738770503083913
"gcf_9918",0.3673270594622,0.711486375160943
"gcf_9919",2.22044604925031e-16,0.830789996008837
"gcf_992",0.410631818106391,0.607112370419039
"gcf_9920",0,0.211152941880867
"gcf_9929",0.290965797093493,0.591751709536137
"gcf_9933",0.330350469817575,0.597513334761179
"gcf_9934",0.152208752109342,0.621113885844308
"gcf_9936",0.302207218505119,0.460479610132989
"gcf_9937",0.482566316195778,0.848067174912975
"gcf_9938",0.296955561900448,0.490689956483794
"gcf_9939",0.173207728947794,0.348534657965615
"gcf_9950",0,0.635209091334488
"gcf_9951",0.00190114068441039,0.581622733652348
"gcf_9952",0.438690376752113,0.718198032973135
"gcf_9953",0.399659244291147,0.573598567288779
"gcf_9954",0.275,0.7
"gcf_9959",0,0.728067898885983
"gcf_996",0.320040390171164,0.626189741299759
"gcf_9960",0.289665732727586,0.866357202578233
"gcf_9961",0.470478288576369,0.578087473571634
"gcf_9967",0,0.356079083783215
"gcf_9968",0.342653579498023,0.598487243764413
"gcf_997",0.101236721317325,0.258612389626946
"gcf_9973",0.221002471756446,0.492544246350197
"gcf_9977",0,0.249973066633141
"gcf_9978",0.414348392917727,0.772457078959367
"gcf_998",0.237098358202528,0.470351980186492
"gcf_9980",0.570678291220174,0.531192769061505
"gcf_9981",0.502322764468943,0.699367799759666
"gcf_9983",0.232052352211696,0.48090090593041
"gcf_9988",0.0465317809730287,0.604253318374779
"gcf_9989",0.00662015368662527,0.233828324523177
"gcf_999",0.426408833699134,0.424537529639501
"gcf_9990",0.656918755029408,0.826394519260197
